ArchiveFileID,filename,fileSetName,productLevel,act_id,apername,asnpool,asntable,bartdelt,bendtime,bkgdtarg,bmidtime,bstrtime,category,cont_id,datamode,dataprob,date,date_mjd,date_end,date_end_mjd,date_obs,date_obs_mjd,detector,drpfrms1,drpfrms3,duration,effexptm,effinttm,eng_qual,exp_type,expcount,expend,expmid,exposure,expripar,expstart,fastaxis,frmdivsr,gdstarid,groupgap,gs_dec,gs_mag,gs_order,gs_ra,gsendtim,gsendtim_mjd,gsstrttm,gsstrttm_mjd,gs_udec,gs_umag,gs_ura,helidelt,hendtime,hga_move,hmidtime,hstrtime,instrume,intarget,lamp,mu_dec,mu_epoch,mu_epoch_mjd,mu_ra,nexposur,nframes,ngroups,nints,nresets,nrststrt,nsamples,numdthpt,nwfsest,obs_id,observtn,obslabel,origin,pcs_mode,pi_name,pps_aper,prd_ver,program,prop_dec,prop_ra,pwfseet,readpatt,sca_num,scicat,sdp_ver,seq_id,slowaxis,subarray,subcat,subsize1,subsize2,substrt1,substrt2,targ_dec,targ_ra,targname,targoopp,targprop,targtype,targudec,targura,telescop,template,tframe,tgroup,timesys,title,tsample,tsovisit,visit,visit_id,visitend,visitend_mjd,visitgrp,visitsta,visitype,vststart,vststart_mjd,xoffset,yoffset,zerofram,datamodl,exp_only,date_beg,date_beg_mjd,obsfoldr,sctarate,osf_file,patt_num,pattsize,patttype,crowdfld,engqlptg,oss_ver,gs_v3_pa,va_dec,va_ra,compress,targcat,targdesc,gsc_ver,primecrs,extncrs,tmeasure,s_region,cal_ver,cal_vcs,crds_ctx,crds_ver,cccstate,pattstrt,dithdirc,dithopfr,mrsprchn,pattnpts,fpe_side,ice_side,fileSize,checksum,ingestStartDate,ingestStartDate_mjd,ingestCompletionDate,ingestCompletionDate_mjd,FileTypeID,publicReleaseDate,publicReleaseDate_mjd,isRestricted,isItar,isStale,FileSetId,prog_pi,filter-pupil,inst-mode,pridtpts,subpxpts,noutputs,channel,fa1value,fa2value,fa3value,fam_la1,fam_la2,fam_la3,faphase1,faphase2,faphase3,fastep1,fastep2,fastep3,faunit1,faunit2,faunit3,module,pilin,pupil,subpxpat,pridtype,smgrdpat,focuspos,fwcpos,pwcpos,orig_s_region,ra,dec,obs_collection,wavelength_region,project,provenance_name,orig-filter,target,proposal_pi,proposal_id,instrument_name,footprint,t_min,t_max,exptime,obs_title,t_obs_release,proposal_type,filter,release,observed,dataURI,dataURL
244499742,jw07199005001_03101_00001_mirimage_cal.fits,jw07199005001_03101_00001,2b,01,MIRIM_FULL,jw07199_20260720t093028_pool.csv,jw07199-o005_20260720t093028_image2_00012_asn.json,393.4968290152028,60884.188481617784,f,60884.18692375351,60884.18536588922,GO,,7,f,/Date(1784550862514)/,61241.52387167824,/Date(1753676691295)/,60884.18392703704,/Date(1753676422116)/,60884.180811527774,MIRIMAGE,0,0,269.179,286.679,20.477,OK,MIR_IMAGE,1,60884.183927025464,60884.18236927662,1,PRIME,60884.180811527774,1,1,N05X002917,0,5.282881564948496,15.75557804107666,1,351.9778441240277,/Date(1753676062879)/,60884.176653703704,/Date(1753675823263)/,60884.173880358794,0.08307001,0.05213844776153564,0.090511404,395.31140313483775,60884.18850261967,f,60884.18694475545,60884.18538689124,MIRI,f,OFF,-0.02161099996556004,/Date(946684800000)/,51544,-0.030674,12,1,6,14,1,0,1,4,60885.06366959491,V07199005001P0000000003101,5,Object_D_background,STSCI,FINEGUIDE,"Zackrisson, Erik",MIRIM_ILLUM,PRDOPSSOC-073,7199,5.111555555555555,351.9697499999999,60881.27770351852,FASTR1,493,Stars and Stellar Populations,2026_1b,1,2,FULL,,1032,1024,1,1,5.1114020452651445,351.9695312421604,2MASS J23275133+0506264,f,Object_D_background,FIXED,0.1,0.1,JWST,MIRI Medium Resolution Spectroscopy,2.77504,2.775,UTC,Anomalous infrared fluxes of M dwarfs,10,f,1,07199005001,/Date(1753681745050)/,60884.242419560185,03,SUCCESSFUL,PRIME_TARGETED_FIXED,/Date(1753673338018)/,60884.14511592592,8.9222907,-5.6487669,f,ImageModel,f,/Date(1753676422116)/,60884.180811527774,,0.0,2025209T100314038_004_osf.xml,1,,4-POINT,f,CALCULATED_TRACK_TR_202111,10.3,235.000752921817,5.113683207843683,351.9704941619603,f,Calibration,Telescope/sky background,GSC32,0.08199888400651481,0.0,194.253,POLYGON ICRS 351.948080 5.113655 351.958439 5.096132 351.985727 5.111724 351.975325 5.129486 POLYGON ICRS 351.942789 5.123056 351.946932 5.115876 351.954150 5.120091 351.949989 5.127287,2.0.1,RELEASE,jwst_1535.pmap,13.1.13,OPEN,,NEGATIVE,,IMAGER,,A,A,29721600,0257f71bcdb4d29563d35d01f19c7e4c,/Date(1784551330584)/,61241.52928915509,/Date(1784551649118)/,61241.53297587963,61,/Date(1785242344000)/,61249.52712962963,False,False,False,6451891,"GO-7199 Zackrisson, Erik",F1500W,MIRI-F1500W,,,,,,,,,,,,,,,,,,,,,,,,,,,,,POLYGON ICRS  351.969679251 5.138948715 351.942582104 5.123132491 351.958494418 5.096004470 351.985782194 5.111596401,351.9669158077957,5.112767800182744,JWST,IR,JWST,CAOM,F1500W,2MASS J23275133+0506264,"Zackrisson, Erik",7199,MIRI,POLYGON ICRS 351.948080 5.113655 351.958439 5.096132 351.985727 5.111724 351.975325 5.129486 POLYGON ICRS 351.942789 5.123056 351.946932 5.115876 351.954150 5.120091 351.949989 5.127287,60884.180811527774,60884.183927025464,286.679,Anomalous infrared fluxes of M dwarfs,61249.52712962963,GO,MI.F1500W,2026-07-28 12:39:04.000,2025-07-28 04:20:22.116,mast:JWST/product/jw07199005001_03101_00001_mirimage_rate.fits,mast:JWST/product/jw07199005001_03101_00001_mirimage_rate.fits
244500709,jw07199005001_05101_00001_mirimage_cal.fits,jw07199005001_05101_00001,2b,01,MIRIM_FULL,jw07199_20260720t093028_pool.csv,jw07199-o005_20260720t093028_image2_00008_asn.json,393.6352146556601,60884.21009949255,f,60884.20854162831,60884.20698376406,GO,,7,f,/Date(1784550928391)/,61241.52463414352,/Date(1753678558941)/,60884.20554328704,/Date(1753678289762)/,60884.2024278125,MIRIMAGE,0,0,269.179,286.679,20.477,OK,MIR_IMAGE,6,60884.20554329861,60884.20398554977,1,PRIME,60884.20242780093,1,1,N05X002917,0,5.282881564948496,15.75557804107666,1,351.9778441240277,/Date(1753676062879)/,60884.176653703704,/Date(1753675823263)/,60884.173880358794,0.08307001,0.05213844776153564,0.090511404,395.4497089376673,60884.21012049351,f,60884.208562629334,60884.20700476515,MIRI,f,OFF,-0.02161099996556004,/Date(946684800000)/,51544,-0.030674,12,1,6,14,1,0,1,4,60885.06366959491,V07199005001P0000000005101,5,Object_D_background,STSCI,FINEGUIDE,"Zackrisson, Erik",MIRIM_ILLUM,PRDOPSSOC-073,7199,5.111555555555555,351.9697499999999,60881.27770351852,FASTR1,493,Stars and Stellar Populations,2026_1b,1,2,FULL,,1032,1024,1,1,5.111402044909871,351.96953124165407,2MASS J23275133+0506264,f,Object_D_background,FIXED,0.1,0.1,JWST,MIRI Medium Resolution Spectroscopy,2.77504,2.775,UTC,Anomalous infrared fluxes of M dwarfs,10,f,1,07199005001,/Date(1753681745050)/,60884.242419560185,05,SUCCESSFUL,PRIME_TARGETED_FIXED,/Date(1753673338018)/,60884.14511592592,8.9222907,-5.6487669,f,ImageModel,f,/Date(1753678289762)/,60884.2024278125,,0.0,2025209T102138085_001_osf.xml,1,,4-POINT,f,CALCULATED_TRACK_TR_202111,10.3,235.000752921817,5.113684093849576,351.9704957115424,f,Calibration,Telescope/sky background,GSC32,0.08936088094427483,0.0,194.253,POLYGON ICRS 351.948080 5.113655 351.958439 5.096132 351.985727 5.111724 351.975325 5.129486 POLYGON ICRS 351.942789 5.123056 351.946932 5.115876 351.954150 5.120091 351.949989 5.127287,2.0.1,RELEASE,jwst_1535.pmap,13.1.13,OPEN,,NEGATIVE,,IMAGER,,A,A,29721600,2794a42b435711568b380d54090f362c,/Date(1784551657116)/,61241.53306847222,/Date(1784551823134)/,61241.53498996528,61,/Date(1785242279000)/,61249.52637731482,False,False,False,6452023,"GO-7199 Zackrisson, Erik",F1000W,MIRI-F1000W,,,,,,,,,,,,,,,,,,,,,,,,,,,,,POLYGON ICRS  351.969679746 5.138941270 351.942582438 5.123124888 351.958494848 5.095996966 351.985782653 5.111588835,351.9669158077957,5.112767800182744,JWST,IR,JWST,CAOM,F1000W,2MASS J23275133+0506264,"Zackrisson, Erik",7199,MIRI,POLYGON ICRS 351.948080 5.113655 351.958439 5.096132 351.985727 5.111724 351.975325 5.129486 POLYGON ICRS 351.942789 5.123056 351.946932 5.115876 351.954150 5.120091 351.949989 5.127287,60884.20242780093,60884.20554329861,286.679,Anomalous infrared fluxes of M dwarfs,61249.52637731482,GO,MI.F1000W,2026-07-28 12:37:59.000,2025-07-28 04:51:29.762,mast:JWST/product/jw07199005001_05101_00001_mirimage_rate.fits,mast:JWST/product/jw07199005001_05101_00001_mirimage_rate.fits
244499733,jw07199005001_07101_00001_mirimage_cal.fits,jw07199005001_07101_00001,2b,01,MIRIM_FULL,jw07199_20260720t093028_pool.csv,jw07199-o005_20260720t093028_image2_00004_asn.json,393.77417424693704,60884.23181367025,f,60884.23025580604,60884.228697941835,GO,,7,f,/Date(1784550800322)/,61241.52315188658,/Date(1753680434907)/,60884.22725585648,/Date(1753680165728)/,60884.22414034722,MIRIMAGE,0,0,269.179,286.679,20.477,OK,MIR_IMAGE,10,60884.227255868056,60884.22569811921,1,PRIME,60884.224140370374,1,1,N05X002917,0,5.282881564948496,15.75557804107666,1,351.9778441240277,/Date(1753676062879)/,60884.176653703704,/Date(1753675823263)/,60884.173880358794,0.08307001,0.05213844776153564,0.090511404,395.58858869131655,60884.23183467029,f,60884.23027680614,60884.228718942,MIRI,f,OFF,-0.02161099996556004,/Date(946684800000)/,51544,-0.030674,12,1,6,14,1,0,1,4,60885.06366959491,V07199005001P0000000007101,5,Object_D_background,STSCI,FINEGUIDE,"Zackrisson, Erik",MIRIM_ILLUM,PRDOPSSOC-073,7199,5.111555555555555,351.9697499999999,60881.27770351852,FASTR1,493,Stars and Stellar Populations,2026_1b,1,2,FULL,,1032,1024,1,1,5.111402044553015,351.96953124114555,2MASS J23275133+0506264,f,Object_D_background,FIXED,0.1,0.1,JWST,MIRI Medium Resolution Spectroscopy,2.77504,2.775,UTC,Anomalous infrared fluxes of M dwarfs,10,f,1,07199005001,/Date(1753681745050)/,60884.242419560185,07,SUCCESSFUL,PRIME_TARGETED_FIXED,/Date(1753673338018)/,60884.14511592592,8.9222907,-5.6487669,f,ImageModel,f,/Date(1753680165728)/,60884.22414034722,,0.0,2025209T101650924_003_osf.xml,1,,4-POINT,f,CALCULATED_TRACK_TR_202111,10.3,235.000752921817,5.113684934525417,351.9704972556827,f,Calibration,Telescope/sky background,GSC32,0.08536019278206777,0.0,194.253,POLYGON ICRS 351.948080 5.113655 351.958439 5.096132 351.985727 5.111724 351.975325 5.129486 POLYGON ICRS 351.942789 5.123056 351.946932 5.115876 351.954150 5.120091 351.949989 5.127287,2.0.1,RELEASE,jwst_1535.pmap,13.1.13,OPEN,,NEGATIVE,,IMAGER,,A,A,29721600,31996dfd6ed2381175b57b9313d63d46,/Date(1784551330590)/,61241.52928923611,/Date(1784551647400)/,61241.53295601852,61,/Date(1785242199000)/,61249.52545138889,False,False,False,6452136,"GO-7199 Zackrisson, Erik",F560W,MIRI-F560W,,,,,,,,,,,,,,,,,,,,,,,,,,,,,POLYGON ICRS  351.969666331 5.138931459 351.942568713 5.123114660 351.958481050 5.095986938 351.985769296 5.111578879,351.9669158077957,5.112767800182744,JWST,IR,JWST,CAOM,F560W,2MASS J23275133+0506264,"Zackrisson, Erik",7199,MIRI,POLYGON ICRS 351.948080 5.113655 351.958439 5.096132 351.985727 5.111724 351.975325 5.129486 POLYGON ICRS 351.942789 5.123056 351.946932 5.115876 351.954150 5.120091 351.949989 5.127287,60884.224140370374,60884.227255868056,286.679,Anomalous infrared fluxes of M dwarfs,61249.52545138889,GO,MI.F560W,2026-07-28 12:36:39.000,2025-07-28 05:22:45.728,mast:JWST/product/jw07199005001_07101_00001_mirimage_rate.fits,mast:JWST/product/jw07199005001_07101_00001_mirimage_rate.fits
239416296,jw08527001001_04101_00001_nrcb1_cal.fits,jw08527001001_04101_00001,2b,01,NRCB1_FULL,jw08527_20260706t022244_pool.csv,jw08527-o001_20260706t022244_image2_00035_asn.json,108.7907584849745,60884.732110338104,f,60884.729686979,60884.72726361989,GO,,29,f,/Date(1783322764919)/,61227.309779166666,/Date(1753723945520)/,60884.730850925924,/Date(1753723526786)/,60884.72600446759,NRCB1,0,0,418.734,418.734,418.734,OK,NRC_IMAGE,3,60884.730850925924,60884.72842769676,1,PRIME,60884.72600446759,1,4,N1DG041218,1,59.98832658341708,13.2753791809082,1,347.700045352093,/Date(1753723311217)/,60884.72350944445,/Date(1753723070577)/,60884.720724259256,0.113623813,0.01480628456920385,0.123887494,110.4231946868822,60884.73212923196,f,60884.7297058729,60884.72728251383,NIRCAM,f,,0.0,,,0.0,4,4,8,1,1,0,1,4,60885.06366959491,V08527001001P0000000004101,1,RepeatedMaki-Epoch1,STSCI,FINEGUIDE,"Peek, Joshua",NRCBS_FULL,PRDOPSSOC-073,8527,59.921861111111106,347.67499999999995,60881.27770351852,SHALLOW4,486,"Gas, Dust and the ISM",2026_1b,1,-2,FULL,,2048,2048,1,1,59.921861111111106,347.675,Maki,f,Maki-Repeated,FIXED,0.1,0.1,JWST,NIRCam Imaging,10.73677,53.684,UTC,The 3D Interstellar Medium at Milliparsec Scales: Pathbreaking Observations of Cas A Thermal Light Echoes,10,f,1,08527001001,/Date(1753725552751)/,60884.749453125,04,SUCCESSFUL,PRIME_TARGETED_FIXED,/Date(1753720858739)/,60884.69512430556,-8.8200246,8.8200004,t,ImageModel,f,/Date(1753723526786)/,60884.72600446759,RepeatedMaki -- Sequence,0.0,2025209T221107253_001_osf.xml,1,,INTRAMODULEX,f,CALCULATED_TRACK_TR_202111,10.3,217.5850928791161,59.904666362893785,347.6938010366609,f,ISM,Interstellar clouds; Interstellar dust; Interstellar molecules,GSC32,0.061830294278536764,0.4529970767520933,375.787,POLYGON ICRS 347.661551 59.905712 347.688904 59.895024 347.710529 59.908777 347.682926 59.919613,2.0.1,RELEASE,jwst_1535.pmap,13.1.13,,,,,,,,,117573120,bb0689b494b018a0c3c01641d18db6b1,/Date(1783323853508)/,61227.32237854166,/Date(1783324048617)/,61227.32463675926,68,/Date(1785280543000)/,61249.969247685185,False,False,False,6453378,"GO-8527 Peek, Joshua",F200W-CLEAR,NIRCAM-F200W,4,1,4,SHORT,0,0,0,0,0,0,NULL,NULL,NULL,0,0,0,0,0,0,B,f,CLEAR,STANDARD,4,,,,,POLYGON ICRS  347.682920617 59.919615988 347.661561998 59.905709698 347.688905204 59.895027216 347.710518462 59.908780426,347.68599180190245,59.90729603206537,JWST,IR,JWST,CAOM,F200W,Maki,"Peek, Joshua",8527,NIRCAM,POLYGON ICRS 347.661551 59.905712 347.688904 59.895024 347.710529 59.908777 347.682926 59.919613,60884.72600446759,60884.730850925924,418.734,The 3D Interstellar Medium at Milliparsec Scales: Pathbreaking Observations of Cas A Thermal Light Echoes,61249.969247685185,GO,NC.F200W,2026-07-28 23:15:43.000,2025-07-28 17:25:26.786,mast:JWST/product/jw08527001001_04101_00001_nrcb1_rate.fits,mast:JWST/product/jw08527001001_04101_00001_nrcb1_rate.fits
239413381,jw08527001001_04101_00001_nrcblong_cal.fits,jw08527001001_04101_00001,2b,01,NRCB5_FULL,jw08527_20260706t022244_pool.csv,jw08527-o001_20260706t022244_image2_00031_asn.json,108.7907584849745,60884.732110338104,f,60884.729686979,60884.72726361989,GO,,29,f,/Date(1783322555683)/,61227.30735744213,/Date(1753723945520)/,60884.730850925924,/Date(1753723526786)/,60884.72600446759,NRCBLONG,0,0,418.734,418.734,418.734,OK,NRC_IMAGE,3,60884.730850925924,60884.72842769676,1,PRIME,60884.72600446759,1,4,N1DG041218,1,59.98832658341708,13.2753791809082,1,347.700045352093,/Date(1753723311217)/,60884.72350944445,/Date(1753723070577)/,60884.720724259256,0.113623813,0.01480628456920385,0.123887494,110.4231946868822,60884.73212923196,f,60884.7297058729,60884.72728251383,NIRCAM,f,,0.0,,,0.0,4,4,8,1,1,0,1,4,60885.06366959491,V08527001001P0000000004101,1,RepeatedMaki-Epoch1,STSCI,FINEGUIDE,"Peek, Joshua",NRCBS_FULL,PRDOPSSOC-073,8527,59.921861111111106,347.67499999999995,60881.27770351852,SHALLOW4,490,"Gas, Dust and the ISM",2026_1b,1,-2,FULL,,2048,2048,1,1,59.921861111111106,347.675,Maki,f,Maki-Repeated,FIXED,0.1,0.1,JWST,NIRCam Imaging,10.73677,53.684,UTC,The 3D Interstellar Medium at Milliparsec Scales: Pathbreaking Observations of Cas A Thermal Light Echoes,10,f,1,08527001001,/Date(1753725552751)/,60884.749453125,04,SUCCESSFUL,PRIME_TARGETED_FIXED,/Date(1753720858739)/,60884.69512430556,-8.8200246,8.8200004,t,ImageModel,f,/Date(1753723526786)/,60884.72600446759,RepeatedMaki -- Sequence,0.0,2025209T221107253_001_osf.xml,1,,INTRAMODULEX,f,CALCULATED_TRACK_TR_202111,10.3,217.5850928791161,59.91766875573592,347.6906706596916,f,ISM,Interstellar clouds; Interstellar dust; Interstellar molecules,GSC32,0.08144240301321562,0.6020927532741408,375.787,POLYGON ICRS 347.632842 59.916846 347.688992 59.895278 347.733413 59.923473 347.676223 59.945786,2.0.1,RELEASE,jwst_1535.pmap,13.1.13,,,,,,,,,117573120,3957248b7ffd3801934ef6cd3a45d5bb,/Date(1783323184151)/,61227.31463136574,/Date(1783323346875)/,61227.31651476852,68,/Date(1785280543000)/,61249.969247685185,False,False,False,6453378,"GO-8527 Peek, Joshua",F444W-CLEAR,NIRCAM-F444W,4,1,4,LONG,0,0,0,0,0,0,NULL,NULL,NULL,0,0,0,0,0,0,B,f,CLEAR,STANDARD,4,,,,,POLYGON ICRS  347.676210765 59.945788350 347.632853422 59.916831755 347.689004681 59.895278634 347.733424371 59.923471607,347.68292045008087,59.92041703320394,JWST,IR,JWST,CAOM,F444W,Maki,"Peek, Joshua",8527,NIRCAM,POLYGON ICRS 347.632842 59.916846 347.688992 59.895278 347.733413 59.923473 347.676223 59.945786,60884.72600446759,60884.730850925924,418.734,The 3D Interstellar Medium at Milliparsec Scales: Pathbreaking Observations of Cas A Thermal Light Echoes,61249.969247685185,GO,NC.F444W,2026-07-28 23:15:43.000,2025-07-28 17:25:26.786,mast:JWST/product/jw08527001001_04101_00001_nrcblong_rate.fits,mast:JWST/product/jw08527001001_04101_00001_nrcblong_rate.fits
239415026,jw08527001001_04101_00001_nrcalong_cal.fits,jw08527001001_04101_00001,2b,01,NRCA5_FULL,jw08527_20260706t022244_pool.csv,jw08527-o001_20260706t022244_image2_00036_asn.json,108.79076540004462,60884.73211183124,f,60884.729688472136,60884.727265113026,GO,,29,f,/Date(1783322781565)/,61227.309971828705,/Date(1753723945649)/,60884.730852430555,/Date(1753723526915)/,60884.726005972225,NRCALONG,0,0,418.734,418.734,418.734,OK,NRC_IMAGE,3,60884.73085241898,60884.72842918982,1,PRIME,60884.72600596065,-1,4,N1DG041218,1,59.98832658341708,13.2753791809082,1,347.700045352093,/Date(1753723311217)/,60884.72350944445,/Date(1753723070577)/,60884.720724259256,0.113623813,0.01480628456920385,0.123887494,110.42320160195231,60884.7321307251,f,60884.72970736604,60884.72728400696,NIRCAM,f,,0.0,,,0.0,4,4,8,1,1,0,1,4,60885.06366959491,V08527001001P0000000004101,1,RepeatedMaki-Epoch1,STSCI,FINEGUIDE,"Peek, Joshua",NRCBS_FULL,PRDOPSSOC-073,8527,59.921861111111106,347.67499999999995,60881.27770351852,SHALLOW4,485,"Gas, Dust and the ISM",2026_1b,1,2,FULL,,2048,2048,1,1,59.921861111111106,347.675,Maki,f,Maki-Repeated,FIXED,0.1,0.1,JWST,NIRCam Imaging,10.73677,53.684,UTC,The 3D Interstellar Medium at Milliparsec Scales: Pathbreaking Observations of Cas A Thermal Light Echoes,10,f,1,08527001001,/Date(1753725552751)/,60884.749453125,04,SUCCESSFUL,PRIME_TARGETED_FIXED,/Date(1753720858739)/,60884.69512430556,-8.8200246,8.8200004,t,ImageModel,f,/Date(1753723526915)/,60884.726005972225,RepeatedMaki -- Sequence,0.0,2025209T221107253_001_osf.xml,1,,INTRAMODULEX,f,CALCULATED_TRACK_TR_202111,10.3,217.5850928791161,59.94781651508452,347.6143237222325,f,ISM,Interstellar clouds; Interstellar dust; Interstellar molecules,GSC32,0.08054211890689739,0.5748114167190427,375.787,POLYGON ICRS 347.556749 59.947054 347.612682 59.925430 347.657276 59.953827 347.599669 59.975761,2.0.1,RELEASE,jwst_1535.pmap,13.1.13,,,,,,,,,117573120,c80c46c512d9f8b49640a6a09c13713f,/Date(1783323675940)/,61227.32032337963,/Date(1783323786544)/,61227.32160350694,68,/Date(1785280568000)/,61249.96953703704,False,False,False,6453378,"GO-8527 Peek, Joshua",F444W-CLEAR,NIRCAM-F444W,4,1,4,LONG,0,0,0,0,0,0,NULL,NULL,NULL,0,0,0,0,0,0,A,f,CLEAR,STANDARD,4,,,,,POLYGON ICRS  347.599506635 59.975722939 347.556638455 59.946972337 347.612677871 59.925398399 347.657242776 59.953821099,347.60671559349976,59.95056142449067,JWST,IR,JWST,CAOM,F444W,Maki,"Peek, Joshua",8527,NIRCAM,POLYGON ICRS 347.556749 59.947054 347.612682 59.925430 347.657276 59.953827 347.599669 59.975761,60884.72600596065,60884.73085241898,418.734,The 3D Interstellar Medium at Milliparsec Scales: Pathbreaking Observations of Cas A Thermal Light Echoes,61249.96953703704,GO,NC.F444W,2026-07-28 23:16:08.000,2025-07-28 17:25:26.915,mast:JWST/product/jw08527001001_04101_00001_nrcalong_rate.fits,mast:JWST/product/jw08527001001_04101_00001_nrcalong_rate.fits
239416788,jw08527001001_04101_00001_nrca1_cal.fits,jw08527001001_04101_00001,2b,01,NRCA1_FULL,jw08527_20260706t022244_pool.csv,jw08527-o001_20260706t022244_image2_00040_asn.json,108.79076540004462,60884.73211183124,f,60884.729688472136,60884.727265113026,GO,,29,f,/Date(1783322780248)/,61227.309956550926,/Date(1753723945649)/,60884.730852430555,/Date(1753723526915)/,60884.726005972225,NRCA1,0,0,418.734,418.734,418.734,OK,NRC_IMAGE,3,60884.73085241898,60884.72842918982,1,PRIME,60884.72600596065,-1,4,N1DG041218,1,59.98832658341708,13.2753791809082,1,347.700045352093,/Date(1753723311217)/,60884.72350944445,/Date(1753723070577)/,60884.720724259256,0.113623813,0.01480628456920385,0.123887494,110.42320160195231,60884.7321307251,f,60884.72970736604,60884.72728400696,NIRCAM,f,,0.0,,,0.0,4,4,8,1,1,0,1,4,60885.06366959491,V08527001001P0000000004101,1,RepeatedMaki-Epoch1,STSCI,FINEGUIDE,"Peek, Joshua",NRCBS_FULL,PRDOPSSOC-073,8527,59.921861111111106,347.67499999999995,60881.27770351852,SHALLOW4,481,"Gas, Dust and the ISM",2026_1b,1,2,FULL,,2048,2048,1,1,59.921861111111106,347.675,Maki,f,Maki-Repeated,FIXED,0.1,0.1,JWST,NIRCam Imaging,10.73677,53.684,UTC,The 3D Interstellar Medium at Milliparsec Scales: Pathbreaking Observations of Cas A Thermal Light Echoes,10,f,1,08527001001,/Date(1753725552751)/,60884.749453125,04,SUCCESSFUL,PRIME_TARGETED_FIXED,/Date(1753720858739)/,60884.69512430556,-8.8200246,8.8200004,t,ImageModel,f,/Date(1753723526915)/,60884.726005972225,RepeatedMaki -- Sequence,0.0,2025209T221107253_001_osf.xml,1,,INTRAMODULEX,f,CALCULATED_TRACK_TR_202111,10.3,217.5850928791161,59.9611679810288,347.61055959553374,f,ISM,Interstellar clouds; Interstellar dust; Interstellar molecules,GSC32,0.06426467772881377,0.48598846049314204,375.787,POLYGON ICRS 347.578116 59.962103 347.606108 59.951472 347.627754 59.965650 347.599319 59.976396,2.0.1,RELEASE,jwst_1535.pmap,13.1.13,,,,,,,,,117570240,ba9b327d78f6c52355c3d27ef5ba540f,/Date(1783323965979)/,61227.32368032407,/Date(1783324143146)/,61227.32573085648,68,/Date(1785280566000)/,61249.969513888886,False,False,False,6453378,"GO-8527 Peek, Joshua",F200W-CLEAR,NIRCAM-F200W,4,1,4,SHORT,0,0,0,0,0,0,NULL,NULL,NULL,0,0,0,0,0,0,A,f,CLEAR,STANDARD,4,,,,,POLYGON ICRS  347.599171500 59.976369597 347.577983089 59.962056493 347.606041637 59.951447323 347.627678874 59.965641152,347.60285463590947,59.963919642597155,JWST,IR,JWST,CAOM,F200W,Maki,"Peek, Joshua",8527,NIRCAM,POLYGON ICRS 347.578116 59.962103 347.606108 59.951472 347.627754 59.965650 347.599319 59.976396,60884.72600596065,60884.73085241898,418.734,The 3D Interstellar Medium at Milliparsec Scales: Pathbreaking Observations of Cas A Thermal Light Echoes,61249.969513888886,GO,NC.F200W,2026-07-28 23:16:06.000,2025-07-28 17:25:26.915,mast:JWST/product/jw08527001001_04101_00001_nrca1_rate.fits,mast:JWST/product/jw08527001001_04101_00001_nrca1_rate.fits
239413525,jw08527009001_02101_00001_nrcb1_cal.fits,jw08527009001_02101_00001,2b,01,NRCB1_FULL,jw08527_20260706t022244_pool.csv,jw08527-o009_20260706t022244_image2_00035_asn.json,120.78238022513688,60884.76826689457,f,60884.76584352472,60884.763420154864,GO,,29,f,/Date(1783322469912)/,61227.3063647338,/Date(1753727057453)/,60884.76686866898,/Date(1753726638719)/,60884.762022222225,NRCB1,0,0,418.734,418.734,418.734,OK,NRC_IMAGE,1,60884.76686866898,60884.76444543982,1,PRIME,60884.76202221065,1,4,N1D8004934,1,56.92616236311384,13.26980876922607,1,350.8288702531579,/Date(1753726462062)/,60884.759977581016,/Date(1753726221422)/,60884.75719239583,0.0122159431,0.01096155401319265,0.0133219017,122.54307148978114,60884.76828727284,f,60884.76586390304,60884.763440533236,NIRCAM,f,,0.0,,,0.0,4,4,8,1,1,0,1,4,60885.06366959491,V08527009001P0000000002101,9,RepeatedLuna-Epoch1,STSCI,FINEGUIDE,"Peek, Joshua",NRCBS_FULL,PRDOPSSOC-073,8527,56.83083333333334,350.86249999999995,60881.27770351852,SHALLOW4,486,"Gas, Dust and the ISM",2026_1b,1,-2,FULL,,2048,2048,1,1,56.83083333333334,350.8625,Luna,f,Luna-Repeated,FIXED,0.1,0.1,JWST,NIRCam Imaging,10.73677,53.684,UTC,The 3D Interstellar Medium at Milliparsec Scales: Pathbreaking Observations of Cas A Thermal Light Echoes,10,f,1,08527009001,/Date(1753728651372)/,60884.78531681713,02,SUCCESSFUL,PRIME_TARGETED_FIXED,/Date(1753725556847)/,60884.74950053241,-8.8200246,8.8200004,t,ImageModel,f,/Date(1753726638719)/,60884.762022222225,RepeatedLuna -- Sequence,0.0,2025209T222028480_002_osf.xml,1,,INTRAMODULEX,f,CALCULATED_TRACK_TR_202111,10.3,220.5204074879513,56.813366986452294,350.8779310695905,f,ISM,Interstellar clouds; Interstellar dust; Interstellar molecules,GSC32,0.056757869028350505,0.49169850767909284,375.787,POLYGON ICRS 350.848685 56.815050 350.872708 56.803675 350.893779 56.816855 350.869541 56.828384,2.0.1,RELEASE,jwst_1535.pmap,13.1.13,,,,,,,,,117573120,d05c3c7a73f10fa93a32f390bf9fc2c1,/Date(1783323208357)/,61227.31491152778,/Date(1783323380574)/,61227.31690478009,68,/Date(1785282412000)/,61249.99087962963,False,False,False,6453751,"GO-8527 Peek, Joshua",F070W-CLEAR,NIRCAM-F070W,4,1,4,SHORT,0,0,0,0,0,0,NULL,NULL,NULL,0,0,0,0,0,0,B,f,CLEAR,STANDARD,4,,,,,POLYGON ICRS  350.869540905 56.828401470 350.848681401 56.815072250 350.872680964 56.803692638 350.893756621 56.816863449,350.8711927108113,56.816005129322775,JWST,IR,JWST,CAOM,F070W,Luna,"Peek, Joshua",8527,NIRCAM,POLYGON ICRS 350.848685 56.815050 350.872708 56.803675 350.893779 56.816855 350.869541 56.828384,60884.76202221065,60884.76686866898,418.734,The 3D Interstellar Medium at Milliparsec Scales: Pathbreaking Observations of Cas A Thermal Light Echoes,61249.99087962963,GO,NC.F070W,2026-07-28 23:46:52.000,2025-07-28 18:17:18.719,mast:JWST/product/jw08527009001_02101_00001_nrcb1_rate.fits,mast:JWST/product/jw08527009001_02101_00001_nrcb1_rate.fits
239414088,jw08527009001_02101_00001_nrcblong_cal.fits,jw08527009001_02101_00001,2b,01,NRCB5_FULL,jw08527_20260706t022244_pool.csv,jw08527-o009_20260706t022244_image2_00031_asn.json,120.78238022513688,60884.76826689457,f,60884.76584352472,60884.763420154864,GO,,29,f,/Date(1783322625773)/,61227.308168668984,/Date(1753727057453)/,60884.76686866898,/Date(1753726638719)/,60884.762022222225,NRCBLONG,0,0,418.734,418.734,418.734,OK,NRC_IMAGE,1,60884.76686866898,60884.76444543982,1,PRIME,60884.76202221065,1,4,N1D8004934,1,56.92616236311384,13.26980876922607,1,350.8288702531579,/Date(1753726462062)/,60884.759977581016,/Date(1753726221422)/,60884.75719239583,0.0122159431,0.01096155401319265,0.0133219017,122.54307148978114,60884.76828727284,f,60884.76586390304,60884.763440533236,NIRCAM,f,,0.0,,,0.0,4,4,8,1,1,0,1,4,60885.06366959491,V08527009001P0000000002101,9,RepeatedLuna-Epoch1,STSCI,FINEGUIDE,"Peek, Joshua",NRCBS_FULL,PRDOPSSOC-073,8527,56.83083333333334,350.86249999999995,60881.27770351852,SHALLOW4,490,"Gas, Dust and the ISM",2026_1b,1,-2,FULL,,2048,2048,1,1,56.83083333333334,350.8625,Luna,f,Luna-Repeated,FIXED,0.1,0.1,JWST,NIRCam Imaging,10.73677,53.684,UTC,The 3D Interstellar Medium at Milliparsec Scales: Pathbreaking Observations of Cas A Thermal Light Echoes,10,f,1,08527009001,/Date(1753728651372)/,60884.78531681713,02,SUCCESSFUL,PRIME_TARGETED_FIXED,/Date(1753725556847)/,60884.74950053241,-8.8200246,8.8200004,t,ImageModel,f,/Date(1753726638719)/,60884.762022222225,RepeatedLuna -- Sequence,0.0,2025209T222028480_002_osf.xml,1,,INTRAMODULEX,f,CALCULATED_TRACK_TR_202111,10.3,220.5204074879513,56.826433362309615,350.876303381643,f,ISM,Interstellar clouds; Interstellar dust; Interstellar molecules,GSC32,0.0916342027904504,0.5989205048375015,375.787,POLYGON ICRS 350.823463 56.826907 350.872812 56.803926 350.916090 56.830944 350.865858 56.854695,2.0.1,RELEASE,jwst_1535.pmap,13.1.13,,,,,,,,,117573120,889fbe3c785ebacb7941a8cb1ec5d217,/Date(1783323314451)/,61227.31613946759,/Date(1783323522798)/,61227.31855087963,68,/Date(1785282390000)/,61249.990625,False,False,False,6453751,"GO-8527 Peek, Joshua",F444W-CLEAR,NIRCAM-F444W,4,1,4,LONG,0,0,0,0,0,0,NULL,NULL,NULL,0,0,0,0,0,0,B,f,CLEAR,STANDARD,4,,,,,POLYGON ICRS  350.865887555 56.854696958 350.823465404 56.826911883 350.872785643 56.803921691 350.916100293 56.830918728,350.86961098606525,56.829187781054614,JWST,IR,JWST,CAOM,F444W,Luna,"Peek, Joshua",8527,NIRCAM,POLYGON ICRS 350.823463 56.826907 350.872812 56.803926 350.916090 56.830944 350.865858 56.854695,60884.76202221065,60884.76686866898,418.734,The 3D Interstellar Medium at Milliparsec Scales: Pathbreaking Observations of Cas A Thermal Light Echoes,61249.990625,GO,NC.F444W,2026-07-28 23:46:30.000,2025-07-28 18:17:18.719,mast:JWST/product/jw08527009001_02101_00001_nrcblong_rate.fits,mast:JWST/product/jw08527009001_02101_00001_nrcblong_rate.fits
239415352,jw08527009001_02101_00001_nrca1_cal.fits,jw08527009001_02101_00001,2b,01,NRCA1_FULL,jw08527_20260706t022244_pool.csv,jw08527-o009_20260706t022244_image2_00040_asn.json,120.7823839969933,60884.76826763536,f,60884.7658442655,60884.76342089565,GO,,29,f,/Date(1783322673530)/,61227.30872141204,/Date(1753727057517)/,60884.76686939815,/Date(1753726638783)/,60884.76202295139,NRCA1,0,0,418.734,418.734,418.734,OK,NRC_IMAGE,1,60884.76686940972,60884.764446180554,1,PRIME,60884.76202295139,-1,4,N1D8004934,1,56.92616236311384,13.26980876922607,1,350.8288702531579,/Date(1753726462062)/,60884.759977581016,/Date(1753726221422)/,60884.75719239583,0.0122159431,0.01096155401319265,0.0133219017,122.54307526163757,60884.76828801363,f,60884.76586464382,60884.76344127402,NIRCAM,f,,0.0,,,0.0,4,4,8,1,1,0,1,4,60885.06366959491,V08527009001P0000000002101,9,RepeatedLuna-Epoch1,STSCI,FINEGUIDE,"Peek, Joshua",NRCBS_FULL,PRDOPSSOC-073,8527,56.83083333333334,350.86249999999995,60881.27770351852,SHALLOW4,481,"Gas, Dust and the ISM",2026_1b,1,2,FULL,,2048,2048,1,1,56.83083333333334,350.8625,Luna,f,Luna-Repeated,FIXED,0.1,0.1,JWST,NIRCam Imaging,10.73677,53.684,UTC,The 3D Interstellar Medium at Milliparsec Scales: Pathbreaking Observations of Cas A Thermal Light Echoes,10,f,1,08527009001,/Date(1753728651372)/,60884.78531681713,02,SUCCESSFUL,PRIME_TARGETED_FIXED,/Date(1753725556847)/,60884.74950053241,-8.8200246,8.8200004,t,ImageModel,f,/Date(1753726638783)/,60884.76202295139,RepeatedLuna -- Sequence,0.0,2025209T222028480_002_osf.xml,1,,INTRAMODULEX,f,CALCULATED_TRACK_TR_202111,10.3,220.5204074879513,56.871965467278436,350.80716828821426,f,ISM,Interstellar clouds; Interstellar dust; Interstellar molecules,GSC32,0.058262149237004866,0.5113664479862565,375.787,POLYGON ICRS 350.777633 56.873509 350.802246 56.862173 350.823376 56.875777 350.798368 56.887239,2.0.1,RELEASE,jwst_1535.pmap,13.1.13,,,,,,,,,117573120,8e1624f39edc67f49f3245a1dc0adb5d,/Date(1783323711138)/,61227.32073074074,/Date(1783323861218)/,61227.322467777776,68,/Date(1785282432000)/,61249.991111111114,False,False,False,6453751,"GO-8527 Peek, Joshua",F070W-CLEAR,NIRCAM-F070W,4,1,4,SHORT,0,0,0,0,0,0,NULL,NULL,NULL,0,0,0,0,0,0,A,f,CLEAR,STANDARD,4,,,,,POLYGON ICRS  350.798333648 56.887205755 350.777582126 56.873465684 350.802236159 56.862137219 350.823384162 56.875747468,350.80043494130547,56.87468807939752,JWST,IR,JWST,CAOM,F070W,Luna,"Peek, Joshua",8527,NIRCAM,POLYGON ICRS 350.777633 56.873509 350.802246 56.862173 350.823376 56.875777 350.798368 56.887239,60884.76202295139,60884.76686940972,418.734,The 3D Interstellar Medium at Milliparsec Scales: Pathbreaking Observations of Cas A Thermal Light Echoes,61249.991111111114,GO,NC.F070W,2026-07-28 23:47:12.000,2025-07-28 18:17:18.783,mast:JWST/product/jw08527009001_02101_00001_nrca1_rate.fits,mast:JWST/product/jw08527009001_02101_00001_nrca1_rate.fits
239414762,jw08527009001_02101_00001_nrcalong_cal.fits,jw08527009001_02101_00001,2b,01,NRCA5_FULL,jw08527_20260706t022244_pool.csv,jw08527-o009_20260706t022244_image2_00036_asn.json,120.7823839969933,60884.76826763536,f,60884.7658442655,60884.76342089565,GO,,29,f,/Date(1783322665392)/,61227.3086272338,/Date(1753727057517)/,60884.76686939815,/Date(1753726638783)/,60884.76202295139,NRCALONG,0,0,418.734,418.734,418.734,OK,NRC_IMAGE,1,60884.76686940972,60884.764446180554,1,PRIME,60884.76202295139,-1,4,N1D8004934,1,56.92616236311384,13.26980876922607,1,350.8288702531579,/Date(1753726462062)/,60884.759977581016,/Date(1753726221422)/,60884.75719239583,0.0122159431,0.01096155401319265,0.0133219017,122.54307526163757,60884.76828801363,f,60884.76586464382,60884.76344127402,NIRCAM,f,,0.0,,,0.0,4,4,8,1,1,0,1,4,60885.06366959491,V08527009001P0000000002101,9,RepeatedLuna-Epoch1,STSCI,FINEGUIDE,"Peek, Joshua",NRCBS_FULL,PRDOPSSOC-073,8527,56.83083333333334,350.86249999999995,60881.27770351852,SHALLOW4,485,"Gas, Dust and the ISM",2026_1b,1,2,FULL,,2048,2048,1,1,56.83083333333334,350.8625,Luna,f,Luna-Repeated,FIXED,0.1,0.1,JWST,NIRCam Imaging,10.73677,53.684,UTC,The 3D Interstellar Medium at Milliparsec Scales: Pathbreaking Observations of Cas A Thermal Light Echoes,10,f,1,08527009001,/Date(1753728651372)/,60884.78531681713,02,SUCCESSFUL,PRIME_TARGETED_FIXED,/Date(1753725556847)/,60884.74950053241,-8.8200246,8.8200004,t,ImageModel,f,/Date(1753726638783)/,60884.76202295139,RepeatedLuna -- Sequence,0.0,2025209T222028480_002_osf.xml,1,,INTRAMODULEX,f,CALCULATED_TRACK_TR_202111,10.3,220.5204074879513,56.8585338545861,350.8093358083704,f,ISM,Interstellar clouds; Interstellar dust; Interstellar molecules,GSC32,0.09301920645788711,0.541185583290666,375.787,POLYGON ICRS 350.756676 56.859028 350.805823 56.835997 350.849277 56.863213 350.798628 56.886596,2.0.1,RELEASE,jwst_1535.pmap,13.1.13,,,,,,,,,117573120,d46fea904f96e118e94bd6507d57fb8b,/Date(1783323668479)/,61227.320237037035,/Date(1783323711174)/,61227.320731168984,68,/Date(1785282412000)/,61249.99087962963,False,False,False,6453751,"GO-8527 Peek, Joshua",F444W-CLEAR,NIRCAM-F444W,4,1,4,LONG,0,0,0,0,0,0,NULL,NULL,NULL,0,0,0,0,0,0,A,f,CLEAR,STANDARD,4,,,,,POLYGON ICRS  350.798585115 56.886594794 350.756620896 56.859005653 350.805825107 56.835994226 350.849303332 56.863213801,350.8027162792679,56.86124870002198,JWST,IR,JWST,CAOM,F444W,Luna,"Peek, Joshua",8527,NIRCAM,POLYGON ICRS 350.756676 56.859028 350.805823 56.835997 350.849277 56.863213 350.798628 56.886596,60884.76202295139,60884.76686940972,418.734,The 3D Interstellar Medium at Milliparsec Scales: Pathbreaking Observations of Cas A Thermal Light Echoes,61249.99087962963,GO,NC.F444W,2026-07-28 23:46:52.000,2025-07-28 18:17:18.783,mast:JWST/product/jw08527009001_02101_00001_nrcalong_rate.fits,mast:JWST/product/jw08527009001_02101_00001_nrcalong_rate.fits
239413167,jw08527017001_03101_00001_nrcb1_cal.fits,jw08527017001_03101_00001,2b,01,NRCB1_FULL,jw08527_20260706t022244_pool.csv,jw08527-o017_20260706t022244_image2_00035_asn.json,113.61674065701663,60884.80818021326,f,60884.805756847025,60884.80333348079,GO,,29,f,/Date(1783322458708)/,61227.30623502315,/Date(1753730513130)/,60884.80686493056,/Date(1753730094396)/,60884.80201847222,NRCB1,0,0,418.734,418.734,418.734,OK,NRC_IMAGE,4,60884.80686493056,60884.80444170139,1,PRIME,60884.80201847222,1,4,N1D1017029,1,58.30275154996397,12.91022777557373,1,350.1854419408467,/Date(1753729916011)/,60884.79995381944,/Date(1753729675371)/,60884.79716863426,0.0137514109,0.009790310636162758,0.0148440516,115.34058591350913,60884.80820016508,f,60884.805776798894,60884.803353432704,NIRCAM,f,,0.0,,,0.0,4,4,8,1,1,0,1,4,60885.06366959491,V08527017001P0000000003101,17,RepeatedGreebo-Epoch1,STSCI,FINEGUIDE,"Peek, Joshua",NRCBS_FULL,PRDOPSSOC-073,8527,58.20111111111111,350.25,60881.27770351852,SHALLOW4,486,"Gas, Dust and the ISM",2026_1b,1,-2,FULL,,2048,2048,1,1,58.20111111111111,350.25,Greebo,f,Greebo-Repeated,FIXED,0.1,0.1,JWST,NIRCam Imaging,10.73677,53.684,UTC,The 3D Interstellar Medium at Milliparsec Scales: Pathbreaking Observations of Cas A Thermal Light Echoes,10,f,1,08527017001,/Date(1753732119656)/,60884.82545898148,03,SUCCESSFUL,PRIME_TARGETED_FIXED,/Date(1753728655468)/,60884.78536418982,-8.8200246,8.8200004,t,ImageModel,f,/Date(1753730094396)/,60884.80201847222,RepeatedGreebo -- Sequence,0.0,2025209T223428325_001_osf.xml,1,,INTRAMODULEX,f,CALCULATED_TRACK_TR_202111,10.3,219.8347004873733,58.183658326827555,350.2664310048354,f,ISM,Interstellar clouds; Interstellar dust; Interstellar molecules,GSC32,0.060822788175060115,0.48408511143115845,375.787,POLYGON ICRS 350.236015 58.185239 350.261215 58.174022 350.282791 58.187338 350.257366 58.198708,2.0.1,RELEASE,jwst_1535.pmap,13.1.13,,,,,,,,,117573120,b9aa1e9993640dc36af8773f74ec1760,/Date(1783323153809)/,61227.31428020833,/Date(1783323314442)/,61227.316139386574,68,/Date(1785331780000)/,61250.562268518515,False,False,False,6454078,"GO-8527 Peek, Joshua",F200W-CLEAR,NIRCAM-F200W,4,1,4,SHORT,0,0,0,0,0,0,NULL,NULL,NULL,0,0,0,0,0,0,B,f,CLEAR,STANDARD,4,,,,,POLYGON ICRS  350.257356318 58.198707374 350.235987548 58.185246939 350.261152214 58.174017068 350.282749974 58.187319680,350.2593612911578,58.186340993888756,JWST,IR,JWST,CAOM,F200W,Greebo,"Peek, Joshua",8527,NIRCAM,POLYGON ICRS 350.236015 58.185239 350.261215 58.174022 350.282791 58.187338 350.257366 58.198708,60884.80201847222,60884.80686493056,418.734,The 3D Interstellar Medium at Milliparsec Scales: Pathbreaking Observations of Cas A Thermal Light Echoes,61250.562268518515,GO,NC.F200W,2026-07-29 13:29:40.000,2025-07-28 19:14:54.396,mast:JWST/product/jw08527017001_03101_00001_nrcb1_rate.fits,mast:JWST/product/jw08527017001_03101_00001_nrcb1_rate.fits
239413240,jw08527017001_03101_00001_nrcblong_cal.fits,jw08527017001_03101_00001,2b,01,NRCB5_FULL,jw08527_20260706t022244_pool.csv,jw08527-o017_20260706t022244_image2_00031_asn.json,113.61674065701663,60884.80818021326,f,60884.805756847025,60884.80333348079,GO,,29,f,/Date(1783322467057)/,61227.30633166667,/Date(1753730513130)/,60884.80686493056,/Date(1753730094396)/,60884.80201847222,NRCBLONG,0,0,418.734,418.734,418.734,OK,NRC_IMAGE,4,60884.80686493056,60884.80444170139,1,PRIME,60884.80201847222,1,4,N1D1017029,1,58.30275154996397,12.91022777557373,1,350.1854419408467,/Date(1753729916011)/,60884.79995381944,/Date(1753729675371)/,60884.79716863426,0.0137514109,0.009790310636162758,0.0148440516,115.34058591350913,60884.80820016508,f,60884.805776798894,60884.803353432704,NIRCAM,f,,0.0,,,0.0,4,4,8,1,1,0,1,4,60885.06366959491,V08527017001P0000000003101,17,RepeatedGreebo-Epoch1,STSCI,FINEGUIDE,"Peek, Joshua",NRCBS_FULL,PRDOPSSOC-073,8527,58.20111111111111,350.25,60881.27770351852,SHALLOW4,490,"Gas, Dust and the ISM",2026_1b,1,-2,FULL,,2048,2048,1,1,58.20111111111111,350.25,Greebo,f,Greebo-Repeated,FIXED,0.1,0.1,JWST,NIRCam Imaging,10.73677,53.684,UTC,The 3D Interstellar Medium at Milliparsec Scales: Pathbreaking Observations of Cas A Thermal Light Echoes,10,f,1,08527017001,/Date(1753732119656)/,60884.82545898148,03,SUCCESSFUL,PRIME_TARGETED_FIXED,/Date(1753728655468)/,60884.78536418982,-8.8200246,8.8200004,t,ImageModel,f,/Date(1753730094396)/,60884.80201847222,RepeatedGreebo -- Sequence,0.0,2025209T223428325_001_osf.xml,1,,INTRAMODULEX,f,CALCULATED_TRACK_TR_202111,10.3,219.8347004873733,58.196713626064366,350.26445634740145,f,ISM,Interstellar clouds; Interstellar dust; Interstellar molecules,GSC32,0.08833062326853422,0.5627568726598133,375.787,POLYGON ICRS 350.209560 58.196930 350.261317 58.174273 350.305635 58.201572 350.252944 58.224993,2.0.1,RELEASE,jwst_1535.pmap,13.1.13,,,,,,,,,117573120,8dba8030430e8348fb28c51e2af9122f,/Date(1783323157931)/,61227.31432789352,/Date(1783323324619)/,61227.316257175924,68,/Date(1785331780000)/,61250.562268518515,False,False,False,6454078,"GO-8527 Peek, Joshua",F444W-CLEAR,NIRCAM-F444W,4,1,4,LONG,0,0,0,0,0,0,NULL,NULL,NULL,0,0,0,0,0,0,B,f,CLEAR,STANDARD,4,,,,,POLYGON ICRS  350.252996504 58.224994657 350.209560420 58.196944132 350.261266088 58.174266218 350.305647709 58.201533455,350.2574197473218,58.19951212080563,JWST,IR,JWST,CAOM,F444W,Greebo,"Peek, Joshua",8527,NIRCAM,POLYGON ICRS 350.209560 58.196930 350.261317 58.174273 350.305635 58.201572 350.252944 58.224993,60884.80201847222,60884.80686493056,418.734,The 3D Interstellar Medium at Milliparsec Scales: Pathbreaking Observations of Cas A Thermal Light Echoes,61250.562268518515,GO,NC.F444W,2026-07-29 13:29:40.000,2025-07-28 19:14:54.396,mast:JWST/product/jw08527017001_03101_00001_nrcblong_rate.fits,mast:JWST/product/jw08527017001_03101_00001_nrcblong_rate.fits
239413357,jw08527017001_03101_00001_nrcalong_cal.fits,jw08527017001_03101_00001,2b,01,NRCA5_FULL,jw08527_20260706t022244_pool.csv,jw08527-o017_20260706t022244_image2_00036_asn.json,113.61674380023032,60884.80818095403,f,60884.805757587805,60884.80333422157,GO,,29,f,/Date(1783322467339)/,61227.306334953704,/Date(1753730513194)/,60884.806865659724,/Date(1753730094460)/,60884.80201921296,NRCALONG,0,0,418.734,418.734,418.734,OK,NRC_IMAGE,4,60884.80686567129,60884.80444244213,1,PRIME,60884.80201921296,-1,4,N1D1017029,1,58.30275154996397,12.91022777557373,1,350.1854419408467,/Date(1753729916011)/,60884.79995381944,/Date(1753729675371)/,60884.79716863426,0.0137514109,0.009790310636162758,0.0148440516,115.34058968536556,60884.808200905856,f,60884.805777539674,60884.80335417349,NIRCAM,f,,0.0,,,0.0,4,4,8,1,1,0,1,4,60885.06366959491,V08527017001P0000000003101,17,RepeatedGreebo-Epoch1,STSCI,FINEGUIDE,"Peek, Joshua",NRCBS_FULL,PRDOPSSOC-073,8527,58.20111111111111,350.25,60881.27770351852,SHALLOW4,485,"Gas, Dust and the ISM",2026_1b,1,2,FULL,,2048,2048,1,1,58.20111111111111,350.25,Greebo,f,Greebo-Repeated,FIXED,0.1,0.1,JWST,NIRCam Imaging,10.73677,53.684,UTC,The 3D Interstellar Medium at Milliparsec Scales: Pathbreaking Observations of Cas A Thermal Light Echoes,10,f,1,08527017001,/Date(1753732119656)/,60884.82545898148,03,SUCCESSFUL,PRIME_TARGETED_FIXED,/Date(1753728655468)/,60884.78536418982,-8.8200246,8.8200004,t,ImageModel,f,/Date(1753730094460)/,60884.80201921296,RepeatedGreebo -- Sequence,0.0,2025209T223428325_001_osf.xml,1,,INTRAMODULEX,f,CALCULATED_TRACK_TR_202111,10.3,219.8347004873733,58.22838997930468,350.19422652241207,f,ISM,Interstellar clouds; Interstellar dust; Interstellar molecules,GSC32,0.09699466819868349,0.5373788851666988,375.787,POLYGON ICRS 350.139493 58.228611 350.191040 58.205903 350.235537 58.233401 350.182422 58.256451,2.0.1,RELEASE,jwst_1535.pmap,13.1.13,,,,,,,,,117573120,c19690efc620f2e3dd6f18ba8f87cb9e,/Date(1783323179016)/,61227.314571944444,/Date(1783323343886)/,61227.31648016204,68,/Date(1785331779000)/,61250.562256944446,False,False,False,6454078,"GO-8527 Peek, Joshua",F444W-CLEAR,NIRCAM-F444W,4,1,4,LONG,0,0,0,0,0,0,NULL,NULL,NULL,0,0,0,0,0,0,A,f,CLEAR,STANDARD,4,,,,,POLYGON ICRS  350.182419037 58.256465862 350.139456505 58.228612935 350.191047116 58.205914511 350.235591447 58.233406550,350.1872418272309,58.2311324430029,JWST,IR,JWST,CAOM,F444W,Greebo,"Peek, Joshua",8527,NIRCAM,POLYGON ICRS 350.139493 58.228611 350.191040 58.205903 350.235537 58.233401 350.182422 58.256451,60884.80201921296,60884.80686567129,418.734,The 3D Interstellar Medium at Milliparsec Scales: Pathbreaking Observations of Cas A Thermal Light Echoes,61250.562256944446,GO,NC.F444W,2026-07-29 13:29:39.000,2025-07-28 19:14:54.460,mast:JWST/product/jw08527017001_03101_00001_nrcalong_rate.fits,mast:JWST/product/jw08527017001_03101_00001_nrcalong_rate.fits
239413209,jw08527017001_03101_00001_nrca1_cal.fits,jw08527017001_03101_00001,2b,01,NRCA1_FULL,jw08527_20260706t022244_pool.csv,jw08527-o017_20260706t022244_image2_00040_asn.json,113.61674380023032,60884.80818095403,f,60884.805757587805,60884.80333422157,GO,,29,f,/Date(1783322460748)/,61227.30625863426,/Date(1753730513194)/,60884.806865659724,/Date(1753730094460)/,60884.80201921296,NRCA1,0,0,418.734,418.734,418.734,OK,NRC_IMAGE,4,60884.80686567129,60884.80444244213,1,PRIME,60884.80201921296,-1,4,N1D1017029,1,58.30275154996397,12.91022777557373,1,350.1854419408467,/Date(1753729916011)/,60884.79995381944,/Date(1753729675371)/,60884.79716863426,0.0137514109,0.009790310636162758,0.0148440516,115.34058968536556,60884.808200905856,f,60884.805777539674,60884.80335417349,NIRCAM,f,,0.0,,,0.0,4,4,8,1,1,0,1,4,60885.06366959491,V08527017001P0000000003101,17,RepeatedGreebo-Epoch1,STSCI,FINEGUIDE,"Peek, Joshua",NRCBS_FULL,PRDOPSSOC-073,8527,58.20111111111111,350.25,60881.27770351852,SHALLOW4,481,"Gas, Dust and the ISM",2026_1b,1,2,FULL,,2048,2048,1,1,58.20111111111111,350.25,Greebo,f,Greebo-Repeated,FIXED,0.1,0.1,JWST,NIRCam Imaging,10.73677,53.684,UTC,The 3D Interstellar Medium at Milliparsec Scales: Pathbreaking Observations of Cas A Thermal Light Echoes,10,f,1,08527017001,/Date(1753732119656)/,60884.82545898148,03,SUCCESSFUL,PRIME_TARGETED_FIXED,/Date(1753728655468)/,60884.78536418982,-8.8200246,8.8200004,t,ImageModel,f,/Date(1753730094460)/,60884.80201921296,RepeatedGreebo -- Sequence,0.0,2025209T223428325_001_osf.xml,1,,INTRAMODULEX,f,CALCULATED_TRACK_TR_202111,10.3,219.8347004873733,58.241807021528295,350.1916811955281,f,ISM,Interstellar clouds; Interstellar dust; Interstellar molecules,GSC32,0.06777445339911149,0.48916070892978136,375.787,POLYGON ICRS 350.160921 58.243228 350.186732 58.232054 350.208360 58.245796 350.182136 58.257092,2.0.1,RELEASE,jwst_1535.pmap,13.1.13,,,,,,,,,117570240,004208d55e5afaff5c5524119458b3d5,/Date(1783323153795)/,61227.314280046296,/Date(1783323320922)/,61227.31621438658,68,/Date(1785331804000)/,61250.5625462963,False,False,False,6454078,"GO-8527 Peek, Joshua",F200W-CLEAR,NIRCAM-F200W,4,1,4,SHORT,0,0,0,0,0,0,NULL,NULL,NULL,0,0,0,0,0,0,A,f,CLEAR,STANDARD,4,,,,,POLYGON ICRS  350.182150627 58.257118774 350.160907886 58.243249328 350.186751808 58.232077111 350.208410529 58.245818556,350.1845672937396,58.244556156080925,JWST,IR,JWST,CAOM,F200W,Greebo,"Peek, Joshua",8527,NIRCAM,POLYGON ICRS 350.160921 58.243228 350.186732 58.232054 350.208360 58.245796 350.182136 58.257092,60884.80201921296,60884.80686567129,418.734,The 3D Interstellar Medium at Milliparsec Scales: Pathbreaking Observations of Cas A Thermal Light Echoes,61250.5625462963,GO,NC.F200W,2026-07-29 13:30:04.000,2025-07-28 19:14:54.460,mast:JWST/product/jw08527017001_03101_00001_nrca1_rate.fits,mast:JWST/product/jw08527017001_03101_00001_nrca1_rate.fits
242766051,jw05451005001_02101_00001_nrcb1_cal.fits,jw05451005001_02101_00001,2b,01,NRCB1_FULL,jw05451_20260714t193044_pool.csv,jw05451-o005_20260714t193044_image2_00080_asn.json,123.93036657012999,60886.392593985176,f,60886.39197260814,60886.3913512311,GO,,31,f,/Date(1784080194662)/,61236.076327118055,/Date(1753867396184)/,60886.39115952546,/Date(1753867288816)/,60886.389916851855,NRCB1,0,0,107.368,107.368,107.368,OK,NRC_IMAGE,1,60886.39115953704,60886.39053819444,1,PRIME,60886.389916851855,1,2,N1D1035772,0,58.42663709112649,12.60670948028564,1,348.9610222191066,/Date(1753867096985)/,60886.38769659722,/Date(1753866856345)/,60886.38491141204,0.07256735,0.0165166761726141,0.07117198,125.61695908661932,60886.3926135059,f,60886.39199212887,60886.391370751844,NIRCAM,f,,0.0,,,0.0,16,2,5,1,1,0,1,4,60889.08387256944,V05451005001P0000000002101,5,ECHOW1-NIRCAM-Main3,STSCI,FINEGUIDE,"Jencson, Jacob",NRCBS_FULL,PRDOPSSOC-073,5451,58.349272222222226,349.01158333333325,60885.07608600694,BRIGHT2,486,Stellar Populations and the Interstellar Medium,2026_1b,1,-2,FULL,,2048,2048,1,1,58.349272222222226,349.0115833333333,,f,ECHOW1-NIRCAM,FIXED,0.1,0.1,JWST,NIRCam Imaging,10.73677,21.474,UTC,Resolving the Dynamic ISM with IR Echoes around Cas A,10,f,1,05451005001,/Date(1753870819221)/,60886.43077800926,02,SUCCESSFUL,PRIME_TARGETED_FIXED,/Date(1753865040795)/,60886.36389810185,-2.9000084,-3.0999999,t,ImageModel,f,/Date(1753867288816)/,60886.389916851855,ECHOW1,-0.31345866583905624,2025211T210657850_001_osf.xml,1,,INTRAMODULEBOX,f,CALCULATED_TRACK_TR_202111,10.3,217.4840770270038,58.330592253276016,349.0232458266664,f,ISM,Interstellar clouds; Interstellar dust; Interstellar molecules,GSC32,0.04327540359006777,0.3080988902891105,85.894,POLYGON ICRS 348.992447 58.331504 349.018608 58.320841 349.039215 58.334613 349.012816 58.345424,2.0.1,RELEASE,jwst_1535.pmap,13.1.13,,,,,,,,,117573120,48536f8be0a68ef267a8ae72ecff7843,/Date(1784081657615)/,61236.093259444446,/Date(1784081704336)/,61236.09380018518,68,/Date(1785448367000)/,61251.91165509259,False,False,False,6469529,"GO-5451 Jencson, Jacob",F150W2-F164N,NIRCAM-F150W2-F164N,4,1,4,SHORT,0,0,0,0,0,0,NULL,NULL,NULL,0,0,0,0,0,0,B,f,F164N,STANDARD,4,,,,,POLYGON ICRS  349.012817920 58.345426708 348.992435030 58.331510288 349.018570484 58.320835872 349.039196697 58.334599082,349.01578499953916,58.33311004920532,JWST,IR,JWST,CAOM,F150W2,,"Jencson, Jacob",5451,NIRCAM,POLYGON ICRS 348.992447 58.331504 349.018608 58.320841 349.039215 58.334613 349.012816 58.345424,60886.389916851855,60886.39115953704,107.368,Resolving the Dynamic ISM with IR Echoes around Cas A,61251.91165509259,GO,NC.F150W2.F164N,2026-07-30 21:52:47.000,2025-07-30 09:21:28.816,mast:JWST/product/jw05451005001_02101_00001_nrcb1_rate.fits,mast:JWST/product/jw05451005001_02101_00001_nrcb1_rate.fits
242765952,jw05451005001_02101_00001_nrcblong_cal.fits,jw05451005001_02101_00001,2b,01,NRCB5_FULL,jw05451_20260714t193044_pool.csv,jw05451-o005_20260714t193044_image2_00076_asn.json,123.93036657012999,60886.392593985176,f,60886.39197260814,60886.3913512311,GO,,31,f,/Date(1784080198644)/,61236.07637318287,/Date(1753867396184)/,60886.39115952546,/Date(1753867288816)/,60886.389916851855,NRCBLONG,0,0,107.368,107.368,107.368,OK,NRC_IMAGE,1,60886.39115953704,60886.39053819444,1,PRIME,60886.389916851855,1,2,N1D1035772,0,58.42663709112649,12.60670948028564,1,348.9610222191066,/Date(1753867096985)/,60886.38769659722,/Date(1753866856345)/,60886.38491141204,0.07256735,0.0165166761726141,0.07117198,125.61695908661932,60886.3926135059,f,60886.39199212887,60886.391370751844,NIRCAM,f,,0.0,,,0.0,16,2,5,1,1,0,1,4,60889.08387256944,V05451005001P0000000002101,5,ECHOW1-NIRCAM-Main3,STSCI,FINEGUIDE,"Jencson, Jacob",NRCBS_FULL,PRDOPSSOC-073,5451,58.349272222222226,349.01158333333325,60885.07608600694,BRIGHT2,490,Stellar Populations and the Interstellar Medium,2026_1b,1,-2,FULL,,2048,2048,1,1,58.349272222222226,349.0115833333333,,f,ECHOW1-NIRCAM,FIXED,0.1,0.1,JWST,NIRCam Imaging,10.73677,21.474,UTC,Resolving the Dynamic ISM with IR Echoes around Cas A,10,f,1,05451005001,/Date(1753870819221)/,60886.43077800926,02,SUCCESSFUL,PRIME_TARGETED_FIXED,/Date(1753865040795)/,60886.36389810185,-2.9000084,-3.0999999,t,ImageModel,f,/Date(1753867288816)/,60886.389916851855,ECHOW1,-0.31345866583905624,2025211T210657850_001_osf.xml,1,,INTRAMODULEBOX,f,CALCULATED_TRACK_TR_202111,10.3,217.4840770270038,58.34359345156396,349.0202376426563,f,ISM,Interstellar clouds; Interstellar dust; Interstellar molecules,GSC32,0.12088856728614082,0.41634985174204125,85.894,POLYGON ICRS 348.965007 58.342595 349.018708 58.321076 349.061040 58.349310 349.006343 58.371572,2.0.1,RELEASE,jwst_1535.pmap,13.1.13,,,,,,,,,117573120,c4eea76e656efaaf19e57afd9ff032c8,/Date(1784081649910)/,61236.09317025463,/Date(1784081696112)/,61236.093705011575,68,/Date(1785448347000)/,61251.91142361111,False,False,False,6469529,"GO-5451 Jencson, Jacob",F300M-CLEAR,NIRCAM-F300M,4,1,4,LONG,0,0,0,0,0,0,NULL,NULL,NULL,0,0,0,0,0,0,B,f,CLEAR,STANDARD,4,,,,,POLYGON ICRS  349.006368455 58.371569158 348.965002120 58.342598269 349.018659581 58.321066173 349.061040097 58.349275595,349.01282489282767,58.346209494010786,JWST,IR,JWST,CAOM,F300M,,"Jencson, Jacob",5451,NIRCAM,POLYGON ICRS 348.965007 58.342595 349.018708 58.321076 349.061040 58.349310 349.006343 58.371572,60886.389916851855,60886.39115953704,107.368,Resolving the Dynamic ISM with IR Echoes around Cas A,61251.91142361111,GO,NC.F300M,2026-07-30 21:52:27.000,2025-07-30 09:21:28.816,mast:JWST/product/jw05451005001_02101_00001_nrcblong_rate.fits,mast:JWST/product/jw05451005001_02101_00001_nrcblong_rate.fits
242765802,jw05451005001_02103_00001_nrcb1_cal.fits,jw05451005001_02103_00001,2b,03,NRCB1_FULL,jw05451_20260714t193044_pool.csv,jw05451-o005_20260714t193044_image2_00060_asn.json,123.98274822626263,60886.40353014699,f,60886.40290876995,60886.40228739292,GO,,31,f,/Date(1784080182167)/,61236.07618247685,/Date(1753868341016)/,60886.40209509259,/Date(1753868233648)/,60886.40085238426,NRCB1,0,0,107.368,107.368,107.368,OK,NRC_IMAGE,5,60886.40209509259,60886.40147375,1,PRIME,60886.40085240741,1,2,N1D1035772,0,58.42663709112649,12.60670948028564,1,348.9610222191066,/Date(1753867096985)/,60886.38769659722,/Date(1753866856345)/,60886.38491141204,0.07256735,0.0165166761726141,0.07117198,125.66932251211256,60886.403549667506,f,60886.402928290474,60886.40230691346,NIRCAM,f,,0.0,,,0.0,16,2,5,1,1,0,1,4,60889.08387256944,V05451005001P0000000002103,5,ECHOW1-NIRCAM-Main3,STSCI,FINEGUIDE,"Jencson, Jacob",NRCBS_FULL,PRDOPSSOC-073,5451,58.349272222222226,349.01158333333325,60885.07608600694,BRIGHT2,486,Stellar Populations and the Interstellar Medium,2026_1b,1,-2,FULL,,2048,2048,1,1,58.349272222222226,349.0115833333333,,f,ECHOW1-NIRCAM,FIXED,0.1,0.1,JWST,NIRCam Imaging,10.73677,21.474,UTC,Resolving the Dynamic ISM with IR Echoes around Cas A,10,f,1,05451005001,/Date(1753870819221)/,60886.43077800926,02,SUCCESSFUL,PRIME_TARGETED_FIXED,/Date(1753865040795)/,60886.36389810185,-2.9000084,-3.0999999,t,ImageModel,f,/Date(1753868233648)/,60886.40085238426,ECHOW1,0.319156187664931,2025211T211105599_001_osf.xml,1,,INTRAMODULEBOX,f,CALCULATED_TRACK_TR_202111,10.3,217.4840770270038,58.33059285933306,349.0232455975624,f,ISM,Interstellar clouds; Interstellar dust; Interstellar molecules,GSC32,0.04851863605633921,0.38304186360267795,85.894,POLYGON ICRS 348.992447 58.331504 349.018608 58.320841 349.039215 58.334613 349.012816 58.345424,2.0.1,RELEASE,jwst_1535.pmap,13.1.13,,,,,,,,,117573120,a909fbcb3bf5f27f757c0cd15ef25c8f,/Date(1784081628768)/,61236.09292553241,/Date(1784081682367)/,61236.093545902775,68,/Date(1785448263000)/,61251.91045138889,False,False,False,6469574,"GO-5451 Jencson, Jacob",F070W-CLEAR,NIRCAM-F070W,4,1,4,SHORT,0,0,0,0,0,0,NULL,NULL,NULL,0,0,0,0,0,0,B,f,CLEAR,STANDARD,4,,,,,POLYGON ICRS  349.012824954 58.345425429 348.992448128 58.331512312 349.018577449 58.320841758 349.039196675 58.334602707,349.01578499953916,58.33311004920532,JWST,IR,JWST,CAOM,F070W,,"Jencson, Jacob",5451,NIRCAM,POLYGON ICRS 348.992447 58.331504 349.018608 58.320841 349.039215 58.334613 349.012816 58.345424,60886.40085240741,60886.40209509259,107.368,Resolving the Dynamic ISM with IR Echoes around Cas A,61251.91045138889,GO,NC.F070W,2026-07-30 21:51:03.000,2025-07-30 09:37:13.648,mast:JWST/product/jw05451005001_02103_00001_nrcb1_rate.fits,mast:JWST/product/jw05451005001_02103_00001_nrcb1_rate.fits
242765958,jw05451005001_02103_00001_nrcblong_cal.fits,jw05451005001_02103_00001,2b,03,NRCB5_FULL,jw05451_20260714t193044_pool.csv,jw05451-o005_20260714t193044_image2_00056_asn.json,123.98274822626263,60886.40353014699,f,60886.40290876995,60886.40228739292,GO,,31,f,/Date(1784080197356)/,61236.076358287035,/Date(1753868341016)/,60886.40209509259,/Date(1753868233648)/,60886.40085238426,NRCBLONG,0,0,107.368,107.368,107.368,OK,NRC_IMAGE,5,60886.40209509259,60886.40147375,1,PRIME,60886.40085240741,1,2,N1D1035772,0,58.42663709112649,12.60670948028564,1,348.9610222191066,/Date(1753867096985)/,60886.38769659722,/Date(1753866856345)/,60886.38491141204,0.07256735,0.0165166761726141,0.07117198,125.66932251211256,60886.403549667506,f,60886.402928290474,60886.40230691346,NIRCAM,f,,0.0,,,0.0,16,2,5,1,1,0,1,4,60889.08387256944,V05451005001P0000000002103,5,ECHOW1-NIRCAM-Main3,STSCI,FINEGUIDE,"Jencson, Jacob",NRCBS_FULL,PRDOPSSOC-073,5451,58.349272222222226,349.01158333333325,60885.07608600694,BRIGHT2,490,Stellar Populations and the Interstellar Medium,2026_1b,1,-2,FULL,,2048,2048,1,1,58.349272222222226,349.0115833333333,,f,ECHOW1-NIRCAM,FIXED,0.1,0.1,JWST,NIRCam Imaging,10.73677,21.474,UTC,Resolving the Dynamic ISM with IR Echoes around Cas A,10,f,1,05451005001,/Date(1753870819221)/,60886.43077800926,02,SUCCESSFUL,PRIME_TARGETED_FIXED,/Date(1753865040795)/,60886.36389810185,-2.9000084,-3.0999999,t,ImageModel,f,/Date(1753868233648)/,60886.40085238426,ECHOW1,0.319156187664931,2025211T211105599_001_osf.xml,1,,INTRAMODULEBOX,f,CALCULATED_TRACK_TR_202111,10.3,217.4840770270038,58.34359407190261,349.0202376371361,f,ISM,Interstellar clouds; Interstellar dust; Interstellar molecules,GSC32,0.38185665435805227,0.42745251445516236,85.894,POLYGON ICRS 348.965007 58.342595 349.018708 58.321076 349.061040 58.349310 349.006343 58.371572,2.0.1,RELEASE,jwst_1535.pmap,13.1.13,,,,,,,,,117573120,a3f6ab3e483d4a6cb4cbe04e42aceffb,/Date(1784081649436)/,61236.09316476852,/Date(1784081696492)/,61236.093709409724,68,/Date(1785448242000)/,61251.910208333335,False,False,False,6469574,"GO-5451 Jencson, Jacob",F335M-CLEAR,NIRCAM-F335M,4,1,4,LONG,0,0,0,0,0,0,NULL,NULL,NULL,0,0,0,0,0,0,B,f,CLEAR,STANDARD,4,,,,,POLYGON ICRS  349.006369884 58.371575736 348.965002461 58.342604275 349.018660666 58.321071752 349.061042762 58.349281390,349.01282489282767,58.346209494010786,JWST,IR,JWST,CAOM,F335M,,"Jencson, Jacob",5451,NIRCAM,POLYGON ICRS 348.965007 58.342595 349.018708 58.321076 349.061040 58.349310 349.006343 58.371572,60886.40085240741,60886.40209509259,107.368,Resolving the Dynamic ISM with IR Echoes around Cas A,61251.910208333335,GO,NC.F335M,2026-07-30 21:50:42.000,2025-07-30 09:37:13.648,mast:JWST/product/jw05451005001_02103_00001_nrcblong_rate.fits,mast:JWST/product/jw05451005001_02103_00001_nrcblong_rate.fits
242765844,jw05451005001_02105_00001_nrcblong_cal.fits,jw05451005001_02105_00001,2b,05,NRCB5_FULL,jw05451_20260714t193044_pool.csv,jw05451-o005_20260714t193044_image2_00036_asn.json,124.03334265109152,60886.414093683976,f,60886.41347230693,60886.41285092989,GO,,31,f,/Date(1784080183860)/,61236.076202083335,/Date(1753869253655)/,60886.41265805555,/Date(1753869146287)/,60886.411415347226,NRCBLONG,0,0,107.368,107.368,107.368,OK,NRC_IMAGE,9,60886.412658043984,60886.41203670139,1,PRIME,60886.411415358794,1,2,N1D1035772,0,58.42663709112649,12.60670948028564,1,348.9610222191066,/Date(1753867096985)/,60886.38769659722,/Date(1753866856345)/,60886.38491141204,0.07256735,0.0165166761726141,0.07117198,125.71989996358752,60886.414113204286,f,60886.413491827254,60886.41287045023,NIRCAM,f,,0.0,,,0.0,16,2,5,1,1,0,1,4,60889.08387256944,V05451005001P0000000002105,5,ECHOW1-NIRCAM-Main3,STSCI,FINEGUIDE,"Jencson, Jacob",NRCBS_FULL,PRDOPSSOC-073,5451,58.349272222222226,349.01158333333325,60885.07608600694,BRIGHT2,490,Stellar Populations and the Interstellar Medium,2026_1b,1,-2,FULL,,2048,2048,1,1,58.349272222222226,349.0115833333333,,f,ECHOW1-NIRCAM,FIXED,0.1,0.1,JWST,NIRCam Imaging,10.73677,21.474,UTC,Resolving the Dynamic ISM with IR Echoes around Cas A,10,f,1,05451005001,/Date(1753870819221)/,60886.43077800926,02,SUCCESSFUL,PRIME_TARGETED_FIXED,/Date(1753865040795)/,60886.36389810185,-2.9000084,-3.0999999,t,ImageModel,f,/Date(1753869146287)/,60886.411415347226,ECHOW1,0.23598882900728038,2025211T211105599_001_osf.xml,1,,INTRAMODULEBOX,f,CALCULATED_TRACK_TR_202111,10.3,217.4840770270038,58.34359487014509,349.0202389175713,f,ISM,Interstellar clouds; Interstellar dust; Interstellar molecules,GSC32,0.21237173237658039,0.42745251445516236,85.894,POLYGON ICRS 348.965007 58.342595 349.018708 58.321076 349.061040 58.349310 349.006343 58.371572,2.0.1,RELEASE,jwst_1535.pmap,13.1.13,,,,,,,,,117573120,3b9e488d40fc5f04d72a9b67bec8d208,/Date(1784081632895)/,61236.09297333333,/Date(1784081685307)/,61236.09357993056,68,/Date(1785448137000)/,61251.90899305556,False,False,False,6469593,"GO-5451 Jencson, Jacob",F360M-CLEAR,NIRCAM-F360M,4,1,4,LONG,0,0,0,0,0,0,NULL,NULL,NULL,0,0,0,0,0,0,B,f,CLEAR,STANDARD,4,,,,,POLYGON ICRS  349.006378342 58.371577050 348.965009523 58.342605063 349.018669628 58.321072108 349.061054184 58.349282005,349.01282489282767,58.346209494010786,JWST,IR,JWST,CAOM,F360M,,"Jencson, Jacob",5451,NIRCAM,POLYGON ICRS 348.965007 58.342595 349.018708 58.321076 349.061040 58.349310 349.006343 58.371572,60886.411415358794,60886.412658043984,107.368,Resolving the Dynamic ISM with IR Echoes around Cas A,61251.90899305556,GO,NC.F360M,2026-07-30 21:48:57.000,2025-07-30 09:52:26.287,mast:JWST/product/jw05451005001_02105_00001_nrcblong_rate.fits,mast:JWST/product/jw05451005001_02105_00001_nrcblong_rate.fits
242764707,jw05451005001_02105_00001_nrcb1_cal.fits,jw05451005001_02105_00001,2b,05,NRCB1_FULL,jw05451_20260714t193044_pool.csv,jw05451-o005_20260714t193044_image2_00040_asn.json,124.03334265109152,60886.414093683976,f,60886.41347230693,60886.41285092989,GO,,31,f,/Date(1784080011067)/,61236.07420215278,/Date(1753869253655)/,60886.41265805555,/Date(1753869146287)/,60886.411415347226,NRCB1,0,0,107.368,107.368,107.368,OK,NRC_IMAGE,9,60886.412658043984,60886.41203670139,1,PRIME,60886.411415358794,1,2,N1D1035772,0,58.42663709112649,12.60670948028564,1,348.9610222191066,/Date(1753867096985)/,60886.38769659722,/Date(1753866856345)/,60886.38491141204,0.07256735,0.0165166761726141,0.07117198,125.71989996358752,60886.414113204286,f,60886.413491827254,60886.41287045023,NIRCAM,f,,0.0,,,0.0,16,2,5,1,1,0,1,4,60889.08387256944,V05451005001P0000000002105,5,ECHOW1-NIRCAM-Main3,STSCI,FINEGUIDE,"Jencson, Jacob",NRCBS_FULL,PRDOPSSOC-073,5451,58.349272222222226,349.01158333333325,60885.07608600694,BRIGHT2,486,Stellar Populations and the Interstellar Medium,2026_1b,1,-2,FULL,,2048,2048,1,1,58.349272222222226,349.0115833333333,,f,ECHOW1-NIRCAM,FIXED,0.1,0.1,JWST,NIRCam Imaging,10.73677,21.474,UTC,Resolving the Dynamic ISM with IR Echoes around Cas A,10,f,1,05451005001,/Date(1753870819221)/,60886.43077800926,02,SUCCESSFUL,PRIME_TARGETED_FIXED,/Date(1753865040795)/,60886.36389810185,-2.9000084,-3.0999999,t,ImageModel,f,/Date(1753869146287)/,60886.411415347226,ECHOW1,0.23598882900728038,2025211T211105599_001_osf.xml,1,,INTRAMODULEBOX,f,CALCULATED_TRACK_TR_202111,10.3,217.4840770270038,58.330593656810954,349.0232468664412,f,ISM,Interstellar clouds; Interstellar dust; Interstellar molecules,GSC32,0.04064129686137979,0.2997718932542697,85.894,POLYGON ICRS 348.992447 58.331504 349.018608 58.320841 349.039215 58.334613 349.012816 58.345424,2.0.1,RELEASE,jwst_1535.pmap,13.1.13,,,,,,,,,117573120,04ef23aeb436f65831af5215349a1522,/Date(1784081358420)/,61236.089796527776,/Date(1784081491910)/,61236.09134155093,68,/Date(1785448158000)/,61251.90923611111,False,False,False,6469593,"GO-5451 Jencson, Jacob",F070W-CLEAR,NIRCAM-F070W,4,1,4,SHORT,0,0,0,0,0,0,NULL,NULL,NULL,0,0,0,0,0,0,B,f,CLEAR,STANDARD,4,,,,,POLYGON ICRS  349.012825056 58.345425437 348.992448218 58.331512325 349.018577530 58.320841765 349.039196768 58.334602710,349.01578499953916,58.33311004920532,JWST,IR,JWST,CAOM,F070W,,"Jencson, Jacob",5451,NIRCAM,POLYGON ICRS 348.992447 58.331504 349.018608 58.320841 349.039215 58.334613 349.012816 58.345424,60886.411415358794,60886.412658043984,107.368,Resolving the Dynamic ISM with IR Echoes around Cas A,61251.90923611111,GO,NC.F070W,2026-07-30 21:49:18.000,2025-07-30 09:52:26.287,mast:JWST/product/jw05451005001_02105_00001_nrcb1_rate.fits,mast:JWST/product/jw05451005001_02105_00001_nrcb1_rate.fits
242765511,jw05451005001_02107_00001_nrcblong_cal.fits,jw05451005001_02107_00001,2b,07,NRCB5_FULL,jw05451_20260714t193044_pool.csv,jw05451-o005_20260714t193044_image2_00016_asn.json,124.08393581863493,60886.42465722092,f,60886.424035843884,60886.42341446685,GO,,31,f,/Date(1784080125338)/,61236.07552472222,/Date(1753870166294)/,60886.423220983794,/Date(1753870058926)/,60886.42197831019,NRCBLONG,0,0,107.368,107.368,107.368,OK,NRC_IMAGE,13,60886.42322099537,60886.422599652775,1,PRIME,60886.42197831019,1,2,N1D1035772,0,58.42663709112649,12.60670948028564,1,348.9610222191066,/Date(1753867096985)/,60886.38769659722,/Date(1753866856345)/,60886.38491141204,0.07256735,0.0165166761726141,0.07117198,125.77047552913427,60886.42467674104,f,60886.424055364005,60886.42343398699,NIRCAM,f,,0.0,,,0.0,16,2,5,1,1,0,1,4,60889.08387256944,V05451005001P0000000002107,5,ECHOW1-NIRCAM-Main3,STSCI,FINEGUIDE,"Jencson, Jacob",NRCBS_FULL,PRDOPSSOC-073,5451,58.349272222222226,349.01158333333325,60885.07608600694,BRIGHT2,490,Stellar Populations and the Interstellar Medium,2026_1b,1,-2,FULL,,2048,2048,1,1,58.349272222222226,349.0115833333333,,f,ECHOW1-NIRCAM,FIXED,0.1,0.1,JWST,NIRCam Imaging,10.73677,21.474,UTC,Resolving the Dynamic ISM with IR Echoes around Cas A,10,f,1,05451005001,/Date(1753870819221)/,60886.43077800926,02,SUCCESSFUL,PRIME_TARGETED_FIXED,/Date(1753865040795)/,60886.36389810185,-2.9000084,-3.0999999,t,ImageModel,f,/Date(1753870058926)/,60886.42197831019,ECHOW1,0.3317945291153688,2025211T210252187_003_osf.xml,1,,INTRAMODULEBOX,f,CALCULATED_TRACK_TR_202111,10.3,217.4840770270038,58.34359584006435,349.02024033830475,f,ISM,Interstellar clouds; Interstellar dust; Interstellar molecules,GSC32,0.29605527691105243,0.46076050259452567,85.894,POLYGON ICRS 348.965007 58.342595 349.018708 58.321076 349.061040 58.349310 349.006343 58.371572,2.0.1,RELEASE,jwst_1535.pmap,13.1.13,,,,,,,,,117573120,6e8ff08df3b9b5f7c559e698e39116df,/Date(1784081554017)/,61236.09206037037,/Date(1784081651231)/,61236.09318553241,68,/Date(1785448034000)/,61251.907800925925,False,False,False,6469542,"GO-5451 Jencson, Jacob",F444W-CLEAR,NIRCAM-F444W,4,1,4,LONG,0,0,0,0,0,0,NULL,NULL,NULL,0,0,0,0,0,0,B,f,CLEAR,STANDARD,4,,,,,POLYGON ICRS  349.006374859 58.371578874 348.965005365 58.342607011 349.018663756 58.321073737 349.061047843 58.349283504,349.01282489282767,58.346209494010786,JWST,IR,JWST,CAOM,F444W,,"Jencson, Jacob",5451,NIRCAM,POLYGON ICRS 348.965007 58.342595 349.018708 58.321076 349.061040 58.349310 349.006343 58.371572,60886.42197831019,60886.42322099537,107.368,Resolving the Dynamic ISM with IR Echoes around Cas A,61251.907800925925,GO,NC.F444W,2026-07-30 21:47:14.000,2025-07-30 10:07:38.926,mast:JWST/product/jw05451005001_02107_00001_nrcblong_rate.fits,mast:JWST/product/jw05451005001_02107_00001_nrcblong_rate.fits
242765523,jw05451005001_02107_00001_nrcb1_cal.fits,jw05451005001_02107_00001,2b,07,NRCB1_FULL,jw05451_20260714t193044_pool.csv,jw05451-o005_20260714t193044_image2_00020_asn.json,124.08393581863493,60886.42465722092,f,60886.424035843884,60886.42341446685,GO,,31,f,/Date(1784080123652)/,61236.075505243054,/Date(1753870166294)/,60886.423220983794,/Date(1753870058926)/,60886.42197831019,NRCB1,0,0,107.368,107.368,107.368,OK,NRC_IMAGE,13,60886.42322099537,60886.422599652775,1,PRIME,60886.42197831019,1,2,N1D1035772,0,58.42663709112649,12.60670948028564,1,348.9610222191066,/Date(1753867096985)/,60886.38769659722,/Date(1753866856345)/,60886.38491141204,0.07256735,0.0165166761726141,0.07117198,125.77047552913427,60886.42467674104,f,60886.424055364005,60886.42343398699,NIRCAM,f,,0.0,,,0.0,16,2,5,1,1,0,1,4,60889.08387256944,V05451005001P0000000002107,5,ECHOW1-NIRCAM-Main3,STSCI,FINEGUIDE,"Jencson, Jacob",NRCBS_FULL,PRDOPSSOC-073,5451,58.349272222222226,349.01158333333325,60885.07608600694,BRIGHT2,486,Stellar Populations and the Interstellar Medium,2026_1b,1,-2,FULL,,2048,2048,1,1,58.349272222222226,349.0115833333333,,f,ECHOW1-NIRCAM,FIXED,0.1,0.1,JWST,NIRCam Imaging,10.73677,21.474,UTC,Resolving the Dynamic ISM with IR Echoes around Cas A,10,f,1,05451005001,/Date(1753870819221)/,60886.43077800926,02,SUCCESSFUL,PRIME_TARGETED_FIXED,/Date(1753865040795)/,60886.36389810185,-2.9000084,-3.0999999,t,ImageModel,f,/Date(1753870058926)/,60886.42197831019,ECHOW1,0.3317945291153688,2025211T210252187_003_osf.xml,1,,INTRAMODULEBOX,f,CALCULATED_TRACK_TR_202111,10.3,217.4840770270038,58.330594627096154,349.0232482933677,f,ISM,Interstellar clouds; Interstellar dust; Interstellar molecules,GSC32,0.049573389014085714,0.252585576723505,85.894,POLYGON ICRS 348.992447 58.331504 349.018608 58.320841 349.039215 58.334613 349.012816 58.345424,2.0.1,RELEASE,jwst_1535.pmap,13.1.13,,,,,,,,,117573120,e1700a607cf4572f1ae590a9b3c56549,/Date(1784081558518)/,61236.092112453705,/Date(1784081652893)/,61236.093204780096,68,/Date(1785448051000)/,61251.907997685186,False,False,False,6469542,"GO-5451 Jencson, Jacob",F200W-CLEAR,NIRCAM-F200W,4,1,4,SHORT,0,0,0,0,0,0,NULL,NULL,NULL,0,0,0,0,0,0,B,f,CLEAR,STANDARD,4,,,,,POLYGON ICRS  349.012819149 58.345408929 348.992439014 58.331494944 349.018569089 58.320822306 349.039192397 58.334583574,349.01578499953916,58.33311004920532,JWST,IR,JWST,CAOM,F200W,,"Jencson, Jacob",5451,NIRCAM,POLYGON ICRS 348.992447 58.331504 349.018608 58.320841 349.039215 58.334613 349.012816 58.345424,60886.42197831019,60886.42322099537,107.368,Resolving the Dynamic ISM with IR Echoes around Cas A,61251.907997685186,GO,NC.F200W,2026-07-30 21:47:31.000,2025-07-30 10:07:38.926,mast:JWST/product/jw05451005001_02107_00001_nrcb1_rate.fits,mast:JWST/product/jw05451005001_02107_00001_nrcb1_rate.fits
242767376,jw05451010001_03102_00001_mirimage_cal.fits,jw05451010001_03102_00001,2b,02,MIRIM_FULL,jw05451_20260714t193044_pool.csv,jw05451-o010_20260714t193044_image2_00012_asn.json,124.21070979908109,60886.45099944375,t,60886.45003583709,60886.44907223044,GO,,7,f,/Date(1784080757905)/,61236.08284613426,/Date(1753872442132)/,60886.449561724534,/Date(1753872275630)/,60886.447634606484,MIRIMAGE,0,0,166.502,213.678,213.678,OK,MIR_IMAGE,2,60886.449561712965,60886.448598159724,1,PRIME,60886.447634606484,1,1,N1D1032483,0,58.53769548483409,12.9685115814209,1,348.8348738634641,/Date(1753871559572)/,60886.43934690972,/Date(1753871319956)/,60886.43657356482,0.0565286949,0.01449717115610838,0.0588874519,125.89723882265389,60886.451018963715,f,60886.45005535708,60886.44909175045,MIRI,f,OFF,0.0,,,0.0,13,1,60,1,1,0,1,4,60889.08387256944,V05451010001P0000000003102,10,ECHOW1-MIRI-Main3,STSCI,FINEGUIDE,"Jencson, Jacob",MIRIFU_CHANNEL1A,PRDOPSSOC-073,5451,58.34841666666667,349.01232083333326,60885.07608600694,FASTR1,493,Stellar Populations and the Interstellar Medium,2026_1b,1,2,FULL,,1032,1024,1,1,58.34841666666667,349.0123208333333,,f,ECHOW1-MIRI,FIXED,0.1,0.1,JWST,MIRI Medium Resolution Spectroscopy,2.77504,2.775,UTC,Resolving the Dynamic ISM with IR Echoes around Cas A,10,f,1,05451010001,/Date(1753876498319)/,60886.49650833333,03,SUCCESSFUL,PRIME_TARGETED_FIXED,/Date(1753870823317)/,60886.43082541667,0.1638621,-0.4488829,f,ImageModel,f,/Date(1753872275630)/,60886.447634606484,ECHOW1,-0.14855218458377817,2025211T211507522_001_osf.xml,1,,4-POINT,f,CALCULATED_TRACK_TR_202111,10.3,217.3205138311658,58.3664007474442,349.0162698799749,f,ISM,Interstellar clouds; Interstellar dust; Interstellar molecules,GSC32,0.22249226785426165,0.0,163.727,POLYGON ICRS 348.974051 58.364038 349.002926 58.350475 349.043251 58.373586 349.014160 58.387363 POLYGON ICRS 348.959041 58.371395 348.970689 58.365807 348.981304 58.372006 348.969613 58.377604,2.0.1,RELEASE,jwst_1535.pmap,13.1.13,OPEN,,NEGATIVE,EXTENDED-SOURCE,ALL_MRS,,A,A,29721600,19be91311432d36a3cd8c29b83570ca9,/Date(1784081736215)/,61236.09416916667,/Date(1784081793568)/,61236.094832939816,61,/Date(1785448944000)/,61251.918333333335,False,False,False,6470077,"GO-5451 Jencson, Jacob",F1000W,MIRI-F1000W,,,,,,,,,,,,,,,,,,,,,,,,,,,,,POLYGON ICRS  348.998763941 58.394730748 348.958781498 58.371510503 349.003185106 58.350426446 349.043647696 58.373476672,349.008627917565,58.36889008282626,JWST,IR,JWST,CAOM,F1000W,,"Jencson, Jacob",5451,MIRI,POLYGON ICRS 348.974051 58.364038 349.002926 58.350475 349.043251 58.373586 349.014160 58.387363 POLYGON ICRS 348.959041 58.371395 348.970689 58.365807 348.981304 58.372006 348.969613 58.377604,60886.447634606484,60886.449561712965,213.678,Resolving the Dynamic ISM with IR Echoes around Cas A,61251.918333333335,GO,MI.F1000W,2026-07-30 22:02:24.000,2025-07-30 10:44:35.630,mast:JWST/product/jw05451010001_03102_00001_mirimage_rate.fits,mast:JWST/product/jw05451010001_03102_00001_mirimage_rate.fits
242767448,jw05451010001_03104_00001_mirimage_cal.fits,jw05451010001_03104_00001,2b,04,MIRIM_FULL,jw05451_20260714t193044_pool.csv,jw05451-o010_20260714t193044_image2_00008_asn.json,124.29500701837242,60886.468601877736,t,60886.46763827109,60886.466674664436,GO,,7,f,/Date(1784080758440)/,61236.082852314816,/Date(1753873962898)/,60886.46716314815,/Date(1753873796396)/,60886.46523606482,MIRIMAGE,0,0,166.502,213.678,213.678,OK,MIR_IMAGE,6,60886.4671631713,60886.46619961806,1,PRIME,60886.46523606482,1,1,N1D1032483,0,58.53769548483409,12.9685115814209,1,348.8348738634641,/Date(1753871559572)/,60886.43934690972,/Date(1753871319956)/,60886.43657356482,0.0565286949,0.01449717115610838,0.0588874519,125.98150649573654,60886.46862139737,f,60886.46765779074,60886.466694184106,MIRI,f,OFF,0.0,,,0.0,13,1,60,1,1,0,1,4,60889.08387256944,V05451010001P0000000003104,10,ECHOW1-MIRI-Main3,STSCI,FINEGUIDE,"Jencson, Jacob",MIRIFU_CHANNEL1A,PRDOPSSOC-073,5451,58.34841666666667,349.01232083333326,60885.07608600694,FASTR1,493,Stellar Populations and the Interstellar Medium,2026_1b,1,2,FULL,,1032,1024,1,1,58.34841666666667,349.0123208333333,,f,ECHOW1-MIRI,FIXED,0.1,0.1,JWST,MIRI Medium Resolution Spectroscopy,2.77504,2.775,UTC,Resolving the Dynamic ISM with IR Echoes around Cas A,10,f,1,05451010001,/Date(1753876498319)/,60886.49650833333,03,SUCCESSFUL,PRIME_TARGETED_FIXED,/Date(1753870823317)/,60886.43082541667,0.1638621,-0.4488829,f,ImageModel,f,/Date(1753873796396)/,60886.46523606482,ECHOW1,0.3264239614412555,2025211T212337291_001_osf.xml,1,,4-POINT,f,CALCULATED_TRACK_TR_202111,10.3,217.3205138311658,58.36640207043178,349.0162720604218,f,ISM,Interstellar clouds; Interstellar dust; Interstellar molecules,GSC32,0.2159073950905597,0.0,163.727,POLYGON ICRS 348.974051 58.364038 349.002926 58.350475 349.043251 58.373586 349.014160 58.387363 POLYGON ICRS 348.959041 58.371395 348.970689 58.365807 348.981304 58.372006 348.969613 58.377604,2.0.1,RELEASE,jwst_1535.pmap,13.1.13,OPEN,,NEGATIVE,EXTENDED-SOURCE,ALL_MRS,,A,A,29721600,97e04bfbf7df1db20c913be9565ff016,/Date(1784081737574)/,61236.09418487269,/Date(1784081798005)/,61236.094884328704,61,/Date(1785448883000)/,61251.91762731481,False,False,False,6470128,"GO-5451 Jencson, Jacob",F770W,MIRI-F770W,,,,,,,,,,,,,,,,,,,,,,,,,,,,,POLYGON ICRS  348.998746408 58.394714369 348.958763591 58.371493541 349.003166978 58.350409706 349.043630352 58.373460130,349.008627917565,58.36889008282626,JWST,IR,JWST,CAOM,F770W,,"Jencson, Jacob",5451,MIRI,POLYGON ICRS 348.974051 58.364038 349.002926 58.350475 349.043251 58.373586 349.014160 58.387363 POLYGON ICRS 348.959041 58.371395 348.970689 58.365807 348.981304 58.372006 348.969613 58.377604,60886.46523606482,60886.4671631713,213.678,Resolving the Dynamic ISM with IR Echoes around Cas A,61251.91762731481,GO,MI.F770W,2026-07-30 22:01:23.000,2025-07-30 11:09:56.396,mast:JWST/product/jw05451010001_03104_00001_mirimage_rate.fits,mast:JWST/product/jw05451010001_03104_00001_mirimage_rate.fits
242767370,jw05451010001_03106_00001_mirimage_cal.fits,jw05451010001_03106_00001,2b,06,MIRIM_FULL,jw05451_20260714t193044_pool.csv,jw05451-o010_20260714t193044_image2_00004_asn.json,124.37668154016137,60886.485657626275,t,60886.48469401963,60886.48373041298,GO,,7,f,/Date(1784080757784)/,61236.08284471065,/Date(1753875436433)/,60886.48421797454,/Date(1753875269931)/,60886.48229085648,MIRIMAGE,0,0,166.502,213.678,213.678,OK,MIR_IMAGE,10,60886.48421797454,60886.4832544213,1,PRIME,60886.48229086806,1,1,N1D1032483,0,58.53769548483409,12.9685115814209,1,348.8348738634641,/Date(1753871559572)/,60886.43934690972,/Date(1753871319956)/,60886.43657356482,0.0565286949,0.01449717115610838,0.0588874519,126.06315272860229,60886.48567714558,f,60886.48471353896,60886.483749932326,MIRI,f,OFF,0.0,,,0.0,13,1,60,1,1,0,1,4,60889.08387256944,V05451010001P0000000003106,10,ECHOW1-MIRI-Main3,STSCI,FINEGUIDE,"Jencson, Jacob",MIRIFU_CHANNEL1A,PRDOPSSOC-073,5451,58.34841666666667,349.01232083333326,60885.07608600694,FASTR1,493,Stellar Populations and the Interstellar Medium,2026_1b,1,2,FULL,,1032,1024,1,1,58.34841666666667,349.0123208333333,,f,ECHOW1-MIRI,FIXED,0.1,0.1,JWST,MIRI Medium Resolution Spectroscopy,2.77504,2.775,UTC,Resolving the Dynamic ISM with IR Echoes around Cas A,10,f,1,05451010001,/Date(1753876498319)/,60886.49650833333,03,SUCCESSFUL,PRIME_TARGETED_FIXED,/Date(1753870823317)/,60886.43082541667,0.1638621,-0.4488829,f,ImageModel,f,/Date(1753875269931)/,60886.48229085648,ECHOW1,0.14210933597466932,2025211T211912011_001_osf.xml,1,,4-POINT,f,CALCULATED_TRACK_TR_202111,10.3,217.3205138311658,58.36640317025711,349.01627369720757,f,ISM,Interstellar clouds; Interstellar dust; Interstellar molecules,GSC32,0.24117684432126593,0.0,163.727,POLYGON ICRS 348.974051 58.364038 349.002926 58.350475 349.043251 58.373586 349.014160 58.387363 POLYGON ICRS 348.959041 58.371395 348.970689 58.365807 348.981304 58.372006 348.969613 58.377604,2.0.1,RELEASE,jwst_1535.pmap,13.1.13,OPEN,,NEGATIVE,EXTENDED-SOURCE,ALL_MRS,,A,A,29721600,09dbacb5885bd19364667f43858b4f0b,/Date(1784081736155)/,61236.09416847222,/Date(1784081793161)/,61236.09482824074,61,/Date(1785448819000)/,61251.91688657407,False,False,False,6470017,"GO-5451 Jencson, Jacob",F560W,MIRI-F560W,,,,,,,,,,,,,,,,,,,,,,,,,,,,,POLYGON ICRS  348.998745035 58.394717130 348.958762247 58.371496411 349.003165557 58.350412502 349.043628929 58.373462912,349.008627917565,58.36889008282626,JWST,IR,JWST,CAOM,F560W,,"Jencson, Jacob",5451,MIRI,POLYGON ICRS 348.974051 58.364038 349.002926 58.350475 349.043251 58.373586 349.014160 58.387363 POLYGON ICRS 348.959041 58.371395 348.970689 58.365807 348.981304 58.372006 348.969613 58.377604,60886.48229086806,60886.48421797454,213.678,Resolving the Dynamic ISM with IR Echoes around Cas A,61251.91688657407,GO,MI.F560W,2026-07-30 22:00:19.000,2025-07-30 11:34:29.931,mast:JWST/product/jw05451010001_03106_00001_mirimage_rate.fits,mast:JWST/product/jw05451010001_03106_00001_mirimage_rate.fits
242766305,jw05451011001_02101_00001_mirimage_cal.fits,jw05451011001_02101_00001,2b,01,MIRIM_FULL,jw05451_20260714t193044_pool.csv,jw05451-o011_20260714t193044_image2_00012_asn.json,147.8920501191169,60886.51390606137,t,60886.51294245227,60886.51197884317,GO,,7,f,/Date(1784080243547)/,61236.07689289352,/Date(1753877853582)/,60886.51219424768,/Date(1753877687080)/,60886.510267129626,MIRIMAGE,0,0,166.502,213.678,213.678,OK,MIR_IMAGE,1,60886.512194236115,60886.51123068287,1,PRIME,60886.510267129626,1,1,N1DC015228,0,55.17996253583269,12.9205150604248,1,348.9438515496265,/Date(1753877396367)/,60886.50690238426,/Date(1753877155727)/,60886.504117199074,0.0157090686,0.01231683697551489,0.01673568,149.62621140293777,60886.51392613264,f,60886.51296252356,60886.51199891448,MIRI,f,OFF,0.0,,,0.0,12,1,60,1,1,0,1,4,60889.08387256944,V05451011001P0000000002101,11,ECHOW1-MIRIBKG-Main3,STSCI,FINEGUIDE,"Jencson, Jacob",MIRIFU_CHANNEL1A,PRDOPSSOC-073,5451,54.96239444444445,349.1052499999999,60885.07608600694,FASTR1,493,Stellar Populations and the Interstellar Medium,2026_1b,1,2,FULL,,1032,1024,1,1,54.96239444444445,349.10524999999996,,f,MIRI-BKG,FIXED,0.1,0.1,JWST,MIRI Medium Resolution Spectroscopy,2.77504,2.775,UTC,Resolving the Dynamic ISM with IR Echoes around Cas A,10,f,1,05451011001,/Date(1753881893770)/,60886.558955671295,02,SUCCESSFUL,PRIME_TARGETED_FIXED,/Date(1753876502415)/,60886.49655574074,0.1638621,-0.4488829,f,ImageModel,f,/Date(1753877687080)/,60886.510267129626,ECHOW1,0.288869667078706,2025211T213139163_001_osf.xml,1,,4-POINT,f,CALCULATED_TRACK_TR_202111,10.3,217.6442851141524,54.98052301361477,349.10899004176173,f,ISM,Interstellar clouds; Interstellar dust; Interstellar molecules,GSC32,0.2264784676165741,0.0,163.727,POLYGON ICRS 349.070424 54.978129 349.096683 54.964481 349.133768 54.987472 349.107314 55.001335 POLYGON ICRS 349.056778 54.985530 349.067370 54.979908 349.077133 54.986076 349.066502 54.991708,2.0.1,RELEASE,jwst_1535.pmap,13.1.13,OPEN,,NEGATIVE,EXTENDED-SOURCE,ALL_MRS,,A,A,29721600,52819071b3480e0356712f2b31037a3d,/Date(1784081674608)/,61236.09345608796,/Date(1784081724506)/,61236.09403363426,61,/Date(1785453394000)/,61251.96983796296,False,False,False,6470393,"GO-5451 Jencson, Jacob",F1000W,MIRI-F1000W,,,,,,,,,,,,,,,,,,,,,,,,,,,,,POLYGON ICRS  349.093235934 55.008689410 349.056477570 54.985582477 349.096863374 54.964373222 349.134058080 54.987310486,349.1020757401408,54.98287876566792,JWST,IR,JWST,CAOM,F1000W,,"Jencson, Jacob",5451,MIRI,POLYGON ICRS 349.070424 54.978129 349.096683 54.964481 349.133768 54.987472 349.107314 55.001335 POLYGON ICRS 349.056778 54.985530 349.067370 54.979908 349.077133 54.986076 349.066502 54.991708,60886.510267129626,60886.512194236115,213.678,Resolving the Dynamic ISM with IR Echoes around Cas A,61251.96983796296,GO,MI.F1000W,2026-07-30 23:16:34.000,2025-07-30 12:14:47.080,mast:JWST/product/jw05451011001_02101_00001_mirimage_rate.fits,mast:JWST/product/jw05451011001_02101_00001_mirimage_rate.fits
242766317,jw05451011001_02103_00001_mirimage_cal.fits,jw05451011001_02103_00001,2b,03,MIRIM_FULL,jw05451_20260714t193044_pool.csv,jw05451-o011_20260714t193044_image2_00008_asn.json,147.9798815678805,60886.531444103384,t,60886.53048049429,60886.5295168852,GO,,7,f,/Date(1784080243920)/,61236.07689722222,/Date(1753879368781)/,60886.52973125,/Date(1753879202279)/,60886.52780416667,MIRIMAGE,0,0,166.502,213.678,213.678,OK,MIR_IMAGE,5,60886.52973126157,60886.52876770833,1,PRIME,60886.52780415509,1,1,N1DC015228,0,55.17996253583269,12.9205150604248,1,348.9438515496265,/Date(1753877396367)/,60886.50690238426,/Date(1753877155727)/,60886.504117199074,0.0157090686,0.01231683697551489,0.01673568,149.714010162279,60886.53146417428,f,60886.530500565204,60886.529536956135,MIRI,f,OFF,0.0,,,0.0,12,1,60,1,1,0,1,4,60889.08387256944,V05451011001P0000000002103,11,ECHOW1-MIRIBKG-Main3,STSCI,FINEGUIDE,"Jencson, Jacob",MIRIFU_CHANNEL1A,PRDOPSSOC-073,5451,54.96239444444445,349.1052499999999,60885.07608600694,FASTR1,493,Stellar Populations and the Interstellar Medium,2026_1b,1,2,FULL,,1032,1024,1,1,54.96239444444445,349.10524999999996,,f,MIRI-BKG,FIXED,0.1,0.1,JWST,MIRI Medium Resolution Spectroscopy,2.77504,2.775,UTC,Resolving the Dynamic ISM with IR Echoes around Cas A,10,f,1,05451011001,/Date(1753881893770)/,60886.558955671295,02,SUCCESSFUL,PRIME_TARGETED_FIXED,/Date(1753876502415)/,60886.49655574074,0.1638621,-0.4488829,f,ImageModel,f,/Date(1753879202279)/,60886.52780416667,ECHOW1,-0.09181433008224418,2025211T213947554_001_osf.xml,1,,4-POINT,f,CALCULATED_TRACK_TR_202111,10.3,217.6442851141524,54.9805247338198,349.1089941173645,f,ISM,Interstellar clouds; Interstellar dust; Interstellar molecules,GSC32,0.24954316034157656,0.0,163.727,POLYGON ICRS 349.070424 54.978129 349.096683 54.964481 349.133768 54.987472 349.107314 55.001335 POLYGON ICRS 349.056778 54.985530 349.067370 54.979908 349.077133 54.986076 349.066502 54.991708,2.0.1,RELEASE,jwst_1535.pmap,13.1.13,OPEN,,NEGATIVE,EXTENDED-SOURCE,ALL_MRS,,A,A,29721600,85c7e21ee460dd079978f0881b49f402,/Date(1784081675524)/,61236.093466701386,/Date(1784081725590)/,61236.09404618056,61,/Date(1785453314000)/,61251.96891203704,False,False,False,6470510,"GO-5451 Jencson, Jacob",F770W,MIRI-F770W,,,,,,,,,,,,,,,,,,,,,,,,,,,,,POLYGON ICRS  349.093221581 55.008673466 349.056463105 54.985565827 349.096848926 54.964356932 349.134044120 54.987294515,349.1020757401408,54.98287876566792,JWST,IR,JWST,CAOM,F770W,,"Jencson, Jacob",5451,MIRI,POLYGON ICRS 349.070424 54.978129 349.096683 54.964481 349.133768 54.987472 349.107314 55.001335 POLYGON ICRS 349.056778 54.985530 349.067370 54.979908 349.077133 54.986076 349.066502 54.991708,60886.52780415509,60886.52973126157,213.678,Resolving the Dynamic ISM with IR Echoes around Cas A,61251.96891203704,GO,MI.F770W,2026-07-30 23:15:14.000,2025-07-30 12:40:02.279,mast:JWST/product/jw05451011001_02103_00001_mirimage_rate.fits,mast:JWST/product/jw05451011001_02103_00001_mirimage_rate.fits
242766080,jw05451011001_02105_00001_mirimage_cal.fits,jw05451011001_02105_00001,2b,05,MIRIM_FULL,jw05451_20260714t193044_pool.csv,jw05451-o011_20260714t193044_image2_00004_asn.json,148.06529462803155,60886.54850062436,t,60886.54753701528,60886.54657340619,GO,,7,f,/Date(1784080237328)/,61236.07682090278,/Date(1753880842379)/,60886.54678680556,/Date(1753880675877)/,60886.54485967592,MIRIMAGE,0,0,166.502,213.678,213.678,OK,MIR_IMAGE,9,60886.54678679398,60886.54582324074,1,PRIME,60886.5448596875,1,1,N1DC015228,0,55.17996253583269,12.9205150604248,1,348.9438515496265,/Date(1753877396367)/,60886.50690238426,/Date(1753877155727)/,60886.504117199074,0.0157090686,0.01231683697551489,0.01673568,149.79939179029316,60886.548520694894,f,60886.547557085825,60886.546593476756,MIRI,f,OFF,0.0,,,0.0,12,1,60,1,1,0,1,4,60889.08387256944,V05451011001P0000000002105,11,ECHOW1-MIRIBKG-Main3,STSCI,FINEGUIDE,"Jencson, Jacob",MIRIFU_CHANNEL1A,PRDOPSSOC-073,5451,54.96239444444445,349.1052499999999,60885.07608600694,FASTR1,493,Stellar Populations and the Interstellar Medium,2026_1b,1,2,FULL,,1032,1024,1,1,54.96239444444445,349.10524999999996,,f,MIRI-BKG,FIXED,0.1,0.1,JWST,MIRI Medium Resolution Spectroscopy,2.77504,2.775,UTC,Resolving the Dynamic ISM with IR Echoes around Cas A,10,f,1,05451011001,/Date(1753881893770)/,60886.558955671295,02,SUCCESSFUL,PRIME_TARGETED_FIXED,/Date(1753876502415)/,60886.49655574074,0.1638621,-0.4488829,f,ImageModel,f,/Date(1753880675877)/,60886.54485967592,ECHOW1,0.0,2025211T213542056_002_osf.xml,1,,4-POINT,f,CALCULATED_TRACK_TR_202111,10.3,217.6442851141524,54.98052594904704,349.1089961363449,f,ISM,Interstellar clouds; Interstellar dust; Interstellar molecules,GSC32,0.23027652815706645,0.0,163.727,POLYGON ICRS 349.070424 54.978129 349.096683 54.964481 349.133768 54.987472 349.107314 55.001335 POLYGON ICRS 349.056778 54.985530 349.067370 54.979908 349.077133 54.986076 349.066502 54.991708,2.0.1,RELEASE,jwst_1535.pmap,13.1.13,OPEN,,NEGATIVE,EXTENDED-SOURCE,ALL_MRS,,A,A,29721600,6373f6b89a2b01705719edc61c99a880,/Date(1784081661301)/,61236.09330208333,/Date(1784081708833)/,61236.0938522338,61,/Date(1785453270000)/,61251.96840277778,False,False,False,6470622,"GO-5451 Jencson, Jacob",F560W,MIRI-F560W,,,,,,,,,,,,,,,,,,,,,,,,,,,,,POLYGON ICRS  349.093220798 55.008676349 349.056462418 54.985568783 349.096848232 54.964359854 349.134043355 54.987297461,349.1020757401408,54.98287876566792,JWST,IR,JWST,CAOM,F560W,,"Jencson, Jacob",5451,MIRI,POLYGON ICRS 349.070424 54.978129 349.096683 54.964481 349.133768 54.987472 349.107314 55.001335 POLYGON ICRS 349.056778 54.985530 349.067370 54.979908 349.077133 54.986076 349.066502 54.991708,60886.5448596875,60886.54678679398,213.678,Resolving the Dynamic ISM with IR Echoes around Cas A,61251.96840277778,GO,MI.F560W,2026-07-30 23:14:30.000,2025-07-30 13:04:35.877,mast:JWST/product/jw05451011001_02105_00001_mirimage_rate.fits,mast:JWST/product/jw05451011001_02105_00001_mirimage_rate.fits
243506768,jw08322001001_02201_00001_nis_cal.fits,jw08322001001_02201_00001,2b,01,NIS_CEN,jw08322_20260716t123734_pool.csv,jw08322-o001_20260716t123734_image2_00048_asn.json,91.16499410010874,60886.72856661489,f,60886.72645422755,60886.72434184021,GO,,91,f,/Date(1784220553326)/,61237.70084868056,/Date(1753896457020)/,60886.727511805555,/Date(1753896091970)/,60886.72328668981,NIS,0,0,365.05,343.577,171.788,OK,NIS_IMAGE,1,60886.727511805555,60886.72539924768,1,PARALLEL_COORDINATED,60886.72328668981,-2,1,S99R178887,0,-47.48760326313412,12.73186683654785,1,201.5809282482116,/Date(1753895801725)/,60886.719927384256,/Date(1753895442301)/,60886.715767361115,0.0447615422,0.02349847368896008,0.03629077,88.47636769060045,60886.72853549662,f,60886.726423109234,60886.724310721846,NIRISS,f,NONE,-0.00672999990456446,/Date(946684800000)/,51544,-0.00324,16,1,16,2,1,1,1,,60889.08387256944,V08322001001P0832200102201,1,,STSCI,FINEGUIDE,"Haeberle, Maximilian",NIS_CEN,PRDOPSSOC-073,8322,-47.479569444444444,201.6968333333333,60885.07608600694,NISRAPID,496,Supermassive Black Holes and Active Galaxies,2026_1b,2,-1,FULL,,2048,2048,1,1,-47.47961726294095,201.6967992710637,NGC 5139,f,NGC-5139,FIXED,0.1,0.1,JWST,NIRCam Imaging,10.73677,10.737,UTC,Astrometric monitoring of the fast stars around the intermediate-mass black hole in Omega Centauri,10,f,1,08322001001,/Date(1753901410167)/,60886.78483988426,02,SUCCESSFUL,PRIME_TARGETED_FIXED,/Date(1753892252544)/,60886.678848877316,,,f,ImageModel,f,/Date(1753896091970)/,60886.72328668981,NIRCam Observations,0.0,2025211T222100108_001_osf.xml,1,,NONE,t,CALCULATED_TRACK_TR_202111,10.3,115.5024269442834,-47.35504282884214,201.68246802854944,f,Stellar Cluster,Globular star clusters,GSC32,0.22899167828060846,0.3079138459105585,322.103,POLYGON ICRS  201.647669195 -47.360576617 201.697315427 -47.376966891 201.721074404 -47.343500785 201.671493350 -47.327123377,2.0.1,RELEASE,jwst_1535.pmap,13.1.13,,,,,,,,,117570240,1c7565ace4203ee37fb3051edc8a4660,/Date(1784220872708)/,61237.70454520833,/Date(1784221123218)/,61237.70744462963,77,/Date(1785466635000)/,61252.123090277775,False,False,False,6471555,"GO-8322 Haeberle, Maximilian",CLEAR-F200W,NIRISS-F200W,,,4,,,,,,,,,,,,,,,,,,,F200W,,,,0.329819769,74.88467,164.935333,POLYGON ICRS  201.647669195 -47.360576617 201.697315427 -47.376966891 201.721074404 -47.343500785 201.671493350 -47.327123377,201.68438482226168,-47.352045014250976,JWST,IR,JWST,CAOM,CLEAR,NGC 5139,"Haeberle, Maximilian",8322,NIRISS,POLYGON ICRS  201.647669195 -47.360576617 201.697315427 -47.376966891 201.721074404 -47.343500785 201.671493350 -47.327123377,60886.72328668981,60886.727511805555,343.577,Astrometric monitoring of the fast stars around the intermediate-mass black hole in Omega Centauri,61252.123090277775,GO,NI.F200W,2026-07-31 02:57:15.000,2025-07-30 17:21:31.970,mast:JWST/product/jw08322001001_02201_00001_nis_rate.fits,mast:JWST/product/jw08322001001_02201_00001_nis_rate.fits
243508781,jw08322001001_02101_00001_nrcblong_cal.fits,jw08322001001_02101_00001,2b,01,NRCB5_FULL,jw08322_20260716t123734_pool.csv,jw08322-o001_20260716t123734_image2_00079_asn.json,91.16406308021396,60886.72932136877,f,60886.72689833522,60886.72447530166,GO,,29,f,/Date(1784220954358)/,61237.705490231485,/Date(1753896522236)/,60886.72826662037,/Date(1753896103502)/,60886.723420173614,NRCBLONG,0,0,418.734,407.997,203.999,OK,NRC_IMAGE,2,60886.72826662037,60886.72584339121,1,PRIME,60886.72342016204,1,4,S99R178887,1,-47.48760326313412,12.73186683654785,1,201.5809282482116,/Date(1753895801725)/,60886.719927384256,/Date(1753895442301)/,60886.715767361115,0.0447615422,0.02349847368896008,0.03629077,88.47543729934841,60886.72929025052,f,60886.726867216916,60886.7244441833,NIRCAM,f,,-0.00672999990456446,/Date(946684800000)/,51544,-0.00324,16,4,4,2,1,0,1,4,60889.08387256944,V08322001001P0000000002101,1,,STSCI,FINEGUIDE,"Haeberle, Maximilian",NRCAS_FULL,PRDOPSSOC-073,8322,-47.479569444444444,201.6968333333333,60885.07608600694,SHALLOW4,490,Supermassive Black Holes and Active Galaxies,2026_1b,1,-2,FULL,,2048,2048,1,1,-47.47961726294322,201.69679927106208,NGC 5139,f,NGC-5139,FIXED,0.1,0.1,JWST,NIRCam Imaging,10.73677,53.684,UTC,Astrometric monitoring of the fast stars around the intermediate-mass black hole in Omega Centauri,10,f,1,08322001001,/Date(1753901410167)/,60886.78483988426,02,SUCCESSFUL,PRIME_TARGETED_FIXED,/Date(1753892252544)/,60886.678848877316,-29.3500768,24.4200044,t,ImageModel,f,/Date(1753896103502)/,60886.723420173614,NIRCam Observations,0.0,2025211T222100108_001_osf.xml,1,,FULLBOX,t,CALCULATED_TRACK_TR_202111,10.3,115.5024269442834,-47.43029830262566,201.72354172893947,f,Stellar Cluster,Globular star clusters,GSC32,0.1510582408881817,0.7150247976185002,322.103,POLYGON ICRS 201.738405 -47.451123 201.760895 -47.419090 201.713207 -47.403222 201.689801 -47.435921,2.0.1,RELEASE,jwst_1535.pmap,13.1.13,,,,,,,,,117573120,8b58c024078eaf1877c331e77e4d6e6b,/Date(1784221306589)/,61237.70956701389,/Date(1784221534398)/,61237.71220365741,68,/Date(1785466814000)/,61252.12516203704,False,False,False,6471579,"GO-8322 Haeberle, Maximilian",F444W-F405N,NIRCAM-F444W-F405N,4,1,4,LONG,0,0,0,0,0,0,NULL,NULL,NULL,0,0,0,0,0,0,B,f,F405N,IMAGING,4,,,,,POLYGON ICRS  201.689649008 -47.435937025 201.738276095 -47.451088132 201.760650754 -47.419012290 201.712962431 -47.403203207,201.72546564945156,-47.42732793282717,JWST,IR,JWST,CAOM,F444W,NGC 5139,"Haeberle, Maximilian",8322,NIRCAM,POLYGON ICRS 201.738405 -47.451123 201.760895 -47.419090 201.713207 -47.403222 201.689801 -47.435921,60886.72342016204,60886.72826662037,407.997,Astrometric monitoring of the fast stars around the intermediate-mass black hole in Omega Centauri,61252.12516203704,GO,NC.F444W.F405N,2026-07-31 03:00:14.000,2025-07-30 17:21:43.502,mast:JWST/product/jw08322001001_02101_00001_nrcblong_rate.fits,mast:JWST/product/jw08322001001_02101_00001_nrcblong_rate.fits
243508772,jw08322001001_02101_00001_nrcb1_cal.fits,jw08322001001_02101_00001,2b,01,NRCB1_FULL,jw08322_20260716t123734_pool.csv,jw08322-o001_20260716t123734_image2_00083_asn.json,91.16406308021396,60886.72932136877,f,60886.72689833522,60886.72447530166,GO,,29,f,/Date(1784220956611)/,61237.705516319445,/Date(1753896522236)/,60886.72826662037,/Date(1753896103502)/,60886.723420173614,NRCB1,0,0,418.734,407.997,203.999,OK,NRC_IMAGE,2,60886.72826662037,60886.72584339121,1,PRIME,60886.72342016204,1,4,S99R178887,1,-47.48760326313412,12.73186683654785,1,201.5809282482116,/Date(1753895801725)/,60886.719927384256,/Date(1753895442301)/,60886.715767361115,0.0447615422,0.02349847368896008,0.03629077,88.47543729934841,60886.72929025052,f,60886.726867216916,60886.7244441833,NIRCAM,f,,-0.00672999990456446,/Date(946684800000)/,51544,-0.00324,16,4,4,2,1,0,1,4,60889.08387256944,V08322001001P0000000002101,1,,STSCI,FINEGUIDE,"Haeberle, Maximilian",NRCAS_FULL,PRDOPSSOC-073,8322,-47.479569444444444,201.6968333333333,60885.07608600694,SHALLOW4,486,Supermassive Black Holes and Active Galaxies,2026_1b,1,-2,FULL,,2048,2048,1,1,-47.47961726294322,201.69679927106208,NGC 5139,f,NGC-5139,FIXED,0.1,0.1,JWST,NIRCam Imaging,10.73677,53.684,UTC,Astrometric monitoring of the fast stars around the intermediate-mass black hole in Omega Centauri,10,f,1,08322001001,/Date(1753901410167)/,60886.78483988426,02,SUCCESSFUL,PRIME_TARGETED_FIXED,/Date(1753892252544)/,60886.678848877316,-29.3500768,24.4200044,t,ImageModel,f,/Date(1753896103502)/,60886.723420173614,NIRCam Observations,0.0,2025211T222100108_001_osf.xml,1,,FULLBOX,t,CALCULATED_TRACK_TR_202111,10.3,115.5024269442834,-47.426018596952744,201.74184088594455,f,Stellar Cluster,Globular star clusters,GSC32,0.056908868053934546,0.42931095509185313,322.103,POLYGON ICRS 201.750117 -47.434714 201.761334 -47.419072 201.738079 -47.411353 201.726687 -47.427149,2.0.1,RELEASE,jwst_1535.pmap,13.1.13,,,,,,,,,117573120,70da688993707eaad4026ec3a57ae650,/Date(1784221306553)/,61237.70956658565,/Date(1784221533614)/,61237.712194594904,68,/Date(1785466834000)/,61252.125393518516,False,False,False,6471579,"GO-8322 Haeberle, Maximilian",F115W-CLEAR,NIRCAM-F115W,4,1,4,SHORT,0,0,0,0,0,0,NULL,NULL,NULL,0,0,0,0,0,0,B,f,CLEAR,IMAGING,4,,,,,POLYGON ICRS  201.726412690 -47.427135337 201.749840985 -47.434668284 201.760993454 -47.419011007 201.737746143 -47.411326714,201.74403098698744,-47.423067989506606,JWST,IR,JWST,CAOM,F115W,NGC 5139,"Haeberle, Maximilian",8322,NIRCAM,POLYGON ICRS 201.750117 -47.434714 201.761334 -47.419072 201.738079 -47.411353 201.726687 -47.427149,60886.72342016204,60886.72826662037,407.997,Astrometric monitoring of the fast stars around the intermediate-mass black hole in Omega Centauri,61252.125393518516,GO,NC.F115W,2026-07-31 03:00:34.000,2025-07-30 17:21:43.502,mast:JWST/product/jw08322001001_02101_00001_nrcb1_rate.fits,mast:JWST/product/jw08322001001_02101_00001_nrcb1_rate.fits
243508793,jw08322001001_02101_00001_nrca1_cal.fits,jw08322001001_02101_00001,2b,01,NRCA1_FULL,jw08322_20260716t123734_pool.csv,jw08322-o001_20260716t123734_image2_00088_asn.json,91.16406308021396,60886.72932136877,f,60886.72689833522,60886.72447530166,GO,,29,f,/Date(1784221069247)/,61237.706819976855,/Date(1753896522236)/,60886.72826662037,/Date(1753896103502)/,60886.723420173614,NRCA1,0,0,418.734,407.997,203.999,OK,NRC_IMAGE,2,60886.72826662037,60886.72584339121,1,PRIME,60886.72342016204,-1,4,S99R178887,1,-47.48760326313412,12.73186683654785,1,201.5809282482116,/Date(1753895801725)/,60886.719927384256,/Date(1753895442301)/,60886.715767361115,0.0447615422,0.02349847368896008,0.03629077,88.47543729934841,60886.72929025052,f,60886.726867216916,60886.7244441833,NIRCAM,f,,-0.00672999990456446,/Date(946684800000)/,51544,-0.00324,16,4,4,2,1,0,1,4,60889.08387256944,V08322001001P0000000002101,1,,STSCI,FINEGUIDE,"Haeberle, Maximilian",NRCAS_FULL,PRDOPSSOC-073,8322,-47.479569444444444,201.6968333333333,60885.07608600694,SHALLOW4,481,Supermassive Black Holes and Active Galaxies,2026_1b,1,2,FULL,,2048,2048,1,1,-47.47961726294322,201.69679927106208,NGC 5139,f,NGC-5139,FIXED,0.1,0.1,JWST,NIRCam Imaging,10.73677,53.684,UTC,Astrometric monitoring of the fast stars around the intermediate-mass black hole in Omega Centauri,10,f,1,08322001001,/Date(1753901410167)/,60886.78483988426,02,SUCCESSFUL,PRIME_TARGETED_FIXED,/Date(1753892252544)/,60886.678848877316,-29.3500768,24.4200044,t,ImageModel,f,/Date(1753896103502)/,60886.723420173614,NIRCam Observations,0.0,2025211T222100108_001_osf.xml,1,,FULLBOX,t,CALCULATED_TRACK_TR_202111,10.3,115.5024269442834,-47.47867638578522,201.67310670535392,f,Stellar Cluster,Globular star clusters,GSC32,0.06816273660775615,0.3686152683374877,322.103,POLYGON ICRS 201.681317 -47.487431 201.692353 -47.471487 201.668480 -47.463847 201.657347 -47.480032,2.0.1,RELEASE,jwst_1535.pmap,13.1.13,,,,,,,,,117573120,1fc646e392638effe00f6658ab97ad59,/Date(1784221306593)/,61237.70956704861,/Date(1784221535388)/,61237.71221511574,68,/Date(1785466854000)/,61252.125625,False,False,False,6471579,"GO-8322 Haeberle, Maximilian",F115W-CLEAR,NIRCAM-F115W,4,1,4,SHORT,0,0,0,0,0,0,NULL,NULL,NULL,0,0,0,0,0,0,A,f,CLEAR,IMAGING,4,,,,,POLYGON ICRS  201.657457681 -47.480042753 201.681440866 -47.487423351 201.692443904 -47.471470899 201.668563921 -47.463851765,201.674848763825,-47.47568736101759,JWST,IR,JWST,CAOM,F115W,NGC 5139,"Haeberle, Maximilian",8322,NIRCAM,POLYGON ICRS 201.681317 -47.487431 201.692353 -47.471487 201.668480 -47.463847 201.657347 -47.480032,60886.72342016204,60886.72826662037,407.997,Astrometric monitoring of the fast stars around the intermediate-mass black hole in Omega Centauri,61252.125625,GO,NC.F115W,2026-07-31 03:00:54.000,2025-07-30 17:21:43.502,mast:JWST/product/jw08322001001_02101_00001_nrca1_rate.fits,mast:JWST/product/jw08322001001_02101_00001_nrca1_rate.fits
243508799,jw08322001001_02101_00001_nrcalong_cal.fits,jw08322001001_02101_00001,2b,01,NRCA5_FULL,jw08322_20260716t123734_pool.csv,jw08322-o001_20260716t123734_image2_00084_asn.json,91.16405805107206,60886.72932210946,f,60886.7268990759,60886.72447604234,GO,,29,f,/Date(1784220964847)/,61237.70561164352,/Date(1753896522300)/,60886.72826736111,/Date(1753896103566)/,60886.72342090278,NRCALONG,0,0,418.734,407.997,203.999,OK,NRC_IMAGE,2,60886.72826736111,60886.72584413194,1,PRIME,60886.72342090278,-1,4,S99R178887,1,-47.48760326313412,12.73186683654785,1,201.5809282482116,/Date(1753895801725)/,60886.719927384256,/Date(1753895442301)/,60886.715767361115,0.0447615422,0.02349847368896008,0.03629077,88.47543227020651,60886.72929099121,f,60886.726867957594,60886.72444492399,NIRCAM,f,,-0.00672999990456446,/Date(946684800000)/,51544,-0.00324,16,4,4,2,1,0,1,4,60889.08387256944,V08322001001P0000000002101,1,,STSCI,FINEGUIDE,"Haeberle, Maximilian",NRCAS_FULL,PRDOPSSOC-073,8322,-47.479569444444444,201.6968333333333,60885.07608600694,SHALLOW4,485,Supermassive Black Holes and Active Galaxies,2026_1b,1,2,FULL,,2048,2048,1,1,-47.47961726294323,201.69679927106208,NGC 5139,f,NGC-5139,FIXED,0.1,0.1,JWST,NIRCam Imaging,10.73677,53.684,UTC,Astrometric monitoring of the fast stars around the intermediate-mass black hole in Omega Centauri,10,f,1,08322001001,/Date(1753901410167)/,60886.78483988426,02,SUCCESSFUL,PRIME_TARGETED_FIXED,/Date(1753892252544)/,60886.678848877316,-29.3500768,24.4200044,t,ImageModel,f,/Date(1753896103566)/,60886.72342090278,NIRCam Observations,0.0,2025211T222100108_001_osf.xml,1,,FULLBOX,t,CALCULATED_TRACK_TR_202111,10.3,115.5024269442834,-47.474038206093496,201.69184177050224,f,Stellar Cluster,Globular star clusters,GSC32,0.144296593345485,0.5692071111476467,322.103,POLYGON ICRS 201.706496 -47.494740 201.729100 -47.462802 201.681091 -47.446891 201.658299 -47.479715,2.0.1,RELEASE,jwst_1535.pmap,13.1.13,,,,,,,,,117573120,9f40cb2e08a409d41f79e31589387745,/Date(1784221306593)/,61237.70956704861,/Date(1784221535973)/,61237.71222190972,68,/Date(1785466830000)/,61252.12534722222,False,False,False,6471579,"GO-8322 Haeberle, Maximilian",F444W-F405N,NIRCAM-F444W-F405N,4,1,4,LONG,0,0,0,0,0,0,NULL,NULL,NULL,0,0,0,0,0,0,A,f,F405N,IMAGING,4,,,,,POLYGON ICRS  201.658268615 -47.479753386 201.706519533 -47.494739768 201.729042730 -47.462763396 201.681002385 -47.446901676,201.6936647824344,-47.47098642989063,JWST,IR,JWST,CAOM,F444W,NGC 5139,"Haeberle, Maximilian",8322,NIRCAM,POLYGON ICRS 201.706496 -47.494740 201.729100 -47.462802 201.681091 -47.446891 201.658299 -47.479715,60886.72342090278,60886.72826736111,407.997,Astrometric monitoring of the fast stars around the intermediate-mass black hole in Omega Centauri,61252.12534722222,GO,NC.F444W.F405N,2026-07-31 03:00:30.000,2025-07-30 17:21:43.566,mast:JWST/product/jw08322001001_02101_00001_nrcalong_rate.fits,mast:JWST/product/jw08322001001_02101_00001_nrcalong_rate.fits
243501711,jw08322001001_04201_00001_nis_cal.fits,jw08322001001_04201_00001,2b,01,NIS_CEN,jw08322_20260716t123734_pool.csv,jw08322-o001_20260716t123734_image2_00004_asn.json,90.91902694199234,60886.763830399985,f,60886.76171801265,60886.75960562531,GO,,91,f,/Date(1784219443947)/,61237.68800863426,/Date(1753899504057)/,60886.762778425924,/Date(1753899139007)/,60886.75855331019,NIS,0,0,365.05,343.577,171.788,OK,NIS_IMAGE,10,60886.7627784375,60886.76066587963,1,PARALLEL_COORDINATED,60886.75855332176,-2,1,S99R178887,0,-47.48760326313412,12.73186683654785,1,201.5809282482116,/Date(1753895801725)/,60886.719927384256,/Date(1753895442301)/,60886.715767361115,0.0447615422,0.02349847368896008,0.03629077,88.23046716861427,60886.76379928248,f,60886.7616868951,60886.75957450772,NIRISS,f,NONE,-0.00672999990456446,/Date(946684800000)/,51544,-0.00324,16,1,16,2,1,1,1,,60889.08387256944,V08322001001P0832200104201,1,,STSCI,FINEGUIDE,"Haeberle, Maximilian",NIS_CEN,PRDOPSSOC-073,8322,-47.479569444444444,201.6968333333333,60885.07608600694,NISRAPID,496,Supermassive Black Holes and Active Galaxies,2026_1b,2,-1,FULL,,2048,2048,1,1,-47.479617263121455,201.69679927093512,NGC 5139,f,NGC-5139,FIXED,0.1,0.1,JWST,NIRCam Imaging,10.73677,10.737,UTC,Astrometric monitoring of the fast stars around the intermediate-mass black hole in Omega Centauri,10,f,1,08322001001,/Date(1753901410167)/,60886.78483988426,04,SUCCESSFUL,PRIME_TARGETED_FIXED,/Date(1753892252544)/,60886.678848877316,,,f,ImageModel,f,/Date(1753899139007)/,60886.75855331019,NIRCam Observations,0.0,2025211T222909030_001_osf.xml,1,,NONE,t,CALCULATED_TRACK_TR_202111,10.3,115.5024269442834,-47.355042050041575,201.6824655326804,f,Stellar Cluster,Globular star clusters,GSC32,0.1055167457154461,0.03404816565357137,322.103,POLYGON ICRS  201.647671152 -47.360619223 201.697316918 -47.377010551 201.721075595 -47.343543174 201.671494591 -47.327165758,2.0.1,RELEASE,jwst_1535.pmap,13.1.13,,,,,,,,,117570240,9ff249ce2f61582ae517fb11ab640688,/Date(1784219720301)/,61237.69120717593,/Date(1784219863390)/,61237.692863310185,77,/Date(1785466392000)/,61252.12027777778,False,False,False,6471866,"GO-8322 Haeberle, Maximilian",CLEAR-F115W,NIRISS-F115W,,,4,,,,,,,,,,,,,,,,,,,F115W,,,,0.329819769,74.88467,4.971985,POLYGON ICRS  201.647671152 -47.360619223 201.697316918 -47.377010551 201.721075595 -47.343543174 201.671494591 -47.327165758,201.68438640006283,-47.35208782732227,JWST,IR,JWST,CAOM,CLEAR,NGC 5139,"Haeberle, Maximilian",8322,NIRISS,POLYGON ICRS  201.647671152 -47.360619223 201.697316918 -47.377010551 201.721075595 -47.343543174 201.671494591 -47.327165758,60886.75855332176,60886.7627784375,343.577,Astrometric monitoring of the fast stars around the intermediate-mass black hole in Omega Centauri,61252.12027777778,GO,NI.F115W,2026-07-31 02:53:12.000,2025-07-30 18:12:19.007,mast:JWST/product/jw08322001001_04201_00001_nis_rate.fits,mast:JWST/product/jw08322001001_04201_00001_nis_rate.fits
243506740,jw08322001001_04101_00001_nrcalong_cal.fits,jw08322001001_04101_00001,2b,01,NRCA5_FULL,jw08322_20260716t123734_pool.csv,jw08322-o001_20260716t123734_image2_00040_asn.json,90.91878365725279,60886.7644866433,f,60886.76206360974,60886.7596405762,GO,,29,f,/Date(1784220479046)/,61237.69998895833,/Date(1753899560761)/,60886.76343472222,/Date(1753899142027)/,60886.75858826389,NRCALONG,0,0,418.734,407.997,203.999,OK,NRC_IMAGE,9,60886.763434733795,60886.76101150463,1,PRIME,60886.758588275465,-1,4,S99R178887,1,-47.48760326313412,12.73186683654785,1,201.5809282482116,/Date(1753895801725)/,60886.719927384256,/Date(1753895442301)/,60886.715767361115,0.0447615422,0.02349847368896008,0.03629077,88.23022325523198,60886.764455525816,f,60886.76203249221,60886.759609458604,NIRCAM,f,,-0.00672999990456446,/Date(946684800000)/,51544,-0.00324,16,4,4,2,1,0,1,4,60889.08387256944,V08322001001P0000000004101,1,,STSCI,FINEGUIDE,"Haeberle, Maximilian",NRCAS_FULL,PRDOPSSOC-073,8322,-47.479569444444444,201.6968333333333,60885.07608600694,SHALLOW4,485,Supermassive Black Holes and Active Galaxies,2026_1b,1,2,FULL,,2048,2048,1,1,-47.479617263123224,201.69679927093387,NGC 5139,f,NGC-5139,FIXED,0.1,0.1,JWST,NIRCam Imaging,10.73677,53.684,UTC,Astrometric monitoring of the fast stars around the intermediate-mass black hole in Omega Centauri,10,f,1,08322001001,/Date(1753901410167)/,60886.78483988426,04,SUCCESSFUL,PRIME_TARGETED_FIXED,/Date(1753892252544)/,60886.678848877316,-29.3500768,24.4200044,t,ImageModel,f,/Date(1753899142027)/,60886.75858826389,NIRCam Observations,0.0,2025211T222909030_001_osf.xml,1,,FULLBOX,t,CALCULATED_TRACK_TR_202111,10.3,115.5024269442834,-47.47403748664239,201.6918377480377,f,Stellar Cluster,Globular star clusters,GSC32,0.15159265900814087,1.1621003439555335,322.103,POLYGON ICRS 201.706496 -47.494740 201.729100 -47.462802 201.681091 -47.446891 201.658299 -47.479715,2.0.1,RELEASE,jwst_1535.pmap,13.1.13,,,,,,,,,117573120,848142636009d6d42a2e2cf0e4d6d8e7,/Date(1784220865891)/,61237.70446631945,/Date(1784221119149)/,61237.707397569444,68,/Date(1785466594000)/,61252.122615740744,False,False,False,6471854,"GO-8322 Haeberle, Maximilian",F444W-CLEAR,NIRCAM-F444W,4,1,4,LONG,0,0,0,0,0,0,NULL,NULL,NULL,0,0,0,0,0,0,A,f,CLEAR,IMAGING,4,,,,,POLYGON ICRS  201.658277846 -47.479750489 201.706510063 -47.494731593 201.729024886 -47.462767901 201.681002817 -47.446910852,201.6936647824344,-47.47098642989063,JWST,IR,JWST,CAOM,F444W,NGC 5139,"Haeberle, Maximilian",8322,NIRCAM,POLYGON ICRS 201.706496 -47.494740 201.729100 -47.462802 201.681091 -47.446891 201.658299 -47.479715,60886.758588275465,60886.763434733795,407.997,Astrometric monitoring of the fast stars around the intermediate-mass black hole in Omega Centauri,61252.122615740744,GO,NC.F444W,2026-07-31 02:56:34.000,2025-07-30 18:12:22.027,mast:JWST/product/jw08322001001_04101_00001_nrcalong_rate.fits,mast:JWST/product/jw08322001001_04101_00001_nrcalong_rate.fits
243504225,jw08322001001_04101_00001_nrcblong_cal.fits,jw08322001001_04101_00001,2b,01,NRCB5_FULL,jw08322_20260716t123734_pool.csv,jw08322-o001_20260716t123734_image2_00035_asn.json,90.91878365725279,60886.7644866433,f,60886.76206360974,60886.7596405762,GO,,29,f,/Date(1784219893700)/,61237.69321412037,/Date(1753899560761)/,60886.76343472222,/Date(1753899142027)/,60886.75858826389,NRCBLONG,0,0,418.734,407.997,203.999,OK,NRC_IMAGE,9,60886.763434733795,60886.76101150463,1,PRIME,60886.758588275465,1,4,S99R178887,1,-47.48760326313412,12.73186683654785,1,201.5809282482116,/Date(1753895801725)/,60886.719927384256,/Date(1753895442301)/,60886.715767361115,0.0447615422,0.02349847368896008,0.03629077,88.23022325523198,60886.764455525816,f,60886.76203249221,60886.759609458604,NIRCAM,f,,-0.00672999990456446,/Date(946684800000)/,51544,-0.00324,16,4,4,2,1,0,1,4,60889.08387256944,V08322001001P0000000004101,1,,STSCI,FINEGUIDE,"Haeberle, Maximilian",NRCAS_FULL,PRDOPSSOC-073,8322,-47.479569444444444,201.6968333333333,60885.07608600694,SHALLOW4,490,Supermassive Black Holes and Active Galaxies,2026_1b,1,-2,FULL,,2048,2048,1,1,-47.479617263123224,201.69679927093387,NGC 5139,f,NGC-5139,FIXED,0.1,0.1,JWST,NIRCam Imaging,10.73677,53.684,UTC,Astrometric monitoring of the fast stars around the intermediate-mass black hole in Omega Centauri,10,f,1,08322001001,/Date(1753901410167)/,60886.78483988426,04,SUCCESSFUL,PRIME_TARGETED_FIXED,/Date(1753892252544)/,60886.678848877316,-29.3500768,24.4200044,t,ImageModel,f,/Date(1753899142027)/,60886.75858826389,NIRCam Observations,0.0,2025211T222909030_001_osf.xml,1,,FULLBOX,t,CALCULATED_TRACK_TR_202111,10.3,115.5024269442834,-47.43029777485011,201.7235382849023,f,Stellar Cluster,Globular star clusters,GSC32,0.17001602051199644,1.4093242387842901,322.103,POLYGON ICRS 201.738405 -47.451123 201.760895 -47.419090 201.713207 -47.403222 201.689801 -47.435921,2.0.1,RELEASE,jwst_1535.pmap,13.1.13,,,,,,,,,117573120,b07f4228c651c8efecbdd16c6b054e96,/Date(1784220437073)/,61237.699503159725,/Date(1784220568259)/,61237.70102152778,68,/Date(1785466571000)/,61252.122349537036,False,False,False,6471854,"GO-8322 Haeberle, Maximilian",F444W-CLEAR,NIRCAM-F444W,4,1,4,LONG,0,0,0,0,0,0,NULL,NULL,NULL,0,0,0,0,0,0,B,f,CLEAR,IMAGING,4,,,,,POLYGON ICRS  201.689666248 -47.435932134 201.738272851 -47.451077606 201.760639744 -47.419014881 201.712969195 -47.403211213,201.72546564945156,-47.42732793282717,JWST,IR,JWST,CAOM,F444W,NGC 5139,"Haeberle, Maximilian",8322,NIRCAM,POLYGON ICRS 201.738405 -47.451123 201.760895 -47.419090 201.713207 -47.403222 201.689801 -47.435921,60886.758588275465,60886.763434733795,407.997,Astrometric monitoring of the fast stars around the intermediate-mass black hole in Omega Centauri,61252.122349537036,GO,NC.F444W,2026-07-31 02:56:11.000,2025-07-30 18:12:22.027,mast:JWST/product/jw08322001001_04101_00001_nrcblong_rate.fits,mast:JWST/product/jw08322001001_04101_00001_nrcblong_rate.fits
243506840,jw08322001001_04101_00001_nrca1_cal.fits,jw08322001001_04101_00001,2b,01,NRCA1_FULL,jw08322_20260716t123734_pool.csv,jw08322-o001_20260716t123734_image2_00044_asn.json,90.91878365725279,60886.7644866433,f,60886.76206360974,60886.7596405762,GO,,29,f,/Date(1784220561140)/,61237.70093912037,/Date(1753899560761)/,60886.76343472222,/Date(1753899142027)/,60886.75858826389,NRCA1,0,0,418.734,407.997,203.999,OK,NRC_IMAGE,9,60886.763434733795,60886.76101150463,1,PRIME,60886.758588275465,-1,4,S99R178887,1,-47.48760326313412,12.73186683654785,1,201.5809282482116,/Date(1753895801725)/,60886.719927384256,/Date(1753895442301)/,60886.715767361115,0.0447615422,0.02349847368896008,0.03629077,88.23022325523198,60886.764455525816,f,60886.76203249221,60886.759609458604,NIRCAM,f,,-0.00672999990456446,/Date(946684800000)/,51544,-0.00324,16,4,4,2,1,0,1,4,60889.08387256944,V08322001001P0000000004101,1,,STSCI,FINEGUIDE,"Haeberle, Maximilian",NRCAS_FULL,PRDOPSSOC-073,8322,-47.479569444444444,201.6968333333333,60885.07608600694,SHALLOW4,481,Supermassive Black Holes and Active Galaxies,2026_1b,1,2,FULL,,2048,2048,1,1,-47.479617263123224,201.69679927093387,NGC 5139,f,NGC-5139,FIXED,0.1,0.1,JWST,NIRCam Imaging,10.73677,53.684,UTC,Astrometric monitoring of the fast stars around the intermediate-mass black hole in Omega Centauri,10,f,1,08322001001,/Date(1753901410167)/,60886.78483988426,04,SUCCESSFUL,PRIME_TARGETED_FIXED,/Date(1753892252544)/,60886.678848877316,-29.3500768,24.4200044,t,ImageModel,f,/Date(1753899142027)/,60886.75858826389,NIRCam Observations,0.0,2025211T222909030_001_osf.xml,1,,FULLBOX,t,CALCULATED_TRACK_TR_202111,10.3,115.5024269442834,-47.478675552913785,201.67310262146233,f,Stellar Cluster,Globular star clusters,GSC32,0.06548620486014901,0.34863010318666005,322.103,POLYGON ICRS 201.681317 -47.487431 201.692353 -47.471487 201.668480 -47.463847 201.657347 -47.480032,2.0.1,RELEASE,jwst_1535.pmap,13.1.13,,,,,,,,,117570240,3d28e1b4f82b8a2cbcd66ce158c07293,/Date(1784220877872)/,61237.704605011575,/Date(1784221130384)/,61237.70752758102,68,/Date(1785466616000)/,61252.12287037037,False,False,False,6471854,"GO-8322 Haeberle, Maximilian",F200W-CLEAR,NIRCAM-F200W,4,1,4,SHORT,0,0,0,0,0,0,NULL,NULL,NULL,0,0,0,0,0,0,A,f,CLEAR,IMAGING,4,,,,,POLYGON ICRS  201.657391538 -47.480050087 201.681377182 -47.487431045 201.692380966 -47.471478042 201.668498320 -47.463858324,201.674848763825,-47.47568736101759,JWST,IR,JWST,CAOM,F200W,NGC 5139,"Haeberle, Maximilian",8322,NIRCAM,POLYGON ICRS 201.681317 -47.487431 201.692353 -47.471487 201.668480 -47.463847 201.657347 -47.480032,60886.758588275465,60886.763434733795,407.997,Astrometric monitoring of the fast stars around the intermediate-mass black hole in Omega Centauri,61252.12287037037,GO,NC.F200W,2026-07-31 02:56:56.000,2025-07-30 18:12:22.027,mast:JWST/product/jw08322001001_04101_00001_nrca1_rate.fits,mast:JWST/product/jw08322001001_04101_00001_nrca1_rate.fits
243506590,jw08322001001_04101_00001_nrcb1_cal.fits,jw08322001001_04101_00001,2b,01,NRCB1_FULL,jw08322_20260716t123734_pool.csv,jw08322-o001_20260716t123734_image2_00039_asn.json,90.91878365725279,60886.7644866433,f,60886.76206360974,60886.7596405762,GO,,29,f,/Date(1784220424448)/,61237.69935701389,/Date(1753899560761)/,60886.76343472222,/Date(1753899142027)/,60886.75858826389,NRCB1,0,0,418.734,407.997,203.999,OK,NRC_IMAGE,9,60886.763434733795,60886.76101150463,1,PRIME,60886.758588275465,1,4,S99R178887,1,-47.48760326313412,12.73186683654785,1,201.5809282482116,/Date(1753895801725)/,60886.719927384256,/Date(1753895442301)/,60886.715767361115,0.0447615422,0.02349847368896008,0.03629077,88.23022325523198,60886.764455525816,f,60886.76203249221,60886.759609458604,NIRCAM,f,,-0.00672999990456446,/Date(946684800000)/,51544,-0.00324,16,4,4,2,1,0,1,4,60889.08387256944,V08322001001P0000000004101,1,,STSCI,FINEGUIDE,"Haeberle, Maximilian",NRCAS_FULL,PRDOPSSOC-073,8322,-47.479569444444444,201.6968333333333,60885.07608600694,SHALLOW4,486,Supermassive Black Holes and Active Galaxies,2026_1b,1,-2,FULL,,2048,2048,1,1,-47.479617263123224,201.69679927093387,NGC 5139,f,NGC-5139,FIXED,0.1,0.1,JWST,NIRCam Imaging,10.73677,53.684,UTC,Astrometric monitoring of the fast stars around the intermediate-mass black hole in Omega Centauri,10,f,1,08322001001,/Date(1753901410167)/,60886.78483988426,04,SUCCESSFUL,PRIME_TARGETED_FIXED,/Date(1753892252544)/,60886.678848877316,-29.3500768,24.4200044,t,ImageModel,f,/Date(1753899142027)/,60886.75858826389,NIRCam Observations,0.0,2025211T222909030_001_osf.xml,1,,FULLBOX,t,CALCULATED_TRACK_TR_202111,10.3,115.5024269442834,-47.42601817991101,201.74183749838704,f,Stellar Cluster,Globular star clusters,GSC32,0.052891109667316305,0.42190904207302804,322.103,POLYGON ICRS 201.750117 -47.434714 201.761334 -47.419072 201.738079 -47.411353 201.726687 -47.427149,2.0.1,RELEASE,jwst_1535.pmap,13.1.13,,,,,,,,,117573120,4d65465a74013e55b5c1ce4e5cddd0d5,/Date(1784220854301)/,61237.70433217593,/Date(1784221063158)/,61237.70674949074,68,/Date(1785466595000)/,61252.12262731481,False,False,False,6471854,"GO-8322 Haeberle, Maximilian",F200W-CLEAR,NIRCAM-F200W,4,1,4,SHORT,0,0,0,0,0,0,NULL,NULL,NULL,0,0,0,0,0,0,B,f,CLEAR,IMAGING,4,,,,,POLYGON ICRS  201.726438784 -47.427134017 201.749868188 -47.434667007 201.761020915 -47.419009919 201.737772388 -47.411325248,201.74403098698744,-47.423067989506606,JWST,IR,JWST,CAOM,F200W,NGC 5139,"Haeberle, Maximilian",8322,NIRCAM,POLYGON ICRS 201.750117 -47.434714 201.761334 -47.419072 201.738079 -47.411353 201.726687 -47.427149,60886.758588275465,60886.763434733795,407.997,Astrometric monitoring of the fast stars around the intermediate-mass black hole in Omega Centauri,61252.12262731481,GO,NC.F200W,2026-07-31 02:56:35.000,2025-07-30 18:12:22.027,mast:JWST/product/jw08322001001_04101_00001_nrcb1_rate.fits,mast:JWST/product/jw08322001001_04101_00001_nrcb1_rate.fits
239902670,jw05552014001_03201_00001_nrcblong_cal.fits,jw05552014001_03201_00001,2b,01,NRCB5_FULL,jw05552_20260707t071659_pool.csv,jw05552-o014_20260707t071659_image2_00051_asn.json,87.59008704219013,60887.232991052864,f,60887.21658855935,60887.20018606582,GO,,28,f,/Date(1783414831306)/,61228.37536233796,/Date(1753940042993)/,60887.23197908565,/Date(1753937208486)/,60887.199172291665,NRCBLONG,0,0,2834.507,2791.56,558.312,OK,NRC_IMAGE,6,60887.23197908565,60887.21557568866,1,PARALLEL_COORDINATED,60887.199172291665,1,2,S7K2037464,8,-65.04491167621426,12.53393363952637,1,180.4855912957514,/Date(1753934767863)/,60887.17092434028,/Date(1753934438135)/,60887.16710805555,0.0395703726,0.01524481736123562,0.0365791954,85.78727922867984,60887.232970187506,f,60887.21656769376,60887.20016519999,NIRCAM,f,,0.0,,,0.0,19,2,6,5,1,0,1,1,60889.08387256944,V05552014001P0555201403201,14,BHR71-p01-20x20r01-cnt15827-noweights,STSCI,FINEGUIDE,"Jorgensen, Jes K.",NRCALL_FULL,PRDOPSSOC-073,5552,-65.14772777777779,180.39991416666666,60885.07608600694,MEDIUM2,490,Stellar Populations and the Interstellar Medium,2026_1b,2,-2,FULL,,2048,2048,1,1,-65.14772777777779,180.3999141666667,,f,BHR71_MSAcat_13Jun2025,FIXED,0.1,0.1,JWST,NIRSpec MultiObject Spectroscopy,10.73677,107.368,UTC,Mapping the distribution of ices in the host environments of protostellar hot corinos,10,f,1,05552014001,/Date(1753950413543)/,60887.35200859954,03,SUCCESSFUL,PRIME_TARGETED_FIXED,/Date(1753932753657)/,60887.14761175926,-371.5447668,3.8316503,t,ImageModel,f,/Date(1753937208486)/,60887.199172291665,NIRSpec MOS,0.0,2025212T145159586_001_osf.xml,1,,NONE,t,CALCULATED_TRACK_TR_202111,10.3,137.2062843745298,-65.06395697797674,180.61329370555347,f,,,GSC32,0.07438975877692915,0.3989927193667457,2684.192,POLYGON ICRS 180.619730 -65.085953 180.681519 -65.061812 180.624230 -65.035150 180.560488 -65.059680,2.0.1,RELEASE,jwst_1535.pmap,13.1.13,,,,,,,,,117573120,2664a3b0556e4b81d158b72a18d925b8,/Date(1783415273778)/,61228.38048351852,/Date(1783415461934)/,61228.382661261574,68,/Date(1785521982000)/,61252.76368055555,False,False,False,6472347,"GO-5552 Jorgensen, Jes K.",F444W-F470N,NIRCAM-F444W-F470N,,,4,LONG,0,0,0,0,0,0,NULL,NULL,NULL,0,0,0,0,0,0,B,f,F470N,,,,,,,POLYGON ICRS  180.559799997 -65.059575643 180.619013430 -65.085813273 180.680490497 -65.061592612 180.623220502 -65.034988245,180.6213352409175,-65.06061070948189,JWST,IR,JWST,CAOM,F444W,,"Jorgensen, Jes K.",5552,NIRCAM,POLYGON ICRS 180.619730 -65.085953 180.681519 -65.061812 180.624230 -65.035150 180.560488 -65.059680,60887.199172291665,60887.23197908565,2791.56,Mapping the distribution of ices in the host environments of protostellar hot corinos,61252.76368055555,GO,NC.F444W.F470N,2026-07-31 18:19:42.000,2025-07-31 04:46:48.486,mast:JWST/product/jw05552014001_03201_00001_nrcblong_rate.fits,mast:JWST/product/jw05552014001_03201_00001_nrcblong_rate.fits
239901852,jw05552014001_03201_00001_nrcb1_cal.fits,jw05552014001_03201_00001,2b,01,NRCB1_FULL,jw05552_20260707t071659_pool.csv,jw05552-o014_20260707t071659_image2_00055_asn.json,87.59008704219013,60887.232991052864,f,60887.21658855935,60887.20018606582,GO,,28,f,/Date(1783414685971)/,61228.37368020834,/Date(1753940042993)/,60887.23197908565,/Date(1753937208486)/,60887.199172291665,NRCB1,0,0,2834.507,2791.56,558.312,OK,NRC_IMAGE,6,60887.23197908565,60887.21557568866,1,PARALLEL_COORDINATED,60887.199172291665,1,2,S7K2037464,8,-65.04491167621426,12.53393363952637,1,180.4855912957514,/Date(1753934767863)/,60887.17092434028,/Date(1753934438135)/,60887.16710805555,0.0395703726,0.01524481736123562,0.0365791954,85.78727922867984,60887.232970187506,f,60887.21656769376,60887.20016519999,NIRCAM,f,,0.0,,,0.0,19,2,6,5,1,0,1,1,60889.08387256944,V05552014001P0555201403201,14,BHR71-p01-20x20r01-cnt15827-noweights,STSCI,FINEGUIDE,"Jorgensen, Jes K.",NRCALL_FULL,PRDOPSSOC-073,5552,-65.14772777777779,180.39991416666666,60885.07608600694,MEDIUM2,486,Stellar Populations and the Interstellar Medium,2026_1b,2,-2,FULL,,2048,2048,1,1,-65.14772777777779,180.3999141666667,,f,BHR71_MSAcat_13Jun2025,FIXED,0.1,0.1,JWST,NIRSpec MultiObject Spectroscopy,10.73677,107.368,UTC,Mapping the distribution of ices in the host environments of protostellar hot corinos,10,f,1,05552014001,/Date(1753950413543)/,60887.35200859954,03,SUCCESSFUL,PRIME_TARGETED_FIXED,/Date(1753932753657)/,60887.14761175926,-371.5447668,3.8316503,t,ImageModel,f,/Date(1753937208486)/,60887.199172291665,NIRSpec MOS,0.0,2025212T145159586_001_osf.xml,1,,NONE,t,CALCULATED_TRACK_TR_202111,10.3,137.2062843745298,-65.06455275855376,180.64432924363157,f,,,GSC32,0.03681702653267959,0.36621704851938836,2684.192,POLYGON ICRS 180.652470 -65.074049 180.682993 -65.062320 180.655040 -65.049336 180.624120 -65.061164,2.0.1,RELEASE,jwst_1535.pmap,13.1.13,,,,,,,,,117573120,da380bdfd9b58586a84d1bc4139bbec5,/Date(1783415075661)/,61228.37819050926,/Date(1783415220526)/,61228.37986719907,68,/Date(1785522003000)/,61252.76392361111,False,False,False,6472347,"GO-5552 Jorgensen, Jes K.",F212N-CLEAR,NIRCAM-F212N,,,4,SHORT,0,0,0,0,0,0,NULL,NULL,NULL,0,0,0,0,0,0,B,f,CLEAR,,,,,,,POLYGON ICRS  180.622380664 -65.060563585 180.650718300 -65.073417740 180.681063217 -65.061650957 180.653119692 -65.048704036,180.65362451390348,-65.06170773705671,JWST,IR,JWST,CAOM,F212N,,"Jorgensen, Jes K.",5552,NIRCAM,POLYGON ICRS 180.652470 -65.074049 180.682993 -65.062320 180.655040 -65.049336 180.624120 -65.061164,60887.199172291665,60887.23197908565,2791.56,Mapping the distribution of ices in the host environments of protostellar hot corinos,61252.76392361111,GO,NC.F212N,2026-07-31 18:20:03.000,2025-07-31 04:46:48.486,mast:JWST/product/jw05552014001_03201_00001_nrcb1_rate.fits,mast:JWST/product/jw05552014001_03201_00001_nrcb1_rate.fits
239901905,jw05552014001_03201_00001_nrcalong_cal.fits,jw05552014001_03201_00001,2b,01,NRCA5_FULL,jw05552_20260707t071659_pool.csv,jw05552-o014_20260707t071659_image2_00056_asn.json,87.59008327033371,60887.23299179357,f,60887.21658930006,60887.20018680652,GO,,28,f,/Date(1783414686155)/,61228.37368236111,/Date(1753940043057)/,60887.23197981482,/Date(1753937208550)/,60887.19917303241,NRCALONG,0,0,2834.507,2791.56,558.312,OK,NRC_IMAGE,6,60887.23197982639,60887.2155764294,1,PARALLEL_COORDINATED,60887.19917303241,-1,2,S7K2037464,8,-65.04491167621426,12.53393363952637,1,180.4855912957514,/Date(1753934767863)/,60887.17092434028,/Date(1753934438135)/,60887.16710805555,0.0395703726,0.01524481736123562,0.0365791954,85.78727608546615,60887.232970928206,f,60887.21656843446,60887.200165940696,NIRCAM,f,,0.0,,,0.0,19,2,6,5,1,0,1,1,60889.08387256944,V05552014001P0555201403201,14,BHR71-p01-20x20r01-cnt15827-noweights,STSCI,FINEGUIDE,"Jorgensen, Jes K.",NRCALL_FULL,PRDOPSSOC-073,5552,-65.14772777777779,180.39991416666666,60885.07608600694,MEDIUM2,485,Stellar Populations and the Interstellar Medium,2026_1b,2,2,FULL,,2048,2048,1,1,-65.14772777777779,180.3999141666667,,f,BHR71_MSAcat_13Jun2025,FIXED,0.1,0.1,JWST,NIRSpec MultiObject Spectroscopy,10.73677,107.368,UTC,Mapping the distribution of ices in the host environments of protostellar hot corinos,10,f,1,05552014001,/Date(1753950413543)/,60887.35200859954,03,SUCCESSFUL,PRIME_TARGETED_FIXED,/Date(1753932753657)/,60887.14761175926,-371.5447668,3.8316503,t,ImageModel,f,/Date(1753937208550)/,60887.19917303241,NIRSpec MOS,0.0,2025212T145159586_001_osf.xml,1,,NONE,t,CALCULATED_TRACK_TR_202111,10.3,137.2062843745298,-65.09666293712539,180.5276274670007,f,,,GSC32,0.07876420054809853,0.40396680491539616,2684.192,POLYGON ICRS 180.533458 -65.118391 180.595333 -65.094367 180.537604 -65.067585 180.474668 -65.092385,2.0.1,RELEASE,jwst_1535.pmap,13.1.13,,,,,,,,,117573120,a95d77aabf001a5a79c84701c2738f9b,/Date(1783415092204)/,61228.378381979164,/Date(1783415254358)/,61228.38025875,68,/Date(1785522007000)/,61252.763969907406,False,False,False,6472347,"GO-5552 Jorgensen, Jes K.",F444W-F470N,NIRCAM-F444W-F470N,,,4,LONG,0,0,0,0,0,0,NULL,NULL,NULL,0,0,0,0,0,0,A,f,F470N,,,,,,,POLYGON ICRS  180.474581753 -65.092347181 180.533332841 -65.118353109 180.595049990 -65.094281257 180.537349605 -65.067522775,180.5351881101032,-65.0931146057478,JWST,IR,JWST,CAOM,F444W,,"Jorgensen, Jes K.",5552,NIRCAM,POLYGON ICRS 180.533458 -65.118391 180.595333 -65.094367 180.537604 -65.067585 180.474668 -65.092385,60887.19917303241,60887.23197982639,2791.56,Mapping the distribution of ices in the host environments of protostellar hot corinos,61252.763969907406,GO,NC.F444W.F470N,2026-07-31 18:20:07.000,2025-07-31 04:46:48.550,mast:JWST/product/jw05552014001_03201_00001_nrcalong_rate.fits,mast:JWST/product/jw05552014001_03201_00001_nrcalong_rate.fits
239902882,jw05552014001_03201_00001_nrca1_cal.fits,jw05552014001_03201_00001,2b,01,NRCA1_FULL,jw05552_20260707t071659_pool.csv,jw05552-o014_20260707t071659_image2_00060_asn.json,87.59008327033371,60887.23299179357,f,60887.21658930006,60887.20018680652,GO,,28,f,/Date(1783414893747)/,61228.37608502315,/Date(1753940043057)/,60887.23197981482,/Date(1753937208550)/,60887.19917303241,NRCA1,0,0,2834.507,2791.56,558.312,OK,NRC_IMAGE,6,60887.23197982639,60887.2155764294,1,PARALLEL_COORDINATED,60887.19917303241,-1,2,S7K2037464,8,-65.04491167621426,12.53393363952637,1,180.4855912957514,/Date(1753934767863)/,60887.17092434028,/Date(1753934438135)/,60887.16710805555,0.0395703726,0.01524481736123562,0.0365791954,85.78727608546615,60887.232970928206,f,60887.21656843446,60887.200165940696,NIRCAM,f,,0.0,,,0.0,19,2,6,5,1,0,1,1,60889.08387256944,V05552014001P0555201403201,14,BHR71-p01-20x20r01-cnt15827-noweights,STSCI,FINEGUIDE,"Jorgensen, Jes K.",NRCALL_FULL,PRDOPSSOC-073,5552,-65.14772777777779,180.39991416666666,60885.07608600694,MEDIUM2,481,Stellar Populations and the Interstellar Medium,2026_1b,2,2,FULL,,2048,2048,1,1,-65.14772777777779,180.3999141666667,,f,BHR71_MSAcat_13Jun2025,FIXED,0.1,0.1,JWST,NIRSpec MultiObject Spectroscopy,10.73677,107.368,UTC,Mapping the distribution of ices in the host environments of protostellar hot corinos,10,f,1,05552014001,/Date(1753950413543)/,60887.35200859954,03,SUCCESSFUL,PRIME_TARGETED_FIXED,/Date(1753932753657)/,60887.14761175926,-371.5447668,3.8316503,t,ImageModel,f,/Date(1753937208550)/,60887.19917303241,NIRSpec MOS,0.0,2025212T145159586_001_osf.xml,1,,NONE,t,CALCULATED_TRACK_TR_202111,10.3,137.2062843745298,-65.0962793305544,180.495615827654,f,,,GSC32,0.03757521928702388,0.36550646486958116,2684.192,POLYGON ICRS 180.501037 -65.104683 180.531555 -65.092628 180.502609 -65.079562 180.471734 -65.091817,2.0.1,RELEASE,jwst_1535.pmap,13.1.13,,,,,,,,,117573120,dfe68944c741e68b905ba1cea0727b24,/Date(1783415347659)/,61228.381338657404,/Date(1783415505051)/,61228.383160300924,68,/Date(1785522027000)/,61252.76420138889,False,False,False,6472347,"GO-5552 Jorgensen, Jes K.",F212N-CLEAR,NIRCAM-F212N,,,4,SHORT,0,0,0,0,0,0,NULL,NULL,NULL,0,0,0,0,0,0,A,f,CLEAR,,,,,,,POLYGON ICRS  180.473125956 -65.092459717 180.502379064 -65.105322327 180.532819402 -65.093259782 180.503921139 -65.080203790,180.5017061345711,-65.09215505562379,JWST,IR,JWST,CAOM,F212N,,"Jorgensen, Jes K.",5552,NIRCAM,POLYGON ICRS 180.501037 -65.104683 180.531555 -65.092628 180.502609 -65.079562 180.471734 -65.091817,60887.19917303241,60887.23197982639,2791.56,Mapping the distribution of ices in the host environments of protostellar hot corinos,61252.76420138889,GO,NC.F212N,2026-07-31 18:20:27.000,2025-07-31 04:46:48.550,mast:JWST/product/jw05552014001_03201_00001_nrca1_rate.fits,mast:JWST/product/jw05552014001_03201_00001_nrca1_rate.fits
239899285,jw05552014001_05201_00001_nrcblong_cal.fits,jw05552014001_05201_00001,2b,01,NRCB5_FULL,jw05552_20260707t071659_pool.csv,jw05552-o014_20260707t071659_image2_00021_asn.json,87.00401787646115,60887.32979007249,f,60887.32655927825,60887.323328484,GO,,28,f,/Date(1783414152442)/,61228.36750512732,/Date(1753948406889)/,60887.32878344908,/Date(1753947848577)/,60887.32232148148,NRCBLONG,0,0,558.312,558.312,558.312,OK,NRC_IMAGE,12,60887.3287834375,60887.32555246528,1,PARALLEL_COORDINATED,60887.322321493055,1,2,S7K2037464,8,-65.04491167621426,12.53393363952637,1,180.4855912957514,/Date(1753934767863)/,60887.17092434028,/Date(1753934438135)/,60887.16710805555,0.0395703726,0.01524481736123562,0.0365791954,85.2013603085652,60887.32976920849,f,60887.3265384142,60887.32330761991,NIRCAM,f,,0.0,,,0.0,19,2,6,1,1,0,1,1,60889.08387256944,V05552014001P0555201405201,14,BHR71-p01-20x20r01-cnt15827-noweights,STSCI,FINEGUIDE,"Jorgensen, Jes K.",NRCALL_FULL,PRDOPSSOC-073,5552,-65.14772777777779,180.39991416666666,60885.07608600694,MEDIUM2,490,Stellar Populations and the Interstellar Medium,2026_1b,2,-2,FULL,,2048,2048,1,1,-65.14772777777779,180.3999141666667,,f,BHR71_MSAcat_13Jun2025,FIXED,0.1,0.1,JWST,NIRSpec MultiObject Spectroscopy,10.73677,107.368,UTC,Mapping the distribution of ices in the host environments of protostellar hot corinos,10,f,1,05552014001,/Date(1753950413543)/,60887.35200859954,05,SUCCESSFUL,PRIME_TARGETED_FIXED,/Date(1753932753657)/,60887.14761175926,-371.5447668,3.8316503,t,ImageModel,f,/Date(1753947848577)/,60887.32232148148,NIRSpec MOS,0.0,2025212T152030481_001_osf.xml,1,,NONE,t,CALCULATED_TRACK_TR_202111,10.3,137.2062843745298,-65.06395004615406,180.61327532836833,f,,,GSC32,0.07654984424938684,0.41835612382399207,536.838,POLYGON ICRS 180.619730 -65.085953 180.681519 -65.061812 180.624230 -65.035150 180.560488 -65.059680,2.0.1,RELEASE,jwst_1535.pmap,13.1.13,,,,,,,,,117573120,631819f330c58fe1429a3b2d82fb019a,/Date(1783414463838)/,61228.37110921296,/Date(1783414614437)/,61228.37285226852,68,/Date(1785521854000)/,61252.76219907407,False,False,False,6472668,"GO-5552 Jorgensen, Jes K.",F322W2-F323N,NIRCAM-F322W2-F323N,,,4,LONG,0,0,0,0,0,0,NULL,NULL,NULL,0,0,0,0,0,0,B,f,F323N,,,,,,,POLYGON ICRS  180.559854842 -65.059555386 180.619067452 -65.085793583 180.680544759 -65.061571400 180.623276426 -65.034966431,180.6213352409175,-65.06061070948189,JWST,IR,JWST,CAOM,F322W2,,"Jorgensen, Jes K.",5552,NIRCAM,POLYGON ICRS 180.619730 -65.085953 180.681519 -65.061812 180.624230 -65.035150 180.560488 -65.059680,60887.322321493055,60887.3287834375,558.312,Mapping the distribution of ices in the host environments of protostellar hot corinos,61252.76219907407,GO,NC.F322W2.F323N,2026-07-31 18:17:34.000,2025-07-31 07:44:08.577,mast:JWST/product/jw05552014001_05201_00001_nrcblong_rate.fits,mast:JWST/product/jw05552014001_05201_00001_nrcblong_rate.fits
239898766,jw05552014001_05201_00001_nrcb1_cal.fits,jw05552014001_05201_00001,2b,01,NRCB1_FULL,jw05552_20260707t071659_pool.csv,jw05552-o014_20260707t071659_image2_00025_asn.json,87.00401787646115,60887.32979007249,f,60887.32655927825,60887.323328484,GO,,28,f,/Date(1783414168332)/,61228.367689039354,/Date(1753948406889)/,60887.32878344908,/Date(1753947848577)/,60887.32232148148,NRCB1,0,0,558.312,558.312,558.312,OK,NRC_IMAGE,12,60887.3287834375,60887.32555246528,1,PARALLEL_COORDINATED,60887.322321493055,1,2,S7K2037464,8,-65.04491167621426,12.53393363952637,1,180.4855912957514,/Date(1753934767863)/,60887.17092434028,/Date(1753934438135)/,60887.16710805555,0.0395703726,0.01524481736123562,0.0365791954,85.2013603085652,60887.32976920849,f,60887.3265384142,60887.32330761991,NIRCAM,f,,0.0,,,0.0,19,2,6,1,1,0,1,1,60889.08387256944,V05552014001P0555201405201,14,BHR71-p01-20x20r01-cnt15827-noweights,STSCI,FINEGUIDE,"Jorgensen, Jes K.",NRCALL_FULL,PRDOPSSOC-073,5552,-65.14772777777779,180.39991416666666,60885.07608600694,MEDIUM2,486,Stellar Populations and the Interstellar Medium,2026_1b,2,-2,FULL,,2048,2048,1,1,-65.14772777777779,180.3999141666667,,f,BHR71_MSAcat_13Jun2025,FIXED,0.1,0.1,JWST,NIRSpec MultiObject Spectroscopy,10.73677,107.368,UTC,Mapping the distribution of ices in the host environments of protostellar hot corinos,10,f,1,05552014001,/Date(1753950413543)/,60887.35200859954,05,SUCCESSFUL,PRIME_TARGETED_FIXED,/Date(1753932753657)/,60887.14761175926,-371.5447668,3.8316503,t,ImageModel,f,/Date(1753947848577)/,60887.32232148148,NIRSpec MOS,0.0,2025212T152030481_001_osf.xml,1,,NONE,t,CALCULATED_TRACK_TR_202111,10.3,137.2062843745298,-65.06454584416278,180.64431085673206,f,,,GSC32,0.037340282567806374,0.3619535466205452,536.838,POLYGON ICRS 180.652470 -65.074049 180.682993 -65.062320 180.655040 -65.049336 180.624120 -65.061164,2.0.1,RELEASE,jwst_1535.pmap,13.1.13,,,,,,,,,117573120,a3a38ea410fe447ff335c3638a6ca04b,/Date(1783414313800)/,61228.369372685185,/Date(1783414492510)/,61228.37144108796,68,/Date(1785521878000)/,61252.76247685185,False,False,False,6472668,"GO-5552 Jorgensen, Jes K.",F187N-CLEAR,NIRCAM-F187N,,,4,SHORT,0,0,0,0,0,0,NULL,NULL,NULL,0,0,0,0,0,0,B,f,CLEAR,,,,,,,POLYGON ICRS  180.622378540 -65.060563181 180.650717382 -65.073417409 180.681062833 -65.061650359 180.653118204 -65.048703018,180.65362451390348,-65.06170773705671,JWST,IR,JWST,CAOM,F187N,,"Jorgensen, Jes K.",5552,NIRCAM,POLYGON ICRS 180.652470 -65.074049 180.682993 -65.062320 180.655040 -65.049336 180.624120 -65.061164,60887.322321493055,60887.3287834375,558.312,Mapping the distribution of ices in the host environments of protostellar hot corinos,61252.76247685185,GO,NC.F187N,2026-07-31 18:17:58.000,2025-07-31 07:44:08.577,mast:JWST/product/jw05552014001_05201_00001_nrcb1_rate.fits,mast:JWST/product/jw05552014001_05201_00001_nrcb1_rate.fits
239899810,jw05552014001_05201_00001_nrcalong_cal.fits,jw05552014001_05201_00001,2b,01,NRCA5_FULL,jw05552_20260707t071659_pool.csv,jw05552-o014_20260707t071659_image2_00026_asn.json,87.00401096139103,60887.329791553886,f,60887.32656075965,60887.3233299654,GO,,28,f,/Date(1783414179638)/,61228.36781986111,/Date(1753948407017)/,60887.328784907404,/Date(1753947848705)/,60887.32232298611,NRCALONG,0,0,558.312,558.312,558.312,OK,NRC_IMAGE,12,60887.32878491898,60887.32555394676,1,PARALLEL_COORDINATED,60887.322322974534,-1,2,S7K2037464,8,-65.04491167621426,12.53393363952637,1,180.4855912957514,/Date(1753934767863)/,60887.17092434028,/Date(1753934438135)/,60887.16710805555,0.0395703726,0.01524481736123562,0.0365791954,85.20135339349508,60887.32977068989,f,60887.3265398956,60887.32330910131,NIRCAM,f,,0.0,,,0.0,19,2,6,1,1,0,1,1,60889.08387256944,V05552014001P0555201405201,14,BHR71-p01-20x20r01-cnt15827-noweights,STSCI,FINEGUIDE,"Jorgensen, Jes K.",NRCALL_FULL,PRDOPSSOC-073,5552,-65.14772777777779,180.39991416666666,60885.07608600694,MEDIUM2,485,Stellar Populations and the Interstellar Medium,2026_1b,2,2,FULL,,2048,2048,1,1,-65.14772777777779,180.3999141666667,,f,BHR71_MSAcat_13Jun2025,FIXED,0.1,0.1,JWST,NIRSpec MultiObject Spectroscopy,10.73677,107.368,UTC,Mapping the distribution of ices in the host environments of protostellar hot corinos,10,f,1,05552014001,/Date(1753950413543)/,60887.35200859954,05,SUCCESSFUL,PRIME_TARGETED_FIXED,/Date(1753932753657)/,60887.14761175926,-371.5447668,3.8316503,t,ImageModel,f,/Date(1753947848705)/,60887.32232298611,NIRSpec MOS,0.0,2025212T152030481_001_osf.xml,1,,NONE,t,CALCULATED_TRACK_TR_202111,10.3,137.2062843745298,-65.09665595737533,180.527609007982,f,,,GSC32,0.07978921746294543,0.4210208125107691,536.838,POLYGON ICRS 180.533458 -65.118391 180.595333 -65.094367 180.537604 -65.067585 180.474668 -65.092385,2.0.1,RELEASE,jwst_1535.pmap,13.1.13,,,,,,,,,117573120,5b53e3acb038b08c278998b187ba6185,/Date(1783414570797)/,61228.37234717593,/Date(1783414749523)/,61228.37441577546,68,/Date(1785521898000)/,61252.762708333335,False,False,False,6472668,"GO-5552 Jorgensen, Jes K.",F322W2-F323N,NIRCAM-F322W2-F323N,,,4,LONG,0,0,0,0,0,0,NULL,NULL,NULL,0,0,0,0,0,0,A,f,F323N,,,,,,,POLYGON ICRS  180.474566455 -65.092391559 180.533318880 -65.118396699 180.595037375 -65.094323839 180.537337648 -65.067568416,180.5351881101032,-65.0931146057478,JWST,IR,JWST,CAOM,F322W2,,"Jorgensen, Jes K.",5552,NIRCAM,POLYGON ICRS 180.533458 -65.118391 180.595333 -65.094367 180.537604 -65.067585 180.474668 -65.092385,60887.322322974534,60887.32878491898,558.312,Mapping the distribution of ices in the host environments of protostellar hot corinos,61252.762708333335,GO,NC.F322W2.F323N,2026-07-31 18:18:18.000,2025-07-31 07:44:08.705,mast:JWST/product/jw05552014001_05201_00001_nrcalong_rate.fits,mast:JWST/product/jw05552014001_05201_00001_nrcalong_rate.fits
239899852,jw05552014001_05201_00001_nrca1_cal.fits,jw05552014001_05201_00001,2b,01,NRCA1_FULL,jw05552_20260707t071659_pool.csv,jw05552-o014_20260707t071659_image2_00030_asn.json,87.00401096139103,60887.329791553886,f,60887.32656075965,60887.3233299654,GO,,28,f,/Date(1783414194904)/,61228.3679965625,/Date(1753948407017)/,60887.328784907404,/Date(1753947848705)/,60887.32232298611,NRCA1,0,0,558.312,558.312,558.312,OK,NRC_IMAGE,12,60887.32878491898,60887.32555394676,1,PARALLEL_COORDINATED,60887.322322974534,-1,2,S7K2037464,8,-65.04491167621426,12.53393363952637,1,180.4855912957514,/Date(1753934767863)/,60887.17092434028,/Date(1753934438135)/,60887.16710805555,0.0395703726,0.01524481736123562,0.0365791954,85.20135339349508,60887.32977068989,f,60887.3265398956,60887.32330910131,NIRCAM,f,,0.0,,,0.0,19,2,6,1,1,0,1,1,60889.08387256944,V05552014001P0555201405201,14,BHR71-p01-20x20r01-cnt15827-noweights,STSCI,FINEGUIDE,"Jorgensen, Jes K.",NRCALL_FULL,PRDOPSSOC-073,5552,-65.14772777777779,180.39991416666666,60885.07608600694,MEDIUM2,481,Stellar Populations and the Interstellar Medium,2026_1b,2,2,FULL,,2048,2048,1,1,-65.14772777777779,180.3999141666667,,f,BHR71_MSAcat_13Jun2025,FIXED,0.1,0.1,JWST,NIRSpec MultiObject Spectroscopy,10.73677,107.368,UTC,Mapping the distribution of ices in the host environments of protostellar hot corinos,10,f,1,05552014001,/Date(1753950413543)/,60887.35200859954,05,SUCCESSFUL,PRIME_TARGETED_FIXED,/Date(1753932753657)/,60887.14761175926,-371.5447668,3.8316503,t,ImageModel,f,/Date(1753947848705)/,60887.32232298611,NIRSpec MOS,0.0,2025212T152030481_001_osf.xml,1,,NONE,t,CALCULATED_TRACK_TR_202111,10.3,137.2062843745298,-65.09627233283142,180.49559737802107,f,,,GSC32,0.03807618076013796,0.38682397436379734,536.838,POLYGON ICRS 180.501037 -65.104683 180.531555 -65.092628 180.502609 -65.079562 180.471734 -65.091817,2.0.1,RELEASE,jwst_1535.pmap,13.1.13,,,,,,,,,117573120,cfc0a61ae0b3b41bfb5fcd3c991ef1eb,/Date(1783414585288)/,61228.37251488426,/Date(1783414757627)/,61228.374509560184,68,/Date(1785521919000)/,61252.76295138889,False,False,False,6472668,"GO-5552 Jorgensen, Jes K.",F187N-CLEAR,NIRCAM-F187N,,,4,SHORT,0,0,0,0,0,0,NULL,NULL,NULL,0,0,0,0,0,0,A,f,CLEAR,,,,,,,POLYGON ICRS  180.473126729 -65.092459119 180.502379467 -65.105321590 180.532819764 -65.093258846 180.503921800 -65.080203091,180.5017061345711,-65.09215505562379,JWST,IR,JWST,CAOM,F187N,,"Jorgensen, Jes K.",5552,NIRCAM,POLYGON ICRS 180.501037 -65.104683 180.531555 -65.092628 180.502609 -65.079562 180.471734 -65.091817,60887.322322974534,60887.32878491898,558.312,Mapping the distribution of ices in the host environments of protostellar hot corinos,61252.76295138889,GO,NC.F187N,2026-07-31 18:18:39.000,2025-07-31 07:44:08.705,mast:JWST/product/jw05552014001_05201_00001_nrca1_rate.fits,mast:JWST/product/jw05552014001_05201_00001_nrca1_rate.fits
249220609,jw07135045001_02101_00001_mirimage_cal.fits,jw07135045001_02101_00001,2b,01,MIRIM_FULL,jw07135_20260803t182126_pool.csv,jw07135-o045_20260803t182126_image2_00006_asn.json,297.240447322838,60892.64479336587,t,60892.64410287766,60892.643412389436,GO,,7,f,/Date(1785789689280)/,61255.86214444444,/Date(1754407412917)/,60892.64135319444,/Date(1754407293590)/,60892.63997210648,MIRIMAGE,0,0,119.327,169.277,42.319,OK,MIR_IMAGE,1,60892.64135320602,60892.64066265625,1,PRIME,60892.63997210648,1,1,S8EL018528,0,-24.84436870388889,13.53289031982422,1,246.624807517107,/Date(1754407013429)/,60892.63672951389,/Date(1754406771766)/,60892.63393247685,0.03591503,0.01712692156434059,0.06704567,293.9682279713452,60892.64475549298,f,60892.64406500476,60892.64337451653,MIRI,f,OFF,0.0,/Date(946684800000)/,51544,0.0,6,1,10,4,1,0,1,2,60893.82711932871,V07135045001P0000000002101,45,BKG_17-29-18-36,STSCI,FINEGUIDE,"Zhang, Ke",MIRIFU_CHANNEL1A,PRDOPSSOC-073,7135,-24.67061111111111,246.75368416666663,60889.09639935185,FASTR1,493,Exoplanet System Formation and Dynamics,2026_1b,1,2,FULL,,1032,1024,1,1,-24.6706111111111,246.75368416666666,BKG_17-29-18-36,f,BKG_17-29-18-36,FIXED,0.1,0.1,JWST,MIRI Medium Resolution Spectroscopy,2.77504,2.775,UTC,Population Study of Chemistry in the First Million Years of Planet Formation: A MIRI Survey of Embedded Disks in Ophiuchus,10,f,1,07135045001,/Date(1754409267251)/,60892.662815393516,02,SUCCESSFUL,PRIME_TARGETED_FIXED,/Date(1754406305846)/,60892.62853988426,1.1759164,-0.4367419,f,ImageModel,f,/Date(1754407293590)/,60892.63997210648,backgrounds,0.32891063609358373,2025218T104100254_001_osf.xml,1,,2-POINT,f,CALCULATED_TRACK_TR_202111,10.3,97.57488734209697,-24.68335658001372,246.737803549467,f,Calibration,Telescope/sky background,GSC32,0.1604416007577345,0.0,99.901,POLYGON ICRS 246.749653 -24.696072 246.754339 -24.676187 246.720704 -24.669281 246.715876 -24.689370 POLYGON ICRS 246.746925 -24.706560 246.748927 -24.698481 246.739962 -24.696720 246.737963 -24.704824,2.0.1,RELEASE,jwst_1535.pmap,13.1.13,OPEN,,NEGATIVE,POINT-SOURCE,ALL_MRS,,A,A,29721600,a6ac43a3357008359fa207410757329e,/Date(1785789846808)/,61255.86396766204,/Date(1785789943894)/,61255.865091354164,61,/Date(1786039970000)/,61258.75891203704,False,False,False,6488597,"GO-7135 Zhang, Ke",F770W,MIRI-F770W,,,,,,,,,,,,,,,,,,,,,,,,,,,,,POLYGON ICRS  246.713468748 -24.700159350 246.747124347 -24.706747352 246.754447469 -24.676046960 246.720812070 -24.669166537,246.73511075319317,-24.682725608246585,JWST,IR,JWST,CAOM,F770W,BKG_17-29-18-36,"Zhang, Ke",7135,MIRI,POLYGON ICRS 246.749653 -24.696072 246.754339 -24.676187 246.720704 -24.669281 246.715876 -24.689370 POLYGON ICRS 246.746925 -24.706560 246.748927 -24.698481 246.739962 -24.696720 246.737963 -24.704824,60892.63997210648,60892.64135320602,169.277,Population Study of Chemistry in the First Million Years of Planet Formation: A MIRI Survey of Embedded Disks in Ophiuchus,61258.75891203704,GO,MI.F770W,2026-08-06 18:12:50.000,2025-08-05 15:21:33.590,mast:JWST/product/jw07135045001_02101_00001_mirimage_rate.fits,mast:JWST/product/jw07135045001_02101_00001_mirimage_rate.fits
249220438,jw07135045001_02103_00001_mirimage_cal.fits,jw07135045001_02103_00001,2b,03,MIRIM_FULL,jw07135_20260803t182126_pool.csv,jw07135-o045_20260803t182126_image2_00004_asn.json,297.1751432865858,60892.6538503247,t,60892.65287079976,60892.65189127481,GO,,7,f,/Date(1785789664372)/,61255.86185616898,/Date(1754408195508)/,60892.65041094907,/Date(1754408026231)/,60892.64845173611,MIRIMAGE,0,0,169.277,169.277,84.638,OK,MIR_IMAGE,3,60892.65041097222,60892.649431359954,1,PRIME,60892.648451747686,1,1,S8EL018528,0,-24.84436870388889,13.53289031982422,1,246.624807517107,/Date(1754407013429)/,60892.63672951389,/Date(1754406771766)/,60892.63393247685,0.03591503,0.01712692156434059,0.06704567,293.9029295928776,60892.65381245187,f,60892.65283292692,60892.65185340196,MIRI,f,OFF,0.0,/Date(946684800000)/,51544,0.0,6,1,30,2,1,0,1,2,60893.82711932871,V07135045001P0000000002103,45,BKG_17-29-18-36,STSCI,FINEGUIDE,"Zhang, Ke",MIRIFU_CHANNEL1A,PRDOPSSOC-073,7135,-24.67061111111111,246.75368416666663,60889.09639935185,FASTR1,493,Exoplanet System Formation and Dynamics,2026_1b,1,2,FULL,,1032,1024,1,1,-24.6706111111111,246.75368416666666,BKG_17-29-18-36,f,BKG_17-29-18-36,FIXED,0.1,0.1,JWST,MIRI Medium Resolution Spectroscopy,2.77504,2.775,UTC,Population Study of Chemistry in the First Million Years of Planet Formation: A MIRI Survey of Embedded Disks in Ophiuchus,10,f,1,07135045001,/Date(1754409267251)/,60892.662815393516,02,SUCCESSFUL,PRIME_TARGETED_FIXED,/Date(1754406305846)/,60892.62853988426,1.1759164,-0.4367419,f,ImageModel,f,/Date(1754408026231)/,60892.64845173611,backgrounds,-0.2036027017507433,2025218T104514800_001_osf.xml,1,,2-POINT,f,CALCULATED_TRACK_TR_202111,10.3,97.57488734209697,-24.68335672682496,246.73780311203046,f,Calibration,Telescope/sky background,GSC32,0.210087887799552,0.0,160.952,POLYGON ICRS 246.749653 -24.696072 246.754339 -24.676187 246.720704 -24.669281 246.715876 -24.689370 POLYGON ICRS 246.746925 -24.706560 246.748927 -24.698481 246.739962 -24.696720 246.737963 -24.704824,2.0.1,RELEASE,jwst_1535.pmap,13.1.13,OPEN,,NEGATIVE,POINT-SOURCE,ALL_MRS,,A,A,29721600,c48e30b99e3754678e888f395f1ac6f5,/Date(1785789828225)/,61255.86375261574,/Date(1785789924282)/,61255.864864386574,61,/Date(1786039925000)/,61258.7583912037,False,False,False,6488656,"GO-7135 Zhang, Ke",F770W,MIRI-F770W,,,,,,,,,,,,,,,,,,,,,,,,,,,,,POLYGON ICRS  246.713469101 -24.700159570 246.747124690 -24.706747614 246.754447858 -24.676047232 246.720812470 -24.669166766,246.73511075319317,-24.682725608246585,JWST,IR,JWST,CAOM,F770W,BKG_17-29-18-36,"Zhang, Ke",7135,MIRI,POLYGON ICRS 246.749653 -24.696072 246.754339 -24.676187 246.720704 -24.669281 246.715876 -24.689370 POLYGON ICRS 246.746925 -24.706560 246.748927 -24.698481 246.739962 -24.696720 246.737963 -24.704824,60892.648451747686,60892.65041097222,169.277,Population Study of Chemistry in the First Million Years of Planet Formation: A MIRI Survey of Embedded Disks in Ophiuchus,61258.7583912037,GO,MI.F770W,2026-08-06 18:12:05.000,2025-08-05 15:33:46.231,mast:JWST/product/jw07135045001_02103_00001_mirimage_rate.fits,mast:JWST/product/jw07135045001_02103_00001_mirimage_rate.fits
249219309,jw07135045001_02105_00001_mirimage_cal.fits,jw07135045001_02105_00001,2b,05,MIRIM_FULL,jw07135_20260803t182126_pool.csv,jw07135-o045_20260803t182126_image2_00002_asn.json,297.11058230604976,60892.66165407344,t,60892.66096358522,60892.66027309702,GO,,7,f,/Date(1785789554414)/,61255.860583483794,/Date(1754408869812)/,60892.658215428244,/Date(1754408750485)/,60892.65683432871,MIRIMAGE,0,0,119.327,169.277,42.319,OK,MIR_IMAGE,5,60892.65821541667,60892.657524866896,1,PRIME,60892.65683431713,1,1,S8EL018528,0,-24.84436870388889,13.53289031982422,1,246.624807517107,/Date(1754407013429)/,60892.63672951389,/Date(1754406771766)/,60892.63393247685,0.03591503,0.01712692156434059,0.06704567,293.8383742701262,60892.66161620067,f,60892.66092571245,60892.66023522424,MIRI,f,OFF,0.0,/Date(946684800000)/,51544,0.0,6,1,10,4,1,0,1,2,60893.82711932871,V07135045001P0000000002105,45,BKG_17-29-18-36,STSCI,FINEGUIDE,"Zhang, Ke",MIRIFU_CHANNEL1A,PRDOPSSOC-073,7135,-24.67061111111111,246.75368416666663,60889.09639935185,FASTR1,493,Exoplanet System Formation and Dynamics,2026_1b,1,2,FULL,,1032,1024,1,1,-24.6706111111111,246.75368416666666,BKG_17-29-18-36,f,BKG_17-29-18-36,FIXED,0.1,0.1,JWST,MIRI Medium Resolution Spectroscopy,2.77504,2.775,UTC,Population Study of Chemistry in the First Million Years of Planet Formation: A MIRI Survey of Embedded Disks in Ophiuchus,10,f,1,07135045001,/Date(1754409267251)/,60892.662815393516,02,SUCCESSFUL,PRIME_TARGETED_FIXED,/Date(1754406305846)/,60892.62853988426,1.1759164,-0.4367419,f,ImageModel,f,/Date(1754408750485)/,60892.65683432871,backgrounds,0.29904978066717725,2025218T104514800_001_osf.xml,1,,2-POINT,f,CALCULATED_TRACK_TR_202111,10.3,97.57488734209697,-24.683356683455084,246.7378022617317,f,Calibration,Telescope/sky background,GSC32,0.14961477647705848,0.0,99.901,POLYGON ICRS 246.749653 -24.696072 246.754339 -24.676187 246.720704 -24.669281 246.715876 -24.689370 POLYGON ICRS 246.746925 -24.706560 246.748927 -24.698481 246.739962 -24.696720 246.737963 -24.704824,2.0.1,RELEASE,jwst_1535.pmap,13.1.13,OPEN,,NEGATIVE,POINT-SOURCE,ALL_MRS,,A,A,29721600,d54193c5a9ce1c5bb6a571e5dac834f2,/Date(1785789735794)/,61255.86268278935,/Date(1785789799213)/,61255.86341681713,61,/Date(1786039904000)/,61258.75814814815,False,False,False,6488676,"GO-7135 Zhang, Ke",F770W,MIRI-F770W,,,,,,,,,,,,,,,,,,,,,,,,,,,,,POLYGON ICRS  246.713469026 -24.700159641 246.747124623 -24.706747651 246.754447753 -24.676047262 246.720812357 -24.669166831,246.73511075319317,-24.682725608246585,JWST,IR,JWST,CAOM,F770W,BKG_17-29-18-36,"Zhang, Ke",7135,MIRI,POLYGON ICRS 246.749653 -24.696072 246.754339 -24.676187 246.720704 -24.669281 246.715876 -24.689370 POLYGON ICRS 246.746925 -24.706560 246.748927 -24.698481 246.739962 -24.696720 246.737963 -24.704824,60892.65683431713,60892.65821541667,169.277,Population Study of Chemistry in the First Million Years of Planet Formation: A MIRI Survey of Embedded Disks in Ophiuchus,61258.75814814815,GO,MI.F770W,2026-08-06 18:11:44.000,2025-08-05 15:45:50.485,mast:JWST/product/jw07135045001_02105_00001_mirimage_rate.fits,mast:JWST/product/jw07135045001_02105_00001_mirimage_rate.fits
249217441,jw07135017001_03102_00001_mirimage_cal.fits,jw07135017001_03102_00001,2b,02,MIRIM_FULL,jw07135_20260803t182126_pool.csv,jw07135-o017_20260803t182126_image2_00012_asn.json,297.22521405201405,60892.680605695896,t,60892.679626170946,60892.678646645996,GO,,7,f,/Date(1785789319352)/,61255.857862881945,/Date(1754410507122)/,60892.677165775465,/Date(1754410337845)/,60892.67520655093,MIRIMAGE,0,0,169.277,169.277,84.638,OK,MIR_IMAGE,2,60892.67716576389,60892.67618615162,1,PRIME,60892.67520653935,1,1,S8EL018722,0,-24.79805429919342,13.45246315002441,1,246.640312860024,/Date(1754409703475)/,60892.66786430556,/Date(1754409614387)/,60892.66683317129,0.0530396551,0.01681798510253429,0.09876944,293.95354287698865,60892.680567829346,f,60892.67958830439,60892.67860877943,MIRI,f,OFF,-0.02680000006876071,/Date(946684800000)/,51544,-0.0073,13,1,30,2,1,0,1,4,60893.82711932871,V07135017001P0000000003102,17,,STSCI,FINEGUIDE,"Zhang, Ke",MIRIFU_CHANNEL1A,PRDOPSSOC-073,7135,-24.672897222222222,246.78897208333328,60889.09639935185,FASTR1,493,Exoplanet System Formation and Dynamics,2026_1b,1,2,FULL,,1032,1024,1,1,-24.673087764866093,246.78891496743913,[GY92] 213,f,GY92-213,FIXED,0.1,0.1,JWST,MIRI Medium Resolution Spectroscopy,2.77504,2.775,UTC,Population Study of Chemistry in the First Million Years of Planet Formation: A MIRI Survey of Embedded Disks in Ophiuchus,10,f,1,07135017001,/Date(1754413905967)/,60892.71650423611,03,SUCCESSFUL,PRIME_TARGETED_FIXED,/Date(1754409271347)/,60892.66286280093,1.1759164,-0.4367419,f,ImageModel,f,/Date(1754410337845)/,60892.67520655093,sources_100-400mJy,0.2794086318465194,2025218T105039856_001_osf.xml,1,,4-POINT,f,CALCULATED_TRACK_TR_202111,10.3,97.57094969856348,-24.685828766369557,246.77299482526902,f,Star,Protoplanetary disks; Protostars,GSC32,0.22305815535739226,0.0,160.952,POLYGON ICRS 246.784886 -24.698549 246.789570 -24.678663 246.755934 -24.671760 246.751108 -24.691849 POLYGON ICRS 246.782158 -24.709037 246.784159 -24.700958 246.775194 -24.699198 246.773197 -24.707302,2.0.1,RELEASE,jwst_1535.pmap,13.1.13,OPEN,,NEGATIVE,POINT-SOURCE,ALL_MRS,,A,A,29721600,21b8ebbaeebc7132cdfded348b4f8383,/Date(1785789514531)/,61255.860121875,/Date(1785789646139)/,61255.86164513889,61,/Date(1786041540000)/,61258.777083333334,False,False,False,6488725,"GO-7135 Zhang, Ke",F770W,MIRI-F770W,,,,,,,,,,,,,,,,,,,,,,,,,,,,,POLYGON ICRS  246.748663653 -24.702636567 246.782321477 -24.709218006 246.789637490 -24.678516187 246.755999801 -24.671642323,246.7703423849864,-24.685203400227994,JWST,IR,JWST,CAOM,F770W,[GY92] 213,"Zhang, Ke",7135,MIRI,POLYGON ICRS 246.784886 -24.698549 246.789570 -24.678663 246.755934 -24.671760 246.751108 -24.691849 POLYGON ICRS 246.782158 -24.709037 246.784159 -24.700958 246.775194 -24.699198 246.773197 -24.707302,60892.67520653935,60892.67716576389,169.277,Population Study of Chemistry in the First Million Years of Planet Formation: A MIRI Survey of Embedded Disks in Ophiuchus,61258.777083333334,GO,MI.F770W,2026-08-06 18:39:00.000,2025-08-05 16:12:17.845,mast:JWST/product/jw07135017001_03102_00001_mirimage_rate.fits,mast:JWST/product/jw07135017001_03102_00001_mirimage_rate.fits
249217435,jw07135017001_03104_00001_mirimage_cal.fits,jw07135017001_03104_00001,2b,04,MIRIM_FULL,jw07135_20260803t182126_pool.csv,jw07135-o017_20260803t182126_image2_00008_asn.json,297.11413790937513,60892.69502662092,t,60892.69404709598,60892.69306757104,GO,,7,f,/Date(1785789304403)/,61255.85768984954,/Date(1754411753201)/,60892.69158796296,/Date(1754411583924)/,60892.68962873842,MIRIMAGE,0,0,169.277,169.277,84.638,OK,MIR_IMAGE,6,60892.691587974536,60892.69060836227,1,PRIME,60892.68962875,1,1,S8EL018722,0,-24.79805429919342,13.45246315002441,1,246.640312860024,/Date(1754409703475)/,60892.66786430556,/Date(1754409614387)/,60892.66683317129,0.0530396551,0.01681798510253429,0.09876944,293.8424761639908,60892.69498875448,f,60892.69400922953,60892.693029704584,MIRI,f,OFF,-0.02680000006876071,/Date(946684800000)/,51544,-0.0073,13,1,30,2,1,0,1,4,60893.82711932871,V07135017001P0000000003104,17,,STSCI,FINEGUIDE,"Zhang, Ke",MIRIFU_CHANNEL1A,PRDOPSSOC-073,7135,-24.672897222222222,246.78897208333328,60889.09639935185,FASTR1,493,Exoplanet System Formation and Dynamics,2026_1b,1,2,FULL,,1032,1024,1,1,-24.673087765160044,246.78891496735102,[GY92] 213,f,GY92-213,FIXED,0.1,0.1,JWST,MIRI Medium Resolution Spectroscopy,2.77504,2.775,UTC,Population Study of Chemistry in the First Million Years of Planet Formation: A MIRI Survey of Embedded Disks in Ophiuchus,10,f,1,07135017001,/Date(1754413905967)/,60892.71650423611,03,SUCCESSFUL,PRIME_TARGETED_FIXED,/Date(1754409271347)/,60892.66286280093,1.1759164,-0.4367419,f,ImageModel,f,/Date(1754411583924)/,60892.68962873842,sources_100-400mJy,0.09202687303844014,2025218T105833273_001_osf.xml,1,,4-POINT,f,CALCULATED_TRACK_TR_202111,10.3,97.57094969856348,-24.68582915132603,246.77299393628493,f,Star,Protoplanetary disks; Protostars,GSC32,0.21446611426625958,0.0,160.952,POLYGON ICRS 246.784886 -24.698549 246.789570 -24.678663 246.755934 -24.671760 246.751108 -24.691849 POLYGON ICRS 246.782158 -24.709037 246.784159 -24.700958 246.775194 -24.699198 246.773197 -24.707302,2.0.1,RELEASE,jwst_1535.pmap,13.1.13,OPEN,,NEGATIVE,POINT-SOURCE,ALL_MRS,,A,A,29721600,48527b54c581bc2d07f488e0a09861b1,/Date(1785789513863)/,61255.86011415509,/Date(1785789645798)/,61255.861641157404,61,/Date(1786041458000)/,61258.77613425926,False,False,False,6488791,"GO-7135 Zhang, Ke",F770W,MIRI-F770W,,,,,,,,,,,,,,,,,,,,,,,,,,,,,POLYGON ICRS  246.748664031 -24.702637039 246.782321826 -24.709218599 246.789637974 -24.678516807 246.756000314 -24.671642822,246.7703423849864,-24.685203400227994,JWST,IR,JWST,CAOM,F770W,[GY92] 213,"Zhang, Ke",7135,MIRI,POLYGON ICRS 246.784886 -24.698549 246.789570 -24.678663 246.755934 -24.671760 246.751108 -24.691849 POLYGON ICRS 246.782158 -24.709037 246.784159 -24.700958 246.775194 -24.699198 246.773197 -24.707302,60892.68962875,60892.691587974536,169.277,Population Study of Chemistry in the First Million Years of Planet Formation: A MIRI Survey of Embedded Disks in Ophiuchus,61258.77613425926,GO,MI.F770W,2026-08-06 18:37:38.000,2025-08-05 16:33:03.924,mast:JWST/product/jw07135017001_03104_00001_mirimage_rate.fits,mast:JWST/product/jw07135017001_03104_00001_mirimage_rate.fits
249217174,jw07135017001_03106_00001_mirimage_cal.fits,jw07135017001_03106_00001,2b,06,MIRIM_FULL,jw07135_20260803t182126_pool.csv,jw07135-o017_20260803t182126_image2_00004_asn.json,297.0013248268515,60892.709671229546,t,60892.70869170462,60892.70771217968,GO,,7,f,/Date(1785789274760)/,61255.85734675926,/Date(1754413018608)/,60892.70623386574,/Date(1754412849331)/,60892.70427465278,MIRIMAGE,0,0,169.277,169.277,84.638,OK,MIR_IMAGE,10,60892.706233888886,60892.70525427662,1,PRIME,60892.70427466435,1,1,S8EL018722,0,-24.79805429919342,13.45246315002441,1,246.640312860024,/Date(1754409703475)/,60892.66786430556,/Date(1754409614387)/,60892.66683317129,0.0530396551,0.01681798510253429,0.09876944,293.72967313975096,60892.709633363214,f,60892.70865383828,60892.707674313344,MIRI,f,OFF,-0.02680000006876071,/Date(946684800000)/,51544,-0.0073,13,1,30,2,1,0,1,4,60893.82711932871,V07135017001P0000000003106,17,,STSCI,FINEGUIDE,"Zhang, Ke",MIRIFU_CHANNEL1A,PRDOPSSOC-073,7135,-24.672897222222222,246.78897208333328,60889.09639935185,FASTR1,493,Exoplanet System Formation and Dynamics,2026_1b,1,2,FULL,,1032,1024,1,1,-24.673087765458554,246.78891496726155,[GY92] 213,f,GY92-213,FIXED,0.1,0.1,JWST,MIRI Medium Resolution Spectroscopy,2.77504,2.775,UTC,Population Study of Chemistry in the First Million Years of Planet Formation: A MIRI Survey of Embedded Disks in Ophiuchus,10,f,1,07135017001,/Date(1754413905967)/,60892.71650423611,03,SUCCESSFUL,PRIME_TARGETED_FIXED,/Date(1754409271347)/,60892.66286280093,1.1759164,-0.4367419,f,ImageModel,f,/Date(1754412849331)/,60892.70427465278,sources_100-400mJy,-0.05354464243165679,2025218T105424988_001_osf.xml,1,,4-POINT,f,CALCULATED_TRACK_TR_202111,10.3,97.57094969856348,-24.68582903252977,246.77299241323476,f,Star,Protoplanetary disks; Protostars,GSC32,0.20706758136354791,0.0,160.952,POLYGON ICRS 246.784886 -24.698549 246.789570 -24.678663 246.755934 -24.671760 246.751108 -24.691849 POLYGON ICRS 246.782158 -24.709037 246.784159 -24.700958 246.775194 -24.699198 246.773197 -24.707302,2.0.1,RELEASE,jwst_1535.pmap,13.1.13,OPEN,,NEGATIVE,POINT-SOURCE,ALL_MRS,,A,A,29721600,c27dd71f9b8f35dc00f1328f27b0927f,/Date(1785789487349)/,61255.859807291665,/Date(1785789622847)/,61255.861375532404,61,/Date(1786041386000)/,61258.775300925925,False,False,False,6488847,"GO-7135 Zhang, Ke",F770W,MIRI-F770W,,,,,,,,,,,,,,,,,,,,,,,,,,,,,POLYGON ICRS  246.748663880 -24.702637095 246.782321677 -24.709218644 246.789637812 -24.678516850 246.756000150 -24.671642876,246.7703423849864,-24.685203400227994,JWST,IR,JWST,CAOM,F770W,[GY92] 213,"Zhang, Ke",7135,MIRI,POLYGON ICRS 246.784886 -24.698549 246.789570 -24.678663 246.755934 -24.671760 246.751108 -24.691849 POLYGON ICRS 246.782158 -24.709037 246.784159 -24.700958 246.775194 -24.699198 246.773197 -24.707302,60892.70427466435,60892.706233888886,169.277,Population Study of Chemistry in the First Million Years of Planet Formation: A MIRI Survey of Embedded Disks in Ophiuchus,61258.775300925925,GO,MI.F770W,2026-08-06 18:36:26.000,2025-08-05 16:54:09.331,mast:JWST/product/jw07135017001_03106_00001_mirimage_rate.fits,mast:JWST/product/jw07135017001_03106_00001_mirimage_rate.fits
243406825,jw09225001001_02201_00001_nis_cal.fits,jw09225001001_02201_00001,2b,01,NIS_CEN,jw09225_20260716t085728_pool.csv,jw09225-o001_20260716t085728_image2_00004_asn.json,86.17010316811502,60896.714546674615,f,60896.713676810126,60896.71280694564,GO,,91,f,/Date(1784201204594)/,61237.47690501157,/Date(1754759250665)/,60896.713549375,/Date(1754759100350)/,60896.71180960648,NIS,0,0,150.315,128.841,64.421,OK,NIS_IMAGE,1,60896.71354936343,60896.712679484954,1,PARALLEL_COORDINATED,60896.71180960648,-2,1,N4IT005438,0,57.97394361758346,13.96617126464844,1,260.1078855135643,/Date(1754758817322)/,60896.70853383102,/Date(1754758577706)/,60896.70576048611,0.0197263025,0.05763112753629684,0.0194144752,85.51977225579321,60896.714539147644,f,60896.71366928315,60896.71279941866,NIRISS,f,NONE,0.0,,,0.0,8,1,6,2,1,1,1,,60897.07885851852,V09225001001P0922500102201,1,,STSCI,FINEGUIDE,"Bennet, Paul",NIS_CEN,PRDOPSSOC-073,9225,57.91138055555555,260.1970212499999,60893.83985425926,NISRAPID,496,,2026_1b,2,-1,FULL,,2048,2048,1,1,57.91138055555555,260.19702125,DRACO-F1,f,DRACO-F1,FIXED,0.1,0.1,JWST,NIRCam Imaging,10.73677,10.737,UTC,Enabling cross instrument proper motions with Draco dSph and NGC 2419,10,f,1,09225001001,/Date(1754760071721)/,60896.72305231482,02,SUCCESSFUL,PRIME_TARGETED_FIXED,/Date(1754756083244)/,60896.676889386574,,,f,ImageModel,f,/Date(1754759100350)/,60896.71180960648,,0.0,2025221T220048259_001_osf.xml,1,,NONE,f,CALCULATED_TRACK_TR_202111,10.3,123.6588035801874,58.03289036167973,260.22420450880884,f,Galaxy,Dwarf galaxies,GSC32,0.045403228899037425,0.0111026627131211,107.368,POLYGON ICRS  260.169492652 58.023380567 260.227838769 58.002304523 260.267102024 58.033074835 260.208779697 58.054161671,2.0.1,RELEASE,jwst_1535.pmap,13.1.13,,,,,,,,,117570240,a27d0097a7642bae6e02ad028cdc9292,/Date(1784201304294)/,61237.47805894676,/Date(1784201377853)/,61237.478910335645,77,/Date(1786315878000)/,61261.95229166667,False,False,False,6499451,"GO-9225 Bennet, Paul",CLEAR-F150W,NIRISS-F150W,,,4,,,,,,,,,,,,,,,,,,,F150W,,,,0.329819769,74.75511,124.84,POLYGON ICRS  260.169492652 58.023380567 260.227838769 58.002304523 260.267102024 58.033074835 260.208779697 58.054161671,260.21830080484943,58.028230855066695,JWST,IR,JWST,CAOM,CLEAR,DRACO-F1,"Bennet, Paul",9225,NIRISS,POLYGON ICRS  260.169492652 58.023380567 260.227838769 58.002304523 260.267102024 58.033074835 260.208779697 58.054161671,60896.71180960648,60896.71354936343,128.841,Enabling cross instrument proper motions with Draco dSph and NGC 2419,61261.95229166667,GO,NI.F150W,2026-08-09 22:51:18.000,2025-08-09 17:05:00.350,mast:JWST/product/jw09225001001_02201_00001_nis_rate.fits,mast:JWST/product/jw09225001001_02201_00001_nis_rate.fits
243408944,jw09225001001_02101_00001_nrcb1_cal.fits,jw09225001001_02101_00001,2b,01,NRCB1_FULL,jw09225_20260716t085728_pool.csv,jw09225-o001_20260716t085728_image2_00039_asn.json,86.16990137379616,60896.714691857465,f,60896.71382199298,60896.71295212849,GO,,31,f,/Date(1784201338602)/,61237.47845605324,/Date(1754759263209)/,60896.71369456019,/Date(1754759112894)/,60896.71195478009,NRCB1,0,0,150.315,150.315,150.315,OK,NRC_IMAGE,2,60896.71369454861,60896.71282467014,1,PRIME,60896.711954791666,1,2,N4IT005438,0,57.97394361758346,13.96617126464844,1,260.1078855135643,/Date(1754758817322)/,60896.70853383102,/Date(1754758577706)/,60896.70576048611,0.0197263025,0.05763112753629684,0.0194144752,85.51957046147436,60896.714684330494,f,60896.713814466,60896.71294460151,NIRCAM,f,,0.0,,,0.0,8,2,7,1,1,0,1,4,60897.07885851852,V09225001001P0000000002101,1,,STSCI,FINEGUIDE,"Bennet, Paul",NRCAS_FULL,PRDOPSSOC-073,9225,57.91138055555555,260.1970212499999,60893.83985425926,BRIGHT2,486,,2026_1b,1,-2,FULL,,2048,2048,1,1,57.91138055555555,260.19702125,DRACO-F1,f,DRACO-F1,FIXED,0.1,0.1,JWST,NIRCam Imaging,10.73677,21.474,UTC,Enabling cross instrument proper motions with Draco dSph and NGC 2419,10,f,1,09225001001,/Date(1754760071721)/,60896.72305231482,02,SUCCESSFUL,PRIME_TARGETED_FIXED,/Date(1754756083244)/,60896.676889386574,0.0,0.0,t,ImageModel,f,/Date(1754759112894)/,60896.71195478009,,0.0,2025221T220048259_001_osf.xml,1,,NONE,f,CALCULATED_TRACK_TR_202111,10.3,123.6588035801874,57.95682099185528,260.2797233048791,f,Galaxy,Dwarf galaxies,GSC32,0.04454388280504185,0.555133135656055,128.841,POLYGON ICRS  260.250859489 57.949849778 260.278328882 57.940080068 260.296722911 57.954461385 260.269511475 57.964369997,2.0.1,RELEASE,jwst_1535.pmap,13.1.13,,,,,,,,,117573120,7f121ee60604c0d50e97c14fba98ce78,/Date(1784201485164)/,61237.48015234953,/Date(1784201571815)/,61237.481155277776,68,/Date(1786316074000)/,61261.954560185186,False,False,False,6499459,"GO-9225 Bennet, Paul",F200W-CLEAR,NIRCAM-F200W,1,4,4,SHORT,0,0,0,0,0,0,NULL,NULL,NULL,0,0,0,0,0,0,B,f,CLEAR,4-POINT-SMALL-WITH-NIRISS,1,,,,,POLYGON ICRS  260.250859489 57.949849778 260.278328882 57.940080068 260.296722911 57.954461385 260.269511475 57.964369997,260.27382759905043,57.95219689618926,JWST,IR,JWST,CAOM,F200W,DRACO-F1,"Bennet, Paul",9225,NIRCAM,POLYGON ICRS  260.250859489 57.949849778 260.278328882 57.940080068 260.296722911 57.954461385 260.269511475 57.964369997,60896.711954791666,60896.71369454861,150.315,Enabling cross instrument proper motions with Draco dSph and NGC 2419,61261.954560185186,GO,NC.F200W,2026-08-09 22:54:34.000,2025-08-09 17:05:12.894,mast:JWST/product/jw09225001001_02101_00001_nrcb1_rate.fits,mast:JWST/product/jw09225001001_02101_00001_nrcb1_rate.fits
243408928,jw09225001001_02101_00001_nrcblong_cal.fits,jw09225001001_02101_00001,2b,01,NRCB5_FULL,jw09225_20260716t085728_pool.csv,jw09225-o001_20260716t085728_image2_00035_asn.json,86.16990137379616,60896.714691857465,f,60896.71382199298,60896.71295212849,GO,,31,f,/Date(1784201336059)/,61237.47842662037,/Date(1754759263209)/,60896.71369456019,/Date(1754759112894)/,60896.71195478009,NRCBLONG,0,0,150.315,150.315,150.315,OK,NRC_IMAGE,2,60896.71369454861,60896.71282467014,1,PRIME,60896.711954791666,1,2,N4IT005438,0,57.97394361758346,13.96617126464844,1,260.1078855135643,/Date(1754758817322)/,60896.70853383102,/Date(1754758577706)/,60896.70576048611,0.0197263025,0.05763112753629684,0.0194144752,85.51957046147436,60896.714684330494,f,60896.713814466,60896.71294460151,NIRCAM,f,,0.0,,,0.0,8,2,7,1,1,0,1,4,60897.07885851852,V09225001001P0000000002101,1,,STSCI,FINEGUIDE,"Bennet, Paul",NRCAS_FULL,PRDOPSSOC-073,9225,57.91138055555555,260.1970212499999,60893.83985425926,BRIGHT2,490,,2026_1b,1,-2,FULL,,2048,2048,1,1,57.91138055555555,260.19702125,DRACO-F1,f,DRACO-F1,FIXED,0.1,0.1,JWST,NIRCam Imaging,10.73677,21.474,UTC,Enabling cross instrument proper motions with Draco dSph and NGC 2419,10,f,1,09225001001,/Date(1754760071721)/,60896.72305231482,02,SUCCESSFUL,PRIME_TARGETED_FIXED,/Date(1754756083244)/,60896.676889386574,0.0,0.0,t,ImageModel,f,/Date(1754759112894)/,60896.71195478009,,0.0,2025221T220048259_001_osf.xml,1,,NONE,f,CALCULATED_TRACK_TR_202111,10.3,123.6588035801874,57.95439696489834,260.25546399800385,f,Galaxy,Dwarf galaxies,GSC32,0.11727557579491267,0.6143473367927009,128.841,POLYGON ICRS  260.202086327 57.944755284 260.259206237 57.924990845 260.296252381 57.954492361 260.240441565 57.974844111,2.0.1,RELEASE,jwst_1535.pmap,13.1.13,,,,,,,,,117573120,f5d5014b0e969b50c6743c7bb0a1b25e,/Date(1784201483223)/,61237.480129895834,/Date(1784201570495)/,61237.48114,68,/Date(1786316049000)/,61261.95427083333,False,False,False,6499459,"GO-9225 Bennet, Paul",F277W-CLEAR,NIRCAM-F277W,1,4,4,LONG,0,0,0,0,0,0,NULL,NULL,NULL,0,0,0,0,0,0,B,f,CLEAR,4-POINT-SMALL-WITH-NIRISS,1,,,,,POLYGON ICRS  260.202086327 57.944755284 260.259206237 57.924990845 260.296252381 57.954492361 260.240441565 57.974844111,260.2493602465165,57.94979421021267,JWST,IR,JWST,CAOM,F277W,DRACO-F1,"Bennet, Paul",9225,NIRCAM,POLYGON ICRS  260.202086327 57.944755284 260.259206237 57.924990845 260.296252381 57.954492361 260.240441565 57.974844111,60896.711954791666,60896.71369454861,150.315,Enabling cross instrument proper motions with Draco dSph and NGC 2419,61261.95427083333,GO,NC.F277W,2026-08-09 22:54:09.000,2025-08-09 17:05:12.894,mast:JWST/product/jw09225001001_02101_00001_nrcblong_rate.fits,mast:JWST/product/jw09225001001_02101_00001_nrcblong_rate.fits
243408288,jw09225001001_02101_00001_nrcalong_cal.fits,jw09225001001_02101_00001,2b,01,NRCA5_FULL,jw09225_20260716t085728_pool.csv,jw09225-o001_20260716t085728_image2_00040_asn.json,86.16990011651069,60896.71469259819,f,60896.713822733705,60896.71295286922,GO,,31,f,/Date(1784201294194)/,61237.47794204861,/Date(1754759263273)/,60896.71369528935,/Date(1754759112958)/,60896.71195550926,NRCALONG,0,0,150.315,150.315,150.315,OK,NRC_IMAGE,2,60896.71369528935,60896.71282541088,1,PRIME,60896.71195553241,-1,2,N4IT005438,0,57.97394361758346,13.96617126464844,1,260.1078855135643,/Date(1754758817322)/,60896.70853383102,/Date(1754758577706)/,60896.70576048611,0.0197263025,0.05763112753629684,0.0194144752,85.51956920418888,60896.714685071216,f,60896.713815206735,60896.71294534224,NIRCAM,f,,0.0,,,0.0,8,2,7,1,1,0,1,4,60897.07885851852,V09225001001P0000000002101,1,,STSCI,FINEGUIDE,"Bennet, Paul",NRCAS_FULL,PRDOPSSOC-073,9225,57.91138055555555,260.1970212499999,60893.83985425926,BRIGHT2,485,,2026_1b,1,2,FULL,,2048,2048,1,1,57.91138055555555,260.19702125,DRACO-F1,f,DRACO-F1,FIXED,0.1,0.1,JWST,NIRCam Imaging,10.73677,21.474,UTC,Enabling cross instrument proper motions with Draco dSph and NGC 2419,10,f,1,09225001001,/Date(1754760071721)/,60896.72305231482,02,SUCCESSFUL,PRIME_TARGETED_FIXED,/Date(1754756083244)/,60896.676889386574,0.0,0.0,t,ImageModel,f,/Date(1754759112958)/,60896.71195550926,,0.0,2025221T220048259_001_osf.xml,1,,NONE,f,CALCULATED_TRACK_TR_202111,10.3,123.6588035801874,57.91423834937107,260.20354810655186,f,Galaxy,Dwarf galaxies,GSC32,0.10527914873338531,0.4922180469483688,128.841,POLYGON ICRS  260.150642329 57.904455826 260.207264326 57.884929544 260.244342084 57.914343155 260.188170002 57.934743433,2.0.1,RELEASE,jwst_1535.pmap,13.1.13,,,,,,,,,117573120,e39fb21ab8cedb699f4785e2f5f9a1d0,/Date(1784201438165)/,61237.47960840278,/Date(1784201507361)/,61237.48040925926,68,/Date(1786316076000)/,61261.95458333333,False,False,False,6499459,"GO-9225 Bennet, Paul",F277W-CLEAR,NIRCAM-F277W,1,4,4,LONG,0,0,0,0,0,0,NULL,NULL,NULL,0,0,0,0,0,0,A,f,CLEAR,4-POINT-SMALL-WITH-NIRISS,1,,,,,POLYGON ICRS  260.150642329 57.904455826 260.207264326 57.884929544 260.244342084 57.914343155 260.188170002 57.934743433,260.19751644235515,57.90967755468158,JWST,IR,JWST,CAOM,F277W,DRACO-F1,"Bennet, Paul",9225,NIRCAM,POLYGON ICRS  260.150642329 57.904455826 260.207264326 57.884929544 260.244342084 57.914343155 260.188170002 57.934743433,60896.71195553241,60896.71369528935,150.315,Enabling cross instrument proper motions with Draco dSph and NGC 2419,61261.95458333333,GO,NC.F277W,2026-08-09 22:54:36.000,2025-08-09 17:05:12.958,mast:JWST/product/jw09225001001_02101_00001_nrcalong_rate.fits,mast:JWST/product/jw09225001001_02101_00001_nrcalong_rate.fits
243408301,jw09225001001_02101_00001_nrca1_cal.fits,jw09225001001_02101_00001,2b,01,NRCA1_FULL,jw09225_20260716t085728_pool.csv,jw09225-o001_20260716t085728_image2_00044_asn.json,86.16990011651069,60896.71469259819,f,60896.713822733705,60896.71295286922,GO,,31,f,/Date(1784201294492)/,61237.47794552083,/Date(1754759263273)/,60896.71369528935,/Date(1754759112958)/,60896.71195550926,NRCA1,0,0,150.315,150.315,150.315,OK,NRC_IMAGE,2,60896.71369528935,60896.71282541088,1,PRIME,60896.71195553241,-1,2,N4IT005438,0,57.97394361758346,13.96617126464844,1,260.1078855135643,/Date(1754758817322)/,60896.70853383102,/Date(1754758577706)/,60896.70576048611,0.0197263025,0.05763112753629684,0.0194144752,85.51956920418888,60896.714685071216,f,60896.713815206735,60896.71294534224,NIRCAM,f,,0.0,,,0.0,8,2,7,1,1,0,1,4,60897.07885851852,V09225001001P0000000002101,1,,STSCI,FINEGUIDE,"Bennet, Paul",NRCAS_FULL,PRDOPSSOC-073,9225,57.91138055555555,260.1970212499999,60893.83985425926,BRIGHT2,481,,2026_1b,1,2,FULL,,2048,2048,1,1,57.91138055555555,260.19702125,DRACO-F1,f,DRACO-F1,FIXED,0.1,0.1,JWST,NIRCam Imaging,10.73677,21.474,UTC,Enabling cross instrument proper motions with Draco dSph and NGC 2419,10,f,1,09225001001,/Date(1754760071721)/,60896.72305231482,02,SUCCESSFUL,PRIME_TARGETED_FIXED,/Date(1754756083244)/,60896.676889386574,0.0,0.0,t,ImageModel,f,/Date(1754759112958)/,60896.71195550926,,0.0,2025221T220048259_001_osf.xml,1,,NONE,f,CALCULATED_TRACK_TR_202111,10.3,123.6588035801874,57.91147767201347,260.1787007061414,f,Galaxy,Dwarf galaxies,GSC32,0.04851123428119713,0.4459569523103642,128.841,POLYGON ICRS  260.149442097 57.904244156 260.177631902 57.894607835 260.195817374 57.909320726 260.167808732 57.919190174,2.0.1,RELEASE,jwst_1535.pmap,13.1.13,,,,,,,,,117570240,a11420cc41894010b168b815d5934e5e,/Date(1784201439832)/,61237.47962769676,/Date(1784201508165)/,61237.48041858796,68,/Date(1786316096000)/,61261.95481481482,False,False,False,6499459,"GO-9225 Bennet, Paul",F200W-CLEAR,NIRCAM-F200W,1,4,4,SHORT,0,0,0,0,0,0,NULL,NULL,NULL,0,0,0,0,0,0,A,f,CLEAR,4-POINT-SMALL-WITH-NIRISS,1,,,,,POLYGON ICRS  260.149442097 57.904244156 260.177631902 57.894607835 260.195817374 57.909320726 260.167808732 57.919190174,260.1726463191063,57.90685535489379,JWST,IR,JWST,CAOM,F200W,DRACO-F1,"Bennet, Paul",9225,NIRCAM,POLYGON ICRS  260.149442097 57.904244156 260.177631902 57.894607835 260.195817374 57.909320726 260.167808732 57.919190174,60896.71195553241,60896.71369528935,150.315,Enabling cross instrument proper motions with Draco dSph and NGC 2419,61261.95481481482,GO,NC.F200W,2026-08-09 22:54:56.000,2025-08-09 17:05:12.958,mast:JWST/product/jw09225001001_02101_00001_nrca1_rate.fits,mast:JWST/product/jw09225001001_02101_00001_nrca1_rate.fits
239395106,jw08527002001_03101_00001_nrcblong_cal.fits,jw08527002001_03101_00001,2b,01,NRCB5_FULL,jw08527_20260706t022244_pool.csv,jw08527-o002_20260706t022244_image2_00031_asn.json,176.441198727116,60899.74409657629,f,60899.74167322564,60899.73924987498,GO,,29,f,/Date(1783321006752)/,61227.28943001157,/Date(1755020913482)/,60899.742054201386,/Date(1755020494748)/,60899.737207708335,NRCBLONG,0,0,418.734,418.734,418.734,OK,NRC_IMAGE,1,60899.74205418982,60899.73963096065,1,PRIME,60899.73720773148,1,4,N1DG041218,1,59.98832659930142,13.2753791809082,1,347.7000453179647,/Date(1755020252363)/,60899.73440234954,/Date(1755020010699)/,60899.73160532407,0.113623813,0.01480628456920385,0.123887494,178.0500903725624,60899.74411519762,f,60899.74169184702,60899.739268496414,NIRCAM,f,,0.0,,,0.0,4,4,8,1,1,0,1,4,60901.177129282405,V08527002001P0000000003101,2,RepeatedMaki-Epoch2,STSCI,FINEGUIDE,"Peek, Joshua",NRCBS_FULL,PRDOPSSOC-073,8527,59.921861111111106,347.67499999999995,60897.091482337964,SHALLOW4,490,"Gas, Dust and the ISM",2026_1b,1,-2,FULL,,2048,2048,1,1,59.921861111111106,347.675,Maki,f,Maki-Repeated,FIXED,0.1,0.1,JWST,NIRCam Imaging,10.73677,53.684,UTC,The 3D Interstellar Medium at Milliparsec Scales: Pathbreaking Observations of Cas A Thermal Light Echoes,10,f,1,08527002001,/Date(1755022516424)/,60899.76060674769,03,SUCCESSFUL,PRIME_TARGETED_FIXED,/Date(1755017089230)/,60899.69779201389,-8.8200246,8.8200004,t,ImageModel,f,/Date(1755020494748)/,60899.737207708335,RepeatedMaki -- Sequence,0.0,2025224T204950921_001_osf.xml,1,,INTRAMODULEX,f,CALCULATED_TRACK_TR_202111,10.3,205.2954215453981,59.919741264158446,347.692653831901,f,ISM,Interstellar clouds; Interstellar dust; Interstellar molecules,GSC32,0.08492680069602024,0.6407941842011403,375.787,POLYGON ICRS 347.635938 59.912464 347.699961 59.897380 347.731390 59.929667 347.666034 59.945368,2.0.1,RELEASE,jwst_1535.pmap,13.1.13,,,,,,,,,117573120,a79f68606e850763b81e46bc27907554,/Date(1783321257959)/,61227.2923375,/Date(1783321318099)/,61227.29303356481,68,/Date(1786578298000)/,61264.98956018518,False,False,False,6507931,"GO-8527 Peek, Joshua",F444W-CLEAR,NIRCAM-F444W,4,1,4,LONG,0,0,0,0,0,0,NULL,NULL,NULL,0,0,0,0,0,0,B,f,CLEAR,STANDARD,4,,,,,POLYGON ICRS  347.666012676 59.945368851 347.635955382 59.912451357 347.699963249 59.897381352 347.731404815 59.929667275,347.68335223911083,59.921295059762215,JWST,IR,JWST,CAOM,F444W,Maki,"Peek, Joshua",8527,NIRCAM,POLYGON ICRS 347.635938 59.912464 347.699961 59.897380 347.731390 59.929667 347.666034 59.945368,60899.73720773148,60899.74205418982,418.734,The 3D Interstellar Medium at Milliparsec Scales: Pathbreaking Observations of Cas A Thermal Light Echoes,61264.98956018518,GO,NC.F444W,2026-08-12 23:44:58.000,2025-08-12 17:41:34.748,mast:JWST/product/jw08527002001_03101_00001_nrcblong_rate.fits,mast:JWST/product/jw08527002001_03101_00001_nrcblong_rate.fits
239395160,jw08527002001_03101_00001_nrcb1_cal.fits,jw08527002001_03101_00001,2b,01,NRCB1_FULL,jw08527_20260706t022244_pool.csv,jw08527-o002_20260706t022244_image2_00035_asn.json,176.441198727116,60899.74409657629,f,60899.74167322564,60899.73924987498,GO,,29,f,/Date(1783321023052)/,61227.28961866898,/Date(1755020913482)/,60899.742054201386,/Date(1755020494748)/,60899.737207708335,NRCB1,0,0,418.734,418.734,418.734,OK,NRC_IMAGE,1,60899.74205418982,60899.73963096065,1,PRIME,60899.73720773148,1,4,N1DG041218,1,59.98832659930142,13.2753791809082,1,347.7000453179647,/Date(1755020252363)/,60899.73440234954,/Date(1755020010699)/,60899.73160532407,0.113623813,0.01480628456920385,0.123887494,178.0500903725624,60899.74411519762,f,60899.74169184702,60899.739268496414,NIRCAM,f,,0.0,,,0.0,4,4,8,1,1,0,1,4,60901.177129282405,V08527002001P0000000003101,2,RepeatedMaki-Epoch2,STSCI,FINEGUIDE,"Peek, Joshua",NRCBS_FULL,PRDOPSSOC-073,8527,59.921861111111106,347.67499999999995,60897.091482337964,SHALLOW4,486,"Gas, Dust and the ISM",2026_1b,1,-2,FULL,,2048,2048,1,1,59.921861111111106,347.675,Maki,f,Maki-Repeated,FIXED,0.1,0.1,JWST,NIRCam Imaging,10.73677,53.684,UTC,The 3D Interstellar Medium at Milliparsec Scales: Pathbreaking Observations of Cas A Thermal Light Echoes,10,f,1,08527002001,/Date(1755022516424)/,60899.76060674769,03,SUCCESSFUL,PRIME_TARGETED_FIXED,/Date(1755017089230)/,60899.69779201389,-8.8200246,8.8200004,t,ImageModel,f,/Date(1755020494748)/,60899.737207708335,RepeatedMaki -- Sequence,0.0,2025224T204950921_001_osf.xml,1,,INTRAMODULEX,f,CALCULATED_TRACK_TR_202111,10.3,205.2954215453981,59.90737048056924,347.7012314534793,f,ISM,Interstellar clouds; Interstellar dust; Interstellar molecules,GSC32,0.06546505653723808,0.5259587907947973,375.787,POLYGON ICRS 347.668718 59.904647 347.699983 59.897123 347.715271 59.912867 347.683700 59.920510,2.0.1,RELEASE,jwst_1535.pmap,13.1.13,,,,,,,,,117573120,441c3ede81264d06567e73aecc007730,/Date(1783321262076)/,61227.29238513889,/Date(1783321322310)/,61227.29308229167,68,/Date(1786578322000)/,61264.98983796296,False,False,False,6507931,"GO-8527 Peek, Joshua",F200W-CLEAR,NIRCAM-F200W,4,1,4,SHORT,0,0,0,0,0,0,NULL,NULL,NULL,0,0,0,0,0,0,B,f,CLEAR,STANDARD,4,,,,,POLYGON ICRS  347.683690925 59.920512377 347.668723984 59.904646231 347.699972683 59.897125032 347.715258625 59.912869058,347.6919256195755,59.90880251468743,JWST,IR,JWST,CAOM,F200W,Maki,"Peek, Joshua",8527,NIRCAM,POLYGON ICRS 347.668718 59.904647 347.699983 59.897123 347.715271 59.912867 347.683700 59.920510,60899.73720773148,60899.74205418982,418.734,The 3D Interstellar Medium at Milliparsec Scales: Pathbreaking Observations of Cas A Thermal Light Echoes,61264.98983796296,GO,NC.F200W,2026-08-12 23:45:22.000,2025-08-12 17:41:34.748,mast:JWST/product/jw08527002001_03101_00001_nrcb1_rate.fits,mast:JWST/product/jw08527002001_03101_00001_nrcb1_rate.fits
239395081,jw08527002001_03101_00001_nrca1_cal.fits,jw08527002001_03101_00001,2b,01,NRCA1_FULL,jw08527_20260706t022244_pool.csv,jw08527-o002_20260706t022244_image2_00040_asn.json,176.44120187032968,60899.74409731706,f,60899.74167396642,60899.73925061576,GO,,29,f,/Date(1783321006700)/,61227.28942939815,/Date(1755020913546)/,60899.74205493055,/Date(1755020494812)/,60899.7372084838,NRCA1,0,0,418.734,418.734,418.734,OK,NRC_IMAGE,1,60899.74205493055,60899.73963170139,1,PRIME,60899.73720847222,-1,4,N1DG041218,1,59.98832659930142,13.2753791809082,1,347.7000453179647,/Date(1755020252363)/,60899.73440234954,/Date(1755020010699)/,60899.73160532407,0.113623813,0.01480628456920385,0.123887494,178.0500935157761,60899.744115938396,f,60899.7416925878,60899.739269237194,NIRCAM,f,,0.0,,,0.0,4,4,8,1,1,0,1,4,60901.177129282405,V08527002001P0000000003101,2,RepeatedMaki-Epoch2,STSCI,FINEGUIDE,"Peek, Joshua",NRCBS_FULL,PRDOPSSOC-073,8527,59.921861111111106,347.67499999999995,60897.091482337964,SHALLOW4,481,"Gas, Dust and the ISM",2026_1b,1,2,FULL,,2048,2048,1,1,59.921861111111106,347.675,Maki,f,Maki-Repeated,FIXED,0.1,0.1,JWST,NIRCam Imaging,10.73677,53.684,UTC,The 3D Interstellar Medium at Milliparsec Scales: Pathbreaking Observations of Cas A Thermal Light Echoes,10,f,1,08527002001,/Date(1755022516424)/,60899.76060674769,03,SUCCESSFUL,PRIME_TARGETED_FIXED,/Date(1755017089230)/,60899.69779201389,-8.8200246,8.8200004,t,ImageModel,f,/Date(1755020494812)/,60899.7372084838,RepeatedMaki -- Sequence,0.0,2025224T204950921_001_osf.xml,1,,INTRAMODULEX,f,CALCULATED_TRACK_TR_202111,10.3,205.2954215453981,59.95369817516105,347.59589638179574,f,ISM,Interstellar clouds; Interstellar dust; Interstellar molecules,GSC32,0.06539970821944331,0.5386477845413545,375.787,POLYGON ICRS 347.563245 59.950845 347.595111 59.943444 347.610239 59.959606 347.577892 59.967072,2.0.1,RELEASE,jwst_1535.pmap,13.1.13,,,,,,,,,117570240,292c0a8baa0adeabb0e6bf782e6eb676,/Date(1783321255599)/,61227.292310185185,/Date(1783321316475)/,61227.29301476852,68,/Date(1786578343000)/,61264.99008101852,False,False,False,6507931,"GO-8527 Peek, Joshua",F200W-CLEAR,NIRCAM-F200W,4,1,4,SHORT,0,0,0,0,0,0,NULL,NULL,NULL,0,0,0,0,0,0,A,f,CLEAR,STANDARD,4,,,,,POLYGON ICRS  347.577738644 59.967030651 347.563136392 59.950786576 347.595055738 59.943413553 347.610152469 59.959589263,347.5866452940671,59.955259028599166,JWST,IR,JWST,CAOM,F200W,Maki,"Peek, Joshua",8527,NIRCAM,POLYGON ICRS 347.563245 59.950845 347.595111 59.943444 347.610239 59.959606 347.577892 59.967072,60899.73720847222,60899.74205493055,418.734,The 3D Interstellar Medium at Milliparsec Scales: Pathbreaking Observations of Cas A Thermal Light Echoes,61264.99008101852,GO,NC.F200W,2026-08-12 23:45:43.000,2025-08-12 17:41:34.812,mast:JWST/product/jw08527002001_03101_00001_nrca1_rate.fits,mast:JWST/product/jw08527002001_03101_00001_nrca1_rate.fits
239395151,jw08527002001_03101_00001_nrcalong_cal.fits,jw08527002001_03101_00001,2b,01,NRCA5_FULL,jw08527_20260706t022244_pool.csv,jw08527-o002_20260706t022244_image2_00036_asn.json,176.44120187032968,60899.74409731706,f,60899.74167396642,60899.73925061576,GO,,29,f,/Date(1783321024726)/,61227.28963803241,/Date(1755020913546)/,60899.74205493055,/Date(1755020494812)/,60899.7372084838,NRCALONG,0,0,418.734,418.734,418.734,OK,NRC_IMAGE,1,60899.74205493055,60899.73963170139,1,PRIME,60899.73720847222,-1,4,N1DG041218,1,59.98832659930142,13.2753791809082,1,347.7000453179647,/Date(1755020252363)/,60899.73440234954,/Date(1755020010699)/,60899.73160532407,0.113623813,0.01480628456920385,0.123887494,178.0500935157761,60899.744115938396,f,60899.7416925878,60899.739269237194,NIRCAM,f,,0.0,,,0.0,4,4,8,1,1,0,1,4,60901.177129282405,V08527002001P0000000003101,2,RepeatedMaki-Epoch2,STSCI,FINEGUIDE,"Peek, Joshua",NRCBS_FULL,PRDOPSSOC-073,8527,59.921861111111106,347.67499999999995,60897.091482337964,SHALLOW4,485,"Gas, Dust and the ISM",2026_1b,1,2,FULL,,2048,2048,1,1,59.921861111111106,347.675,Maki,f,Maki-Repeated,FIXED,0.1,0.1,JWST,NIRCam Imaging,10.73677,53.684,UTC,The 3D Interstellar Medium at Milliparsec Scales: Pathbreaking Observations of Cas A Thermal Light Echoes,10,f,1,08527002001,/Date(1755022516424)/,60899.76060674769,03,SUCCESSFUL,PRIME_TARGETED_FIXED,/Date(1755017089230)/,60899.69779201389,-8.8200246,8.8200004,t,ImageModel,f,/Date(1755020494812)/,60899.7372084838,RepeatedMaki -- Sequence,0.0,2025224T204950921_001_osf.xml,1,,INTRAMODULEX,f,CALCULATED_TRACK_TR_202111,10.3,205.2954215453981,59.941054561964556,347.60525249371176,f,ISM,Interstellar clouds; Interstellar dust; Interstellar molecules,GSC32,0.0835824018085725,0.586865960778272,375.787,POLYGON ICRS 347.548759 59.933861 347.612594 59.918700 347.644106 59.951204 347.578503 59.966490,2.0.1,RELEASE,jwst_1535.pmap,13.1.13,,,,,,,,,117573120,0eecd118e561a9ef191ac794cb85a9bb,/Date(1783321261325)/,61227.29237645833,/Date(1783321321724)/,61227.293075497684,68,/Date(1786578320000)/,61264.98981481481,False,False,False,6507931,"GO-8527 Peek, Joshua",F444W-CLEAR,NIRCAM-F444W,4,1,4,LONG,0,0,0,0,0,0,NULL,NULL,NULL,0,0,0,0,0,0,A,f,CLEAR,STANDARD,4,,,,,POLYGON ICRS  347.578341415 59.966434556 347.548704337 59.933772186 347.612608086 59.918669818 347.644063806 59.951194009,347.5960908358672,59.942619216085575,JWST,IR,JWST,CAOM,F444W,Maki,"Peek, Joshua",8527,NIRCAM,POLYGON ICRS 347.548759 59.933861 347.612594 59.918700 347.644106 59.951204 347.578503 59.966490,60899.73720847222,60899.74205493055,418.734,The 3D Interstellar Medium at Milliparsec Scales: Pathbreaking Observations of Cas A Thermal Light Echoes,61264.98981481481,GO,NC.F444W,2026-08-12 23:45:20.000,2025-08-12 17:41:34.812,mast:JWST/product/jw08527002001_03101_00001_nrcalong_rate.fits,mast:JWST/product/jw08527002001_03101_00001_nrcalong_rate.fits
239406300,jw08527010001_02101_00001_nrcalong_cal.fits,jw08527010001_02101_00001,2b,01,NRCA5_FULL,jw08527_20260706t022244_pool.csv,jw08527-o010_20260706t022244_image2_00036_asn.json,193.75180879142135,60899.78125913608,f,60899.77883577642,60899.776412416766,GO,,29,f,/Date(1783322191760)/,61227.30314537037,/Date(1755024107015)/,60899.779016388886,/Date(1755023688281)/,60899.77416990741,NRCALONG,0,0,418.734,418.734,418.734,OK,NRC_IMAGE,2,60899.77901637732,60899.77659314815,1,PRIME,60899.77416991898,-1,4,N1D8004708,1,56.91807973078942,13.64606666564941,1,350.7651268502095,/Date(1755023432903)/,60899.771214155095,/Date(1755023191240)/,60899.76841712963,0.0164924618,0.01236101519316435,0.0174978916,195.4862039303407,60899.781279209994,f,60899.77885585039,60899.776432490784,NIRCAM,f,,0.0,,,0.0,4,4,8,1,1,0,1,4,60901.177129282405,V08527010001P0000000002101,10,RepeatedLuna-Epoch2,STSCI,FINEGUIDE,"Peek, Joshua",NRCBS_FULL,PRDOPSSOC-073,8527,56.83083333333334,350.86249999999995,60897.091482337964,SHALLOW4,485,"Gas, Dust and the ISM",2026_1b,1,2,FULL,,2048,2048,1,1,56.83083333333334,350.8625,Luna,f,Luna-Repeated,FIXED,0.1,0.1,JWST,NIRCam Imaging,10.73677,53.684,UTC,The 3D Interstellar Medium at Milliparsec Scales: Pathbreaking Observations of Cas A Thermal Light Echoes,10,f,1,08527010001,/Date(1755025749189)/,60899.79802303241,02,SUCCESSFUL,PRIME_TARGETED_FIXED,/Date(1755022520520)/,60899.76065416667,-8.8200246,8.8200004,t,ImageModel,f,/Date(1755023688281)/,60899.77416990741,RepeatedLuna -- Sequence,0.0,2025224T210026347_001_osf.xml,1,,INTRAMODULEX,f,CALCULATED_TRACK_TR_202111,10.3,208.5588581432221,56.85226612971358,350.800669000329,f,ISM,Interstellar clouds; Interstellar dust; Interstellar molecules,GSC32,0.10329031244603787,0.5652946714091248,375.787,POLYGON ICRS 350.748294 56.846416 350.805097 56.829458 350.837299 56.861010 350.778892 56.878143,2.0.1,RELEASE,jwst_1535.pmap,13.1.13,,,,,,,,,117573120,19925ce41afb73696c9404e1718e754f,/Date(1783322378782)/,61227.30530998843,/Date(1783322404226)/,61227.30560446759,68,/Date(1786578560000)/,61264.99259259259,False,False,False,6508191,"GO-8527 Peek, Joshua",F444W-CLEAR,NIRCAM-F444W,4,1,4,LONG,0,0,0,0,0,0,NULL,NULL,NULL,0,0,0,0,0,0,A,f,CLEAR,STANDARD,4,,,,,POLYGON ICRS  350.778910541 56.878178092 350.748286239 56.846447421 350.805101152 56.829485318 350.837364159 56.861026344,350.79249306015475,56.85380924720595,JWST,IR,JWST,CAOM,F444W,Luna,"Peek, Joshua",8527,NIRCAM,POLYGON ICRS 350.748294 56.846416 350.805097 56.829458 350.837299 56.861010 350.778892 56.878143,60899.77416991898,60899.77901637732,418.734,The 3D Interstellar Medium at Milliparsec Scales: Pathbreaking Observations of Cas A Thermal Light Echoes,61264.99259259259,GO,NC.F444W,2026-08-12 23:49:20.000,2025-08-12 18:34:48.281,mast:JWST/product/jw08527010001_02101_00001_nrcalong_rate.fits,mast:JWST/product/jw08527010001_02101_00001_nrcalong_rate.fits
239406024,jw08527010001_02101_00001_nrca1_cal.fits,jw08527010001_02101_00001,2b,01,NRCA1_FULL,jw08527_20260706t022244_pool.csv,jw08527-o010_20260706t022244_image2_00040_asn.json,193.75181256327778,60899.78125987686,f,60899.77883651721,60899.77641315755,GO,,29,f,/Date(1783322153432)/,61227.30270177083,/Date(1755024107079)/,60899.77901712963,/Date(1755023688345)/,60899.7741706713,NRCA1,0,0,418.734,418.734,418.734,OK,NRC_IMAGE,2,60899.77901711805,60899.77659388889,1,PRIME,60899.77417065972,-1,4,N1D8004708,1,56.91807973078942,13.64606666564941,1,350.7651268502095,/Date(1755023432903)/,60899.771214155095,/Date(1755023191240)/,60899.76841712963,0.0164924618,0.01236101519316435,0.0174978916,195.4862070735544,60899.78127995077,f,60899.77885659117,60899.776433231564,NIRCAM,f,,0.0,,,0.0,4,4,8,1,1,0,1,4,60901.177129282405,V08527010001P0000000002101,10,RepeatedLuna-Epoch2,STSCI,FINEGUIDE,"Peek, Joshua",NRCBS_FULL,PRDOPSSOC-073,8527,56.83083333333334,350.86249999999995,60897.091482337964,SHALLOW4,481,"Gas, Dust and the ISM",2026_1b,1,2,FULL,,2048,2048,1,1,56.83083333333334,350.8625,Luna,f,Luna-Repeated,FIXED,0.1,0.1,JWST,NIRCam Imaging,10.73677,53.684,UTC,The 3D Interstellar Medium at Milliparsec Scales: Pathbreaking Observations of Cas A Thermal Light Echoes,10,f,1,08527010001,/Date(1755025749189)/,60899.79802303241,02,SUCCESSFUL,PRIME_TARGETED_FIXED,/Date(1755022520520)/,60899.76065416667,-8.8200246,8.8200004,t,ImageModel,f,/Date(1755023688345)/,60899.7741706713,RepeatedLuna -- Sequence,0.0,2025224T210026347_001_osf.xml,1,,INTRAMODULEX,f,CALCULATED_TRACK_TR_202111,10.3,208.5588581432221,56.8651636739165,350.79347538422604,f,ISM,Interstellar clouds; Interstellar dust; Interstellar molecules,GSC32,0.058554630542863015,0.5386477845413545,375.787,POLYGON ICRS 350.763309 56.862959 350.791682 56.854660 350.807200 56.870365 350.778393 56.878742,2.0.1,RELEASE,jwst_1535.pmap,13.1.13,,,,,,,,,117573120,ef7e5b3bdc688fb7a2f09da785237f05,/Date(1783322325152)/,61227.30468927083,/Date(1783322374879)/,61227.305264814815,68,/Date(1786578580000)/,61264.99282407408,False,False,False,6508191,"GO-8527 Peek, Joshua",F070W-CLEAR,NIRCAM-F070W,4,1,4,SHORT,0,0,0,0,0,0,NULL,NULL,NULL,0,0,0,0,0,0,A,f,CLEAR,STANDARD,4,,,,,POLYGON ICRS  350.778433507 56.878747538 350.763328255 56.862961654 350.791724099 56.854660167 350.807270666 56.870364041,350.78516944260065,56.8666980582405,JWST,IR,JWST,CAOM,F070W,Luna,"Peek, Joshua",8527,NIRCAM,POLYGON ICRS 350.763309 56.862959 350.791682 56.854660 350.807200 56.870365 350.778393 56.878742,60899.77417065972,60899.77901711805,418.734,The 3D Interstellar Medium at Milliparsec Scales: Pathbreaking Observations of Cas A Thermal Light Echoes,61264.99282407408,GO,NC.F070W,2026-08-12 23:49:40.000,2025-08-12 18:34:48.345,mast:JWST/product/jw08527010001_02101_00001_nrca1_rate.fits,mast:JWST/product/jw08527010001_02101_00001_nrca1_rate.fits
239405634,jw08527010001_02101_00001_nrcb1_cal.fits,jw08527010001_02101_00001,2b,01,NRCB1_FULL,jw08527_20260706t022244_pool.csv,jw08527-o010_20260706t022244_image2_00035_asn.json,193.75181256327778,60899.78125987686,f,60899.77883651721,60899.77641315755,GO,,29,f,/Date(1783321983917)/,61227.30073976852,/Date(1755024107079)/,60899.77901712963,/Date(1755023688345)/,60899.7741706713,NRCB1,0,0,418.734,418.734,418.734,OK,NRC_IMAGE,2,60899.77901711805,60899.77659388889,1,PRIME,60899.77417065972,1,4,N1D8004708,1,56.91807973078942,13.64606666564941,1,350.7651268502095,/Date(1755023432903)/,60899.771214155095,/Date(1755023191240)/,60899.76841712963,0.0164924618,0.01236101519316435,0.0174978916,195.4862070735544,60899.78127995077,f,60899.77885659117,60899.776433231564,NIRCAM,f,,0.0,,,0.0,4,4,8,1,1,0,1,4,60901.177129282405,V08527010001P0000000002101,10,RepeatedLuna-Epoch2,STSCI,FINEGUIDE,"Peek, Joshua",NRCBS_FULL,PRDOPSSOC-073,8527,56.83083333333334,350.86249999999995,60897.091482337964,SHALLOW4,486,"Gas, Dust and the ISM",2026_1b,1,-2,FULL,,2048,2048,1,1,56.83083333333334,350.8625,Luna,f,Luna-Repeated,FIXED,0.1,0.1,JWST,NIRCam Imaging,10.73677,53.684,UTC,The 3D Interstellar Medium at Milliparsec Scales: Pathbreaking Observations of Cas A Thermal Light Echoes,10,f,1,08527010001,/Date(1755025749189)/,60899.79802303241,02,SUCCESSFUL,PRIME_TARGETED_FIXED,/Date(1755022520520)/,60899.76065416667,-8.8200246,8.8200004,t,ImageModel,f,/Date(1755023688345)/,60899.7741706713,RepeatedLuna -- Sequence,0.0,2025224T210026347_001_osf.xml,1,,INTRAMODULEX,f,CALCULATED_TRACK_TR_202111,10.3,208.5588581432221,56.8158140521632,350.884821213944,f,ISM,Interstellar clouds; Interstellar dust; Interstellar molecules,GSC32,0.05343335266675251,0.5189798442341909,375.787,POLYGON ICRS 350.854964 56.813826 350.882774 56.805422 350.898395 56.820705 350.870316 56.829236,2.0.1,RELEASE,jwst_1535.pmap,13.1.13,,,,,,,,,117573120,4dfbc4270b077605d3eb76a1f812fad5,/Date(1783322285535)/,61227.30423074074,/Date(1783322330286)/,61227.30474868056,68,/Date(1786578561000)/,61264.99260416667,False,False,False,6508191,"GO-8527 Peek, Joshua",F070W-CLEAR,NIRCAM-F070W,4,1,4,SHORT,0,0,0,0,0,0,NULL,NULL,NULL,0,0,0,0,0,0,B,f,CLEAR,STANDARD,4,,,,,POLYGON ICRS  350.870304618 56.829248198 350.854918284 56.813850954 350.882688795 56.805425228 350.898350649 56.820692123,350.87662101028485,56.81731277142478,JWST,IR,JWST,CAOM,F070W,Luna,"Peek, Joshua",8527,NIRCAM,POLYGON ICRS 350.854964 56.813826 350.882774 56.805422 350.898395 56.820705 350.870316 56.829236,60899.77417065972,60899.77901711805,418.734,The 3D Interstellar Medium at Milliparsec Scales: Pathbreaking Observations of Cas A Thermal Light Echoes,61264.99260416667,GO,NC.F070W,2026-08-12 23:49:21.000,2025-08-12 18:34:48.345,mast:JWST/product/jw08527010001_02101_00001_nrcb1_rate.fits,mast:JWST/product/jw08527010001_02101_00001_nrcb1_rate.fits
239405655,jw08527010001_02101_00001_nrcblong_cal.fits,jw08527010001_02101_00001,2b,01,NRCB5_FULL,jw08527_20260706t022244_pool.csv,jw08527-o010_20260706t022244_image2_00031_asn.json,193.75181256327778,60899.78125987686,f,60899.77883651721,60899.77641315755,GO,,29,f,/Date(1783322026113)/,61227.301228159726,/Date(1755024107079)/,60899.77901712963,/Date(1755023688345)/,60899.7741706713,NRCBLONG,0,0,418.734,418.734,418.734,OK,NRC_IMAGE,2,60899.77901711805,60899.77659388889,1,PRIME,60899.77417065972,1,4,N1D8004708,1,56.91807973078942,13.64606666564941,1,350.7651268502095,/Date(1755023432903)/,60899.771214155095,/Date(1755023191240)/,60899.76841712963,0.0164924618,0.01236101519316435,0.0174978916,195.4862070735544,60899.78127995077,f,60899.77885659117,60899.776433231564,NIRCAM,f,,0.0,,,0.0,4,4,8,1,1,0,1,4,60901.177129282405,V08527010001P0000000002101,10,RepeatedLuna-Epoch2,STSCI,FINEGUIDE,"Peek, Joshua",NRCBS_FULL,PRDOPSSOC-073,8527,56.83083333333334,350.86249999999995,60897.091482337964,SHALLOW4,490,"Gas, Dust and the ISM",2026_1b,1,-2,FULL,,2048,2048,1,1,56.83083333333334,350.8625,Luna,f,Luna-Repeated,FIXED,0.1,0.1,JWST,NIRCam Imaging,10.73677,53.684,UTC,The 3D Interstellar Medium at Milliparsec Scales: Pathbreaking Observations of Cas A Thermal Light Echoes,10,f,1,08527010001,/Date(1755025749189)/,60899.79802303241,02,SUCCESSFUL,PRIME_TARGETED_FIXED,/Date(1755022520520)/,60899.76065416667,-8.8200246,8.8200004,t,ImageModel,f,/Date(1755023688345)/,60899.7741706713,RepeatedLuna -- Sequence,0.0,2025224T210026347_001_osf.xml,1,,INTRAMODULEX,f,CALCULATED_TRACK_TR_202111,10.3,208.5588581432221,56.828415752557895,350.87830336368023,f,ISM,Interstellar clouds; Interstellar dust; Interstellar molecules,GSC32,0.10564031408790027,0.6629999232576155,375.787,POLYGON ICRS 350.825798 56.822566 350.882781 56.805679 350.914884 56.837018 350.856746 56.854558,2.0.1,RELEASE,jwst_1535.pmap,13.1.13,,,,,,,,,117573120,623f4c283e9132758339566ca0671972,/Date(1783322287127)/,61227.30424914352,/Date(1783322332883)/,61227.30477873843,68,/Date(1786578541000)/,61264.992372685185,False,False,False,6508191,"GO-8527 Peek, Joshua",F444W-CLEAR,NIRCAM-F444W,4,1,4,LONG,0,0,0,0,0,0,NULL,NULL,NULL,0,0,0,0,0,0,B,f,CLEAR,STANDARD,4,,,,,POLYGON ICRS  350.856807342 56.854565061 350.825784239 56.822589531 350.882704938 56.805661228 350.914916691 56.836967495,350.87007983084334,56.83002975515811,JWST,IR,JWST,CAOM,F444W,Luna,"Peek, Joshua",8527,NIRCAM,POLYGON ICRS 350.825798 56.822566 350.882781 56.805679 350.914884 56.837018 350.856746 56.854558,60899.77417065972,60899.77901711805,418.734,The 3D Interstellar Medium at Milliparsec Scales: Pathbreaking Observations of Cas A Thermal Light Echoes,61264.992372685185,GO,NC.F444W,2026-08-12 23:49:01.000,2025-08-12 18:34:48.345,mast:JWST/product/jw08527010001_02101_00001_nrcblong_rate.fits,mast:JWST/product/jw08527010001_02101_00001_nrcblong_rate.fits
239401903,jw08527018001_02101_00001_nrcb1_cal.fits,jw08527018001_02101_00001,2b,01,NRCB1_FULL,jw08527_20260706t022244_pool.csv,jw08527-o018_20260706t022244_image2_00035_asn.json,184.89699172787368,60899.82204770924,f,60899.81962435227,60899.817200995276,GO,,29,f,/Date(1783321503441)/,61227.2951787037,/Date(1755027640003)/,60899.81990744213,/Date(1755027221269)/,60899.815060995374,NRCB1,0,0,418.734,418.734,418.734,OK,NRC_IMAGE,2,60899.81990744213,60899.81748421297,1,PRIME,60899.8150609838,1,4,N1D1017004,1,58.30184228311934,12.91799068450928,1,350.1686746668543,/Date(1755027003588)/,60899.81254150463,/Date(1755026763972)/,60899.80976820602,0.0201552734,0.01013908814638853,0.0214788131,186.59573402255774,60899.822067370515,f,60899.81964401358,60899.817220656645,NIRCAM,f,,0.0,,,0.0,4,4,8,1,1,0,1,4,60901.177129282405,V08527018001P0000000002101,18,RepeatedGreebo-Epoch2,STSCI,FINEGUIDE,"Peek, Joshua",NRCBS_FULL,PRDOPSSOC-073,8527,58.20111111111111,350.25,60897.091482337964,SHALLOW4,486,"Gas, Dust and the ISM",2026_1b,1,-2,FULL,,2048,2048,1,1,58.20111111111111,350.25,Greebo,f,Greebo-Repeated,FIXED,0.1,0.1,JWST,NIRCam Imaging,10.73677,53.684,UTC,The 3D Interstellar Medium at Milliparsec Scales: Pathbreaking Observations of Cas A Thermal Light Echoes,10,f,1,08527018001,/Date(1755029272770)/,60899.83880520833,02,SUCCESSFUL,PRIME_TARGETED_FIXED,/Date(1755025753285)/,60899.798070439814,-8.8200246,8.8200004,t,ImageModel,f,/Date(1755027221269)/,60899.815060995374,RepeatedGreebo -- Sequence,-0.02672298694574264,2025224T215048913_001_osf.xml,1,,INTRAMODULEX,f,CALCULATED_TRACK_TR_202111,10.3,207.7905512378008,58.18616931778125,350.2735877927548,f,ISM,Interstellar clouds; Interstellar dust; Interstellar molecules,GSC32,0.06688939608528913,0.5671980204711083,375.787,POLYGON ICRS 350.242608 58.184051 350.271695 58.175851 350.287523 58.191247 350.258155 58.199571,2.0.1,RELEASE,jwst_1535.pmap,13.1.13,,,,,,,,,117573120,a86785afb73995b8574a10af4fa95697,/Date(1783321905920)/,61227.29983703704,/Date(1783321945833)/,61227.300298993054,68,/Date(1786579640000)/,61265.00509259259,False,False,False,6508462,"GO-8527 Peek, Joshua",F200W-CLEAR,NIRCAM-F200W,4,1,4,SHORT,0,0,0,0,0,0,NULL,NULL,NULL,0,0,0,0,0,0,B,f,CLEAR,STANDARD,4,,,,,POLYGON ICRS  350.258144449 58.199567630 350.242565960 58.184055920 350.271615156 58.175836056 350.287484714 58.191218826,350.2650039338611,58.18769547627884,JWST,IR,JWST,CAOM,F200W,Greebo,"Peek, Joshua",8527,NIRCAM,POLYGON ICRS 350.242608 58.184051 350.271695 58.175851 350.287523 58.191247 350.258155 58.199571,60899.8150609838,60899.81990744213,418.734,The 3D Interstellar Medium at Milliparsec Scales: Pathbreaking Observations of Cas A Thermal Light Echoes,61265.00509259259,GO,NC.F200W,2026-08-13 00:07:20.000,2025-08-12 19:33:41.269,mast:JWST/product/jw08527018001_02101_00001_nrcb1_rate.fits,mast:JWST/product/jw08527018001_02101_00001_nrcb1_rate.fits
239401885,jw08527018001_02101_00001_nrcalong_cal.fits,jw08527018001_02101_00001,2b,01,NRCA5_FULL,jw08527_20260706t022244_pool.csv,jw08527-o018_20260706t022244_image2_00036_asn.json,184.89699172787368,60899.82204770924,f,60899.81962435227,60899.817200995276,GO,,29,f,/Date(1783321492743)/,61227.29505489583,/Date(1755027640003)/,60899.81990744213,/Date(1755027221269)/,60899.815060995374,NRCALONG,0,0,418.734,418.734,418.734,OK,NRC_IMAGE,2,60899.81990744213,60899.81748421297,1,PRIME,60899.8150609838,-1,4,N1D1017004,1,58.30184228311934,12.91799068450928,1,350.1686746668543,/Date(1755027003588)/,60899.81254150463,/Date(1755026763972)/,60899.80976820602,0.0201552734,0.01013908814638853,0.0214788131,186.59573402255774,60899.822067370515,f,60899.81964401358,60899.817220656645,NIRCAM,f,,0.0,,,0.0,4,4,8,1,1,0,1,4,60901.177129282405,V08527018001P0000000002101,18,RepeatedGreebo-Epoch2,STSCI,FINEGUIDE,"Peek, Joshua",NRCBS_FULL,PRDOPSSOC-073,8527,58.20111111111111,350.25,60897.091482337964,SHALLOW4,485,"Gas, Dust and the ISM",2026_1b,1,2,FULL,,2048,2048,1,1,58.20111111111111,350.25,Greebo,f,Greebo-Repeated,FIXED,0.1,0.1,JWST,NIRCam Imaging,10.73677,53.684,UTC,The 3D Interstellar Medium at Milliparsec Scales: Pathbreaking Observations of Cas A Thermal Light Echoes,10,f,1,08527018001,/Date(1755029272770)/,60899.83880520833,02,SUCCESSFUL,PRIME_TARGETED_FIXED,/Date(1755025753285)/,60899.798070439814,-8.8200246,8.8200004,t,ImageModel,f,/Date(1755027221269)/,60899.815060995374,RepeatedGreebo -- Sequence,-0.02672298694574264,2025224T215048913_001_osf.xml,1,,INTRAMODULEX,f,CALCULATED_TRACK_TR_202111,10.3,207.7905512378008,58.22198964513306,350.1852777557401,f,ISM,Interstellar clouds; Interstellar dust; Interstellar molecules,GSC32,0.09866009862791913,0.5621224229724855,375.787,POLYGON ICRS 350.131035 58.215855 350.190440 58.199315 350.223068 58.231100 350.161995 58.247803,2.0.1,RELEASE,jwst_1535.pmap,13.1.13,,,,,,,,,117573120,9997efb46f7b154e5e90f3503aacda29,/Date(1783321906364)/,61227.29984216435,/Date(1783321944431)/,61227.30028275463,68,/Date(1786579657000)/,61265.00528935185,False,False,False,6508462,"GO-8527 Peek, Joshua",F444W-CLEAR,NIRCAM-F444W,4,1,4,LONG,0,0,0,0,0,0,NULL,NULL,NULL,0,0,0,0,0,0,A,f,CLEAR,STANDARD,4,,,,,POLYGON ICRS  350.161988270 58.247826704 350.131020892 58.215869311 350.190446073 58.199334712 350.223122829 58.231113985,350.176734352412,58.22357139854387,JWST,IR,JWST,CAOM,F444W,Greebo,"Peek, Joshua",8527,NIRCAM,POLYGON ICRS 350.131035 58.215855 350.190440 58.199315 350.223068 58.231100 350.161995 58.247803,60899.8150609838,60899.81990744213,418.734,The 3D Interstellar Medium at Milliparsec Scales: Pathbreaking Observations of Cas A Thermal Light Echoes,61265.00528935185,GO,NC.F444W,2026-08-13 00:07:37.000,2025-08-12 19:33:41.269,mast:JWST/product/jw08527018001_02101_00001_nrcalong_rate.fits,mast:JWST/product/jw08527018001_02101_00001_nrcalong_rate.fits
239401682,jw08527018001_02101_00001_nrcblong_cal.fits,jw08527018001_02101_00001,2b,01,NRCB5_FULL,jw08527_20260706t022244_pool.csv,jw08527-o018_20260706t022244_image2_00031_asn.json,184.89699172787368,60899.82204770924,f,60899.81962435227,60899.817200995276,GO,,29,f,/Date(1783321496658)/,61227.29510018518,/Date(1755027640003)/,60899.81990744213,/Date(1755027221269)/,60899.815060995374,NRCBLONG,0,0,418.734,418.734,418.734,OK,NRC_IMAGE,2,60899.81990744213,60899.81748421297,1,PRIME,60899.8150609838,1,4,N1D1017004,1,58.30184228311934,12.91799068450928,1,350.1686746668543,/Date(1755027003588)/,60899.81254150463,/Date(1755026763972)/,60899.80976820602,0.0201552734,0.01013908814638853,0.0214788131,186.59573402255774,60899.822067370515,f,60899.81964401358,60899.817220656645,NIRCAM,f,,0.0,,,0.0,4,4,8,1,1,0,1,4,60901.177129282405,V08527018001P0000000002101,18,RepeatedGreebo-Epoch2,STSCI,FINEGUIDE,"Peek, Joshua",NRCBS_FULL,PRDOPSSOC-073,8527,58.20111111111111,350.25,60897.091482337964,SHALLOW4,490,"Gas, Dust and the ISM",2026_1b,1,-2,FULL,,2048,2048,1,1,58.20111111111111,350.25,Greebo,f,Greebo-Repeated,FIXED,0.1,0.1,JWST,NIRCam Imaging,10.73677,53.684,UTC,The 3D Interstellar Medium at Milliparsec Scales: Pathbreaking Observations of Cas A Thermal Light Echoes,10,f,1,08527018001,/Date(1755029272770)/,60899.83880520833,02,SUCCESSFUL,PRIME_TARGETED_FIXED,/Date(1755025753285)/,60899.798070439814,-8.8200246,8.8200004,t,ImageModel,f,/Date(1755027221269)/,60899.815060995374,RepeatedGreebo -- Sequence,-0.02672298694574264,2025224T215048913_001_osf.xml,1,,INTRAMODULEX,f,CALCULATED_TRACK_TR_202111,10.3,207.7905512378008,58.19872130326004,350.2664955943288,f,ISM,Interstellar clouds; Interstellar dust; Interstellar molecules,GSC32,0.09536032580412693,0.6915501591873693,375.787,POLYGON ICRS 350.212106 58.192575 350.271696 58.176108 350.304228 58.207679 350.243422 58.224791,2.0.1,RELEASE,jwst_1535.pmap,13.1.13,,,,,,,,,117573120,3f80927cedeca4bf015987cc1ed08b81,/Date(1783321876310)/,61227.299494328705,/Date(1783321927120)/,61227.300082407404,68,/Date(1786579614000)/,61265.004791666666,False,False,False,6508462,"GO-8527 Peek, Joshua",F444W-CLEAR,NIRCAM-F444W,4,1,4,LONG,0,0,0,0,0,0,NULL,NULL,NULL,0,0,0,0,0,0,B,f,CLEAR,STANDARD,4,,,,,POLYGON ICRS  350.243476862 58.224798447 350.212097546 58.192594245 350.271628108 58.176092297 350.304261888 58.207635390,350.2578897074025,58.20036299310994,JWST,IR,JWST,CAOM,F444W,Greebo,"Peek, Joshua",8527,NIRCAM,POLYGON ICRS 350.212106 58.192575 350.271696 58.176108 350.304228 58.207679 350.243422 58.224791,60899.8150609838,60899.81990744213,418.734,The 3D Interstellar Medium at Milliparsec Scales: Pathbreaking Observations of Cas A Thermal Light Echoes,61265.004791666666,GO,NC.F444W,2026-08-13 00:06:54.000,2025-08-12 19:33:41.269,mast:JWST/product/jw08527018001_02101_00001_nrcblong_rate.fits,mast:JWST/product/jw08527018001_02101_00001_nrcblong_rate.fits
239401736,jw08527018001_02101_00001_nrca1_cal.fits,jw08527018001_02101_00001,2b,01,NRCA1_FULL,jw08527_20260706t022244_pool.csv,jw08527-o018_20260706t022244_image2_00040_asn.json,184.8969954997301,60899.82204845003,f,60899.81962509304,60899.817201736056,GO,,29,f,/Date(1783321496738)/,61227.295101111114,/Date(1755027640067)/,60899.819908171296,/Date(1755027221333)/,60899.815061724534,NRCA1,0,0,418.734,418.734,418.734,OK,NRC_IMAGE,2,60899.81990818287,60899.8174849537,1,PRIME,60899.815061724534,-1,4,N1D1017004,1,58.30184228311934,12.91799068450928,1,350.1686746668543,/Date(1755027003588)/,60899.81254150463,/Date(1755026763972)/,60899.80976820602,0.0201552734,0.01013908814638853,0.0214788131,186.59573716577142,60899.822068111294,f,60899.81964475436,60899.81722139742,NIRCAM,f,,0.0,,,0.0,4,4,8,1,1,0,1,4,60901.177129282405,V08527018001P0000000002101,18,RepeatedGreebo-Epoch2,STSCI,FINEGUIDE,"Peek, Joshua",NRCBS_FULL,PRDOPSSOC-073,8527,58.20111111111111,350.25,60897.091482337964,SHALLOW4,481,"Gas, Dust and the ISM",2026_1b,1,2,FULL,,2048,2048,1,1,58.20111111111111,350.25,Greebo,f,Greebo-Repeated,FIXED,0.1,0.1,JWST,NIRCam Imaging,10.73677,53.684,UTC,The 3D Interstellar Medium at Milliparsec Scales: Pathbreaking Observations of Cas A Thermal Light Echoes,10,f,1,08527018001,/Date(1755029272770)/,60899.83880520833,02,SUCCESSFUL,PRIME_TARGETED_FIXED,/Date(1755025753285)/,60899.798070439814,-8.8200246,8.8200004,t,ImageModel,f,/Date(1755027221333)/,60899.815061724534,RepeatedGreebo -- Sequence,-0.02672298694574264,2025224T215048913_001_osf.xml,1,,INTRAMODULEX,f,CALCULATED_TRACK_TR_202111,10.3,207.7905512378008,58.23483213266917,350.17747377780364,f,ISM,Interstellar clouds; Interstellar dust; Interstellar molecules,GSC32,0.07221560121040653,0.5576812751611905,375.787,POLYGON ICRS 350.146203 58.232506 350.175871 58.224417 350.191582 58.240233 350.161462 58.248398,2.0.1,RELEASE,jwst_1535.pmap,13.1.13,,,,,,,,,117570240,e1608832b2b70efb78de81712f75ee93,/Date(1783321884566)/,61227.29958988426,/Date(1783321930512)/,61227.30012167824,68,/Date(1786579668000)/,61265.00541666667,False,False,False,6508462,"GO-8527 Peek, Joshua",F200W-CLEAR,NIRCAM-F200W,4,1,4,SHORT,0,0,0,0,0,0,NULL,NULL,NULL,0,0,0,0,0,0,A,f,CLEAR,STANDARD,4,,,,,POLYGON ICRS  350.161466855 58.248435810 350.146195999 58.232539180 350.175890919 58.224450612 350.191624062 58.240268013,350.16880327021914,58.236405294621974,JWST,IR,JWST,CAOM,F200W,Greebo,"Peek, Joshua",8527,NIRCAM,POLYGON ICRS 350.146203 58.232506 350.175871 58.224417 350.191582 58.240233 350.161462 58.248398,60899.815061724534,60899.81990818287,418.734,The 3D Interstellar Medium at Milliparsec Scales: Pathbreaking Observations of Cas A Thermal Light Echoes,61265.00541666667,GO,NC.F200W,2026-08-13 00:07:48.000,2025-08-12 19:33:41.333,mast:JWST/product/jw08527018001_02101_00001_nrca1_rate.fits,mast:JWST/product/jw08527018001_02101_00001_nrca1_rate.fits
246011335,jw03468051001_02101_00001_nrcb1_cal.fits,jw03468051001_02101_00001,2b,01,NRCB1_FULL,jw03468_20260725t020904_pool.csv,jw03468-o051_20260725t020904_image2_00075_asn.json,45.78448247630149,60901.90718600663,f,60901.90706173875,60901.90693747086,GO,,33,f,/Date(1784968740104)/,61246.3604178588,/Date(1755207935087)/,60901.906656087966,/Date(1755207913613)/,60901.90640755787,NRCB1,0,0,21.474,21.474,21.474,OK,NRC_IMAGE,1,60901.906656099534,60901.9065318287,1,PRIME,60901.90640755787,1,1,N4IH000316,0,55.44413125765189,13.27539825439453,1,250.3628504856072,/Date(1755207700400)/,60901.903939814816,/Date(1755207460784)/,60901.90116646991,0.01778894,0.01065072230994701,0.0176726989,44.886270188726485,60901.90717561066,f,60901.90705134277,60901.90692707489,NIRCAM,f,,0.0,/Date(946684800000)/,51544,0.0,8,1,2,1,1,0,1,4,60904.844001666665,V03468051001P0000000002101,51,imaging visit,STSCI,FINEGUIDE,"Goobar, Ariel",NRCALL_FULL,PRDOPSSOC-073,3468,55.51735,250.54778999999996,60901.18954273148,RAPID,486,Galaxies,2026_1b,1,-2,FULL,,2048,2048,1,1,55.51735,250.54779,AT2026mkn,t,AT2025mkn,FIXED,0.1,0.1,JWST,NIRCam Imaging,10.73677,10.737,UTC,Measuring the Hubble constant with the next multiple-imaged lensed supernova,10,f,1,03468051001,/Date(1755208823726)/,60901.91694127315,02,SUCCESSFUL,PRIME_TARGETED_FIXED,/Date(1755205853105)/,60901.88255909722,118.1002808,31.9000757,f,ImageModel,f,/Date(1755207913613)/,60901.90640755787,imaging,0.0,2025226T220439846_001_osf.xml,1,,INTRAMODULEBOX,f,CALCULATED_TRACK_TR_202111,10.3,111.3170199918282,55.52279063214884,250.5531242904471,f,Star,Type Ia supernovae,GSC32,,,10.737,POLYGON ICRS 250.558156 55.506451 250.569495 55.522605 250.540813 55.529156 250.529285 55.512841,2.0.1,RELEASE,jwst_1535.pmap,13.1.13,,,,,,,,,117573120,9193628282678a744165784db0b129ac,/Date(1784969413375)/,61246.36821037037,/Date(1784969638624)/,61246.37081739584,68,/Date(1786749111000)/,61266.9665625,False,False,False,6515597,"GO-3468 Goobar, Ariel",F200W-CLEAR,NIRCAM-F200W,2,2,4,SHORT,0,0,0,0,0,0,NULL,NULL,NULL,0,0,0,0,0,0,B,f,CLEAR,SMALL-GRID-DITHER,2,2,,,,POLYGON ICRS  250.529646547 55.512722622 250.558481523 55.506290507 250.569900950 55.522424431 250.541246771 55.529020953,250.549409138947,55.51776601609912,JWST,IR,JWST,CAOM,F200W,AT2026mkn,"Goobar, Ariel",3468,NIRCAM,POLYGON ICRS 250.558156 55.506451 250.569495 55.522605 250.540813 55.529156 250.529285 55.512841,60901.90640755787,60901.906656099534,21.474,Measuring the Hubble constant with the next multiple-imaged lensed supernova,61266.9665625,GO,NC.F200W,2026-08-14 23:11:51.000,2025-08-14 21:45:13.613,mast:JWST/product/jw03468051001_02101_00001_nrcb1_rate.fits,mast:JWST/product/jw03468051001_02101_00001_nrcb1_rate.fits
246009938,jw03468051001_02101_00001_nrcblong_cal.fits,jw03468051001_02101_00001,2b,01,NRCB5_FULL,jw03468_20260725t020904_pool.csv,jw03468-o051_20260725t020904_image2_00071_asn.json,45.78448059037328,60901.907186747354,f,60901.90706247947,60901.90693821158,GO,,33,f,/Date(1784968406773)/,61246.356559872685,/Date(1755207935151)/,60901.9066568287,/Date(1755207913677)/,60901.90640828704,NRCBLONG,0,0,21.474,21.474,21.474,OK,NRC_IMAGE,1,60901.90665684028,60901.90653256945,1,PRIME,60901.90640829861,1,1,N4IH000316,0,55.44413125765189,13.27539825439453,1,250.3628504856072,/Date(1755207700400)/,60901.903939814816,/Date(1755207460784)/,60901.90116646991,0.01778894,0.01065072230994701,0.0176726989,44.88626893144101,60901.907176351386,f,60901.9070520835,60901.90692781561,NIRCAM,f,,0.0,/Date(946684800000)/,51544,0.0,8,1,2,1,1,0,1,4,60904.844001666665,V03468051001P0000000002101,51,imaging visit,STSCI,FINEGUIDE,"Goobar, Ariel",NRCALL_FULL,PRDOPSSOC-073,3468,55.51735,250.54778999999996,60901.18954273148,RAPID,490,Galaxies,2026_1b,1,-2,FULL,,2048,2048,1,1,55.51735,250.54779,AT2026mkn,t,AT2025mkn,FIXED,0.1,0.1,JWST,NIRCam Imaging,10.73677,10.737,UTC,Measuring the Hubble constant with the next multiple-imaged lensed supernova,10,f,1,03468051001,/Date(1755208823726)/,60901.91694127315,02,SUCCESSFUL,PRIME_TARGETED_FIXED,/Date(1755205853105)/,60901.88255909722,118.1002808,31.9000757,f,ImageModel,f,/Date(1755207913677)/,60901.90640828704,imaging,0.0,2025226T220439846_001_osf.xml,1,,INTRAMODULEBOX,f,CALCULATED_TRACK_TR_202111,10.3,111.3170199918282,55.51767383330818,250.5318265880586,f,Star,Type Ia supernovae,GSC32,,,10.737,POLYGON ICRS 250.546698 55.489413 250.569345 55.522470 250.510523 55.535943 250.486872 55.502178,2.0.1,RELEASE,jwst_1535.pmap,13.1.13,,,,,,,,,117573120,c9c88305fd04d25dfc80486edb71d838,/Date(1784968989776)/,61246.36330759259,/Date(1784969203154)/,61246.3657772338,68,/Date(1786749109000)/,61266.96653935185,False,False,False,6515597,"GO-3468 Goobar, Ariel",F277W-CLEAR,NIRCAM-F277W,2,2,4,LONG,0,0,0,0,0,0,NULL,NULL,NULL,0,0,0,0,0,0,B,f,CLEAR,SMALL-GRID-DITHER,2,2,,,,POLYGON ICRS  250.486912890 55.502221084 250.546656204 55.489382255 250.569458248 55.522401330 250.510679575 55.535960068,250.52822569365227,55.512506492034866,JWST,IR,JWST,CAOM,F277W,AT2026mkn,"Goobar, Ariel",3468,NIRCAM,POLYGON ICRS 250.546698 55.489413 250.569345 55.522470 250.510523 55.535943 250.486872 55.502178,60901.90640829861,60901.90665684028,21.474,Measuring the Hubble constant with the next multiple-imaged lensed supernova,61266.96653935185,GO,NC.F277W,2026-08-14 23:11:49.000,2025-08-14 21:45:13.677,mast:JWST/product/jw03468051001_02101_00001_nrcblong_rate.fits,mast:JWST/product/jw03468051001_02101_00001_nrcblong_rate.fits
246011293,jw03468051001_02101_00001_nrca1_cal.fits,jw03468051001_02101_00001,2b,01,NRCA1_FULL,jw03468_20260725t020904_pool.csv,jw03468-o051_20260725t020904_image2_00080_asn.json,45.78448059037328,60901.907186747354,f,60901.90706247947,60901.90693821158,GO,,33,f,/Date(1784968726556)/,61246.360261064816,/Date(1755207935151)/,60901.9066568287,/Date(1755207913677)/,60901.90640828704,NRCA1,0,0,21.474,21.474,21.474,OK,NRC_IMAGE,1,60901.90665684028,60901.90653256945,1,PRIME,60901.90640829861,-1,1,N4IH000316,0,55.44413125765189,13.27539825439453,1,250.3628504856072,/Date(1755207700400)/,60901.903939814816,/Date(1755207460784)/,60901.90116646991,0.01778894,0.01065072230994701,0.0176726989,44.88626893144101,60901.907176351386,f,60901.9070520835,60901.90692781561,NIRCAM,f,,0.0,/Date(946684800000)/,51544,0.0,8,1,2,1,1,0,1,4,60904.844001666665,V03468051001P0000000002101,51,imaging visit,STSCI,FINEGUIDE,"Goobar, Ariel",NRCALL_FULL,PRDOPSSOC-073,3468,55.51735,250.54778999999996,60901.18954273148,RAPID,481,Galaxies,2026_1b,1,2,FULL,,2048,2048,1,1,55.51735,250.54779,AT2026mkn,t,AT2025mkn,FIXED,0.1,0.1,JWST,NIRCam Imaging,10.73677,10.737,UTC,Measuring the Hubble constant with the next multiple-imaged lensed supernova,10,f,1,03468051001,/Date(1755208823726)/,60901.91694127315,02,SUCCESSFUL,PRIME_TARGETED_FIXED,/Date(1755205853105)/,60901.88255909722,118.1002808,31.9000757,f,ImageModel,f,/Date(1755207913677)/,60901.90640828704,imaging,0.0,2025226T220439846_001_osf.xml,1,,INTRAMODULEBOX,f,CALCULATED_TRACK_TR_202111,10.3,111.3170199918282,55.46704745811649,250.47770677084014,f,Star,Type Ia supernovae,GSC32,,,10.737,POLYGON ICRS 250.484076 55.450219 250.495160 55.466664 250.465752 55.473107 250.454583 55.456416,2.0.1,RELEASE,jwst_1535.pmap,13.1.13,,,,,,,,,117567360,703e06ac62fb95d1a58155becd1e1efa,/Date(1784969406853)/,61246.36813487268,/Date(1784969617449)/,61246.37057233796,68,/Date(1786749129000)/,61266.966770833336,False,False,False,6515597,"GO-3468 Goobar, Ariel",F200W-CLEAR,NIRCAM-F200W,2,2,4,SHORT,0,0,0,0,0,0,NULL,NULL,NULL,0,0,0,0,0,0,A,f,CLEAR,SMALL-GRID-DITHER,2,2,,,,POLYGON ICRS  250.453959276 55.456680495 250.483390036 55.450457519 250.494510606 55.466891759 250.465155122 55.473362500,250.4748607456589,55.46161212813939,JWST,IR,JWST,CAOM,F200W,AT2026mkn,"Goobar, Ariel",3468,NIRCAM,POLYGON ICRS 250.484076 55.450219 250.495160 55.466664 250.465752 55.473107 250.454583 55.456416,60901.90640829861,60901.90665684028,21.474,Measuring the Hubble constant with the next multiple-imaged lensed supernova,61266.966770833336,GO,NC.F200W,2026-08-14 23:12:09.000,2025-08-14 21:45:13.677,mast:JWST/product/jw03468051001_02101_00001_nrca1_rate.fits,mast:JWST/product/jw03468051001_02101_00001_nrca1_rate.fits
246011242,jw03468051001_02101_00001_nrcalong_cal.fits,jw03468051001_02101_00001,2b,01,NRCA5_FULL,jw03468_20260725t020904_pool.csv,jw03468-o051_20260725t020904_image2_00076_asn.json,45.78448059037328,60901.907186747354,f,60901.90706247947,60901.90693821158,GO,,33,f,/Date(1784968722592)/,61246.36021519676,/Date(1755207935151)/,60901.9066568287,/Date(1755207913677)/,60901.90640828704,NRCALONG,0,0,21.474,21.474,21.474,OK,NRC_IMAGE,1,60901.90665684028,60901.90653256945,1,PRIME,60901.90640829861,-1,1,N4IH000316,0,55.44413125765189,13.27539825439453,1,250.3628504856072,/Date(1755207700400)/,60901.903939814816,/Date(1755207460784)/,60901.90116646991,0.01778894,0.01065072230994701,0.0176726989,44.88626893144101,60901.907176351386,f,60901.9070520835,60901.90692781561,NIRCAM,f,,0.0,/Date(946684800000)/,51544,0.0,8,1,2,1,1,0,1,4,60904.844001666665,V03468051001P0000000002101,51,imaging visit,STSCI,FINEGUIDE,"Goobar, Ariel",NRCALL_FULL,PRDOPSSOC-073,3468,55.51735,250.54778999999996,60901.18954273148,RAPID,485,Galaxies,2026_1b,1,2,FULL,,2048,2048,1,1,55.51735,250.54779,AT2026mkn,t,AT2025mkn,FIXED,0.1,0.1,JWST,NIRCam Imaging,10.73677,10.737,UTC,Measuring the Hubble constant with the next multiple-imaged lensed supernova,10,f,1,03468051001,/Date(1755208823726)/,60901.91694127315,02,SUCCESSFUL,PRIME_TARGETED_FIXED,/Date(1755205853105)/,60901.88255909722,118.1002808,31.9000757,f,ImageModel,f,/Date(1755207913677)/,60901.90640828704,imaging,0.0,2025226T220439846_001_osf.xml,1,,INTRAMODULEBOX,f,CALCULATED_TRACK_TR_202111,10.3,111.3170199918282,55.472558757200495,250.4994187060479,f,Star,Type Ia supernovae,GSC32,,,10.737,POLYGON ICRS 250.514430 55.444313 250.537225 55.477281 250.478016 55.490781 250.455112 55.456921,2.0.1,RELEASE,jwst_1535.pmap,13.1.13,,,,,,,,,117573120,a56a585b3bfb655abae2054c2f79f9b6,/Date(1784969398998)/,61246.36804393519,/Date(1784969589746)/,61246.37025168981,68,/Date(1786749138000)/,61266.966875,False,False,False,6515597,"GO-3468 Goobar, Ariel",F277W-CLEAR,NIRCAM-F277W,2,2,4,LONG,0,0,0,0,0,0,NULL,NULL,NULL,0,0,0,0,0,0,A,f,CLEAR,SMALL-GRID-DITHER,2,2,,,,POLYGON ICRS  250.454978743 55.457023232 250.514159988 55.444357741 250.537053374 55.477295307 250.477943072 55.490863518,250.49609207535812,55.467370374881256,JWST,IR,JWST,CAOM,F277W,AT2026mkn,"Goobar, Ariel",3468,NIRCAM,POLYGON ICRS 250.514430 55.444313 250.537225 55.477281 250.478016 55.490781 250.455112 55.456921,60901.90640829861,60901.90665684028,21.474,Measuring the Hubble constant with the next multiple-imaged lensed supernova,61266.966875,GO,NC.F277W,2026-08-14 23:12:18.000,2025-08-14 21:45:13.677,mast:JWST/product/jw03468051001_02101_00001_nrcalong_rate.fits,mast:JWST/product/jw03468051001_02101_00001_nrcalong_rate.fits
245985821,jw03468051001_02103_00001_nrcb1_cal.fits,jw03468051001_02103_00001,2b,03,NRCB1_FULL,jw03468_20260725t020904_pool.csv,jw03468-o051_20260725t020904_image2_00035_asn.json,45.771749946288764,60901.91339993334,f,60901.91327566546,60901.913151397566,GO,,33,f,/Date(1784963342527)/,61246.29794590278,/Date(1755208471983)/,60901.91287017361,/Date(1755208450509)/,60901.91262164352,NRCB1,0,0,21.474,21.474,21.474,OK,NRC_IMAGE,5,60901.91287017361,60901.91274590278,1,PRIME,60901.91262163194,1,1,N4IH000316,0,55.44413125765189,13.27539825439453,1,250.3628504856072,/Date(1755207700400)/,60901.903939814816,/Date(1755207460784)/,60901.90116646991,0.01778894,0.01065072230994701,0.0176726989,44.873541430570185,60901.91338953742,f,60901.91326526953,60901.913141001634,NIRCAM,f,,0.0,/Date(946684800000)/,51544,0.0,8,1,2,1,1,0,1,4,60904.844001666665,V03468051001P0000000002103,51,imaging visit,STSCI,FINEGUIDE,"Goobar, Ariel",NRCALL_FULL,PRDOPSSOC-073,3468,55.51735,250.54778999999996,60901.18954273148,RAPID,486,Galaxies,2026_1b,1,-2,FULL,,2048,2048,1,1,55.51735,250.54779,AT2026mkn,t,AT2025mkn,FIXED,0.1,0.1,JWST,NIRCam Imaging,10.73677,10.737,UTC,Measuring the Hubble constant with the next multiple-imaged lensed supernova,10,f,1,03468051001,/Date(1755208823726)/,60901.91694127315,02,SUCCESSFUL,PRIME_TARGETED_FIXED,/Date(1755205853105)/,60901.88255909722,118.1002808,31.9000757,f,ImageModel,f,/Date(1755208450509)/,60901.91262164352,imaging,0.3548934108527118,2025226T222227955_001_osf.xml,1,,INTRAMODULEBOX,f,CALCULATED_TRACK_TR_202111,10.3,111.3170199918282,55.52279030750456,250.55312490803988,f,Star,Type Ia supernovae,GSC32,,,10.737,POLYGON ICRS 250.558156 55.506451 250.569495 55.522605 250.540813 55.529156 250.529285 55.512841,2.0.1,RELEASE,jwst_1535.pmap,13.1.13,,,,,,,,,117573120,ce6f9019ba93261661e983899a05c8a8,/Date(1784963820714)/,61246.30348047454,/Date(1784964080614)/,61246.30648857639,68,/Date(1786748991000)/,61266.96517361111,False,False,False,6515669,"GO-3468 Goobar, Ariel",F150W-CLEAR,NIRCAM-F150W,2,2,4,SHORT,0,0,0,0,0,0,NULL,NULL,NULL,0,0,0,0,0,0,B,f,CLEAR,SMALL-GRID-DITHER,2,2,,,,POLYGON ICRS  250.529618462 55.512718400 250.558453358 55.506286244 250.569872414 55.522420350 250.541218484 55.529017008,250.549409138947,55.51776601609912,JWST,IR,JWST,CAOM,F150W,AT2026mkn,"Goobar, Ariel",3468,NIRCAM,POLYGON ICRS 250.558156 55.506451 250.569495 55.522605 250.540813 55.529156 250.529285 55.512841,60901.91262163194,60901.91287017361,21.474,Measuring the Hubble constant with the next multiple-imaged lensed supernova,61266.96517361111,GO,NC.F150W,2026-08-14 23:09:51.000,2025-08-14 21:54:10.509,mast:JWST/product/jw03468051001_02103_00001_nrcb1_rate.fits,mast:JWST/product/jw03468051001_02103_00001_nrcb1_rate.fits
245985860,jw03468051001_02103_00001_nrcalong_cal.fits,jw03468051001_02103_00001,2b,03,NRCA5_FULL,jw03468_20260725t020904_pool.csv,jw03468-o051_20260725t020904_image2_00036_asn.json,45.771749946288764,60901.91339993334,f,60901.91327566546,60901.913151397566,GO,,33,f,/Date(1784963344720)/,61246.2979712963,/Date(1755208471983)/,60901.91287017361,/Date(1755208450509)/,60901.91262164352,NRCALONG,0,0,21.474,21.474,21.474,OK,NRC_IMAGE,5,60901.91287017361,60901.91274590278,1,PRIME,60901.91262163194,-1,1,N4IH000316,0,55.44413125765189,13.27539825439453,1,250.3628504856072,/Date(1755207700400)/,60901.903939814816,/Date(1755207460784)/,60901.90116646991,0.01778894,0.01065072230994701,0.0176726989,44.873541430570185,60901.91338953742,f,60901.91326526953,60901.913141001634,NIRCAM,f,,0.0,/Date(946684800000)/,51544,0.0,8,1,2,1,1,0,1,4,60904.844001666665,V03468051001P0000000002103,51,imaging visit,STSCI,FINEGUIDE,"Goobar, Ariel",NRCALL_FULL,PRDOPSSOC-073,3468,55.51735,250.54778999999996,60901.18954273148,RAPID,485,Galaxies,2026_1b,1,2,FULL,,2048,2048,1,1,55.51735,250.54779,AT2026mkn,t,AT2025mkn,FIXED,0.1,0.1,JWST,NIRCam Imaging,10.73677,10.737,UTC,Measuring the Hubble constant with the next multiple-imaged lensed supernova,10,f,1,03468051001,/Date(1755208823726)/,60901.91694127315,02,SUCCESSFUL,PRIME_TARGETED_FIXED,/Date(1755205853105)/,60901.88255909722,118.1002808,31.9000757,f,ImageModel,f,/Date(1755208450509)/,60901.91262164352,imaging,0.3548934108527118,2025226T222227955_001_osf.xml,1,,INTRAMODULEBOX,f,CALCULATED_TRACK_TR_202111,10.3,111.3170199918282,55.472558627586125,250.4994187534886,f,Star,Type Ia supernovae,GSC32,,,10.737,POLYGON ICRS 250.514430 55.444313 250.537225 55.477281 250.478016 55.490781 250.455112 55.456921,2.0.1,RELEASE,jwst_1535.pmap,13.1.13,,,,,,,,,117573120,9e72fb7662ad7a8a55e66ad7f92f05ac,/Date(1784963842658)/,61246.303734444446,/Date(1784964090195)/,61246.30659949074,68,/Date(1786748992000)/,61266.96518518519,False,False,False,6515669,"GO-3468 Goobar, Ariel",F277W-CLEAR,NIRCAM-F277W,2,2,4,LONG,0,0,0,0,0,0,NULL,NULL,NULL,0,0,0,0,0,0,A,f,CLEAR,SMALL-GRID-DITHER,2,2,,,,POLYGON ICRS  250.454979650 55.457023026 250.514160750 55.444357319 250.537054510 55.477294801 250.477944363 55.490863227,250.49609207535812,55.467370374881256,JWST,IR,JWST,CAOM,F277W,AT2026mkn,"Goobar, Ariel",3468,NIRCAM,POLYGON ICRS 250.514430 55.444313 250.537225 55.477281 250.478016 55.490781 250.455112 55.456921,60901.91262163194,60901.91287017361,21.474,Measuring the Hubble constant with the next multiple-imaged lensed supernova,61266.96518518519,GO,NC.F277W,2026-08-14 23:09:52.000,2025-08-14 21:54:10.509,mast:JWST/product/jw03468051001_02103_00001_nrcalong_rate.fits,mast:JWST/product/jw03468051001_02103_00001_nrcalong_rate.fits
245985833,jw03468051001_02103_00001_nrcblong_cal.fits,jw03468051001_02103_00001,2b,03,NRCB5_FULL,jw03468_20260725t020904_pool.csv,jw03468-o051_20260725t020904_image2_00031_asn.json,45.771749946288764,60901.91339993334,f,60901.91327566546,60901.913151397566,GO,,33,f,/Date(1784963333211)/,61246.2978380787,/Date(1755208471983)/,60901.91287017361,/Date(1755208450509)/,60901.91262164352,NRCBLONG,0,0,21.474,21.474,21.474,OK,NRC_IMAGE,5,60901.91287017361,60901.91274590278,1,PRIME,60901.91262163194,1,1,N4IH000316,0,55.44413125765189,13.27539825439453,1,250.3628504856072,/Date(1755207700400)/,60901.903939814816,/Date(1755207460784)/,60901.90116646991,0.01778894,0.01065072230994701,0.0176726989,44.873541430570185,60901.91338953742,f,60901.91326526953,60901.913141001634,NIRCAM,f,,0.0,/Date(946684800000)/,51544,0.0,8,1,2,1,1,0,1,4,60904.844001666665,V03468051001P0000000002103,51,imaging visit,STSCI,FINEGUIDE,"Goobar, Ariel",NRCALL_FULL,PRDOPSSOC-073,3468,55.51735,250.54778999999996,60901.18954273148,RAPID,490,Galaxies,2026_1b,1,-2,FULL,,2048,2048,1,1,55.51735,250.54779,AT2026mkn,t,AT2025mkn,FIXED,0.1,0.1,JWST,NIRCam Imaging,10.73677,10.737,UTC,Measuring the Hubble constant with the next multiple-imaged lensed supernova,10,f,1,03468051001,/Date(1755208823726)/,60901.91694127315,02,SUCCESSFUL,PRIME_TARGETED_FIXED,/Date(1755205853105)/,60901.88255909722,118.1002808,31.9000757,f,ImageModel,f,/Date(1755208450509)/,60901.91262164352,imaging,0.3548934108527118,2025226T222227955_001_osf.xml,1,,INTRAMODULEBOX,f,CALCULATED_TRACK_TR_202111,10.3,111.3170199918282,55.517673585522736,250.53182714788124,f,Star,Type Ia supernovae,GSC32,,,10.737,POLYGON ICRS 250.546698 55.489413 250.569345 55.522470 250.510523 55.535943 250.486872 55.502178,2.0.1,RELEASE,jwst_1535.pmap,13.1.13,,,,,,,,,117573120,3fd363a6e1cf70905c3bf1bdf86f607b,/Date(1784963834185)/,61246.303636412034,/Date(1784964082166)/,61246.30650655093,68,/Date(1786748970000)/,61266.96493055556,False,False,False,6515669,"GO-3468 Goobar, Ariel",F277W-CLEAR,NIRCAM-F277W,2,2,4,LONG,0,0,0,0,0,0,NULL,NULL,NULL,0,0,0,0,0,0,B,f,CLEAR,SMALL-GRID-DITHER,2,2,,,,POLYGON ICRS  250.486914310 55.502220761 250.546657477 55.489381713 250.569459898 55.522400706 250.510681379 55.535959658,250.52822569365227,55.512506492034866,JWST,IR,JWST,CAOM,F277W,AT2026mkn,"Goobar, Ariel",3468,NIRCAM,POLYGON ICRS 250.546698 55.489413 250.569345 55.522470 250.510523 55.535943 250.486872 55.502178,60901.91262163194,60901.91287017361,21.474,Measuring the Hubble constant with the next multiple-imaged lensed supernova,61266.96493055556,GO,NC.F277W,2026-08-14 23:09:30.000,2025-08-14 21:54:10.509,mast:JWST/product/jw03468051001_02103_00001_nrcblong_rate.fits,mast:JWST/product/jw03468051001_02103_00001_nrcblong_rate.fits
245986682,jw03468051001_02103_00001_nrca1_cal.fits,jw03468051001_02103_00001,2b,03,NRCA1_FULL,jw03468_20260725t020904_pool.csv,jw03468-o051_20260725t020904_image2_00040_asn.json,45.77174806036055,60901.913400674064,f,60901.91327640617,60901.91315213829,GO,,33,f,/Date(1784963346600)/,61246.29799305555,/Date(1755208472047)/,60901.91287090278,/Date(1755208450573)/,60901.912622372685,NRCA1,0,0,21.474,21.474,21.474,OK,NRC_IMAGE,5,60901.912870914355,60901.91274664352,1,PRIME,60901.912622372685,-1,1,N4IH000316,0,55.44413125765189,13.27539825439453,1,250.3628504856072,/Date(1755207700400)/,60901.903939814816,/Date(1755207460784)/,60901.90116646991,0.01778894,0.01065072230994701,0.0176726989,44.87354017328471,60901.91339027814,f,60901.91326601025,60901.91314174236,NIRCAM,f,,0.0,/Date(946684800000)/,51544,0.0,8,1,2,1,1,0,1,4,60904.844001666665,V03468051001P0000000002103,51,imaging visit,STSCI,FINEGUIDE,"Goobar, Ariel",NRCALL_FULL,PRDOPSSOC-073,3468,55.51735,250.54778999999996,60901.18954273148,RAPID,481,Galaxies,2026_1b,1,2,FULL,,2048,2048,1,1,55.51735,250.54779,AT2026mkn,t,AT2025mkn,FIXED,0.1,0.1,JWST,NIRCam Imaging,10.73677,10.737,UTC,Measuring the Hubble constant with the next multiple-imaged lensed supernova,10,f,1,03468051001,/Date(1755208823726)/,60901.91694127315,02,SUCCESSFUL,PRIME_TARGETED_FIXED,/Date(1755205853105)/,60901.88255909722,118.1002808,31.9000757,f,ImageModel,f,/Date(1755208450573)/,60901.912622372685,imaging,0.3548934108527118,2025226T222227955_001_osf.xml,1,,INTRAMODULEBOX,f,CALCULATED_TRACK_TR_202111,10.3,111.3170199918282,55.467047406957526,250.4777067557252,f,Star,Type Ia supernovae,GSC32,,,10.737,POLYGON ICRS 250.484076 55.450219 250.495160 55.466664 250.465752 55.473107 250.454583 55.456416,2.0.1,RELEASE,jwst_1535.pmap,13.1.13,,,,,,,,,117567360,bc480faf52e2ba34a65e6a0f3ed65ab2,/Date(1784964016448)/,61246.30574590278,/Date(1784964225894)/,61246.30817005787,68,/Date(1786749018000)/,61266.96548611111,False,False,False,6515669,"GO-3468 Goobar, Ariel",F150W-CLEAR,NIRCAM-F150W,2,2,4,SHORT,0,0,0,0,0,0,NULL,NULL,NULL,0,0,0,0,0,0,A,f,CLEAR,SMALL-GRID-DITHER,2,2,,,,POLYGON ICRS  250.454039924 55.456689819 250.483467099 55.450466845 250.494587790 55.466900136 250.465235429 55.473370622,250.4748607456589,55.46161212813939,JWST,IR,JWST,CAOM,F150W,AT2026mkn,"Goobar, Ariel",3468,NIRCAM,POLYGON ICRS 250.484076 55.450219 250.495160 55.466664 250.465752 55.473107 250.454583 55.456416,60901.912622372685,60901.912870914355,21.474,Measuring the Hubble constant with the next multiple-imaged lensed supernova,61266.96548611111,GO,NC.F150W,2026-08-14 23:10:18.000,2025-08-14 21:54:10.573,mast:JWST/product/jw03468051001_02103_00001_nrca1_rate.fits,mast:JWST/product/jw03468051001_02103_00001_nrca1_rate.fits
242783362,jw07075003001_03101_00001_nrcb1_cal.fits,jw07075003001_03101_00001,2b,01,NRCB1_FULL,jw07075_20260714t203216_pool.csv,jw07075-o003_20260714t203216_image2_00475_asn.json,328.7539620185271,60903.1727676262,f,60903.17195995293,60903.171152279654,GO,,32,f,/Date(1784082986092)/,61236.10863533565,/Date(1755316998381)/,60903.168962731484,/Date(1755316858803)/,60903.167347256946,NRCB1,0,0,139.578,139.578,139.578,OK,NRC_IMAGE,1,60903.16896274305,60903.168155,1,PRIME,60903.167347256946,1,1,S8L3015247,1,-21.47929508981836,12.64177703857422,1,262.6243396879738,/Date(1755316646637)/,60903.16489162037,/Date(1755316468461)/,60903.16282939815,0.0263321809,0.02023142017424107,0.0365761742,325.8063907502219,60903.1727335108,f,60903.17192583752,60903.171118164246,NIRCAM,f,,0.0,,,0.0,8,1,7,1,1,0,1,12,60904.844001666665,V07075003001P0000000003101,3,NIRCam imaging,STSCI,FINEGUIDE,"Milisavljevic, Dan",NRCALL_FULL,PRDOPSSOC-073,7075,-21.488305555555556,262.669125,60901.18954273148,BRIGHT1,486,Stars and Stellar Populations,2026_1b,1,-2,FULL,,2048,2048,1,1,-21.48830555555554,262.669125,,f,KEPLER-SNR,FIXED,0.1,0.1,JWST,NIRCam Imaging,10.73677,21.474,UTC,Kepler's Supernova Remnant: New fundamental Insights into Type Ia Supernova Explosions,10,f,1,07075003001,/Date(1755318892267)/,60903.19088270833,03,SUCCESSFUL,PRIME_TARGETED_FIXED,/Date(1755315179247)/,60903.14790793981,-57.1450954,-66.5889432,f,ImageModel,f,/Date(1755316858803)/,60903.167347256946,,0.0,2025228T103814541_001_osf.xml,1,,FULL-TIGHT,t,CALCULATED_TRACK_TR_202111,10.3,93.65182760715629,-21.440791203058303,262.70579754254317,f,ISM,Supernova remnants,GSC32,0.03314514908623752,0.34418254410675414,128.841,POLYGON ICRS 262.711666 -21.450256 262.712971 -21.432916 262.694206 -21.431601 262.692844 -21.449127,2.0.1,RELEASE,jwst_1535.pmap,13.1.13,,,,,,,,,117573120,50e5a92972e00578e5f71151af59cfa0,/Date(1784083502229)/,61236.11460914352,/Date(1784083542215)/,61236.11507194444,68,/Date(1786884064000)/,61268.52851851852,False,False,False,6518080,"GO-7075 Milisavljevic, Dan",F070W-CLEAR,NIRCAM-F070W,3,4,4,SHORT,0,0,0,0,0,0,NULL,NULL,NULL,0,0,0,0,0,0,B,f,CLEAR,STANDARD,3TIGHT,,,,,POLYGON ICRS  262.692710244 -21.448975994 262.711524319 -21.450094971 262.712817645 -21.432758135 262.694062741 -21.431452934,262.70290454008136,-21.440977187297708,JWST,IR,JWST,CAOM,F070W,,"Milisavljevic, Dan",7075,NIRCAM,POLYGON ICRS 262.711666 -21.450256 262.712971 -21.432916 262.694206 -21.431601 262.692844 -21.449127,60903.167347256946,60903.16896274305,139.578,Kepler's Supernova Remnant: New fundamental Insights into Type Ia Supernova Explosions,61268.52851851852,GO,NC.F070W,2026-08-16 12:41:04.000,2025-08-16 04:00:58.803,mast:JWST/product/jw07075003001_03101_00001_nrcb1_rate.fits,mast:JWST/product/jw07075003001_03101_00001_nrcb1_rate.fits
242783405,jw07075003001_03101_00001_nrcblong_cal.fits,jw07075003001_03101_00001,2b,01,NRCB5_FULL,jw07075_20260714t203216_pool.csv,jw07075-o003_20260714t203216_image2_00471_asn.json,328.7539620185271,60903.1727676262,f,60903.17195995293,60903.171152279654,GO,,32,f,/Date(1784082986929)/,61236.108645023145,/Date(1755316998381)/,60903.168962731484,/Date(1755316858803)/,60903.167347256946,NRCBLONG,0,0,139.578,139.578,139.578,OK,NRC_IMAGE,1,60903.16896274305,60903.168155,1,PRIME,60903.167347256946,1,1,S8L3015247,1,-21.47929508981836,12.64177703857422,1,262.6243396879738,/Date(1755316646637)/,60903.16489162037,/Date(1755316468461)/,60903.16282939815,0.0263321809,0.02023142017424107,0.0365761742,325.8063907502219,60903.1727335108,f,60903.17192583752,60903.171118164246,NIRCAM,f,,0.0,,,0.0,8,1,7,1,1,0,1,12,60904.844001666665,V07075003001P0000000003101,3,NIRCam imaging,STSCI,FINEGUIDE,"Milisavljevic, Dan",NRCALL_FULL,PRDOPSSOC-073,7075,-21.488305555555556,262.669125,60901.18954273148,BRIGHT1,490,Stars and Stellar Populations,2026_1b,1,-2,FULL,,2048,2048,1,1,-21.48830555555554,262.669125,,f,KEPLER-SNR,FIXED,0.1,0.1,JWST,NIRCam Imaging,10.73677,21.474,UTC,Kepler's Supernova Remnant: New fundamental Insights into Type Ia Supernova Explosions,10,f,1,07075003001,/Date(1755318892267)/,60903.19088270833,03,SUCCESSFUL,PRIME_TARGETED_FIXED,/Date(1755315179247)/,60903.14790793981,-57.1450954,-66.5889432,f,ImageModel,f,/Date(1755316858803)/,60903.167347256946,,0.0,2025228T103814541_001_osf.xml,1,,FULL-TIGHT,t,CALCULATED_TRACK_TR_202111,10.3,93.65182760715629,-21.449356202140162,262.69515010520286,f,ISM,Supernova remnants,GSC32,0.2923664172246179,1.199087573017079,128.841,POLYGON ICRS 262.710297 -21.468287 262.712646 -21.432898 262.674150 -21.430166 262.671450 -21.466403,2.0.1,RELEASE,jwst_1535.pmap,13.1.13,,,,,,,,,117573120,c21a3d8473fd5e3ad34d337090e1e4a4,/Date(1784083504279)/,61236.11463287037,/Date(1784083544995)/,61236.11510412037,68,/Date(1786884065000)/,61268.52853009259,False,False,False,6518080,"GO-7075 Milisavljevic, Dan",F356W-CLEAR,NIRCAM-F356W,3,4,4,LONG,0,0,0,0,0,0,NULL,NULL,NULL,0,0,0,0,0,0,B,f,CLEAR,STANDARD,3TIGHT,,,,,POLYGON ICRS  262.671421214 -21.466368126 262.710260412 -21.468237419 262.712587590 -21.432851275 262.674108041 -21.430133529,262.6920563078105,-21.449456233464613,JWST,IR,JWST,CAOM,F356W,,"Milisavljevic, Dan",7075,NIRCAM,POLYGON ICRS 262.710297 -21.468287 262.712646 -21.432898 262.674150 -21.430166 262.671450 -21.466403,60903.167347256946,60903.16896274305,139.578,Kepler's Supernova Remnant: New fundamental Insights into Type Ia Supernova Explosions,61268.52853009259,GO,NC.F356W,2026-08-16 12:41:05.000,2025-08-16 04:00:58.803,mast:JWST/product/jw07075003001_03101_00001_nrcblong_rate.fits,mast:JWST/product/jw07075003001_03101_00001_nrcblong_rate.fits
242784482,jw07075003001_03101_00001_nrcalong_cal.fits,jw07075003001_03101_00001,2b,01,NRCA5_FULL,jw07075_20260714t203216_pool.csv,jw07075-o003_20260714t203216_image2_00476_asn.json,328.7539343582466,60903.172771329584,f,60903.171963656314,60903.17115598304,GO,,32,f,/Date(1784082989990)/,61236.108680439815,/Date(1755316998701)/,60903.16896643519,/Date(1755316859123)/,60903.16735096065,NRCALONG,0,0,139.578,139.578,139.578,OK,NRC_IMAGE,1,60903.168966446756,60903.1681587037,1,PRIME,60903.16735096065,-1,1,S8L3015247,1,-21.47929508981836,12.64177703857422,1,262.6243396879738,/Date(1755316646637)/,60903.16489162037,/Date(1755316468461)/,60903.16282939815,0.0263321809,0.02023142017424107,0.0365761742,325.80636308994144,60903.17273721418,f,60903.171929540906,60903.17112186763,NIRCAM,f,,0.0,,,0.0,8,1,7,1,1,0,1,12,60904.844001666665,V07075003001P0000000003101,3,NIRCam imaging,STSCI,FINEGUIDE,"Milisavljevic, Dan",NRCALL_FULL,PRDOPSSOC-073,7075,-21.488305555555556,262.669125,60901.18954273148,BRIGHT1,485,Stars and Stellar Populations,2026_1b,1,2,FULL,,2048,2048,1,1,-21.48830555555554,262.669125,,f,KEPLER-SNR,FIXED,0.1,0.1,JWST,NIRCam Imaging,10.73677,21.474,UTC,Kepler's Supernova Remnant: New fundamental Insights into Type Ia Supernova Explosions,10,f,1,07075003001,/Date(1755318892267)/,60903.19088270833,03,SUCCESSFUL,PRIME_TARGETED_FIXED,/Date(1755315179247)/,60903.14790793981,-57.1450954,-66.5889432,f,ImageModel,f,/Date(1755316859123)/,60903.16735096065,,0.0,2025228T103814541_001_osf.xml,1,,FULL-TIGHT,t,CALCULATED_TRACK_TR_202111,10.3,93.65182760715629,-21.497927631323883,262.69120024384074,f,ISM,Supernova remnants,GSC32,0.2653980494944468,0.8104943780578403,128.841,POLYGON ICRS 262.706222 -21.516758 262.708685 -21.481429 262.669956 -21.478737 262.667720 -21.514936,2.0.1,RELEASE,jwst_1535.pmap,13.1.13,,,,,,,,,117573120,5e0a03e6bf07472eb36545f9ec22748b,/Date(1784083578531)/,61236.11549224537,/Date(1784083650124)/,61236.11632086806,68,/Date(1786884063000)/,61268.52850694444,False,False,False,6518080,"GO-7075 Milisavljevic, Dan",F356W-CLEAR,NIRCAM-F356W,3,4,4,LONG,0,0,0,0,0,0,NULL,NULL,NULL,0,0,0,0,0,0,A,f,CLEAR,STANDARD,3TIGHT,,,,,POLYGON ICRS  262.667728484 -21.514945028 262.706235650 -21.516751649 262.708677568 -21.481424697 262.669953342 -21.478750278,262.6880703933891,-21.497938664609094,JWST,IR,JWST,CAOM,F356W,,"Milisavljevic, Dan",7075,NIRCAM,POLYGON ICRS 262.706222 -21.516758 262.708685 -21.481429 262.669956 -21.478737 262.667720 -21.514936,60903.16735096065,60903.168966446756,139.578,Kepler's Supernova Remnant: New fundamental Insights into Type Ia Supernova Explosions,61268.52850694444,GO,NC.F356W,2026-08-16 12:41:03.000,2025-08-16 04:00:59.123,mast:JWST/product/jw07075003001_03101_00001_nrcalong_rate.fits,mast:JWST/product/jw07075003001_03101_00001_nrcalong_rate.fits
242784278,jw07075003001_03101_00001_nrca1_cal.fits,jw07075003001_03101_00001,2b,01,NRCA1_FULL,jw07075_20260714t203216_pool.csv,jw07075-o003_20260714t203216_image2_00480_asn.json,328.7539343582466,60903.172771329584,f,60903.171963656314,60903.17115598304,GO,,32,f,/Date(1784082997569)/,61236.108768171296,/Date(1755316998701)/,60903.16896643519,/Date(1755316859123)/,60903.16735096065,NRCA1,0,0,139.578,139.578,139.578,OK,NRC_IMAGE,1,60903.168966446756,60903.1681587037,1,PRIME,60903.16735096065,-1,1,S8L3015247,1,-21.47929508981836,12.64177703857422,1,262.6243396879738,/Date(1755316646637)/,60903.16489162037,/Date(1755316468461)/,60903.16282939815,0.0263321809,0.02023142017424107,0.0365761742,325.80636308994144,60903.17273721418,f,60903.171929540906,60903.17112186763,NIRCAM,f,,0.0,,,0.0,8,1,7,1,1,0,1,12,60904.844001666665,V07075003001P0000000003101,3,NIRCam imaging,STSCI,FINEGUIDE,"Milisavljevic, Dan",NRCALL_FULL,PRDOPSSOC-073,7075,-21.488305555555556,262.669125,60901.18954273148,BRIGHT1,481,Stars and Stellar Populations,2026_1b,1,2,FULL,,2048,2048,1,1,-21.48830555555554,262.669125,,f,KEPLER-SNR,FIXED,0.1,0.1,JWST,NIRCam Imaging,10.73677,21.474,UTC,Kepler's Supernova Remnant: New fundamental Insights into Type Ia Supernova Explosions,10,f,1,07075003001,/Date(1755318892267)/,60903.19088270833,03,SUCCESSFUL,PRIME_TARGETED_FIXED,/Date(1755315179247)/,60903.14790793981,-57.1450954,-66.5889432,f,ImageModel,f,/Date(1755316859123)/,60903.16735096065,,0.0,2025228T103814541_001_osf.xml,1,,FULL-TIGHT,t,CALCULATED_TRACK_TR_202111,10.3,93.65182760715629,-21.506936136443915,262.6804140450771,f,ISM,Supernova remnants,GSC32,0.035517418019274404,0.35713565060539537,128.841,POLYGON ICRS 262.686267 -21.516089 262.687330 -21.498515 262.668179 -21.497428 262.667147 -21.515251,2.0.1,RELEASE,jwst_1535.pmap,13.1.13,,,,,,,,,117573120,5fad1b8bb4191f14db6c76c7e957f5c1,/Date(1784083572496)/,61236.115422407405,/Date(1784083626321)/,61236.11604537037,68,/Date(1786884064000)/,61268.52851851852,False,False,False,6518080,"GO-7075 Milisavljevic, Dan",F070W-CLEAR,NIRCAM-F070W,3,4,4,SHORT,0,0,0,0,0,0,NULL,NULL,NULL,0,0,0,0,0,0,A,f,CLEAR,STANDARD,3TIGHT,,,,,POLYGON ICRS  262.667283851 -21.515411755 262.686408826 -21.516243900 262.687463644 -21.498669399 262.668310311 -21.497589856,262.67720872992476,-21.506816117193313,JWST,IR,JWST,CAOM,F070W,,"Milisavljevic, Dan",7075,NIRCAM,POLYGON ICRS 262.686267 -21.516089 262.687330 -21.498515 262.668179 -21.497428 262.667147 -21.515251,60903.16735096065,60903.168966446756,139.578,Kepler's Supernova Remnant: New fundamental Insights into Type Ia Supernova Explosions,61268.52851851852,GO,NC.F070W,2026-08-16 12:41:04.000,2025-08-16 04:00:59.123,mast:JWST/product/jw07075003001_03101_00001_nrca1_rate.fits,mast:JWST/product/jw07075003001_03101_00001_nrca1_rate.fits
242781602,jw07075003003_02101_00001_nrcb1_cal.fits,jw07075003003_02101_00001,2b,01,NRCB1_FULL,jw07075_20260714t203216_pool.csv,jw07075-o003_20260714t203216_image2_00355_asn.json,328.36492646019906,60903.22487343591,f,60903.22406576267,60903.22325808943,GO,,32,f,/Date(1784082912851)/,61236.10778761574,/Date(1755321500712)/,60903.22107306713,/Date(1755321361134)/,60903.21945755787,NRCB1,0,0,139.578,139.578,139.578,OK,NRC_IMAGE,1,60903.22107305555,60903.2202653125,1,PRIME,60903.219457569445,1,1,S8L3015247,1,-21.47929508995226,12.64177703857422,1,262.6243396879573,/Date(1755321120489)/,60903.21667233796,/Date(1755320943337)/,60903.21462194445,0.0263321809,0.02023142017424107,0.0365761742,325.41734513361007,60903.22483932038,f,60903.22403164714,60903.2232239739,NIRCAM,f,,0.0,,,0.0,8,1,7,1,1,0,1,12,60904.844001666665,V07075003003P0000000002101,3,NIRCam imaging,STSCI,FINEGUIDE,"Milisavljevic, Dan",NRCALL_FULL,PRDOPSSOC-073,7075,-21.488305555555556,262.669125,60901.18954273148,BRIGHT1,486,Stars and Stellar Populations,2026_1b,1,-2,FULL,,2048,2048,1,1,-21.48830555555554,262.669125,,f,KEPLER-SNR,FIXED,0.1,0.1,JWST,NIRCam Imaging,10.73677,21.474,UTC,Kepler's Supernova Remnant: New fundamental Insights into Type Ia Supernova Explosions,10,f,3,07075003003,/Date(1755323393767)/,60903.24298340278,02,SUCCESSFUL,PRIME_TARGETED_FIXED,/Date(1755320610537)/,60903.21077009259,-57.1450954,-66.5889432,f,ImageModel,f,/Date(1755321361134)/,60903.21945755787,,0.0,2025228T105041536_001_osf.xml,1,,FULL-TIGHT,t,CALCULATED_TRACK_TR_202111,10.3,93.65182760716236,-21.440790403098756,262.7057926087248,f,ISM,Supernova remnants,GSC32,0.03470877408500208,0.3164258873239514,128.841,POLYGON ICRS 262.711666 -21.450256 262.712971 -21.432916 262.694206 -21.431601 262.692844 -21.449127,2.0.1,RELEASE,jwst_1535.pmap,13.1.13,,,,,,,,,117573120,e8ed43b5e8d48cb285c691136234298e,/Date(1784083238792)/,61236.11156010417,/Date(1784083368179)/,61236.11305763889,68,/Date(1786883499000)/,61268.52197916667,False,False,False,6518807,"GO-7075 Milisavljevic, Dan",F150W2-F162M,NIRCAM-F150W2-F162M,3,4,4,SHORT,0,0,0,0,0,0,NULL,NULL,NULL,0,0,0,0,0,0,B,f,F162M,STANDARD,3TIGHT,,,,,POLYGON ICRS  262.692710551 -21.448979410 262.711529424 -21.450099532 262.712824338 -21.432757583 262.694065333 -21.431450536,262.70290454008136,-21.440977187297708,JWST,IR,JWST,CAOM,F150W2,,"Milisavljevic, Dan",7075,NIRCAM,POLYGON ICRS 262.711666 -21.450256 262.712971 -21.432916 262.694206 -21.431601 262.692844 -21.449127,60903.219457569445,60903.22107305555,139.578,Kepler's Supernova Remnant: New fundamental Insights into Type Ia Supernova Explosions,61268.52197916667,GO,NC.F150W2.F162M,2026-08-16 12:31:39.000,2025-08-16 05:16:01.134,mast:JWST/product/jw07075003003_02101_00001_nrcb1_rate.fits,mast:JWST/product/jw07075003003_02101_00001_nrcb1_rate.fits
242781472,jw07075003003_02101_00001_nrcblong_cal.fits,jw07075003003_02101_00001,2b,01,NRCB5_FULL,jw07075_20260714t203216_pool.csv,jw07075-o003_20260714t203216_image2_00351_asn.json,328.36492646019906,60903.22487343591,f,60903.22406576267,60903.22325808943,GO,,32,f,/Date(1784082909707)/,61236.10775122685,/Date(1755321500712)/,60903.22107306713,/Date(1755321361134)/,60903.21945755787,NRCBLONG,0,0,139.578,139.578,139.578,OK,NRC_IMAGE,1,60903.22107305555,60903.2202653125,1,PRIME,60903.219457569445,1,1,S8L3015247,1,-21.47929508995226,12.64177703857422,1,262.6243396879573,/Date(1755321120489)/,60903.21667233796,/Date(1755320943337)/,60903.21462194445,0.0263321809,0.02023142017424107,0.0365761742,325.41734513361007,60903.22483932038,f,60903.22403164714,60903.2232239739,NIRCAM,f,,0.0,,,0.0,8,1,7,1,1,0,1,12,60904.844001666665,V07075003003P0000000002101,3,NIRCam imaging,STSCI,FINEGUIDE,"Milisavljevic, Dan",NRCALL_FULL,PRDOPSSOC-073,7075,-21.488305555555556,262.669125,60901.18954273148,BRIGHT1,490,Stars and Stellar Populations,2026_1b,1,-2,FULL,,2048,2048,1,1,-21.48830555555554,262.669125,,f,KEPLER-SNR,FIXED,0.1,0.1,JWST,NIRCam Imaging,10.73677,21.474,UTC,Kepler's Supernova Remnant: New fundamental Insights into Type Ia Supernova Explosions,10,f,3,07075003003,/Date(1755323393767)/,60903.24298340278,02,SUCCESSFUL,PRIME_TARGETED_FIXED,/Date(1755320610537)/,60903.21077009259,-57.1450954,-66.5889432,f,ImageModel,f,/Date(1755321361134)/,60903.21945755787,,0.0,2025228T105041536_001_osf.xml,1,,FULL-TIGHT,t,CALCULATED_TRACK_TR_202111,10.3,93.65182760716236,-21.44935547231496,262.6951452357197,f,ISM,Supernova remnants,GSC32,0.24691951785224223,0.9992396441808991,128.841,POLYGON ICRS 262.710297 -21.468287 262.712646 -21.432898 262.674150 -21.430166 262.671450 -21.466403,2.0.1,RELEASE,jwst_1535.pmap,13.1.13,,,,,,,,,117573120,3b97ae8cae9cf4d9aab3c7ab5426c5c6,/Date(1784083161878)/,61236.11066986111,/Date(1784083355550)/,61236.11291145833,68,/Date(1786883451000)/,61268.52142361111,False,False,False,6518807,"GO-7075 Milisavljevic, Dan",F444W-CLEAR,NIRCAM-F444W,3,4,4,LONG,0,0,0,0,0,0,NULL,NULL,NULL,0,0,0,0,0,0,B,f,CLEAR,STANDARD,3TIGHT,,,,,POLYGON ICRS  262.671413368 -21.466367853 262.710253975 -21.468237233 262.712582075 -21.432850626 262.674101262 -21.430132592,262.6920563078105,-21.449456233464613,JWST,IR,JWST,CAOM,F444W,,"Milisavljevic, Dan",7075,NIRCAM,POLYGON ICRS 262.710297 -21.468287 262.712646 -21.432898 262.674150 -21.430166 262.671450 -21.466403,60903.219457569445,60903.22107305555,139.578,Kepler's Supernova Remnant: New fundamental Insights into Type Ia Supernova Explosions,61268.52142361111,GO,NC.F444W,2026-08-16 12:30:51.000,2025-08-16 05:16:01.134,mast:JWST/product/jw07075003003_02101_00001_nrcblong_rate.fits,mast:JWST/product/jw07075003003_02101_00001_nrcblong_rate.fits
242781614,jw07075003003_02101_00001_nrca1_cal.fits,jw07075003003_02101_00001,2b,01,NRCA1_FULL,jw07075_20260714t203216_pool.csv,jw07075-o003_20260714t203216_image2_00360_asn.json,328.36492143105716,60903.22487417659,f,60903.22406650335,60903.22325883011,GO,,32,f,/Date(1784082912502)/,61236.10778359954,/Date(1755321500776)/,60903.221073796296,/Date(1755321361198)/,60903.219458287036,NRCA1,0,0,139.578,139.578,139.578,OK,NRC_IMAGE,1,60903.221073796296,60903.22026605324,1,PRIME,60903.21945831019,-1,1,S8L3015247,1,-21.47929508995226,12.64177703857422,1,262.6243396879573,/Date(1755321120489)/,60903.21667233796,/Date(1755320943337)/,60903.21462194445,0.0263321809,0.02023142017424107,0.0365761742,325.41733947582543,60903.224840061055,f,60903.22403238782,60903.22322471458,NIRCAM,f,,0.0,,,0.0,8,1,7,1,1,0,1,12,60904.844001666665,V07075003003P0000000002101,3,NIRCam imaging,STSCI,FINEGUIDE,"Milisavljevic, Dan",NRCALL_FULL,PRDOPSSOC-073,7075,-21.488305555555556,262.669125,60901.18954273148,BRIGHT1,481,Stars and Stellar Populations,2026_1b,1,2,FULL,,2048,2048,1,1,-21.48830555555554,262.669125,,f,KEPLER-SNR,FIXED,0.1,0.1,JWST,NIRCam Imaging,10.73677,21.474,UTC,Kepler's Supernova Remnant: New fundamental Insights into Type Ia Supernova Explosions,10,f,3,07075003003,/Date(1755323393767)/,60903.24298340278,02,SUCCESSFUL,PRIME_TARGETED_FIXED,/Date(1755320610537)/,60903.21077009259,-57.1450954,-66.5889432,f,ImageModel,f,/Date(1755321361198)/,60903.219458287036,,0.0,2025228T105041536_001_osf.xml,1,,FULL-TIGHT,t,CALCULATED_TRACK_TR_202111,10.3,93.65182760716236,-21.506935504754736,262.68040961097927,f,ISM,Supernova remnants,GSC32,0.039375593312083984,0.32937899382259267,128.841,POLYGON ICRS 262.686267 -21.516089 262.687330 -21.498515 262.668179 -21.497428 262.667147 -21.515251,2.0.1,RELEASE,jwst_1535.pmap,13.1.13,,,,,,,,,117573120,9e9d0ffcede399cdb79399271ab2edc1,/Date(1784083238210)/,61236.11155335648,/Date(1784083369139)/,61236.11306875,68,/Date(1786883499000)/,61268.52197916667,False,False,False,6518807,"GO-7075 Milisavljevic, Dan",F150W2-F162M,NIRCAM-F150W2-F162M,3,4,4,SHORT,0,0,0,0,0,0,NULL,NULL,NULL,0,0,0,0,0,0,A,f,F162M,STANDARD,3TIGHT,,,,,POLYGON ICRS  262.667286992 -21.515412863 262.686412566 -21.516245408 262.687468454 -21.498669195 262.668314676 -21.497588730,262.67720872992476,-21.506816117193313,JWST,IR,JWST,CAOM,F150W2,,"Milisavljevic, Dan",7075,NIRCAM,POLYGON ICRS 262.686267 -21.516089 262.687330 -21.498515 262.668179 -21.497428 262.667147 -21.515251,60903.21945831019,60903.221073796296,139.578,Kepler's Supernova Remnant: New fundamental Insights into Type Ia Supernova Explosions,61268.52197916667,GO,NC.F150W2.F162M,2026-08-16 12:31:39.000,2025-08-16 05:16:01.198,mast:JWST/product/jw07075003003_02101_00001_nrca1_rate.fits,mast:JWST/product/jw07075003003_02101_00001_nrca1_rate.fits
242781450,jw07075003003_02101_00001_nrcalong_cal.fits,jw07075003003_02101_00001,2b,01,NRCA5_FULL,jw07075_20260714t203216_pool.csv,jw07075-o003_20260714t203216_image2_00356_asn.json,328.36492143105716,60903.22487417659,f,60903.22406650335,60903.22325883011,GO,,32,f,/Date(1784082909816)/,61236.1077525,/Date(1755321500776)/,60903.221073796296,/Date(1755321361198)/,60903.219458287036,NRCALONG,0,0,139.578,139.578,139.578,OK,NRC_IMAGE,1,60903.221073796296,60903.22026605324,1,PRIME,60903.21945831019,-1,1,S8L3015247,1,-21.47929508995226,12.64177703857422,1,262.6243396879573,/Date(1755321120489)/,60903.21667233796,/Date(1755320943337)/,60903.21462194445,0.0263321809,0.02023142017424107,0.0365761742,325.41733947582543,60903.224840061055,f,60903.22403238782,60903.22322471458,NIRCAM,f,,0.0,,,0.0,8,1,7,1,1,0,1,12,60904.844001666665,V07075003003P0000000002101,3,NIRCam imaging,STSCI,FINEGUIDE,"Milisavljevic, Dan",NRCALL_FULL,PRDOPSSOC-073,7075,-21.488305555555556,262.669125,60901.18954273148,BRIGHT1,485,Stars and Stellar Populations,2026_1b,1,2,FULL,,2048,2048,1,1,-21.48830555555554,262.669125,,f,KEPLER-SNR,FIXED,0.1,0.1,JWST,NIRCam Imaging,10.73677,21.474,UTC,Kepler's Supernova Remnant: New fundamental Insights into Type Ia Supernova Explosions,10,f,3,07075003003,/Date(1755323393767)/,60903.24298340278,02,SUCCESSFUL,PRIME_TARGETED_FIXED,/Date(1755320610537)/,60903.21077009259,-57.1450954,-66.5889432,f,ImageModel,f,/Date(1755321361198)/,60903.219458287036,,0.0,2025228T105041536_001_osf.xml,1,,FULL-TIGHT,t,CALCULATED_TRACK_TR_202111,10.3,93.65182760716236,-21.497926928565445,262.69119574200715,f,ISM,Supernova remnants,GSC32,0.25795001325772804,0.6680102065727862,128.841,POLYGON ICRS 262.706222 -21.516758 262.708685 -21.481429 262.669956 -21.478737 262.667720 -21.514936,2.0.1,RELEASE,jwst_1535.pmap,13.1.13,,,,,,,,,117573120,1206e33ecfb6d3282e561105872e2f9b,/Date(1784083151859)/,61236.110553935185,/Date(1784083353213)/,61236.112884409726,68,/Date(1786883499000)/,61268.52197916667,False,False,False,6518807,"GO-7075 Milisavljevic, Dan",F444W-CLEAR,NIRCAM-F444W,3,4,4,LONG,0,0,0,0,0,0,NULL,NULL,NULL,0,0,0,0,0,0,A,f,CLEAR,STANDARD,3TIGHT,,,,,POLYGON ICRS  262.667722480 -21.514933865 262.706231414 -21.516740939 262.708672489 -21.481413041 262.669945997 -21.478737409,262.6880703933891,-21.497938664609094,JWST,IR,JWST,CAOM,F444W,,"Milisavljevic, Dan",7075,NIRCAM,POLYGON ICRS 262.706222 -21.516758 262.708685 -21.481429 262.669956 -21.478737 262.667720 -21.514936,60903.21945831019,60903.221073796296,139.578,Kepler's Supernova Remnant: New fundamental Insights into Type Ia Supernova Explosions,61268.52197916667,GO,NC.F444W,2026-08-16 12:31:39.000,2025-08-16 05:16:01.198,mast:JWST/product/jw07075003003_02101_00001_nrcalong_rate.fits,mast:JWST/product/jw07075003003_02101_00001_nrcalong_rate.fits
239834828,jw08960011001_02201_00001_nis_cal.fits,jw08960011001_02201_00001,2b,01,NIS_CEN,jw08960_20260706t225135_pool.csv,jw08960-o011_20260706t225135_image2_00072_asn.json,381.6455385647714,60903.57706584729,f,60903.574767070284,60903.57246829327,GO,,92,f,/Date(1783391875027)/,61228.10966465278,/Date(1755351876875)/,60903.57264902778,/Date(1755351479615)/,60903.56805111111,NIS,0,0,397.26,386.524,386.524,OK,NIS_IMAGE,1,60903.572649016205,60903.57035005787,1,PARALLEL_COORDINATED,60903.56805109954,-2,4,S9SP029740,0,-30.12393182380023,12.64925861358643,1,271.1478721872204,/Date(1755351219915)/,60903.565045324074,/Date(1755350903500)/,60903.56138310185,0.0220250245,0.004398114047944546,0.0262658447,378.9852997753769,60903.577035057446,f,60903.574736280454,60903.57243750347,NIRISS,f,NONE,-0.00564900001336354,/Date(946684800000)/,51544,-0.002157,24,4,9,1,1,1,1,,60904.844001666665,V08960011001P0896001102201,11,NGC6528a,STSCI,FINEGUIDE,"Milone, Antonino Paolo",NIS_CEN,PRDOPSSOC-073,8960,-30.055777777777777,271.2067083333333,60901.18954273148,NIS,496,Stars and Stellar Populations,2026_1b,2,-1,FULL,,2048,2048,1,1,-30.0558179878417,271.2066905944175,NGC 6528,f,NGC-6528,FIXED,0.1,0.1,JWST,NIRCam Imaging,10.73677,42.947,UTC,A survey of low mass stars in globular clusters: Probing the Origin of Multiple Stellar Populations with JWST,10,f,1,08960011001,/Date(1755357083334)/,60903.63290894676,02,SUCCESSFUL,PRIME_TARGETED_FIXED,/Date(1755348566734)/,60903.5343371875,,,f,ImageModel,f,/Date(1755351479615)/,60903.56805111111,,0.0851141006094879,2025228T153240981_001_osf.xml,1,,NONE,t,CALCULATED_TRACK_TR_202111,10.3,86.80184482429686,-29.97841903836631,271.14068414085483,f,Stellar Cluster,Globular star clusters,GSC32,0.22290987993648453,0.316433255146787,343.577,POLYGON ICRS  271.116260696 -29.997364375 271.159406684 -29.995641669 271.157215555 -29.958554225 271.114115589 -29.960266223,2.0.1,RELEASE,jwst_1535.pmap,13.1.13,,,,,,,,,117570240,ea136f9f20d95dba45372b6eb7d79cea,/Date(1783392204339)/,61228.11347615741,/Date(1783392322686)/,61228.114845902775,77,/Date(1786901880000)/,61268.73472222222,False,False,False,6520179,"GO-8960 Milone, Antonino Paolo",CLEAR-F115W,NIRISS-F115W,,,4,,,,,,,,,,,,,,,,,,,F115W,,,,0.329819769,74.83823,5.040436,POLYGON ICRS  271.116260696 -29.997364375 271.159406684 -29.995641669 271.157215555 -29.958554225 271.114115589 -29.960266223,271.1367489681517,-29.977959993131204,JWST,IR,JWST,CAOM,CLEAR,NGC 6528,"Milone, Antonino Paolo",8960,NIRISS,POLYGON ICRS  271.116260696 -29.997364375 271.159406684 -29.995641669 271.157215555 -29.958554225 271.114115589 -29.960266223,60903.56805109954,60903.572649016205,386.524,A survey of low mass stars in globular clusters: Probing the Origin of Multiple Stellar Populations with JWST,61268.73472222222,GO,NI.F115W,2026-08-16 17:38:00.000,2025-08-16 13:37:59.615,mast:JWST/product/jw08960011001_02201_00001_nis_rate.fits,mast:JWST/product/jw08960011001_02201_00001_nis_rate.fits
239835664,jw08960011001_02101_00001_nrcb1_cal.fits,jw08960011001_02101_00001,2b,01,NRCB1_FULL,jw08960_20260706t225135_pool.csv,jw08960-o011_20260706t225135_image2_00127_asn.json,381.64433219935745,60903.577242870364,f,60903.57494409335,60903.572645316344,GO,,31,f,/Date(1783392137196)/,61228.11269902778,/Date(1755351892171)/,60903.572826041665,/Date(1755351494911)/,60903.568228125,NRCB1,0,0,397.26,386.524,193.262,OK,NRC_IMAGE,2,60903.57282605324,60903.570527094904,1,PRIME,60903.56822813657,1,2,S9SP029740,0,-30.12393182380023,12.64925861358643,1,271.1478721872204,/Date(1755351219915)/,60903.565045324074,/Date(1755350903500)/,60903.56138310185,0.0220250245,0.004398114047944546,0.0262658447,378.9840927813202,60903.57721208051,f,60903.57491330353,60903.572614526536,NIRCAM,f,,-0.00564900001336354,/Date(946684800000)/,51544,-0.002157,24,2,9,2,1,0,1,6,60904.844001666665,V08960011001P0000000002101,11,NGC6528a,STSCI,FINEGUIDE,"Milone, Antonino Paolo",NRCALL_FULL,PRDOPSSOC-073,8960,-30.055777777777777,271.2067083333333,60901.18954273148,BRIGHT2,486,Stars and Stellar Populations,2026_1b,1,-2,FULL,,2048,2048,1,1,-30.05581798784246,271.2066905944172,NGC 6528,f,NGC-6528,FIXED,0.1,0.1,JWST,NIRCam Imaging,10.73677,21.474,UTC,A survey of low mass stars in globular clusters: Probing the Origin of Multiple Stellar Populations with JWST,10,f,1,08960011001,/Date(1755357083334)/,60903.63290894676,02,SUCCESSFUL,PRIME_TARGETED_FIXED,/Date(1755348566734)/,60903.5343371875,-2.9000083,-3.0999999,t,ImageModel,f,/Date(1755351494911)/,60903.568228125,,0.02496431570008669,2025228T153240981_001_osf.xml,1,,INTRAMODULEBOX,t,CALCULATED_TRACK_TR_202111,10.3,86.80184482429686,-30.021468964905452,271.2206833120391,f,Stellar Cluster,Globular star clusters,GSC32,0.054775680411602516,0.4732509981467869,343.577,POLYGON ICRS 271.227370 -30.029246 271.226375 -30.011885 271.206164 -30.012662 271.207125 -30.030214,2.0.1,RELEASE,jwst_1535.pmap,13.1.13,,,,,,,,,117573120,fb72b99009829ab56f571a006eaa113f,/Date(1783392359762)/,61228.115275034725,/Date(1783392449696)/,61228.11631592592,68,/Date(1786902174000)/,61268.738125,False,False,False,6519589,"GO-8960 Milone, Antonino Paolo",F115W-CLEAR,NIRCAM-F115W,3,2,4,SHORT,0,0,0,0,0,0,NULL,NULL,NULL,0,0,0,0,0,0,B,f,CLEAR,2-POINT-LARGE-WITH-NIRISS,3,,,,,POLYGON ICRS  271.207101124 -30.030207762 271.227338228 -30.029228998 271.226328720 -30.011870589 271.206130670 -30.012657427,271.2167404217099,-30.021005744457746,JWST,IR,JWST,CAOM,F115W,NGC 6528,"Milone, Antonino Paolo",8960,NIRCAM,POLYGON ICRS 271.227370 -30.029246 271.226375 -30.011885 271.206164 -30.012662 271.207125 -30.030214,60903.56822813657,60903.57282605324,386.524,A survey of low mass stars in globular clusters: Probing the Origin of Multiple Stellar Populations with JWST,61268.738125,GO,NC.F115W,2026-08-16 17:42:54.000,2025-08-16 13:38:14.911,mast:JWST/product/jw08960011001_02101_00001_nrcb1_rate.fits,mast:JWST/product/jw08960011001_02101_00001_nrcb1_rate.fits
239836003,jw08960011001_02101_00001_nrcblong_cal.fits,jw08960011001_02101_00001,2b,01,NRCB5_FULL,jw08960_20260706t225135_pool.csv,jw08960-o011_20260706t225135_image2_00123_asn.json,381.64432717021555,60903.57724361105,f,60903.574944834036,60903.57264605703,GO,,31,f,/Date(1783392134204)/,61228.11266438657,/Date(1755351892235)/,60903.57282680555,/Date(1755351494975)/,60903.568228888886,NRCBLONG,0,0,397.26,386.524,193.262,OK,NRC_IMAGE,2,60903.572826793985,60903.57052783565,1,PRIME,60903.56822887732,1,2,S9SP029740,0,-30.12393182380023,12.64925861358643,1,271.1478721872204,/Date(1755351219915)/,60903.565045324074,/Date(1755350903500)/,60903.56138310185,0.0220250245,0.004398114047944546,0.0262658447,378.9840877521783,60903.5772128212,f,60903.57491404421,60903.57261526722,NIRCAM,f,,-0.00564900001336354,/Date(946684800000)/,51544,-0.002157,24,2,9,2,1,0,1,6,60904.844001666665,V08960011001P0000000002101,11,NGC6528a,STSCI,FINEGUIDE,"Milone, Antonino Paolo",NRCALL_FULL,PRDOPSSOC-073,8960,-30.055777777777777,271.2067083333333,60901.18954273148,BRIGHT2,490,Stars and Stellar Populations,2026_1b,1,-2,FULL,,2048,2048,1,1,-30.055817987842463,271.2066905944172,NGC 6528,f,NGC-6528,FIXED,0.1,0.1,JWST,NIRCam Imaging,10.73677,21.474,UTC,A survey of low mass stars in globular clusters: Probing the Origin of Multiple Stellar Populations with JWST,10,f,1,08960011001,/Date(1755357083334)/,60903.63290894676,02,SUCCESSFUL,PRIME_TARGETED_FIXED,/Date(1755348566734)/,60903.5343371875,-2.9000083,-3.0999999,t,ImageModel,f,/Date(1755351494975)/,60903.568228888886,,0.02496431570008669,2025228T153240981_001_osf.xml,1,,INTRAMODULEBOX,t,CALCULATED_TRACK_TR_202111,10.3,86.80184482429686,-30.03115594499235,271.21050003571827,f,Stellar Cluster,Globular star clusters,GSC32,0.24131845581894582,2.8811409740549254,343.577,POLYGON ICRS 271.228498 -30.047395 271.226129 -30.011998 271.184662 -30.013557 271.186774 -30.049835,2.0.1,RELEASE,jwst_1535.pmap,13.1.13,,,,,,,,,117573120,4c0c13ebcf26d9d3e48b68fcd7f061a0,/Date(1783392421884)/,61228.1159940162,/Date(1783392492237)/,61228.116808287035,68,/Date(1786902156000)/,61268.737916666665,False,False,False,6519589,"GO-8960 Milone, Antonino Paolo",F444W-CLEAR,NIRCAM-F444W,3,2,4,LONG,0,0,0,0,0,0,NULL,NULL,NULL,0,0,0,0,0,0,B,f,CLEAR,2-POINT-LARGE-WITH-NIRISS,3,,,,,POLYGON ICRS  271.186765536 -30.049839805 271.228483404 -30.047380348 271.226086829 -30.011987962 271.184640801 -30.013564619,271.2064333807694,-30.030722616003768,JWST,IR,JWST,CAOM,F444W,NGC 6528,"Milone, Antonino Paolo",8960,NIRCAM,POLYGON ICRS 271.228498 -30.047395 271.226129 -30.011998 271.184662 -30.013557 271.186774 -30.049835,60903.56822887732,60903.572826793985,386.524,A survey of low mass stars in globular clusters: Probing the Origin of Multiple Stellar Populations with JWST,61268.737916666665,GO,NC.F444W,2026-08-16 17:42:36.000,2025-08-16 13:38:14.975,mast:JWST/product/jw08960011001_02101_00001_nrcblong_rate.fits,mast:JWST/product/jw08960011001_02101_00001_nrcblong_rate.fits
239835646,jw08960011001_02101_00001_nrcalong_cal.fits,jw08960011001_02101_00001,2b,01,NRCA5_FULL,jw08960_20260706t225135_pool.csv,jw08960-o011_20260706t225135_image2_00128_asn.json,381.64432214107364,60903.57724435173,f,60903.57494557472,60903.57264679771,GO,,31,f,/Date(1783392142061)/,61228.11275532407,/Date(1755351892299)/,60903.5728275463,/Date(1755351495039)/,60903.56822962963,NRCALONG,0,0,397.26,386.524,193.262,OK,NRC_IMAGE,2,60903.57282753472,60903.57052857639,1,PRIME,60903.56822961805,-1,2,S9SP029740,0,-30.12393182380023,12.64925861358643,1,271.1478721872204,/Date(1755351219915)/,60903.565045324074,/Date(1755350903500)/,60903.56138310185,0.0220250245,0.004398114047944546,0.0262658447,378.9840827230364,60903.577213561875,f,60903.5749147849,60903.5726160079,NIRCAM,f,,-0.00564900001336354,/Date(946684800000)/,51544,-0.002157,24,2,9,2,1,0,1,6,60904.844001666665,V08960011001P0000000002101,11,NGC6528a,STSCI,FINEGUIDE,"Milone, Antonino Paolo",NRCALL_FULL,PRDOPSSOC-073,8960,-30.055777777777777,271.2067083333333,60901.18954273148,BRIGHT2,485,Stars and Stellar Populations,2026_1b,1,2,FULL,,2048,2048,1,1,-30.055817987842467,271.2066905944172,NGC 6528,f,NGC-6528,FIXED,0.1,0.1,JWST,NIRCam Imaging,10.73677,21.474,UTC,A survey of low mass stars in globular clusters: Probing the Origin of Multiple Stellar Populations with JWST,10,f,1,08960011001,/Date(1755357083334)/,60903.63290894676,02,SUCCESSFUL,PRIME_TARGETED_FIXED,/Date(1755348566734)/,60903.5343371875,-2.9000083,-3.0999999,t,ImageModel,f,/Date(1755351495039)/,60903.56822962963,,0.02496431570008669,2025228T153240981_001_osf.xml,1,,INTRAMODULEBOX,t,CALCULATED_TRACK_TR_202111,10.3,86.80184482429686,-30.079818379727936,271.2129850161253,f,Stellar Cluster,Globular star clusters,GSC32,0.15939676507376221,1.6709507383247255,343.577,POLYGON ICRS 271.230855 -30.095997 271.228616 -30.060647 271.186907 -30.062273 271.189508 -30.098461,2.0.1,RELEASE,jwst_1535.pmap,13.1.13,,,,,,,,,117573120,ade0cbfd2cb77cd8daccb203417ba369,/Date(1783392359708)/,61228.115274375,/Date(1783392448500)/,61228.116302083334,68,/Date(1786902196000)/,61268.73837962963,False,False,False,6519589,"GO-8960 Milone, Antonino Paolo",F444W-CLEAR,NIRCAM-F444W,3,2,4,LONG,0,0,0,0,0,0,NULL,NULL,NULL,0,0,0,0,0,0,A,f,CLEAR,2-POINT-LARGE-WITH-NIRISS,3,,,,,POLYGON ICRS  271.189523700 -30.098468549 271.230885408 -30.095983820 271.228613618 -30.060637347 271.186904590 -30.062283651,271.20888749569457,-30.079326722933235,JWST,IR,JWST,CAOM,F444W,NGC 6528,"Milone, Antonino Paolo",8960,NIRCAM,POLYGON ICRS 271.230855 -30.095997 271.228616 -30.060647 271.186907 -30.062273 271.189508 -30.098461,60903.56822961805,60903.57282753472,386.524,A survey of low mass stars in globular clusters: Probing the Origin of Multiple Stellar Populations with JWST,61268.73837962963,GO,NC.F444W,2026-08-16 17:43:16.000,2025-08-16 13:38:15.039,mast:JWST/product/jw08960011001_02101_00001_nrcalong_rate.fits,mast:JWST/product/jw08960011001_02101_00001_nrcalong_rate.fits
239836081,jw08960011001_02101_00001_nrca1_cal.fits,jw08960011001_02101_00001,2b,01,NRCA1_FULL,jw08960_20260706t225135_pool.csv,jw08960-o011_20260706t225135_image2_00132_asn.json,381.64432214107364,60903.57724435173,f,60903.57494557472,60903.57264679771,GO,,31,f,/Date(1783392206932)/,61228.11350616898,/Date(1755351892299)/,60903.5728275463,/Date(1755351495039)/,60903.56822962963,NRCA1,0,0,397.26,386.524,193.262,OK,NRC_IMAGE,2,60903.57282753472,60903.57052857639,1,PRIME,60903.56822961805,-1,2,S9SP029740,0,-30.12393182380023,12.64925861358643,1,271.1478721872204,/Date(1755351219915)/,60903.565045324074,/Date(1755350903500)/,60903.56138310185,0.0220250245,0.004398114047944546,0.0262658447,378.9840827230364,60903.577213561875,f,60903.5749147849,60903.5726160079,NIRCAM,f,,-0.00564900001336354,/Date(946684800000)/,51544,-0.002157,24,2,9,2,1,0,1,6,60904.844001666665,V08960011001P0000000002101,11,NGC6528a,STSCI,FINEGUIDE,"Milone, Antonino Paolo",NRCALL_FULL,PRDOPSSOC-073,8960,-30.055777777777777,271.2067083333333,60901.18954273148,BRIGHT2,481,Stars and Stellar Populations,2026_1b,1,2,FULL,,2048,2048,1,1,-30.055817987842467,271.2066905944172,NGC 6528,f,NGC-6528,FIXED,0.1,0.1,JWST,NIRCam Imaging,10.73677,21.474,UTC,A survey of low mass stars in globular clusters: Probing the Origin of Multiple Stellar Populations with JWST,10,f,1,08960011001,/Date(1755357083334)/,60903.63290894676,02,SUCCESSFUL,PRIME_TARGETED_FIXED,/Date(1755348566734)/,60903.5343371875,-2.9000083,-3.0999999,t,ImageModel,f,/Date(1755351495039)/,60903.56822962963,,0.02496431570008669,2025228T153240981_001_osf.xml,1,,INTRAMODULEBOX,t,CALCULATED_TRACK_TR_202111,10.3,86.80184482429686,-30.089960870485392,271.2027135615499,f,Stellar Cluster,Globular star clusters,GSC32,0.06026802887249961,0.5544392192364849,343.577,POLYGON ICRS 271.209623 -30.097690 271.208335 -30.080123 271.187745 -30.081170 271.189100 -30.098980,2.0.1,RELEASE,jwst_1535.pmap,13.1.13,,,,,,,,,117573120,1825e8c7650a404259bf537b86f3f2e1,/Date(1783392439616)/,61228.11619925926,/Date(1783392502211)/,61228.116923726855,68,/Date(1786902221000)/,61268.73866898148,False,False,False,6519589,"GO-8960 Milone, Antonino Paolo",F115W-CLEAR,NIRCAM-F115W,3,2,4,SHORT,0,0,0,0,0,0,NULL,NULL,NULL,0,0,0,0,0,0,A,f,CLEAR,2-POINT-LARGE-WITH-NIRISS,3,,,,,POLYGON ICRS  271.189124098 -30.098991186 271.209654135 -30.097693775 271.208355733 -30.080129021 271.187762682 -30.081183298,271.19867668835474,-30.0894886151821,JWST,IR,JWST,CAOM,F115W,NGC 6528,"Milone, Antonino Paolo",8960,NIRCAM,POLYGON ICRS 271.209623 -30.097690 271.208335 -30.080123 271.187745 -30.081170 271.189100 -30.098980,60903.56822961805,60903.57282753472,386.524,A survey of low mass stars in globular clusters: Probing the Origin of Multiple Stellar Populations with JWST,61268.73866898148,GO,NC.F115W,2026-08-16 17:43:41.000,2025-08-16 13:38:15.039,mast:JWST/product/jw08960011001_02101_00001_nrca1_rate.fits,mast:JWST/product/jw08960011001_02101_00001_nrca1_rate.fits
239833412,jw08960011001_04201_00001_nis_cal.fits,jw08960011001_04201_00001,2b,01,NIS_CEN,jw08960_20260706t225135_pool.csv,jw08960-o011_20260706t225135_image2_00006_asn.json,381.3932868652046,60903.61307704533,f,60903.611275300944,60903.609473556564,GO,,92,f,/Date(1783391503310)/,61228.10536238426,/Date(1755354988488)/,60903.608663032406,/Date(1755354677122)/,60903.60505929398,NIS,0,0,311.366,300.63,300.63,OK,NIS_IMAGE,14,60903.60866305556,60903.606861168984,1,PARALLEL_COORDINATED,60903.60505928241,-2,4,S9SP029740,0,-30.12393182380023,12.64925861358643,1,271.1478721872204,/Date(1755351219915)/,60903.565045324074,/Date(1755350903500)/,60903.56138310185,0.0220250245,0.004398114047944546,0.0262658447,378.7330204155296,60903.61304625518,f,60903.611244510816,60903.60944276644,NIRISS,f,NONE,-0.00564900001336354,/Date(946684800000)/,51544,-0.002157,24,4,7,1,1,1,1,,60904.844001666665,V08960011001P0896001104201,11,NGC6528a,STSCI,FINEGUIDE,"Milone, Antonino Paolo",NIS_CEN,PRDOPSSOC-073,8960,-30.055777777777777,271.2067083333333,60901.18954273148,NIS,496,Stars and Stellar Populations,2026_1b,2,-1,FULL,,2048,2048,1,1,-30.055817987998555,271.20669059434834,NGC 6528,f,NGC-6528,FIXED,0.1,0.1,JWST,NIRCam Imaging,10.73677,42.947,UTC,A survey of low mass stars in globular clusters: Probing the Origin of Multiple Stellar Populations with JWST,10,f,1,08960011001,/Date(1755357083334)/,60903.63290894676,04,SUCCESSFUL,PRIME_TARGETED_FIXED,/Date(1755348566734)/,60903.5343371875,,,f,ImageModel,f,/Date(1755354677122)/,60903.60505929398,,0.008519762810958254,2025228T154056288_001_osf.xml,1,,NONE,t,CALCULATED_TRACK_TR_202111,10.3,86.80184482429686,-29.978419247076946,271.1406832339456,f,Stellar Cluster,Globular star clusters,GSC32,0.3935874547964369,1.1787601375935868,257.682,POLYGON ICRS  271.116239264 -29.997327069 271.159385044 -29.995604138 271.157195831 -29.958517665 271.114095779 -29.960228832,2.0.1,RELEASE,jwst_1535.pmap,13.1.13,,,,,,,,,117570240,ca1cafa397a39c27abd30092a52a6606,/Date(1783391794231)/,61228.108729513886,/Date(1783392002176)/,61228.1111362963,77,/Date(1786901530000)/,61268.730671296296,False,False,False,6520170,"GO-8960 Milone, Antonino Paolo",CLEAR-F200W,NIRISS-F200W,,,4,,,,,,,,,,,,,,,,,,,F200W,,,,0.329819769,74.83823,164.815552,POLYGON ICRS  271.116239264 -29.997327069 271.159385044 -29.995604138 271.157195831 -29.958517665 271.114095779 -29.960228832,271.1367282122776,-29.977922783558274,JWST,IR,JWST,CAOM,CLEAR,NGC 6528,"Milone, Antonino Paolo",8960,NIRISS,POLYGON ICRS  271.116239264 -29.997327069 271.159385044 -29.995604138 271.157195831 -29.958517665 271.114095779 -29.960228832,60903.60505928241,60903.60866305556,300.63,A survey of low mass stars in globular clusters: Probing the Origin of Multiple Stellar Populations with JWST,61268.730671296296,GO,NI.F200W,2026-08-16 17:32:10.000,2025-08-16 14:31:17.122,mast:JWST/product/jw08960011001_04201_00001_nis_rate.fits,mast:JWST/product/jw08960011001_04201_00001_nis_rate.fits
239834822,jw08960011001_04101_00001_nrcblong_cal.fits,jw08960011001_04101_00001,2b,01,NRCB5_FULL,jw08960_20260706t225135_pool.csv,jw08960-o011_20260706t225135_image2_00057_asn.json,381.3927613198757,60903.61315407628,f,60903.6113523319,60903.60955058751,GO,,31,f,/Date(1783391872397)/,61228.10963421296,/Date(1755354995144)/,60903.60874008102,/Date(1755354683778)/,60903.6051362963,NRCBLONG,0,0,311.366,300.63,150.315,OK,NRC_IMAGE,13,60903.60874009259,60903.606938206016,1,PRIME,60903.60513631944,1,2,S9SP029740,0,-30.12393182380023,12.64925861358643,1,271.1478721872204,/Date(1755351219915)/,60903.565045324074,/Date(1755350903500)/,60903.56138310185,0.0220250245,0.004398114047944546,0.0262658447,378.7324954988435,60903.61312328614,f,60903.611321541764,60903.6095197974,NIRCAM,f,,-0.00564900001336354,/Date(946684800000)/,51544,-0.002157,24,2,7,2,1,0,1,6,60904.844001666665,V08960011001P0000000004101,11,NGC6528a,STSCI,FINEGUIDE,"Milone, Antonino Paolo",NRCALL_FULL,PRDOPSSOC-073,8960,-30.055777777777777,271.2067083333333,60901.18954273148,BRIGHT2,490,Stars and Stellar Populations,2026_1b,1,-2,FULL,,2048,2048,1,1,-30.055817987998886,271.2066905943482,NGC 6528,f,NGC-6528,FIXED,0.1,0.1,JWST,NIRCam Imaging,10.73677,21.474,UTC,A survey of low mass stars in globular clusters: Probing the Origin of Multiple Stellar Populations with JWST,10,f,1,08960011001,/Date(1755357083334)/,60903.63290894676,04,SUCCESSFUL,PRIME_TARGETED_FIXED,/Date(1755348566734)/,60903.5343371875,-2.9000083,-3.0999999,t,ImageModel,f,/Date(1755354683778)/,60903.6051362963,,0.017756627224556815,2025228T154056288_001_osf.xml,1,,INTRAMODULEBOX,t,CALCULATED_TRACK_TR_202111,10.3,86.80184482429686,-30.03115701248235,271.2104982792113,f,Stellar Cluster,Globular star clusters,GSC32,0.3722713555490577,3.612991491228158,257.682,POLYGON ICRS 271.228498 -30.047395 271.226129 -30.011998 271.184662 -30.013557 271.186774 -30.049835,2.0.1,RELEASE,jwst_1535.pmap,13.1.13,,,,,,,,,117573120,d500b87212df6d6e30b6b65ea1b21824,/Date(1783392201751)/,61228.113446180556,/Date(1783392321962)/,61228.114837534726,68,/Date(1786901802000)/,61268.733819444446,False,False,False,6519573,"GO-8960 Milone, Antonino Paolo",F277W-CLEAR,NIRCAM-F277W,3,2,4,LONG,0,0,0,0,0,0,NULL,NULL,NULL,0,0,0,0,0,0,B,f,CLEAR,2-POINT-LARGE-WITH-NIRISS,3,,,,,POLYGON ICRS  271.186774580 -30.049838464 271.228491769 -30.047379129 271.226095003 -30.011987494 271.184649487 -30.013564128,271.2064333807694,-30.030722616003768,JWST,IR,JWST,CAOM,F277W,NGC 6528,"Milone, Antonino Paolo",8960,NIRCAM,POLYGON ICRS 271.228498 -30.047395 271.226129 -30.011998 271.184662 -30.013557 271.186774 -30.049835,60903.60513631944,60903.60874009259,300.63,A survey of low mass stars in globular clusters: Probing the Origin of Multiple Stellar Populations with JWST,61268.733819444446,GO,NC.F277W,2026-08-16 17:36:42.000,2025-08-16 14:31:23.778,mast:JWST/product/jw08960011001_04101_00001_nrcblong_rate.fits,mast:JWST/product/jw08960011001_04101_00001_nrcblong_rate.fits
239834804,jw08960011001_04101_00001_nrcb1_cal.fits,jw08960011001_04101_00001,2b,01,NRCB1_FULL,jw08960_20260706t225135_pool.csv,jw08960-o011_20260706t225135_image2_00061_asn.json,381.3927613198757,60903.61315407628,f,60903.6113523319,60903.60955058751,GO,,31,f,/Date(1783391866883)/,61228.10957040509,/Date(1755354995144)/,60903.60874008102,/Date(1755354683778)/,60903.6051362963,NRCB1,0,0,311.366,300.63,150.315,OK,NRC_IMAGE,13,60903.60874009259,60903.606938206016,1,PRIME,60903.60513631944,1,2,S9SP029740,0,-30.12393182380023,12.64925861358643,1,271.1478721872204,/Date(1755351219915)/,60903.565045324074,/Date(1755350903500)/,60903.56138310185,0.0220250245,0.004398114047944546,0.0262658447,378.7324954988435,60903.61312328614,f,60903.611321541764,60903.6095197974,NIRCAM,f,,-0.00564900001336354,/Date(946684800000)/,51544,-0.002157,24,2,7,2,1,0,1,6,60904.844001666665,V08960011001P0000000004101,11,NGC6528a,STSCI,FINEGUIDE,"Milone, Antonino Paolo",NRCALL_FULL,PRDOPSSOC-073,8960,-30.055777777777777,271.2067083333333,60901.18954273148,BRIGHT2,486,Stars and Stellar Populations,2026_1b,1,-2,FULL,,2048,2048,1,1,-30.055817987998886,271.2066905943482,NGC 6528,f,NGC-6528,FIXED,0.1,0.1,JWST,NIRCam Imaging,10.73677,21.474,UTC,A survey of low mass stars in globular clusters: Probing the Origin of Multiple Stellar Populations with JWST,10,f,1,08960011001,/Date(1755357083334)/,60903.63290894676,04,SUCCESSFUL,PRIME_TARGETED_FIXED,/Date(1755348566734)/,60903.5343371875,-2.9000083,-3.0999999,t,ImageModel,f,/Date(1755354683778)/,60903.6051362963,,0.017756627224556815,2025228T154056288_001_osf.xml,1,,INTRAMODULEBOX,t,CALCULATED_TRACK_TR_202111,10.3,86.80184482429686,-30.021470156764746,271.220681714375,f,Stellar Cluster,Globular star clusters,GSC32,0.05697608937805921,0.5116477066963308,257.682,POLYGON ICRS 271.227370 -30.029246 271.226375 -30.011885 271.206164 -30.012662 271.207125 -30.030214,2.0.1,RELEASE,jwst_1535.pmap,13.1.13,,,,,,,,,117573120,f22e0552c4e99c3ec7f75e487d60fbad,/Date(1783392200640)/,61228.11343333333,/Date(1783392318368)/,61228.11479590278,68,/Date(1786901840000)/,61268.73425925926,False,False,False,6519573,"GO-8960 Milone, Antonino Paolo",F200W-CLEAR,NIRCAM-F200W,3,2,4,SHORT,0,0,0,0,0,0,NULL,NULL,NULL,0,0,0,0,0,0,B,f,CLEAR,2-POINT-LARGE-WITH-NIRISS,3,,,,,POLYGON ICRS  271.207118499 -30.030198489 271.227356391 -30.029219498 271.226347273 -30.011861167 271.206148178 -30.012647973,271.2167404217099,-30.021005744457746,JWST,IR,JWST,CAOM,F200W,NGC 6528,"Milone, Antonino Paolo",8960,NIRCAM,POLYGON ICRS 271.227370 -30.029246 271.226375 -30.011885 271.206164 -30.012662 271.207125 -30.030214,60903.60513631944,60903.60874009259,300.63,A survey of low mass stars in globular clusters: Probing the Origin of Multiple Stellar Populations with JWST,61268.73425925926,GO,NC.F200W,2026-08-16 17:37:20.000,2025-08-16 14:31:23.778,mast:JWST/product/jw08960011001_04101_00001_nrcb1_rate.fits,mast:JWST/product/jw08960011001_04101_00001_nrcb1_rate.fits
239835170,jw08960011001_04101_00001_nrcalong_cal.fits,jw08960011001_04101_00001,2b,01,NRCA5_FULL,jw08960_20260706t225135_pool.csv,jw08960-o011_20260706t225135_image2_00062_asn.json,381.3927512615919,60903.61315555765,f,60903.61135381327,60903.60955206888,GO,,31,f,/Date(1783391883225)/,61228.10975956018,/Date(1755354995272)/,60903.608741585645,/Date(1755354683906)/,60903.60513780093,NRCALONG,0,0,311.366,300.63,150.315,OK,NRC_IMAGE,13,60903.60874157408,60903.6069396875,1,PRIME,60903.60513780093,-1,2,S9SP029740,0,-30.12393182380023,12.64925861358643,1,271.1478721872204,/Date(1755351219915)/,60903.565045324074,/Date(1755350903500)/,60903.56138310185,0.0220250245,0.004398114047944546,0.0262658447,378.7324854405597,60903.61312476751,f,60903.611323023135,60903.60952127877,NIRCAM,f,,-0.00564900001336354,/Date(946684800000)/,51544,-0.002157,24,2,7,2,1,0,1,6,60904.844001666665,V08960011001P0000000004101,11,NGC6528a,STSCI,FINEGUIDE,"Milone, Antonino Paolo",NRCALL_FULL,PRDOPSSOC-073,8960,-30.055777777777777,271.2067083333333,60901.18954273148,BRIGHT2,485,Stars and Stellar Populations,2026_1b,1,2,FULL,,2048,2048,1,1,-30.055817987998893,271.2066905943482,NGC 6528,f,NGC-6528,FIXED,0.1,0.1,JWST,NIRCam Imaging,10.73677,21.474,UTC,A survey of low mass stars in globular clusters: Probing the Origin of Multiple Stellar Populations with JWST,10,f,1,08960011001,/Date(1755357083334)/,60903.63290894676,04,SUCCESSFUL,PRIME_TARGETED_FIXED,/Date(1755348566734)/,60903.5343371875,-2.9000083,-3.0999999,t,ImageModel,f,/Date(1755354683906)/,60903.60513780093,,0.017756627224556815,2025228T154056288_001_osf.xml,1,,INTRAMODULEBOX,t,CALCULATED_TRACK_TR_202111,10.3,86.80184482429686,-30.079819479519706,271.21298246372845,f,Stellar Cluster,Globular star clusters,GSC32,0.22491774124240727,1.8957796582654278,257.682,POLYGON ICRS 271.230855 -30.095997 271.228616 -30.060647 271.186907 -30.062273 271.189508 -30.098461,2.0.1,RELEASE,jwst_1535.pmap,13.1.13,,,,,,,,,117573120,78876123f2cffdb081907f00ba1b6032,/Date(1783392280237)/,61228.11435458333,/Date(1783392385986)/,61228.11557854166,68,/Date(1786901841000)/,61268.73427083333,False,False,False,6519573,"GO-8960 Milone, Antonino Paolo",F277W-CLEAR,NIRCAM-F277W,3,2,4,LONG,0,0,0,0,0,0,NULL,NULL,NULL,0,0,0,0,0,0,A,f,CLEAR,2-POINT-LARGE-WITH-NIRISS,3,,,,,POLYGON ICRS  271.189525639 -30.098466457 271.230886899 -30.095982257 271.228616393 -30.060635951 271.186907789 -30.062282233,271.20888749569457,-30.079326722933235,JWST,IR,JWST,CAOM,F277W,NGC 6528,"Milone, Antonino Paolo",8960,NIRCAM,POLYGON ICRS 271.230855 -30.095997 271.228616 -30.060647 271.186907 -30.062273 271.189508 -30.098461,60903.60513780093,60903.60874157408,300.63,A survey of low mass stars in globular clusters: Probing the Origin of Multiple Stellar Populations with JWST,61268.73427083333,GO,NC.F277W,2026-08-16 17:37:21.000,2025-08-16 14:31:23.906,mast:JWST/product/jw08960011001_04101_00001_nrcalong_rate.fits,mast:JWST/product/jw08960011001_04101_00001_nrcalong_rate.fits
239835115,jw08960011001_04101_00001_nrca1_cal.fits,jw08960011001_04101_00001,2b,01,NRCA1_FULL,jw08960_20260706t225135_pool.csv,jw08960-o011_20260706t225135_image2_00066_asn.json,381.3927512615919,60903.61315555765,f,60903.61135381327,60903.60955206888,GO,,31,f,/Date(1783391880707)/,61228.10973039352,/Date(1755354995272)/,60903.608741585645,/Date(1755354683906)/,60903.60513780093,NRCA1,0,0,311.366,300.63,150.315,OK,NRC_IMAGE,13,60903.60874157408,60903.6069396875,1,PRIME,60903.60513780093,-1,2,S9SP029740,0,-30.12393182380023,12.64925861358643,1,271.1478721872204,/Date(1755351219915)/,60903.565045324074,/Date(1755350903500)/,60903.56138310185,0.0220250245,0.004398114047944546,0.0262658447,378.7324854405597,60903.61312476751,f,60903.611323023135,60903.60952127877,NIRCAM,f,,-0.00564900001336354,/Date(946684800000)/,51544,-0.002157,24,2,7,2,1,0,1,6,60904.844001666665,V08960011001P0000000004101,11,NGC6528a,STSCI,FINEGUIDE,"Milone, Antonino Paolo",NRCALL_FULL,PRDOPSSOC-073,8960,-30.055777777777777,271.2067083333333,60901.18954273148,BRIGHT2,481,Stars and Stellar Populations,2026_1b,1,2,FULL,,2048,2048,1,1,-30.055817987998893,271.2066905943482,NGC 6528,f,NGC-6528,FIXED,0.1,0.1,JWST,NIRCam Imaging,10.73677,21.474,UTC,A survey of low mass stars in globular clusters: Probing the Origin of Multiple Stellar Populations with JWST,10,f,1,08960011001,/Date(1755357083334)/,60903.63290894676,04,SUCCESSFUL,PRIME_TARGETED_FIXED,/Date(1755348566734)/,60903.5343371875,-2.9000083,-3.0999999,t,ImageModel,f,/Date(1755354683906)/,60903.60513780093,,0.017756627224556815,2025228T154056288_001_osf.xml,1,,INTRAMODULEBOX,t,CALCULATED_TRACK_TR_202111,10.3,86.80184482429686,-30.08996184479013,271.2027108426504,f,Stellar Cluster,Globular star clusters,GSC32,0.06005337739337927,0.5208999256239316,257.682,POLYGON ICRS 271.209623 -30.097690 271.208335 -30.080123 271.187745 -30.081170 271.189100 -30.098980,2.0.1,RELEASE,jwst_1535.pmap,13.1.13,,,,,,,,,117570240,9d9bba8abc1800f613eac2f9c8a3d269,/Date(1783392270698)/,61228.11424416667,/Date(1783392375960)/,61228.1154625,68,/Date(1786901867000)/,61268.73457175926,False,False,False,6519573,"GO-8960 Milone, Antonino Paolo",F200W-CLEAR,NIRCAM-F200W,3,2,4,SHORT,0,0,0,0,0,0,NULL,NULL,NULL,0,0,0,0,0,0,A,f,CLEAR,2-POINT-LARGE-WITH-NIRISS,3,,,,,POLYGON ICRS  271.189082616 -30.099019325 271.209614549 -30.097721519 271.208316448 -30.080156035 271.187721240 -30.081210577,271.19867668835474,-30.0894886151821,JWST,IR,JWST,CAOM,F200W,NGC 6528,"Milone, Antonino Paolo",8960,NIRCAM,POLYGON ICRS 271.209623 -30.097690 271.208335 -30.080123 271.187745 -30.081170 271.189100 -30.098980,60903.60513780093,60903.60874157408,300.63,A survey of low mass stars in globular clusters: Probing the Origin of Multiple Stellar Populations with JWST,61268.73457175926,GO,NC.F200W,2026-08-16 17:37:47.000,2025-08-16 14:31:23.906,mast:JWST/product/jw08960011001_04101_00001_nrca1_rate.fits,mast:JWST/product/jw08960011001_04101_00001_nrca1_rate.fits
239838249,jw08960012001_02201_00001_nis_cal.fits,jw08960012001_02201_00001,2b,01,NIS_CEN,jw08960_20260706t225135_pool.csv,jw08960-o012_20260706t225135_image2_00072_asn.json,380.8412568178028,60903.69499049623,f,60903.692691719516,60903.690392942786,GO,,92,f,/Date(1783392454127)/,61228.11636719907,/Date(1755362066369)/,60903.69058298611,/Date(1755361669109)/,60903.685985069445,NIS,0,0,397.26,386.524,386.524,OK,NIS_IMAGE,1,60903.69058297454,60903.68828401621,1,PARALLEL_COORDINATED,60903.68598505787,-2,4,S9SP029740,0,-30.12393182380023,12.64925861358643,1,271.1478721872204,/Date(1755361419969)/,60903.68310150463,/Date(1755361237698)/,60903.68099185185,0.0220250245,0.004398114047944546,0.0262658447,378.18093253299594,60903.694959705404,f,60903.692660928704,60903.690362151996,NIRISS,f,NONE,-0.00564900001336354,/Date(946684800000)/,51544,-0.002157,24,4,9,1,1,1,1,,60904.844001666665,V08960012001P0896001202201,12,NGC6528b,STSCI,FINEGUIDE,"Milone, Antonino Paolo",NIS_CEN,PRDOPSSOC-073,8960,-30.055777777777777,271.2067083333333,60901.18954273148,NIS,496,Stars and Stellar Populations,2026_1b,2,-1,FULL,,2048,2048,1,1,-30.05581798834836,271.206690594194,NGC 6528,f,NGC-6528,FIXED,0.1,0.1,JWST,NIRCam Imaging,10.73677,42.947,UTC,A survey of low mass stars in globular clusters: Probing the Origin of Multiple Stellar Populations with JWST,10,f,1,08960012001,/Date(1755367280316)/,60903.75092958333,02,SUCCESSFUL,PRIME_TARGETED_FIXED,/Date(1755359696579)/,60903.66315486111,,,f,ImageModel,f,/Date(1755361669109)/,60903.685985069445,,-0.02379347667889056,2025228T224149818_001_osf.xml,1,,NONE,t,CALCULATED_TRACK_TR_202111,10.3,86.80184482429686,-29.97841954747777,271.14067889148413,f,Stellar Cluster,Globular star clusters,GSC32,0.2221708417418983,0.32892404153416016,343.577,POLYGON ICRS  271.116265065 -29.997363477 271.159411106 -29.995641870 271.157221237 -29.958554375 271.114121218 -29.960265275,2.0.1,RELEASE,jwst_1535.pmap,13.1.13,,,,,,,,,117570240,d90424344e0bc8e4e11785a4e9aae7fe,/Date(1783392815612)/,61228.12055107639,/Date(1783392994697)/,61228.1226237963,77,/Date(1786928187000)/,61269.03920138889,False,False,False,6520811,"GO-8960 Milone, Antonino Paolo",CLEAR-F115W,NIRISS-F115W,,,4,,,,,,,,,,,,,,,,,,,F115W,,,,0.329819769,74.83823,4.99154663,POLYGON ICRS  271.116265065 -29.997363477 271.159411106 -29.995641870 271.157221237 -29.958554375 271.114121218 -29.960265275,271.13675399351774,-29.977959619339728,JWST,IR,JWST,CAOM,CLEAR,NGC 6528,"Milone, Antonino Paolo",8960,NIRISS,POLYGON ICRS  271.116265065 -29.997363477 271.159411106 -29.995641870 271.157221237 -29.958554375 271.114121218 -29.960265275,60903.68598505787,60903.69058297454,386.524,A survey of low mass stars in globular clusters: Probing the Origin of Multiple Stellar Populations with JWST,61269.03920138889,GO,NI.F115W,2026-08-17 00:56:27.000,2025-08-16 16:27:49.109,mast:JWST/product/jw08960012001_02201_00001_nis_rate.fits,mast:JWST/product/jw08960012001_02201_00001_nis_rate.fits
239839505,jw08960012001_02101_00001_nrcb1_cal.fits,jw08960012001_02101_00001,2b,01,NRCB1_FULL,jw08960_20260706t225135_pool.csv,jw08960-o012_20260706t225135_image2_00127_asn.json,380.84025036077946,60903.695137892,f,60903.69283911527,60903.690540338546,GO,,31,f,/Date(1783392548339)/,61228.11745763889,/Date(1755362079105)/,60903.690730393515,/Date(1755361681845)/,60903.686132476854,NRCB1,0,0,397.26,386.524,193.262,OK,NRC_IMAGE,2,60903.690730381946,60903.68843142361,1,PRIME,60903.68613246528,1,2,S9SP029740,0,-30.12393182380023,12.64925861358643,1,271.1478721872204,/Date(1755361419969)/,60903.68310150463,/Date(1755361237698)/,60903.68099185185,0.0220250245,0.004398114047944546,0.0262658447,378.1799260759726,60903.695107101164,f,60903.692808324464,60903.690509547756,NIRCAM,f,,-0.00564900001336354,/Date(946684800000)/,51544,-0.002157,24,2,9,2,1,0,1,6,60904.844001666665,V08960012001P0000000002101,12,NGC6528b,STSCI,FINEGUIDE,"Milone, Antonino Paolo",NRCALL_FULL,PRDOPSSOC-073,8960,-30.055777777777777,271.2067083333333,60901.18954273148,BRIGHT2,486,Stars and Stellar Populations,2026_1b,1,-2,FULL,,2048,2048,1,1,-30.055817988348995,271.20669059419373,NGC 6528,f,NGC-6528,FIXED,0.1,0.1,JWST,NIRCam Imaging,10.73677,21.474,UTC,A survey of low mass stars in globular clusters: Probing the Origin of Multiple Stellar Populations with JWST,10,f,1,08960012001,/Date(1755367280316)/,60903.75092958333,02,SUCCESSFUL,PRIME_TARGETED_FIXED,/Date(1755359696579)/,60903.66315486111,-2.9000083,-3.0999999,t,ImageModel,f,/Date(1755361681845)/,60903.686132476854,,-0.0163355731971258,2025228T224149818_001_osf.xml,1,,INTRAMODULEBOX,t,CALCULATED_TRACK_TR_202111,10.3,86.80184482429686,-30.021471537790486,271.22067660679636,f,Stellar Cluster,Globular star clusters,GSC32,0.057790053338214895,0.5169677325797012,343.577,POLYGON ICRS 271.227370 -30.029246 271.226375 -30.011885 271.206164 -30.012662 271.207125 -30.030214,2.0.1,RELEASE,jwst_1535.pmap,13.1.13,,,,,,,,,117573120,1426c463b11cb65ef7ac5d7ed2009f41,/Date(1783393086988)/,61228.123691967594,/Date(1783393306202)/,61228.126229201385,68,/Date(1786928486000)/,61269.042662037034,False,False,False,6520418,"GO-8960 Milone, Antonino Paolo",F115W-CLEAR,NIRCAM-F115W,3,2,4,SHORT,0,0,0,0,0,0,NULL,NULL,NULL,0,0,0,0,0,0,B,f,CLEAR,2-POINT-LARGE-WITH-NIRISS,3,,,,,POLYGON ICRS  271.207104373 -30.030209193 271.227341508 -30.029230946 271.226332591 -30.011872513 271.206134516 -30.012658836,271.2167404217099,-30.021005744457746,JWST,IR,JWST,CAOM,F115W,NGC 6528,"Milone, Antonino Paolo",8960,NIRCAM,POLYGON ICRS 271.227370 -30.029246 271.226375 -30.011885 271.206164 -30.012662 271.207125 -30.030214,60903.68613246528,60903.690730381946,386.524,A survey of low mass stars in globular clusters: Probing the Origin of Multiple Stellar Populations with JWST,61269.042662037034,GO,NC.F115W,2026-08-17 01:01:26.000,2025-08-16 16:28:01.845,mast:JWST/product/jw08960012001_02101_00001_nrcb1_rate.fits,mast:JWST/product/jw08960012001_02101_00001_nrcb1_rate.fits
239839440,jw08960012001_02101_00001_nrcblong_cal.fits,jw08960012001_02101_00001,2b,01,NRCB5_FULL,jw08960_20260706t225135_pool.csv,jw08960-o012_20260706t225135_image2_00123_asn.json,380.84025036077946,60903.695137892,f,60903.69283911527,60903.690540338546,GO,,31,f,/Date(1783392534665)/,61228.117299375,/Date(1755362079105)/,60903.690730393515,/Date(1755361681845)/,60903.686132476854,NRCBLONG,0,0,397.26,386.524,193.262,OK,NRC_IMAGE,2,60903.690730381946,60903.68843142361,1,PRIME,60903.68613246528,1,2,S9SP029740,0,-30.12393182380023,12.64925861358643,1,271.1478721872204,/Date(1755361419969)/,60903.68310150463,/Date(1755361237698)/,60903.68099185185,0.0220250245,0.004398114047944546,0.0262658447,378.1799260759726,60903.695107101164,f,60903.692808324464,60903.690509547756,NIRCAM,f,,-0.00564900001336354,/Date(946684800000)/,51544,-0.002157,24,2,9,2,1,0,1,6,60904.844001666665,V08960012001P0000000002101,12,NGC6528b,STSCI,FINEGUIDE,"Milone, Antonino Paolo",NRCALL_FULL,PRDOPSSOC-073,8960,-30.055777777777777,271.2067083333333,60901.18954273148,BRIGHT2,490,Stars and Stellar Populations,2026_1b,1,-2,FULL,,2048,2048,1,1,-30.055817988348995,271.20669059419373,NGC 6528,f,NGC-6528,FIXED,0.1,0.1,JWST,NIRCam Imaging,10.73677,21.474,UTC,A survey of low mass stars in globular clusters: Probing the Origin of Multiple Stellar Populations with JWST,10,f,1,08960012001,/Date(1755367280316)/,60903.75092958333,02,SUCCESSFUL,PRIME_TARGETED_FIXED,/Date(1755359696579)/,60903.66315486111,-2.9000083,-3.0999999,t,ImageModel,f,/Date(1755361681845)/,60903.686132476854,,-0.0163355731971258,2025228T224149818_001_osf.xml,1,,INTRAMODULEBOX,t,CALCULATED_TRACK_TR_202111,10.3,86.80184482429686,-30.03115825867781,271.21049299849244,f,Stellar Cluster,Globular star clusters,GSC32,0.24240721068125126,2.7937075051890967,343.577,POLYGON ICRS 271.228498 -30.047395 271.226129 -30.011998 271.184662 -30.013557 271.186774 -30.049835,2.0.1,RELEASE,jwst_1535.pmap,13.1.13,,,,,,,,,117573120,0981e96eacbde7181bedc8a08a8083f1,/Date(1783393077440)/,61228.12358148148,/Date(1783393291469)/,61228.12605868056,68,/Date(1786928457000)/,61269.04232638889,False,False,False,6520418,"GO-8960 Milone, Antonino Paolo",F444W-CLEAR,NIRCAM-F444W,3,2,4,LONG,0,0,0,0,0,0,NULL,NULL,NULL,0,0,0,0,0,0,B,f,CLEAR,2-POINT-LARGE-WITH-NIRISS,3,,,,,POLYGON ICRS  271.186768118 -30.049840717 271.228486065 -30.047382324 271.226090695 -30.011989881 271.184644618 -30.013565482,271.2064333807694,-30.030722616003768,JWST,IR,JWST,CAOM,F444W,NGC 6528,"Milone, Antonino Paolo",8960,NIRCAM,POLYGON ICRS 271.228498 -30.047395 271.226129 -30.011998 271.184662 -30.013557 271.186774 -30.049835,60903.68613246528,60903.690730381946,386.524,A survey of low mass stars in globular clusters: Probing the Origin of Multiple Stellar Populations with JWST,61269.04232638889,GO,NC.F444W,2026-08-17 01:00:57.000,2025-08-16 16:28:01.845,mast:JWST/product/jw08960012001_02101_00001_nrcblong_rate.fits,mast:JWST/product/jw08960012001_02101_00001_nrcblong_rate.fits
239839243,jw08960012001_02101_00001_nrcalong_cal.fits,jw08960012001_02101_00001,2b,01,NRCA5_FULL,jw08960_20260706t225135_pool.csv,jw08960-o012_20260706t225135_image2_00128_asn.json,380.84024533163756,60903.69513863268,f,60903.692839855954,60903.69054107923,GO,,31,f,/Date(1783392539138)/,61228.11735111111,/Date(1755362079169)/,60903.69073113426,/Date(1755361681909)/,60903.68613321759,NRCALONG,0,0,397.26,386.524,193.262,OK,NRC_IMAGE,2,60903.69073112268,60903.68843216435,1,PRIME,60903.68613320602,-1,2,S9SP029740,0,-30.12393182380023,12.64925861358643,1,271.1478721872204,/Date(1755361419969)/,60903.68310150463,/Date(1755361237698)/,60903.68099185185,0.0220250245,0.004398114047944546,0.0262658447,378.1799210468307,60903.69510784184,f,60903.69280906515,60903.69051028844,NIRCAM,f,,-0.00564900001336354,/Date(946684800000)/,51544,-0.002157,24,2,9,2,1,0,1,6,60904.844001666665,V08960012001P0000000002101,12,NGC6528b,STSCI,FINEGUIDE,"Milone, Antonino Paolo",NRCALL_FULL,PRDOPSSOC-073,8960,-30.055777777777777,271.2067083333333,60901.18954273148,BRIGHT2,485,Stars and Stellar Populations,2026_1b,1,2,FULL,,2048,2048,1,1,-30.055817988349,271.20669059419373,NGC 6528,f,NGC-6528,FIXED,0.1,0.1,JWST,NIRCam Imaging,10.73677,21.474,UTC,A survey of low mass stars in globular clusters: Probing the Origin of Multiple Stellar Populations with JWST,10,f,1,08960012001,/Date(1755367280316)/,60903.75092958333,02,SUCCESSFUL,PRIME_TARGETED_FIXED,/Date(1755359696579)/,60903.66315486111,-2.9000083,-3.0999999,t,ImageModel,f,/Date(1755361681909)/,60903.68613321759,,-0.0163355731971258,2025228T224149818_001_osf.xml,1,,INTRAMODULEBOX,t,CALCULATED_TRACK_TR_202111,10.3,86.80184482429686,-30.07982076301683,271.212976317929,f,Stellar Cluster,Globular star clusters,GSC32,0.16613885700630499,1.7216066369533405,343.577,POLYGON ICRS 271.230855 -30.095997 271.228616 -30.060647 271.186907 -30.062273 271.189508 -30.098461,2.0.1,RELEASE,jwst_1535.pmap,13.1.13,,,,,,,,,117573120,a10fe5ca3eca5bde1f64595e61c4998f,/Date(1783393048665)/,61228.123248449076,/Date(1783393234878)/,61228.12540365741,68,/Date(1786928488000)/,61269.04268518519,False,False,False,6520418,"GO-8960 Milone, Antonino Paolo",F444W-CLEAR,NIRCAM-F444W,3,2,4,LONG,0,0,0,0,0,0,NULL,NULL,NULL,0,0,0,0,0,0,A,f,CLEAR,2-POINT-LARGE-WITH-NIRISS,3,,,,,POLYGON ICRS  271.189524626 -30.098469531 271.230886414 -30.095985857 271.228615828 -30.060639331 271.186906749 -30.062284571,271.20888749569457,-30.079326722933235,JWST,IR,JWST,CAOM,F444W,NGC 6528,"Milone, Antonino Paolo",8960,NIRCAM,POLYGON ICRS 271.230855 -30.095997 271.228616 -30.060647 271.186907 -30.062273 271.189508 -30.098461,60903.68613320602,60903.69073112268,386.524,A survey of low mass stars in globular clusters: Probing the Origin of Multiple Stellar Populations with JWST,61269.04268518519,GO,NC.F444W,2026-08-17 01:01:28.000,2025-08-16 16:28:01.909,mast:JWST/product/jw08960012001_02101_00001_nrcalong_rate.fits,mast:JWST/product/jw08960012001_02101_00001_nrcalong_rate.fits
239839601,jw08960012001_02101_00001_nrca1_cal.fits,jw08960012001_02101_00001,2b,01,NRCA1_FULL,jw08960_20260706t225135_pool.csv,jw08960-o012_20260706t225135_image2_00132_asn.json,380.84024533163756,60903.69513863268,f,60903.692839855954,60903.69054107923,GO,,31,f,/Date(1783392588251)/,61228.11791956019,/Date(1755362079169)/,60903.69073113426,/Date(1755361681909)/,60903.68613321759,NRCA1,0,0,397.26,386.524,193.262,OK,NRC_IMAGE,2,60903.69073112268,60903.68843216435,1,PRIME,60903.68613320602,-1,2,S9SP029740,0,-30.12393182380023,12.64925861358643,1,271.1478721872204,/Date(1755361419969)/,60903.68310150463,/Date(1755361237698)/,60903.68099185185,0.0220250245,0.004398114047944546,0.0262658447,378.1799210468307,60903.69510784184,f,60903.69280906515,60903.69051028844,NIRCAM,f,,-0.00564900001336354,/Date(946684800000)/,51544,-0.002157,24,2,9,2,1,0,1,6,60904.844001666665,V08960012001P0000000002101,12,NGC6528b,STSCI,FINEGUIDE,"Milone, Antonino Paolo",NRCALL_FULL,PRDOPSSOC-073,8960,-30.055777777777777,271.2067083333333,60901.18954273148,BRIGHT2,481,Stars and Stellar Populations,2026_1b,1,2,FULL,,2048,2048,1,1,-30.055817988349,271.20669059419373,NGC 6528,f,NGC-6528,FIXED,0.1,0.1,JWST,NIRCam Imaging,10.73677,21.474,UTC,A survey of low mass stars in globular clusters: Probing the Origin of Multiple Stellar Populations with JWST,10,f,1,08960012001,/Date(1755367280316)/,60903.75092958333,02,SUCCESSFUL,PRIME_TARGETED_FIXED,/Date(1755359696579)/,60903.66315486111,-2.9000083,-3.0999999,t,ImageModel,f,/Date(1755361681909)/,60903.68613321759,,-0.0163355731971258,2025228T224149818_001_osf.xml,1,,INTRAMODULEBOX,t,CALCULATED_TRACK_TR_202111,10.3,86.80184482429686,-30.08996299232065,271.2027045154041,f,Stellar Cluster,Globular star clusters,GSC32,0.0565403098665692,0.5121103176427108,343.577,POLYGON ICRS 271.209623 -30.097690 271.208335 -30.080123 271.187745 -30.081170 271.189100 -30.098980,2.0.1,RELEASE,jwst_1535.pmap,13.1.13,,,,,,,,,117573120,b9e9b31d2b48a2259ab8d5667178e67d,/Date(1783393113356)/,61228.12399717593,/Date(1783393328841)/,61228.1264912037,68,/Date(1786928501000)/,61269.04283564815,False,False,False,6520418,"GO-8960 Milone, Antonino Paolo",F115W-CLEAR,NIRCAM-F115W,3,2,4,SHORT,0,0,0,0,0,0,NULL,NULL,NULL,0,0,0,0,0,0,A,f,CLEAR,2-POINT-LARGE-WITH-NIRISS,3,,,,,POLYGON ICRS  271.189125005 -30.098992159 271.209655084 -30.097695272 271.208357281 -30.080130487 271.187764196 -30.081184239,271.19867668835474,-30.0894886151821,JWST,IR,JWST,CAOM,F115W,NGC 6528,"Milone, Antonino Paolo",8960,NIRCAM,POLYGON ICRS 271.209623 -30.097690 271.208335 -30.080123 271.187745 -30.081170 271.189100 -30.098980,60903.68613320602,60903.69073112268,386.524,A survey of low mass stars in globular clusters: Probing the Origin of Multiple Stellar Populations with JWST,61269.04283564815,GO,NC.F115W,2026-08-17 01:01:41.000,2025-08-16 16:28:01.909,mast:JWST/product/jw08960012001_02101_00001_nrca1_rate.fits,mast:JWST/product/jw08960012001_02101_00001_nrca1_rate.fits
239836030,jw08960012001_04201_00001_nis_cal.fits,jw08960012001_04201_00001,2b,01,NIS_CEN,jw08960_20260706t225135_pool.csv,jw08960-o012_20260706t225135_image2_00006_asn.json,380.5881759384647,60903.731065388514,f,60903.72926364435,60903.727461900184,GO,,92,f,/Date(1783392224976)/,61228.113715,/Date(1755365183486)/,60903.72666071759,/Date(1755364872120)/,60903.723056944444,NIS,0,0,311.366,300.63,300.63,OK,NIS_IMAGE,14,60903.72666071759,60903.72485883102,1,PARALLEL_COORDINATED,60903.723056944444,-2,4,S9SP029740,0,-30.12393182380023,12.64925861358643,1,271.1478721872204,/Date(1755361419969)/,60903.68310150463,/Date(1755361237698)/,60903.68099185185,0.0220250245,0.004398114047944546,0.0262658447,377.92782525066286,60903.73103459738,f,60903.729232853235,60903.72743110909,NIRISS,f,NONE,-0.00564900001336354,/Date(946684800000)/,51544,-0.002157,24,4,7,1,1,1,1,,60904.844001666665,V08960012001P0896001204201,12,NGC6528b,STSCI,FINEGUIDE,"Milone, Antonino Paolo",NIS_CEN,PRDOPSSOC-073,8960,-30.055777777777777,271.2067083333333,60901.18954273148,NIS,496,Stars and Stellar Populations,2026_1b,2,-1,FULL,,2048,2048,1,1,-30.055817988505492,271.20669059412467,NGC 6528,f,NGC-6528,FIXED,0.1,0.1,JWST,NIRCam Imaging,10.73677,42.947,UTC,A survey of low mass stars in globular clusters: Probing the Origin of Multiple Stellar Populations with JWST,10,f,1,08960012001,/Date(1755367280316)/,60903.75092958333,04,SUCCESSFUL,PRIME_TARGETED_FIXED,/Date(1755359696579)/,60903.66315486111,,,f,ImageModel,f,/Date(1755364872120)/,60903.723056944444,,0.057549641279772266,2025228T225031118_001_osf.xml,1,,NONE,t,CALCULATED_TRACK_TR_202111,10.3,86.80184482429686,-29.97842012709172,271.14067307171433,f,Stellar Cluster,Globular star clusters,GSC32,0.3874364364332327,1.1621057557437557,257.682,POLYGON ICRS  271.116239372 -29.997327048 271.159385148 -29.995604148 271.157195971 -29.958517678 271.114095923 -29.960228815,2.0.1,RELEASE,jwst_1535.pmap,13.1.13,,,,,,,,,117570240,cf847c94364db1334a085424f9de6904,/Date(1783392427290)/,61228.116056597224,/Date(1783392494727)/,61228.116837106485,77,/Date(1786927852000)/,61269.03532407407,False,False,False,6520867,"GO-8960 Milone, Antonino Paolo",CLEAR-F200W,NIRISS-F200W,,,4,,,,,,,,,,,,,,,,,,,F200W,,,,0.329819769,74.83823,164.815552,POLYGON ICRS  271.116239372 -29.997327048 271.159385148 -29.995604148 271.157195971 -29.958517678 271.114095923 -29.960228815,271.1367283363675,-29.977922779799144,JWST,IR,JWST,CAOM,CLEAR,NGC 6528,"Milone, Antonino Paolo",8960,NIRISS,POLYGON ICRS  271.116239372 -29.997327048 271.159385148 -29.995604148 271.157195971 -29.958517678 271.114095923 -29.960228815,60903.723056944444,60903.72666071759,300.63,A survey of low mass stars in globular clusters: Probing the Origin of Multiple Stellar Populations with JWST,61269.03532407407,GO,NI.F200W,2026-08-17 00:50:52.000,2025-08-16 17:21:12.120,mast:JWST/product/jw08960012001_04201_00001_nis_rate.fits,mast:JWST/product/jw08960012001_04201_00001_nis_rate.fits
239837980,jw08960012001_04101_00001_nrcblong_cal.fits,jw08960012001_04101_00001,2b,01,NRCB5_FULL,jw08960_20260706t225135_pool.csv,jw08960-o012_20260706t225135_image2_00057_asn.json,380.58744294103235,60903.73117278743,f,60903.72937104327,60903.72756929911,GO,,31,f,/Date(1783392401502)/,61228.11575813658,/Date(1755365192766)/,60903.726768125,/Date(1755364881400)/,60903.72316435185,NRCBLONG,0,0,311.366,300.63,150.315,OK,NRC_IMAGE,13,60903.726768125,60903.72496623843,1,PRIME,60903.72316435185,1,2,S9SP029740,0,-30.12393182380023,12.64925861358643,1,271.1478721872204,/Date(1755361419969)/,60903.68310150463,/Date(1755361237698)/,60903.68099185185,0.0220250245,0.004398114047944546,0.0262658447,377.9270916245878,60903.7311419963,f,60903.72934025215,60903.72753850801,NIRCAM,f,,-0.00564900001336354,/Date(946684800000)/,51544,-0.002157,24,2,7,2,1,0,1,6,60904.844001666665,V08960012001P0000000004101,12,NGC6528b,STSCI,FINEGUIDE,"Milone, Antonino Paolo",NRCALL_FULL,PRDOPSSOC-073,8960,-30.055777777777777,271.2067083333333,60901.18954273148,BRIGHT2,490,Stars and Stellar Populations,2026_1b,1,-2,FULL,,2048,2048,1,1,-30.055817988505954,271.2066905941245,NGC 6528,f,NGC-6528,FIXED,0.1,0.1,JWST,NIRCam Imaging,10.73677,21.474,UTC,A survey of low mass stars in globular clusters: Probing the Origin of Multiple Stellar Populations with JWST,10,f,1,08960012001,/Date(1755367280316)/,60903.75092958333,04,SUCCESSFUL,PRIME_TARGETED_FIXED,/Date(1755359696579)/,60903.66315486111,-2.9000083,-3.0999999,t,ImageModel,f,/Date(1755364881400)/,60903.72316435185,,0.026436912051683702,2025228T225031118_001_osf.xml,1,,INTRAMODULEBOX,t,CALCULATED_TRACK_TR_202111,10.3,86.80184482429686,-30.03115795881543,271.2104880738023,f,Stellar Cluster,Globular star clusters,GSC32,0.3728958803266708,3.6314959290833597,257.682,POLYGON ICRS 271.228498 -30.047395 271.226129 -30.011998 271.184662 -30.013557 271.186774 -30.049835,2.0.1,RELEASE,jwst_1535.pmap,13.1.13,,,,,,,,,117573120,4405785ce94f28aca61799b000afcd17,/Date(1783392711683)/,61228.11934818287,/Date(1783392924878)/,61228.121815694445,68,/Date(1786928106000)/,61269.03826388889,False,False,False,6520864,"GO-8960 Milone, Antonino Paolo",F277W-CLEAR,NIRCAM-F277W,3,2,4,LONG,0,0,0,0,0,0,NULL,NULL,NULL,0,0,0,0,0,0,B,f,CLEAR,2-POINT-LARGE-WITH-NIRISS,3,,,,,POLYGON ICRS  271.186774643 -30.049838497 271.228491830 -30.047379194 271.226095098 -30.011987562 271.184649586 -30.013564164,271.2064333807694,-30.030722616003768,JWST,IR,JWST,CAOM,F277W,NGC 6528,"Milone, Antonino Paolo",8960,NIRCAM,POLYGON ICRS 271.228498 -30.047395 271.226129 -30.011998 271.184662 -30.013557 271.186774 -30.049835,60903.72316435185,60903.726768125,300.63,A survey of low mass stars in globular clusters: Probing the Origin of Multiple Stellar Populations with JWST,61269.03826388889,GO,NC.F277W,2026-08-17 00:55:06.000,2025-08-16 17:21:21.400,mast:JWST/product/jw08960012001_04101_00001_nrcblong_rate.fits,mast:JWST/product/jw08960012001_04101_00001_nrcblong_rate.fits
239837916,jw08960012001_04101_00001_nrcb1_cal.fits,jw08960012001_04101_00001,2b,01,NRCB1_FULL,jw08960_20260706t225135_pool.csv,jw08960-o012_20260706t225135_image2_00061_asn.json,380.58744294103235,60903.73117278743,f,60903.72937104327,60903.72756929911,GO,,31,f,/Date(1783392391583)/,61228.11564332176,/Date(1755365192766)/,60903.726768125,/Date(1755364881400)/,60903.72316435185,NRCB1,0,0,311.366,300.63,150.315,OK,NRC_IMAGE,13,60903.726768125,60903.72496623843,1,PRIME,60903.72316435185,1,2,S9SP029740,0,-30.12393182380023,12.64925861358643,1,271.1478721872204,/Date(1755361419969)/,60903.68310150463,/Date(1755361237698)/,60903.68099185185,0.0220250245,0.004398114047944546,0.0262658447,377.9270916245878,60903.7311419963,f,60903.72934025215,60903.72753850801,NIRCAM,f,,-0.00564900001336354,/Date(946684800000)/,51544,-0.002157,24,2,7,2,1,0,1,6,60904.844001666665,V08960012001P0000000004101,12,NGC6528b,STSCI,FINEGUIDE,"Milone, Antonino Paolo",NRCALL_FULL,PRDOPSSOC-073,8960,-30.055777777777777,271.2067083333333,60901.18954273148,BRIGHT2,486,Stars and Stellar Populations,2026_1b,1,-2,FULL,,2048,2048,1,1,-30.055817988505954,271.2066905941245,NGC 6528,f,NGC-6528,FIXED,0.1,0.1,JWST,NIRCam Imaging,10.73677,21.474,UTC,A survey of low mass stars in globular clusters: Probing the Origin of Multiple Stellar Populations with JWST,10,f,1,08960012001,/Date(1755367280316)/,60903.75092958333,04,SUCCESSFUL,PRIME_TARGETED_FIXED,/Date(1755359696579)/,60903.66315486111,-2.9000083,-3.0999999,t,ImageModel,f,/Date(1755364881400)/,60903.72316435185,,0.026436912051683702,2025228T225031118_001_osf.xml,1,,INTRAMODULEBOX,t,CALCULATED_TRACK_TR_202111,10.3,86.80184482429686,-30.021471110137366,271.22067152076187,f,Stellar Cluster,Globular star clusters,GSC32,0.05541524004497293,0.49776937830492934,257.682,POLYGON ICRS 271.227370 -30.029246 271.226375 -30.011885 271.206164 -30.012662 271.207125 -30.030214,2.0.1,RELEASE,jwst_1535.pmap,13.1.13,,,,,,,,,117573120,6d086e7e001b68001528b0646dfa784f,/Date(1783392703672)/,61228.119255474536,/Date(1783392908434)/,61228.121625381944,68,/Date(1786928126000)/,61269.03849537037,False,False,False,6520864,"GO-8960 Milone, Antonino Paolo",F200W-CLEAR,NIRCAM-F200W,3,2,4,SHORT,0,0,0,0,0,0,NULL,NULL,NULL,0,0,0,0,0,0,B,f,CLEAR,2-POINT-LARGE-WITH-NIRISS,3,,,,,POLYGON ICRS  271.207118580 -30.030198539 271.227356471 -30.029219563 271.226347370 -30.011861233 271.206148277 -30.012648025,271.2167404217099,-30.021005744457746,JWST,IR,JWST,CAOM,F200W,NGC 6528,"Milone, Antonino Paolo",8960,NIRCAM,POLYGON ICRS 271.227370 -30.029246 271.226375 -30.011885 271.206164 -30.012662 271.207125 -30.030214,60903.72316435185,60903.726768125,300.63,A survey of low mass stars in globular clusters: Probing the Origin of Multiple Stellar Populations with JWST,61269.03849537037,GO,NC.F200W,2026-08-17 00:55:26.000,2025-08-16 17:21:21.400,mast:JWST/product/jw08960012001_04101_00001_nrcb1_rate.fits,mast:JWST/product/jw08960012001_04101_00001_nrcb1_rate.fits
239837986,jw08960012001_04101_00001_nrca1_cal.fits,jw08960012001_04101_00001,2b,01,NRCA1_FULL,jw08960_20260706t225135_pool.csv,jw08960-o012_20260706t225135_image2_00066_asn.json,380.58743791189045,60903.73117352811,f,60903.72937178395,60903.72757003979,GO,,31,f,/Date(1783392409561)/,61228.11585138889,/Date(1755365192830)/,60903.72676886574,/Date(1755364881464)/,60903.72316508102,NRCA1,0,0,311.366,300.63,150.315,OK,NRC_IMAGE,13,60903.72676886574,60903.72496697916,1,PRIME,60903.72316509259,-1,2,S9SP029740,0,-30.12393182380023,12.64925861358643,1,271.1478721872204,/Date(1755361419969)/,60903.68310150463,/Date(1755361237698)/,60903.68099185185,0.0220250245,0.004398114047944546,0.0262658447,377.92708659544587,60903.73114273698,f,60903.72934099283,60903.727539248684,NIRCAM,f,,-0.00564900001336354,/Date(946684800000)/,51544,-0.002157,24,2,7,2,1,0,1,6,60904.844001666665,V08960012001P0000000004101,12,NGC6528b,STSCI,FINEGUIDE,"Milone, Antonino Paolo",NRCALL_FULL,PRDOPSSOC-073,8960,-30.055777777777777,271.2067083333333,60901.18954273148,BRIGHT2,481,Stars and Stellar Populations,2026_1b,1,2,FULL,,2048,2048,1,1,-30.055817988505957,271.2066905941245,NGC 6528,f,NGC-6528,FIXED,0.1,0.1,JWST,NIRCam Imaging,10.73677,21.474,UTC,A survey of low mass stars in globular clusters: Probing the Origin of Multiple Stellar Populations with JWST,10,f,1,08960012001,/Date(1755367280316)/,60903.75092958333,04,SUCCESSFUL,PRIME_TARGETED_FIXED,/Date(1755359696579)/,60903.66315486111,-2.9000083,-3.0999999,t,ImageModel,f,/Date(1755364881464)/,60903.72316508102,,0.026436912051683702,2025228T225031118_001_osf.xml,1,,INTRAMODULEBOX,t,CALCULATED_TRACK_TR_202111,10.3,86.80184482429686,-30.08996279212203,271.20270057276144,f,Stellar Cluster,Globular star clusters,GSC32,0.061319080942675075,0.5329278102298128,257.682,POLYGON ICRS 271.209623 -30.097690 271.208335 -30.080123 271.187745 -30.081170 271.189100 -30.098980,2.0.1,RELEASE,jwst_1535.pmap,13.1.13,,,,,,,,,117570240,f3cf894cece12cee8d5874564c9e0b50,/Date(1783392713985)/,61228.11937483797,/Date(1783392926381)/,61228.12183310185,68,/Date(1786928172000)/,61269.03902777778,False,False,False,6520864,"GO-8960 Milone, Antonino Paolo",F200W-CLEAR,NIRCAM-F200W,3,2,4,SHORT,0,0,0,0,0,0,NULL,NULL,NULL,0,0,0,0,0,0,A,f,CLEAR,2-POINT-LARGE-WITH-NIRISS,3,,,,,POLYGON ICRS  271.189082630 -30.099019361 271.209614562 -30.097721571 271.208316479 -30.080156088 271.187721271 -30.081210615,271.19867668835474,-30.0894886151821,JWST,IR,JWST,CAOM,F200W,NGC 6528,"Milone, Antonino Paolo",8960,NIRCAM,POLYGON ICRS 271.209623 -30.097690 271.208335 -30.080123 271.187745 -30.081170 271.189100 -30.098980,60903.72316509259,60903.72676886574,300.63,A survey of low mass stars in globular clusters: Probing the Origin of Multiple Stellar Populations with JWST,61269.03902777778,GO,NC.F200W,2026-08-17 00:56:12.000,2025-08-16 17:21:21.464,mast:JWST/product/jw08960012001_04101_00001_nrca1_rate.fits,mast:JWST/product/jw08960012001_04101_00001_nrca1_rate.fits
239838069,jw08960012001_04101_00001_nrcalong_cal.fits,jw08960012001_04101_00001,2b,01,NRCA5_FULL,jw08960_20260706t225135_pool.csv,jw08960-o012_20260706t225135_image2_00062_asn.json,380.58743791189045,60903.73117352811,f,60903.72937178395,60903.72757003979,GO,,31,f,/Date(1783392393877)/,61228.11566986111,/Date(1755365192830)/,60903.72676886574,/Date(1755364881464)/,60903.72316508102,NRCALONG,0,0,311.366,300.63,150.315,OK,NRC_IMAGE,13,60903.72676886574,60903.72496697916,1,PRIME,60903.72316509259,-1,2,S9SP029740,0,-30.12393182380023,12.64925861358643,1,271.1478721872204,/Date(1755361419969)/,60903.68310150463,/Date(1755361237698)/,60903.68099185185,0.0220250245,0.004398114047944546,0.0262658447,377.92708659544587,60903.73114273698,f,60903.72934099283,60903.727539248684,NIRCAM,f,,-0.00564900001336354,/Date(946684800000)/,51544,-0.002157,24,2,7,2,1,0,1,6,60904.844001666665,V08960012001P0000000004101,12,NGC6528b,STSCI,FINEGUIDE,"Milone, Antonino Paolo",NRCALL_FULL,PRDOPSSOC-073,8960,-30.055777777777777,271.2067083333333,60901.18954273148,BRIGHT2,485,Stars and Stellar Populations,2026_1b,1,2,FULL,,2048,2048,1,1,-30.055817988505957,271.2066905941245,NGC 6528,f,NGC-6528,FIXED,0.1,0.1,JWST,NIRCam Imaging,10.73677,21.474,UTC,A survey of low mass stars in globular clusters: Probing the Origin of Multiple Stellar Populations with JWST,10,f,1,08960012001,/Date(1755367280316)/,60903.75092958333,04,SUCCESSFUL,PRIME_TARGETED_FIXED,/Date(1755359696579)/,60903.66315486111,-2.9000083,-3.0999999,t,ImageModel,f,/Date(1755364881464)/,60903.72316508102,,0.026436912051683702,2025228T225031118_001_osf.xml,1,,INTRAMODULEBOX,t,CALCULATED_TRACK_TR_202111,10.3,86.80184482429686,-30.079820433907223,271.21297220615173,f,Stellar Cluster,Globular star clusters,GSC32,0.23011563783593345,1.9133588742278695,257.682,POLYGON ICRS 271.230855 -30.095997 271.228616 -30.060647 271.186907 -30.062273 271.189508 -30.098461,2.0.1,RELEASE,jwst_1535.pmap,13.1.13,,,,,,,,,117573120,1ba4ccf0769e33ef9db4594bb1e534d2,/Date(1783392745728)/,61228.11974219907,/Date(1783392953947)/,61228.12215215278,68,/Date(1786928153000)/,61269.03880787037,False,False,False,6520864,"GO-8960 Milone, Antonino Paolo",F277W-CLEAR,NIRCAM-F277W,3,2,4,LONG,0,0,0,0,0,0,NULL,NULL,NULL,0,0,0,0,0,0,A,f,CLEAR,2-POINT-LARGE-WITH-NIRISS,3,,,,,POLYGON ICRS  271.189525655 -30.098466493 271.230886912 -30.095982324 271.228616441 -30.060636020 271.186907841 -30.062282271,271.20888749569457,-30.079326722933235,JWST,IR,JWST,CAOM,F277W,NGC 6528,"Milone, Antonino Paolo",8960,NIRCAM,POLYGON ICRS 271.230855 -30.095997 271.228616 -30.060647 271.186907 -30.062273 271.189508 -30.098461,60903.72316509259,60903.72676886574,300.63,A survey of low mass stars in globular clusters: Probing the Origin of Multiple Stellar Populations with JWST,61269.03880787037,GO,NC.F277W,2026-08-17 00:55:53.000,2025-08-16 17:21:21.464,mast:JWST/product/jw08960012001_04101_00001_nrcalong_rate.fits,mast:JWST/product/jw08960012001_04101_00001_nrcalong_rate.fits
231698377,jw06665003001_02101_00001_nrcalong_cal.fits,jw06665003001_02101_00001,2b,01,NRCA5_FULL,jw06665_20260604t153610_pool.csv,jw06665-o003_20260604t153610_image2_00026_asn.json,327.7233236236498,60904.48722305565,f,60904.48511032021,60904.48299758476,GO,,29,f,/Date(1780589956073)/,61195.680047141206,/Date(1755430568318)/,60904.483429583335,/Date(1755430203268)/,60904.47920446759,NRCALONG,0,0,365.05,365.05,365.05,OK,NRC_IMAGE,1,60904.48342960648,60904.48131704861,1,PRIME,60904.47920449074,-1,4,NBD5006174,1,4.007655612451776,14.74555397033691,1,23.48671079236644,/Date(1755429990014)/,60904.476736261575,/Date(1755429749375)/,60904.47395111111,0.05686776,0.02407313138246536,0.07898546,330.6551040150225,60904.48725698814,f,60904.48514425277,60904.483031517404,NIRCAM,f,,0.0,,,0.0,3,4,7,1,1,0,1,3,60904.844001666665,V06665003001P0000000002101,3,,STSCI,FINEGUIDE,"Beckett, Alexander",NRCALL_FULL,PRDOPSSOC-073,6665,4.016602777777778,23.41795833333333,60901.18954273148,SHALLOW4,485,,2026_1a,1,2,FULL,,2048,2048,1,1,4.016602777777778,23.417958333333335,SDSSJ013340.31+040059.7,f,J013340.31+040059.7,FIXED,0.1,0.1,JWST,NIRCam Imaging,10.73677,53.684,UTC,DISCS: Direct Imaging Survey of Circumgalactic Structure,10,f,1,06665003001,/Date(1755431463481)/,60904.493790277775,02,SUCCESSFUL,PRIME_TARGETED_FIXED,/Date(1755428476544)/,60904.459219247685,-122.4703846,-34.7699071,t,ImageModel,f,/Date(1755430203268)/,60904.47920446759,,-0.02046071196718232,2025229T132738598_002_osf.xml,1,,NONE,f,CALCULATED_TRACK_TR_202111,10.3,251.6725021745386,4.006045736363895,23.414626356881232,f,Unidentified,Blank field,GSC32,0.10107904380247117,0.5455209894874065,322.103,POLYGON ICRS 23.389342 4.015637 23.400466 3.982018 23.434976 3.993010 23.423329 4.027356,2.0.0,RELEASE,jwst_1535.pmap,13.1.13,,,,,,,,,117573120,3db8259291446faa46f3195020f1d999,/Date(1780590074246)/,61195.68141488426,/Date(1780590119038)/,61195.68193328704,68,/Date(1786980046000)/,61269.6394212963,False,False,False,6522767,"GO-6665 Beckett, Alexander",F444W-CLEAR,NIRCAM-F444W,1,3,4,LONG,0,0,0,0,0,0,NULL,NULL,NULL,0,0,0,0,0,0,A,f,CLEAR,SMALL-GRID-DITHER,1,3,,,,POLYGON ICRS  23.423338490 4.027363055 23.389347535 4.015638410 23.400478669 3.982017782 23.434990644 3.993014794,23.41210327765662,4.004507021682597,JWST,IR,JWST,CAOM,F444W,SDSSJ013340.31+040059.7,"Beckett, Alexander",6665,NIRCAM,POLYGON ICRS 23.389342 4.015637 23.400466 3.982018 23.434976 3.993010 23.423329 4.027356,60904.47920449074,60904.48342960648,365.05,DISCS: Direct Imaging Survey of Circumgalactic Structure,61269.6394212963,GO,NC.F444W,2026-08-17 15:20:46.000,2025-08-17 11:30:03.268,mast:JWST/product/jw06665003001_02101_00001_nrcalong_rate.fits,mast:JWST/product/jw06665003001_02101_00001_nrcalong_rate.fits
231699565,jw06665003001_02101_00001_nrca1_cal.fits,jw06665003001_02101_00001,2b,01,NRCA1_FULL,jw06665_20260604t153610_pool.csv,jw06665-o003_20260604t153610_image2_00030_asn.json,327.7233236236498,60904.48722305565,f,60904.48511032021,60904.48299758476,GO,,29,f,/Date(1780589986081)/,61195.68039444445,/Date(1755430568318)/,60904.483429583335,/Date(1755430203268)/,60904.47920446759,NRCA1,0,0,365.05,365.05,365.05,OK,NRC_IMAGE,1,60904.48342960648,60904.48131704861,1,PRIME,60904.47920449074,-1,4,NBD5006174,1,4.007655612451776,14.74555397033691,1,23.48671079236644,/Date(1755429990014)/,60904.476736261575,/Date(1755429749375)/,60904.47395111111,0.05686776,0.02407313138246536,0.07898546,330.6551040150225,60904.48725698814,f,60904.48514425277,60904.483031517404,NIRCAM,f,,0.0,,,0.0,3,4,7,1,1,0,1,3,60904.844001666665,V06665003001P0000000002101,3,,STSCI,FINEGUIDE,"Beckett, Alexander",NRCALL_FULL,PRDOPSSOC-073,6665,4.016602777777778,23.41795833333333,60901.18954273148,SHALLOW4,481,,2026_1a,1,2,FULL,,2048,2048,1,1,4.016602777777778,23.417958333333335,SDSSJ013340.31+040059.7,f,J013340.31+040059.7,FIXED,0.1,0.1,JWST,NIRCam Imaging,10.73677,53.684,UTC,DISCS: Direct Imaging Survey of Circumgalactic Structure,10,f,1,06665003001,/Date(1755431463481)/,60904.493790277775,02,SUCCESSFUL,PRIME_TARGETED_FIXED,/Date(1755428476544)/,60904.459219247685,-122.4703846,-34.7699071,t,ImageModel,f,/Date(1755430203268)/,60904.47920446759,,-0.02046071196718232,2025229T132738598_002_osf.xml,1,,NONE,f,CALCULATED_TRACK_TR_202111,10.3,251.6725021745386,4.018151674735395,23.420578006112013,f,Unidentified,Blank field,GSC32,0.07819306893956599,0.5173937200158713,322.103,POLYGON ICRS 23.406976 4.022087 23.412651 4.005420 23.429623 4.011082 23.423829 4.027969,2.0.0,RELEASE,jwst_1535.pmap,13.1.13,,,,,,,,,117570240,8ae659c4d25714a73afd217c02d0331d,/Date(1780590147801)/,61195.6822662037,/Date(1780590196574)/,61195.68283070602,68,/Date(1786980059000)/,61269.63957175926,False,False,False,6522767,"GO-6665 Beckett, Alexander",F200W-CLEAR,NIRCAM-F200W,1,3,4,SHORT,0,0,0,0,0,0,NULL,NULL,NULL,0,0,0,0,0,0,A,f,CLEAR,SMALL-GRID-DITHER,1,3,,,,POLYGON ICRS  23.423563335 4.027991912 23.406707766 4.022108029 23.412384038 4.005439299 23.429358881 4.011103469,23.418290464407065,4.016642948581872,JWST,IR,JWST,CAOM,F200W,SDSSJ013340.31+040059.7,"Beckett, Alexander",6665,NIRCAM,POLYGON ICRS 23.406976 4.022087 23.412651 4.005420 23.429623 4.011082 23.423829 4.027969,60904.47920449074,60904.48342960648,365.05,DISCS: Direct Imaging Survey of Circumgalactic Structure,61269.63957175926,GO,NC.F200W,2026-08-17 15:20:59.000,2025-08-17 11:30:03.268,mast:JWST/product/jw06665003001_02101_00001_nrca1_rate.fits,mast:JWST/product/jw06665003001_02101_00001_nrca1_rate.fits
231698404,jw06665003001_02101_00001_nrcblong_cal.fits,jw06665003001_02101_00001,2b,01,NRCB5_FULL,jw06665_20260604t153610_pool.csv,jw06665-o003_20260604t153610_image2_00021_asn.json,327.7233236236498,60904.48722305565,f,60904.48511032021,60904.48299758476,GO,,29,f,/Date(1780589957858)/,61195.68006777778,/Date(1755430568318)/,60904.483429583335,/Date(1755430203268)/,60904.47920446759,NRCBLONG,0,0,365.05,365.05,365.05,OK,NRC_IMAGE,1,60904.48342960648,60904.48131704861,1,PRIME,60904.47920449074,1,4,NBD5006174,1,4.007655612451776,14.74555397033691,1,23.48671079236644,/Date(1755429990014)/,60904.476736261575,/Date(1755429749375)/,60904.47395111111,0.05686776,0.02407313138246536,0.07898546,330.6551040150225,60904.48725698814,f,60904.48514425277,60904.483031517404,NIRCAM,f,,0.0,,,0.0,3,4,7,1,1,0,1,3,60904.844001666665,V06665003001P0000000002101,3,,STSCI,FINEGUIDE,"Beckett, Alexander",NRCALL_FULL,PRDOPSSOC-073,6665,4.016602777777778,23.41795833333333,60901.18954273148,SHALLOW4,490,,2026_1a,1,-2,FULL,,2048,2048,1,1,4.016602777777778,23.417958333333335,SDSSJ013340.31+040059.7,f,J013340.31+040059.7,FIXED,0.1,0.1,JWST,NIRCam Imaging,10.73677,53.684,UTC,DISCS: Direct Imaging Survey of Circumgalactic Structure,10,f,1,06665003001,/Date(1755431463481)/,60904.493790277775,02,SUCCESSFUL,PRIME_TARGETED_FIXED,/Date(1755428476544)/,60904.459219247685,-122.4703846,-34.7699071,t,ImageModel,f,/Date(1755430203268)/,60904.47920446759,,-0.02046071196718232,2025229T132738598_002_osf.xml,1,,NONE,f,CALCULATED_TRACK_TR_202111,10.3,251.6725021745386,3.9596315755363727,23.429413729558412,f,Unidentified,Blank field,GSC32,0.09900946892240768,0.5640257720344691,322.103,POLYGON ICRS 23.403981 3.969249 23.415226 3.935614 23.449551 3.946487 23.438290 3.981030,2.0.0,RELEASE,jwst_1535.pmap,13.1.13,,,,,,,,,117573120,63fed914fdd69c1ba83efc027fc52ff1,/Date(1780590075743)/,61195.68143221065,/Date(1780590120256)/,61195.68194740741,68,/Date(1786980021000)/,61269.639131944445,False,False,False,6522767,"GO-6665 Beckett, Alexander",F444W-CLEAR,NIRCAM-F444W,1,3,4,LONG,0,0,0,0,0,0,NULL,NULL,NULL,0,0,0,0,0,0,B,f,CLEAR,SMALL-GRID-DITHER,1,3,,,,POLYGON ICRS  23.438357388 3.981038287 23.404046373 3.969252970 23.415294499 3.935616435 23.449619437 3.946491579,23.426824096457143,3.9581389837855885,JWST,IR,JWST,CAOM,F444W,SDSSJ013340.31+040059.7,"Beckett, Alexander",6665,NIRCAM,POLYGON ICRS 23.403981 3.969249 23.415226 3.935614 23.449551 3.946487 23.438290 3.981030,60904.47920449074,60904.48342960648,365.05,DISCS: Direct Imaging Survey of Circumgalactic Structure,61269.639131944445,GO,NC.F444W,2026-08-17 15:20:21.000,2025-08-17 11:30:03.268,mast:JWST/product/jw06665003001_02101_00001_nrcblong_rate.fits,mast:JWST/product/jw06665003001_02101_00001_nrcblong_rate.fits
231698335,jw06665003001_02101_00001_nrcb1_cal.fits,jw06665003001_02101_00001,2b,01,NRCB1_FULL,jw06665_20260604t153610_pool.csv,jw06665-o003_20260604t153610_image2_00025_asn.json,327.7233236236498,60904.48722305565,f,60904.48511032021,60904.48299758476,GO,,29,f,/Date(1780589955992)/,61195.680046215275,/Date(1755430568318)/,60904.483429583335,/Date(1755430203268)/,60904.47920446759,NRCB1,0,0,365.05,365.05,365.05,OK,NRC_IMAGE,1,60904.48342960648,60904.48131704861,1,PRIME,60904.47920449074,1,4,NBD5006174,1,4.007655612451776,14.74555397033691,1,23.48671079236644,/Date(1755429990014)/,60904.476736261575,/Date(1755429749375)/,60904.47395111111,0.05686776,0.02407313138246536,0.07898546,330.6551040150225,60904.48725698814,f,60904.48514425277,60904.483031517404,NIRCAM,f,,0.0,,,0.0,3,4,7,1,1,0,1,3,60904.844001666665,V06665003001P0000000002101,3,,STSCI,FINEGUIDE,"Beckett, Alexander",NRCALL_FULL,PRDOPSSOC-073,6665,4.016602777777778,23.41795833333333,60901.18954273148,SHALLOW4,486,,2026_1a,1,-2,FULL,,2048,2048,1,1,4.016602777777778,23.417958333333335,SDSSJ013340.31+040059.7,f,J013340.31+040059.7,FIXED,0.1,0.1,JWST,NIRCam Imaging,10.73677,53.684,UTC,DISCS: Direct Imaging Survey of Circumgalactic Structure,10,f,1,06665003001,/Date(1755431463481)/,60904.493790277775,02,SUCCESSFUL,PRIME_TARGETED_FIXED,/Date(1755428476544)/,60904.459219247685,-122.4703846,-34.7699071,t,ImageModel,f,/Date(1755430203268)/,60904.47920446759,,-0.02046071196718232,2025229T132738598_002_osf.xml,1,,NONE,f,CALCULATED_TRACK_TR_202111,10.3,251.6725021745386,3.947984329062435,23.423411420157144,f,Unidentified,Blank field,GSC32,0.06895844225727985,0.47520281580856844,322.103,POLYGON ICRS 23.409481 3.951972 23.414857 3.935438 23.431582 3.940754 23.426185 3.957481,2.0.0,RELEASE,jwst_1535.pmap,13.1.13,,,,,,,,,117573120,3976ea7228466d50760035ffa229eb74,/Date(1780590073227)/,61195.681403078706,/Date(1780590116328)/,61195.6819019213,68,/Date(1786980045000)/,61269.63940972222,False,False,False,6522767,"GO-6665 Beckett, Alexander",F200W-CLEAR,NIRCAM-F200W,1,3,4,SHORT,0,0,0,0,0,0,NULL,NULL,NULL,0,0,0,0,0,0,B,f,CLEAR,SMALL-GRID-DITHER,1,3,,,,POLYGON ICRS  23.426438255 3.957481331 23.409734403 3.951971110 23.415111996 3.935436545 23.431836159 3.940753274,23.42054038662013,3.946419269621075,JWST,IR,JWST,CAOM,F200W,SDSSJ013340.31+040059.7,"Beckett, Alexander",6665,NIRCAM,POLYGON ICRS 23.409481 3.951972 23.414857 3.935438 23.431582 3.940754 23.426185 3.957481,60904.47920449074,60904.48342960648,365.05,DISCS: Direct Imaging Survey of Circumgalactic Structure,61269.63940972222,GO,NC.F200W,2026-08-17 15:20:45.000,2025-08-17 11:30:03.268,mast:JWST/product/jw06665003001_02101_00001_nrcb1_rate.fits,mast:JWST/product/jw06665003001_02101_00001_nrcb1_rate.fits
232631578,jw08277004001_02201_00001_nis_cal.fits,jw08277004001_02201_00001,2b,01,NIS_CEN,jw08277_20260606t032314_pool.csv,jw08277-o004_20260606t032314_image2_00048_asn.json,124.17233430314809,60904.77033271111,f,60904.766045298464,60904.76175788581,GO,,92,f,/Date(1780749096906)/,61197.521954930555,/Date(1755455232546)/,60904.76889520833,/Date(1755454491709)/,60904.76032071759,NIS,0,0,740.837,730.1,730.1,OK,NIS_IMAGE,1,60904.76889520833,60904.76460795718,1,PARALLEL_COORDINATED,60904.76032070602,-2,4,S2HG002150,0,-47.81449674037692,13.34388732910156,1,62.14460870494857,/Date(1755454216739)/,60904.75713819444,/Date(1755453977123)/,60904.754364849534,0.0183740333,0.01212519034743309,0.0169416852,125.55470899678767,60904.77034871071,f,60904.76606129812,60904.76177388552,NIRISS,f,NONE,0.0,,,0.0,16,4,17,1,1,1,1,,60904.844001666665,V08277004001P0827700402201,4,NGC1527-NIRCam,STSCI,FINEGUIDE,"Smercina, Adam",NIS_CEN,PRDOPSSOC-073,8277,-47.89702777777778,62.100541666666665,60901.18954273148,NIS,496,Stars and Stellar Populations,2026_1a,2,-1,FULL,,2048,2048,1,1,-47.897027777777794,62.10054166666667,,f,NGC1527,FIXED,0.1,0.1,JWST,NIRCam Imaging,10.73677,42.947,UTC,A Comprehensive Survey of the Stellar Halos of Milky Way Analogs out to 20 Mpc: Revealing Galaxy Merger Histories and Their Effects,10,f,1,08277004001,/Date(1755460083229)/,60904.82503738426,02,SUCCESSFUL,PRIME_TARGETED_FIXED,/Date(1755452410404)/,60904.7362315162,,,f,ImageModel,f,/Date(1755454491709)/,60904.76032071759,,0.0,2025229T205150887_001_osf.xml,1,,NONE,f,CALCULATED_TRACK_TR_202111,10.3,257.0505113817625,-47.88225195042767,62.18059807673766,f,Galaxy,Spiral galaxies,GSC32,0.07334346890263549,0.021511909889364907,687.153,POLYGON ICRS  62.203029336 -47.865300637 62.148565748 -47.873346391 62.160727152 -47.909580407 62.215191360 -47.901543171,2.0.0,RELEASE,jwst_1535.pmap,13.1.13,,,,,,,,,117570240,1f43c3320f2cb00023404fc63b0cc7b7,/Date(1780749137078)/,61197.52241986111,/Date(1780749167876)/,61197.522776342594,77,/Date(1787011210000)/,61270.00011574074,False,False,False,6523303,"GO-8277 Smercina, Adam",CLEAR-F115W,NIRISS-F115W,,,4,,,,,,,,,,,,,,,,,,,F115W,,,,0.329819769,74.823555,4.993988,POLYGON ICRS  62.203029336 -47.865300637 62.148565748 -47.873346391 62.160727152 -47.909580407 62.215191360 -47.901543171,62.18187938670131,-47.88744238154,JWST,IR,JWST,CAOM,CLEAR,,"Smercina, Adam",8277,NIRISS,POLYGON ICRS  62.203029336 -47.865300637 62.148565748 -47.873346391 62.160727152 -47.909580407 62.215191360 -47.901543171,60904.76032070602,60904.76889520833,730.1,A Comprehensive Survey of the Stellar Halos of Milky Way Analogs out to 20 Mpc: Revealing Galaxy Merger Histories and Their Effects,61270.00011574074,GO,NI.F115W,2026-08-18 00:00:10.000,2025-08-17 18:14:51.709,mast:JWST/product/jw08277004001_02201_00001_nis_rate.fits,mast:JWST/product/jw08277004001_02201_00001_nis_rate.fits
232632887,jw08277004001_02101_00001_nrcblong_cal.fits,jw08277004001_02101_00001,2b,01,NRCB5_FULL,jw08277_20260606t032314_pool.csv,jw08277-o004_20260606t032314_image2_00079_asn.json,124.17289505247027,60904.77038086107,f,60904.76615558618,60904.76193031129,GO,,27,f,/Date(1780749248529)/,61197.523709837966,/Date(1755455236706)/,60904.76894335648,/Date(1755454506606)/,60904.760493125,NRCBLONG,0,0,730.1,730.1,730.1,OK,NRC_IMAGE,2,60904.76894335648,60904.76471824074,1,PRIME,60904.760493125,1,8,S2HG002150,2,-47.81449674037692,13.34388732910156,1,62.14460870494857,/Date(1755454216739)/,60904.75713819444,/Date(1755453977123)/,60904.754364849534,0.0183740333,0.01212519034743309,0.0169416852,125.55526974610984,60904.77039686067,f,60904.76617158583,60904.761946310995,NIRCAM,f,,0.0,,,0.0,16,8,7,1,1,0,1,4,60904.844001666665,V08277004001P0000000002101,4,NGC1527-NIRCam,STSCI,FINEGUIDE,"Smercina, Adam",NRCBS_FULL,PRDOPSSOC-073,8277,-47.89702777777778,62.100541666666665,60901.18954273148,MEDIUM8,490,Stars and Stellar Populations,2026_1a,1,-2,FULL,,2048,2048,1,1,-47.897027777777794,62.10054166666667,,f,NGC1527,FIXED,0.1,0.1,JWST,NIRCam Imaging,10.73677,107.368,UTC,A Comprehensive Survey of the Stellar Halos of Milky Way Analogs out to 20 Mpc: Revealing Galaxy Merger Histories and Their Effects,10,f,1,08277004001,/Date(1755460083229)/,60904.82503738426,02,SUCCESSFUL,PRIME_TARGETED_FIXED,/Date(1755452410404)/,60904.7362315162,197.1005167,-3.0997726,t,ImageModel,f,/Date(1755454506606)/,60904.760493125,,0.0,2025229T205150887_001_osf.xml,1,,INTRAMODULEBOX,f,CALCULATED_TRACK_TR_202111,10.3,257.0505113817625,-47.84049227966676,62.07851224225085,f,Galaxy,Spiral galaxies,GSC32,0.1185664334050963,0.5899324676003568,644.206,POLYGON ICRS 62.047561 -47.832459 62.059517 -47.866998 62.111881 -47.859382 62.100030 -47.823937,2.0.0,RELEASE,jwst_1535.pmap,13.1.13,,,,,,,,,117573120,aadc7c6a724efa1a6a820aee30be18c3,/Date(1780749283756)/,61197.524117546294,/Date(1780749303930)/,61197.52435104167,68,/Date(1787011357000)/,61270.00181712963,False,False,False,6523290,"GO-8277 Smercina, Adam",F277W-CLEAR,NIRCAM-F277W,4,1,4,LONG,0,0,0,0,0,0,NULL,NULL,NULL,0,0,0,0,0,0,B,f,CLEAR,IMAGING,4,,,,,POLYGON ICRS  62.100130982 -47.823929913 62.047717140 -47.832420917 62.059603064 -47.866968627 62.111944844 -47.859379132,62.079845370121305,-47.845655908454226,JWST,IR,JWST,CAOM,F277W,,"Smercina, Adam",8277,NIRCAM,POLYGON ICRS 62.047561 -47.832459 62.059517 -47.866998 62.111881 -47.859382 62.100030 -47.823937,60904.760493125,60904.76894335648,730.1,A Comprehensive Survey of the Stellar Halos of Milky Way Analogs out to 20 Mpc: Revealing Galaxy Merger Histories and Their Effects,61270.00181712963,GO,NC.F277W,2026-08-18 00:02:37.000,2025-08-17 18:15:06.606,mast:JWST/product/jw08277004001_02101_00001_nrcblong_rate.fits,mast:JWST/product/jw08277004001_02101_00001_nrcblong_rate.fits
232633222,jw08277004001_02101_00001_nrcb1_cal.fits,jw08277004001_02101_00001,2b,01,NRCB1_FULL,jw08277_20260606t032314_pool.csv,jw08277-o004_20260606t032314_image2_00083_asn.json,124.17289505247027,60904.77038086107,f,60904.76615558618,60904.76193031129,GO,,27,f,/Date(1780749281164)/,61197.52408753472,/Date(1755455236706)/,60904.76894335648,/Date(1755454506606)/,60904.760493125,NRCB1,0,0,730.1,730.1,730.1,OK,NRC_IMAGE,2,60904.76894335648,60904.76471824074,1,PRIME,60904.760493125,1,8,S2HG002150,2,-47.81449674037692,13.34388732910156,1,62.14460870494857,/Date(1755454216739)/,60904.75713819444,/Date(1755453977123)/,60904.754364849534,0.0183740333,0.01212519034743309,0.0169416852,125.55526974610984,60904.77039686067,f,60904.76617158583,60904.761946310995,NIRCAM,f,,0.0,,,0.0,16,8,7,1,1,0,1,4,60904.844001666665,V08277004001P0000000002101,4,NGC1527-NIRCam,STSCI,FINEGUIDE,"Smercina, Adam",NRCBS_FULL,PRDOPSSOC-073,8277,-47.89702777777778,62.100541666666665,60901.18954273148,MEDIUM8,486,Stars and Stellar Populations,2026_1a,1,-2,FULL,,2048,2048,1,1,-47.897027777777794,62.10054166666667,,f,NGC1527,FIXED,0.1,0.1,JWST,NIRCam Imaging,10.73677,107.368,UTC,A Comprehensive Survey of the Stellar Halos of Milky Way Analogs out to 20 Mpc: Revealing Galaxy Merger Histories and Their Effects,10,f,1,08277004001,/Date(1755460083229)/,60904.82503738426,02,SUCCESSFUL,PRIME_TARGETED_FIXED,/Date(1755452410404)/,60904.7362315162,197.1005167,-3.0997726,t,ImageModel,f,/Date(1755454506606)/,60904.760493125,,0.0,2025229T205150887_001_osf.xml,1,,INTRAMODULEBOX,f,CALCULATED_TRACK_TR_202111,10.3,257.0505113817625,-47.85152065004846,62.067986049355625,f,Galaxy,Spiral galaxies,GSC32,0.08387070632065574,0.5817903632796492,644.206,POLYGON ICRS 62.054034 -47.850112 62.059687 -47.867076 62.085204 -47.863347 62.079547 -47.846190,2.0.0,RELEASE,jwst_1535.pmap,13.1.13,,,,,,,,,117573120,ed0b81fd2e8deb7e545323543ae20860,/Date(1780749322221)/,61197.52456273148,/Date(1780749344022)/,61197.52481508102,68,/Date(1787011376000)/,61270.00203703704,False,False,False,6523290,"GO-8277 Smercina, Adam",F115W-CLEAR,NIRCAM-F115W,4,1,4,SHORT,0,0,0,0,0,0,NULL,NULL,NULL,0,0,0,0,0,0,B,f,CLEAR,IMAGING,4,,,,,POLYGON ICRS  62.079208954 -47.846242309 62.053713394 -47.850147302 62.059333620 -47.867115765 62.084839961 -47.863403761,62.069639930754555,-47.856674620154095,JWST,IR,JWST,CAOM,F115W,,"Smercina, Adam",8277,NIRCAM,POLYGON ICRS 62.054034 -47.850112 62.059687 -47.867076 62.085204 -47.863347 62.079547 -47.846190,60904.760493125,60904.76894335648,730.1,A Comprehensive Survey of the Stellar Halos of Milky Way Analogs out to 20 Mpc: Revealing Galaxy Merger Histories and Their Effects,61270.00203703704,GO,NC.F115W,2026-08-18 00:02:56.000,2025-08-17 18:15:06.606,mast:JWST/product/jw08277004001_02101_00001_nrcb1_rate.fits,mast:JWST/product/jw08277004001_02101_00001_nrcb1_rate.fits
232633297,jw08277004001_02101_00001_nrca1_cal.fits,jw08277004001_02101_00001,2b,01,NRCA1_FULL,jw08277_20260606t032314_pool.csv,jw08277-o004_20260606t032314_image2_00088_asn.json,124.17289756704122,60904.77038160184,f,60904.76615632695,60904.76193105205,GO,,27,f,/Date(1780749297931)/,61197.52428159722,/Date(1755455236770)/,60904.768944097224,/Date(1755454506670)/,60904.76049386574,NRCA1,0,0,730.1,730.1,730.1,OK,NRC_IMAGE,2,60904.768944097224,60904.76471898148,1,PRIME,60904.76049386574,-1,8,S2HG002150,2,-47.81449674037692,13.34388732910156,1,62.14460870494857,/Date(1755454216739)/,60904.75713819444,/Date(1755453977123)/,60904.754364849534,0.0183740333,0.01212519034743309,0.0169416852,125.5552722606808,60904.77039760144,f,60904.7661723266,60904.76194705176,NIRCAM,f,,0.0,,,0.0,16,8,7,1,1,0,1,4,60904.844001666665,V08277004001P0000000002101,4,NGC1527-NIRCam,STSCI,FINEGUIDE,"Smercina, Adam",NRCBS_FULL,PRDOPSSOC-073,8277,-47.89702777777778,62.100541666666665,60901.18954273148,MEDIUM8,481,Stars and Stellar Populations,2026_1a,1,2,FULL,,2048,2048,1,1,-47.897027777777794,62.10054166666667,,f,NGC1527,FIXED,0.1,0.1,JWST,NIRCam Imaging,10.73677,107.368,UTC,A Comprehensive Survey of the Stellar Halos of Milky Way Analogs out to 20 Mpc: Revealing Galaxy Merger Histories and Their Effects,10,f,1,08277004001,/Date(1755460083229)/,60904.82503738426,02,SUCCESSFUL,PRIME_TARGETED_FIXED,/Date(1755452410404)/,60904.7362315162,197.1005167,-3.0997726,t,ImageModel,f,/Date(1755454506670)/,60904.76049386574,,0.0,2025229T205150887_001_osf.xml,1,,INTRAMODULEBOX,f,CALCULATED_TRACK_TR_202111,10.3,257.0505113817625,-47.781397854341606,62.07369481372055,f,Galaxy,Spiral galaxies,GSC32,0.07855613277313936,0.5085114243932812,644.206,POLYGON ICRS 62.058061 -47.780251 62.064136 -47.797376 62.090069 -47.793326 62.083846 -47.775972,2.0.0,RELEASE,jwst_1535.pmap,13.1.13,,,,,,,,,117573120,0707f50f75b5b1fab6c0aa73abdf703f,/Date(1780749323722)/,61197.52458012731,/Date(1780749349755)/,61197.52488143519,68,/Date(1787011442000)/,61270.002800925926,False,False,False,6523290,"GO-8277 Smercina, Adam",F115W-CLEAR,NIRCAM-F115W,4,1,4,SHORT,0,0,0,0,0,0,NULL,NULL,NULL,0,0,0,0,0,0,A,f,CLEAR,IMAGING,4,,,,,POLYGON ICRS  62.084824488 -47.775822097 62.059090379 -47.780085672 62.065126262 -47.797214872 62.091013864 -47.793179730,62.074059130060085,-47.78672992109897,JWST,IR,JWST,CAOM,F115W,,"Smercina, Adam",8277,NIRCAM,POLYGON ICRS 62.058061 -47.780251 62.064136 -47.797376 62.090069 -47.793326 62.083846 -47.775972,60904.76049386574,60904.768944097224,730.1,A Comprehensive Survey of the Stellar Halos of Milky Way Analogs out to 20 Mpc: Revealing Galaxy Merger Histories and Their Effects,61270.002800925926,GO,NC.F115W,2026-08-18 00:04:02.000,2025-08-17 18:15:06.670,mast:JWST/product/jw08277004001_02101_00001_nrca1_rate.fits,mast:JWST/product/jw08277004001_02101_00001_nrca1_rate.fits
232633192,jw08277004001_02101_00001_nrcalong_cal.fits,jw08277004001_02101_00001,2b,01,NRCA5_FULL,jw08277_20260606t032314_pool.csv,jw08277-o004_20260606t032314_image2_00084_asn.json,124.17289756704122,60904.77038160184,f,60904.76615632695,60904.76193105205,GO,,27,f,/Date(1780749277500)/,61197.52404513889,/Date(1755455236770)/,60904.768944097224,/Date(1755454506670)/,60904.76049386574,NRCALONG,0,0,730.1,730.1,730.1,OK,NRC_IMAGE,2,60904.768944097224,60904.76471898148,1,PRIME,60904.76049386574,-1,8,S2HG002150,2,-47.81449674037692,13.34388732910156,1,62.14460870494857,/Date(1755454216739)/,60904.75713819444,/Date(1755453977123)/,60904.754364849534,0.0183740333,0.01212519034743309,0.0169416852,125.5552722606808,60904.77039760144,f,60904.7661723266,60904.76194705176,NIRCAM,f,,0.0,,,0.0,16,8,7,1,1,0,1,4,60904.844001666665,V08277004001P0000000002101,4,NGC1527-NIRCam,STSCI,FINEGUIDE,"Smercina, Adam",NRCBS_FULL,PRDOPSSOC-073,8277,-47.89702777777778,62.100541666666665,60901.18954273148,MEDIUM8,485,Stars and Stellar Populations,2026_1a,1,2,FULL,,2048,2048,1,1,-47.897027777777794,62.10054166666667,,f,NGC1527,FIXED,0.1,0.1,JWST,NIRCam Imaging,10.73677,107.368,UTC,A Comprehensive Survey of the Stellar Halos of Milky Way Analogs out to 20 Mpc: Revealing Galaxy Merger Histories and Their Effects,10,f,1,08277004001,/Date(1755460083229)/,60904.82503738426,02,SUCCESSFUL,PRIME_TARGETED_FIXED,/Date(1755452410404)/,60904.7362315162,197.1005167,-3.0997726,t,ImageModel,f,/Date(1755454506670)/,60904.76049386574,,0.0,2025229T205150887_001_osf.xml,1,,INTRAMODULEBOX,f,CALCULATED_TRACK_TR_202111,10.3,257.0505113817625,-47.792887187954165,62.06319016103619,f,Galaxy,Spiral galaxies,GSC32,0.1315490187444645,0.5558836677137615,644.206,POLYGON ICRS 62.032162 -47.784923 62.043940 -47.819435 62.096596 -47.811718 62.084145 -47.776434,2.0.0,RELEASE,jwst_1535.pmap,13.1.13,,,,,,,,,117573120,3578ce8044074a0a89469745e5585db4,/Date(1780749320732)/,61197.524545520835,/Date(1780749340953)/,61197.524779548614,68,/Date(1787011402000)/,61270.002337962964,False,False,False,6523290,"GO-8277 Smercina, Adam",F277W-CLEAR,NIRCAM-F277W,4,1,4,LONG,0,0,0,0,0,0,NULL,NULL,NULL,0,0,0,0,0,0,A,f,CLEAR,IMAGING,4,,,,,POLYGON ICRS  62.084448010 -47.776397052 62.032563380 -47.784850124 62.044253987 -47.819373341 62.096841191 -47.811687548,62.06432205226275,-47.798132774281385,JWST,IR,JWST,CAOM,F277W,,"Smercina, Adam",8277,NIRCAM,POLYGON ICRS 62.032162 -47.784923 62.043940 -47.819435 62.096596 -47.811718 62.084145 -47.776434,60904.76049386574,60904.768944097224,730.1,A Comprehensive Survey of the Stellar Halos of Milky Way Analogs out to 20 Mpc: Revealing Galaxy Merger Histories and Their Effects,61270.002337962964,GO,NC.F277W,2026-08-18 00:03:22.000,2025-08-17 18:15:06.670,mast:JWST/product/jw08277004001_02101_00001_nrcalong_rate.fits,mast:JWST/product/jw08277004001_02101_00001_nrcalong_rate.fits
232630350,jw08277004001_04201_00001_nis_cal.fits,jw08277004001_04201_00001,2b,01,NIS_CEN,jw08277_20260606t032314_pool.csv,jw08277-o004_20260606t032314_image2_00004_asn.json,124.30611324962229,60904.807466667524,f,60904.80516762262,60904.8028685777,GO,,92,f,/Date(1780748920431)/,61197.51991238426,/Date(1755458440799)/,60904.80602777778,/Date(1755458043539)/,60904.80142986111,NIS,0,0,397.26,386.524,386.524,OK,NIS_IMAGE,10,60904.8060277662,60904.80372880787,1,PARALLEL_COORDINATED,60904.80142984954,-2,4,S2HG002150,0,-47.81449674037692,13.34388732910156,1,62.14460870494857,/Date(1755454216739)/,60904.75713819444,/Date(1755453977123)/,60904.754364849534,0.0183740333,0.01212519034743309,0.0169416852,125.68844456691295,60904.80748266667,f,60904.805183621786,60904.80288457691,NIRISS,f,NONE,0.0,,,0.0,16,4,9,1,1,1,1,,60904.844001666665,V08277004001P0827700404201,4,NGC1527-NIRCam,STSCI,FINEGUIDE,"Smercina, Adam",NIS_CEN,PRDOPSSOC-073,8277,-47.89702777777778,62.100541666666665,60901.18954273148,NIS,496,Stars and Stellar Populations,2026_1a,2,-1,FULL,,2048,2048,1,1,-47.897027777777794,62.10054166666667,,f,NGC1527,FIXED,0.1,0.1,JWST,NIRCam Imaging,10.73677,42.947,UTC,A Comprehensive Survey of the Stellar Halos of Milky Way Analogs out to 20 Mpc: Revealing Galaxy Merger Histories and Their Effects,10,f,1,08277004001,/Date(1755460083229)/,60904.82503738426,04,SUCCESSFUL,PRIME_TARGETED_FIXED,/Date(1755452410404)/,60904.7362315162,,,f,ImageModel,f,/Date(1755458043539)/,60904.80142986111,,0.0,2025229T205611272_002_osf.xml,1,,NONE,f,CALCULATED_TRACK_TR_202111,10.3,257.0505113817625,-47.8822452370098,62.180643606981185,f,Galaxy,Spiral galaxies,GSC32,0.19836756648302747,0.07910831378669675,343.577,POLYGON ICRS  62.203108914 -47.865327964 62.148645651 -47.873374079 62.160804627 -47.909607384 62.215269149 -47.901570784,2.0.0,RELEASE,jwst_1535.pmap,13.1.13,,,,,,,,,117570240,6e1b661fd09086a8ca98783415e080e1,/Date(1780748946475)/,61197.520213842596,/Date(1780749002892)/,61197.52086681713,77,/Date(1787010984000)/,61269.9975,False,False,False,6523571,"GO-8277 Smercina, Adam",CLEAR-F200W,NIRISS-F200W,,,4,,,,,,,,,,,,,,,,,,,F200W,,,,0.329819769,74.823555,164.810669,POLYGON ICRS  62.203108914 -47.865327964 62.148645651 -47.873374079 62.160804627 -47.909607384 62.215269149 -47.901570784,62.181958208612215,-47.8874697796712,JWST,IR,JWST,CAOM,CLEAR,,"Smercina, Adam",8277,NIRISS,POLYGON ICRS  62.203108914 -47.865327964 62.148645651 -47.873374079 62.160804627 -47.909607384 62.215269149 -47.901570784,60904.80142984954,60904.8060277662,386.524,A Comprehensive Survey of the Stellar Halos of Milky Way Analogs out to 20 Mpc: Revealing Galaxy Merger Histories and Their Effects,61269.9975,GO,NI.F200W,2026-08-17 23:56:24.000,2025-08-17 19:14:03.539,mast:JWST/product/jw08277004001_04201_00001_nis_rate.fits,mast:JWST/product/jw08277004001_04201_00001_nis_rate.fits
232631249,jw08277004001_04101_00001_nrcblong_cal.fits,jw08277004001_04101_00001,2b,01,NRCB5_FULL,jw08277_20260606t032314_pool.csv,jw08277-o004_20260606t032314_image2_00035_asn.json,124.3063458474353,60904.80778667959,f,60904.805363359155,60904.802940038724,GO,,29,f,/Date(1780749082079)/,61197.52178333333,/Date(1755458468447)/,60904.80634775463,/Date(1755458049713)/,60904.80150130787,NRCBLONG,0,0,418.734,418.734,418.734,OK,NRC_IMAGE,9,60904.80634776621,60904.80392453704,1,PRIME,60904.80150130787,1,4,S2HG002150,1,-47.81449674037692,13.34388732910156,1,62.14460870494857,/Date(1755454216739)/,60904.75713819444,/Date(1755453977123)/,60904.754364849534,0.0183740333,0.01212519034743309,0.0169416852,125.68867653608322,60904.807802678726,f,60904.805379358324,60904.80295603792,NIRCAM,f,,0.0,,,0.0,16,4,8,1,1,0,1,4,60904.844001666665,V08277004001P0000000004101,4,NGC1527-NIRCam,STSCI,FINEGUIDE,"Smercina, Adam",NRCBS_FULL,PRDOPSSOC-073,8277,-47.89702777777778,62.100541666666665,60901.18954273148,SHALLOW4,490,Stars and Stellar Populations,2026_1a,1,-2,FULL,,2048,2048,1,1,-47.897027777777794,62.10054166666667,,f,NGC1527,FIXED,0.1,0.1,JWST,NIRCam Imaging,10.73677,53.684,UTC,A Comprehensive Survey of the Stellar Halos of Milky Way Analogs out to 20 Mpc: Revealing Galaxy Merger Histories and Their Effects,10,f,1,08277004001,/Date(1755460083229)/,60904.82503738426,04,SUCCESSFUL,PRIME_TARGETED_FIXED,/Date(1755452410404)/,60904.7362315162,197.1005167,-3.0997726,t,ImageModel,f,/Date(1755458049713)/,60904.80150130787,,0.0,2025229T205611272_002_osf.xml,1,,INTRAMODULEBOX,f,CALCULATED_TRACK_TR_202111,10.3,257.0505113817625,-47.84048837571902,62.07856341578203,f,Galaxy,Spiral galaxies,GSC32,0.2446945554086097,0.7162936969931558,375.787,POLYGON ICRS 62.047561 -47.832459 62.059517 -47.866998 62.111881 -47.859382 62.100030 -47.823937,2.0.0,RELEASE,jwst_1535.pmap,13.1.13,,,,,,,,,117573120,33f9c2dcdbef6e192521008ea174ad78,/Date(1780749107368)/,61197.52207599537,/Date(1780749135110)/,61197.522397106484,68,/Date(1787011130000)/,61269.999189814815,False,False,False,6523560,"GO-8277 Smercina, Adam",F277W-CLEAR,NIRCAM-F277W,4,1,4,LONG,0,0,0,0,0,0,NULL,NULL,NULL,0,0,0,0,0,0,B,f,CLEAR,IMAGING,4,,,,,POLYGON ICRS  62.100177035 -47.823927038 62.047763069 -47.832417687 62.059648472 -47.866965477 62.111990363 -47.859376337,62.079845370121305,-47.845655908454226,JWST,IR,JWST,CAOM,F277W,,"Smercina, Adam",8277,NIRCAM,POLYGON ICRS 62.047561 -47.832459 62.059517 -47.866998 62.111881 -47.859382 62.100030 -47.823937,60904.80150130787,60904.80634776621,418.734,A Comprehensive Survey of the Stellar Halos of Milky Way Analogs out to 20 Mpc: Revealing Galaxy Merger Histories and Their Effects,61269.999189814815,GO,NC.F277W,2026-08-17 23:58:50.000,2025-08-17 19:14:09.713,mast:JWST/product/jw08277004001_04101_00001_nrcblong_rate.fits,mast:JWST/product/jw08277004001_04101_00001_nrcblong_rate.fits
232631545,jw08277004001_04101_00001_nrcb1_cal.fits,jw08277004001_04101_00001,2b,01,NRCB1_FULL,jw08277_20260606t032314_pool.csv,jw08277-o004_20260606t032314_image2_00039_asn.json,124.3063458474353,60904.80778667959,f,60904.805363359155,60904.802940038724,GO,,29,f,/Date(1780749099447)/,61197.521984328705,/Date(1755458468447)/,60904.80634775463,/Date(1755458049713)/,60904.80150130787,NRCB1,0,0,418.734,418.734,418.734,OK,NRC_IMAGE,9,60904.80634776621,60904.80392453704,1,PRIME,60904.80150130787,1,4,S2HG002150,1,-47.81449674037692,13.34388732910156,1,62.14460870494857,/Date(1755454216739)/,60904.75713819444,/Date(1755453977123)/,60904.754364849534,0.0183740333,0.01212519034743309,0.0169416852,125.68867653608322,60904.807802678726,f,60904.805379358324,60904.80295603792,NIRCAM,f,,0.0,,,0.0,16,4,8,1,1,0,1,4,60904.844001666665,V08277004001P0000000004101,4,NGC1527-NIRCam,STSCI,FINEGUIDE,"Smercina, Adam",NRCBS_FULL,PRDOPSSOC-073,8277,-47.89702777777778,62.100541666666665,60901.18954273148,SHALLOW4,486,Stars and Stellar Populations,2026_1a,1,-2,FULL,,2048,2048,1,1,-47.897027777777794,62.10054166666667,,f,NGC1527,FIXED,0.1,0.1,JWST,NIRCam Imaging,10.73677,53.684,UTC,A Comprehensive Survey of the Stellar Halos of Milky Way Analogs out to 20 Mpc: Revealing Galaxy Merger Histories and Their Effects,10,f,1,08277004001,/Date(1755460083229)/,60904.82503738426,04,SUCCESSFUL,PRIME_TARGETED_FIXED,/Date(1755452410404)/,60904.7362315162,197.1005167,-3.0997726,t,ImageModel,f,/Date(1755458049713)/,60904.80150130787,,0.0,2025229T205611272_002_osf.xml,1,,INTRAMODULEBOX,f,CALCULATED_TRACK_TR_202111,10.3,257.0505113817625,-47.851516675320184,62.06803705879415,f,Galaxy,Spiral galaxies,GSC32,0.07043596983745187,0.49423630642840427,375.787,POLYGON ICRS 62.054034 -47.850112 62.059687 -47.867076 62.085204 -47.863347 62.079547 -47.846190,2.0.0,RELEASE,jwst_1535.pmap,13.1.13,,,,,,,,,117573120,c9a1333f2984bd67cd06db7f68cdafe1,/Date(1780749138219)/,61197.522433101854,/Date(1780749164871)/,61197.52274155093,68,/Date(1787011152000)/,61269.999444444446,False,False,False,6523560,"GO-8277 Smercina, Adam",F200W-CLEAR,NIRCAM-F200W,4,1,4,SHORT,0,0,0,0,0,0,NULL,NULL,NULL,0,0,0,0,0,0,B,f,CLEAR,IMAGING,4,,,,,POLYGON ICRS  62.079236904 -47.846251541 62.053740411 -47.850156936 62.059360215 -47.867125365 62.084867881 -47.863413178,62.069639930754555,-47.856674620154095,JWST,IR,JWST,CAOM,F200W,,"Smercina, Adam",8277,NIRCAM,POLYGON ICRS 62.054034 -47.850112 62.059687 -47.867076 62.085204 -47.863347 62.079547 -47.846190,60904.80150130787,60904.80634776621,418.734,A Comprehensive Survey of the Stellar Halos of Milky Way Analogs out to 20 Mpc: Revealing Galaxy Merger Histories and Their Effects,61269.999444444446,GO,NC.F200W,2026-08-17 23:59:12.000,2025-08-17 19:14:09.713,mast:JWST/product/jw08277004001_04101_00001_nrcb1_rate.fits,mast:JWST/product/jw08277004001_04101_00001_nrcb1_rate.fits
232631626,jw08277004001_04101_00001_nrca1_cal.fits,jw08277004001_04101_00001,2b,01,NRCA1_FULL,jw08277_20260606t032314_pool.csv,jw08277-o004_20260606t032314_image2_00044_asn.json,124.30634836200625,60904.80778742035,f,60904.80536409992,60904.8029407795,GO,,29,f,/Date(1780749098066)/,61197.52196835648,/Date(1755458468511)/,60904.80634849537,/Date(1755458049777)/,60904.80150203704,NRCA1,0,0,418.734,418.734,418.734,OK,NRC_IMAGE,9,60904.80634850694,60904.803925277774,1,PRIME,60904.80150204861,-1,4,S2HG002150,1,-47.81449674037692,13.34388732910156,1,62.14460870494857,/Date(1755454216739)/,60904.75713819444,/Date(1755453977123)/,60904.754364849534,0.0183740333,0.01212519034743309,0.0169416852,125.68867905065417,60904.80780341949,f,60904.80538009909,60904.802956778694,NIRCAM,f,,0.0,,,0.0,16,4,8,1,1,0,1,4,60904.844001666665,V08277004001P0000000004101,4,NGC1527-NIRCam,STSCI,FINEGUIDE,"Smercina, Adam",NRCBS_FULL,PRDOPSSOC-073,8277,-47.89702777777778,62.100541666666665,60901.18954273148,SHALLOW4,481,Stars and Stellar Populations,2026_1a,1,2,FULL,,2048,2048,1,1,-47.897027777777794,62.10054166666667,,f,NGC1527,FIXED,0.1,0.1,JWST,NIRCam Imaging,10.73677,53.684,UTC,A Comprehensive Survey of the Stellar Halos of Milky Way Analogs out to 20 Mpc: Revealing Galaxy Merger Histories and Their Effects,10,f,1,08277004001,/Date(1755460083229)/,60904.82503738426,04,SUCCESSFUL,PRIME_TARGETED_FIXED,/Date(1755452410404)/,60904.7362315162,197.1005167,-3.0997726,t,ImageModel,f,/Date(1755458049777)/,60904.80150203704,,0.0,2025229T205611272_002_osf.xml,1,,INTRAMODULEBOX,f,CALCULATED_TRACK_TR_202111,10.3,257.0505113817625,-47.781393924247816,62.07374688708525,f,Galaxy,Spiral galaxies,GSC32,0.08179769483811923,0.522786542358158,375.787,POLYGON ICRS 62.058061 -47.780251 62.064136 -47.797376 62.090069 -47.793326 62.083846 -47.775972,2.0.0,RELEASE,jwst_1535.pmap,13.1.13,,,,,,,,,117570240,3efca179c8097e7303bd7bf1a07e5bed,/Date(1780749139636)/,61197.52244949074,/Date(1780749171805)/,61197.5228218287,68,/Date(1787011191000)/,61269.99989583333,False,False,False,6523560,"GO-8277 Smercina, Adam",F200W-CLEAR,NIRCAM-F200W,4,1,4,SHORT,0,0,0,0,0,0,NULL,NULL,NULL,0,0,0,0,0,0,A,f,CLEAR,IMAGING,4,,,,,POLYGON ICRS  62.084917406 -47.775785870 62.059181046 -47.780050197 62.065216851 -47.797180140 62.091107073 -47.793144336,62.074059130060085,-47.78672992109897,JWST,IR,JWST,CAOM,F200W,,"Smercina, Adam",8277,NIRCAM,POLYGON ICRS 62.058061 -47.780251 62.064136 -47.797376 62.090069 -47.793326 62.083846 -47.775972,60904.80150204861,60904.80634850694,418.734,A Comprehensive Survey of the Stellar Halos of Milky Way Analogs out to 20 Mpc: Revealing Galaxy Merger Histories and Their Effects,61269.99989583333,GO,NC.F200W,2026-08-17 23:59:51.000,2025-08-17 19:14:09.777,mast:JWST/product/jw08277004001_04101_00001_nrca1_rate.fits,mast:JWST/product/jw08277004001_04101_00001_nrca1_rate.fits
232631644,jw08277004001_04101_00001_nrcalong_cal.fits,jw08277004001_04101_00001,2b,01,NRCA5_FULL,jw08277_20260606t032314_pool.csv,jw08277-o004_20260606t032314_image2_00040_asn.json,124.3063508765772,60904.80778816112,f,60904.80536484069,60904.80294152026,GO,,29,f,/Date(1780749102570)/,61197.52202048611,/Date(1755458468575)/,60904.80634925926,/Date(1755458049841)/,60904.80150277778,NRCALONG,0,0,418.734,418.734,418.734,OK,NRC_IMAGE,9,60904.80634924769,60904.80392601852,1,PRIME,60904.80150278935,-1,4,S2HG002150,1,-47.81449674037692,13.34388732910156,1,62.14460870494857,/Date(1755454216739)/,60904.75713819444,/Date(1755453977123)/,60904.754364849534,0.0183740333,0.01212519034743309,0.0169416852,125.68868156522512,60904.807804160264,f,60904.80538083986,60904.80295751946,NIRCAM,f,,0.0,,,0.0,16,4,8,1,1,0,1,4,60904.844001666665,V08277004001P0000000004101,4,NGC1527-NIRCam,STSCI,FINEGUIDE,"Smercina, Adam",NRCBS_FULL,PRDOPSSOC-073,8277,-47.89702777777778,62.100541666666665,60901.18954273148,SHALLOW4,485,Stars and Stellar Populations,2026_1a,1,2,FULL,,2048,2048,1,1,-47.897027777777794,62.10054166666667,,f,NGC1527,FIXED,0.1,0.1,JWST,NIRCam Imaging,10.73677,53.684,UTC,A Comprehensive Survey of the Stellar Halos of Milky Way Analogs out to 20 Mpc: Revealing Galaxy Merger Histories and Their Effects,10,f,1,08277004001,/Date(1755460083229)/,60904.82503738426,04,SUCCESSFUL,PRIME_TARGETED_FIXED,/Date(1755452410404)/,60904.7362315162,197.1005167,-3.0997726,t,ImageModel,f,/Date(1755458049841)/,60904.80150277778,,0.0,2025229T205611272_002_osf.xml,1,,INTRAMODULEBOX,f,CALCULATED_TRACK_TR_202111,10.3,257.0505113817625,-47.79288319381623,62.06324208073612,f,Galaxy,Spiral galaxies,GSC32,0.21469650529237375,0.586865960778272,375.787,POLYGON ICRS 62.032162 -47.784923 62.043940 -47.819435 62.096596 -47.811718 62.084145 -47.776434,2.0.0,RELEASE,jwst_1535.pmap,13.1.13,,,,,,,,,117573120,1982b9d2fe9b274e90d78e3b2f63f76d,/Date(1780749139529)/,61197.52244826389,/Date(1780749172673)/,61197.522831863425,68,/Date(1787011171000)/,61269.99966435185,False,False,False,6523560,"GO-8277 Smercina, Adam",F277W-CLEAR,NIRCAM-F277W,4,1,4,LONG,0,0,0,0,0,0,NULL,NULL,NULL,0,0,0,0,0,0,A,f,CLEAR,IMAGING,4,,,,,POLYGON ICRS  62.084494812 -47.776394084 62.032610059 -47.784846804 62.044300146 -47.819370100 62.096887463 -47.811684663,62.06432205226275,-47.798132774281385,JWST,IR,JWST,CAOM,F277W,,"Smercina, Adam",8277,NIRCAM,POLYGON ICRS 62.032162 -47.784923 62.043940 -47.819435 62.096596 -47.811718 62.084145 -47.776434,60904.80150278935,60904.80634924769,418.734,A Comprehensive Survey of the Stellar Halos of Milky Way Analogs out to 20 Mpc: Revealing Galaxy Merger Histories and Their Effects,61269.99966435185,GO,NC.F277W,2026-08-17 23:59:31.000,2025-08-17 19:14:09.841,mast:JWST/product/jw08277004001_04101_00001_nrcalong_rate.fits,mast:JWST/product/jw08277004001_04101_00001_nrcalong_rate.fits
249215591,jw07135001001_03102_00001_mirimage_cal.fits,jw07135001001_03102_00001,2b,02,MIRIM_FULL,jw07135_20260803t182126_pool.csv,jw07135-o001_20260803t182126_image2_00012_asn.json,195.4302220372483,60905.21556999467,t,60905.215409419914,60905.21524884516,GO,,7,f,/Date(1785789159653)/,61255.856014502315,/Date(1755493629820)/,60905.213308101855,/Date(1755493602070)/,60905.212986921295,MIRIMAGE,0,0,27.75,338.555,338.555,OK,MIR_IMAGE,2,60905.213308101855,60905.213147511575,1,PRIME,60905.212986921295,1,1,S8EA089946,0,-24.573799,16.33640670776367,3,246.591307,/Date(1755493061117)/,60905.20672587963,/Date(1755492821501)/,60905.2039525463,152.747864,0.09889984130859375,169.316544,192.16458080336452,60905.21553219789,f,60905.21537162314,60905.21521104839,MIRI,f,OFF,0.0,/Date(946684800000)/,51544,0.0,13,1,10,1,1,0,1,4,60909.162086944445,V07135001001P0000000003102,1,,STSCI,FINEGUIDE,"Zhang, Ke",MIRIFU_CHANNEL1A,PRDOPSSOC-073,7135,-24.4106,246.72622208333328,60904.85683956018,FASTR1,493,Exoplanet System Formation and Dynamics,2026_1b,1,2,FULL,,1032,1024,1,1,-24.410599999999988,246.7262220833333,[GY92] 152,f,GY92-152,FIXED,0.1,0.1,JWST,MIRI Medium Resolution Spectroscopy,2.77504,2.775,UTC,Population Study of Chemistry in the First Million Years of Planet Formation: A MIRI Survey of Embedded Disks in Ophiuchus,10,f,1,07135001001,/Date(1755499183607)/,60905.277588032404,03,SUCCESSFUL,PRIME_TARGETED_FIXED,/Date(1755488785921)/,60905.15724444445,1.1759164,-0.4367419,f,ImageModel,f,/Date(1755493602070)/,60905.212986921295,faintest_sources,0.0,2025230T105323121_002_osf.xml,1,,4-POINT,f,CALCULATED_TRACK_TR_202111,10.3,98.49171559124188,-24.42292865808373,246.7088924597244,f,Star,Protoplanetary disks; Protostars,GSC32,0.28648459051347863,0.0,24.975,POLYGON ICRS 246.721753 -24.435999 246.726777 -24.416184 246.693338 -24.408790 246.688167 -24.428807 POLYGON ICRS 246.718846 -24.446446 246.720985 -24.438397 246.712071 -24.436506 246.709935 -24.444580,2.0.1,RELEASE,jwst_1535.pmap,13.1.13,OPEN,,NEGATIVE,POINT-SOURCE,ALL_MRS,,A,A,29721600,bb6808e3b3dc9a7dd82ac2da4b369ee1,/Date(1785789317386)/,61255.85784011574,/Date(1785789398871)/,61255.85878321759,61,/Date(1787054144000)/,61270.497037037036,False,False,False,6524200,"GO-7135 Zhang, Ke",F770W,MIRI-F770W,,,,,,,,,,,,,,,,,,,,,,,,,,,,,POLYGON ICRS  246.685534431 -24.439595324 246.719000057 -24.446670797 246.726845609 -24.416080829 246.693405085 -24.408713245,246.70747652579936,-24.422442706885132,JWST,IR,JWST,CAOM,F770W,[GY92] 152,"Zhang, Ke",7135,MIRI,POLYGON ICRS 246.721753 -24.435999 246.726777 -24.416184 246.693338 -24.408790 246.688167 -24.428807 POLYGON ICRS 246.718846 -24.446446 246.720985 -24.438397 246.712071 -24.436506 246.709935 -24.444580,60905.212986921295,60905.213308101855,338.555,Population Study of Chemistry in the First Million Years of Planet Formation: A MIRI Survey of Embedded Disks in Ophiuchus,61270.497037037036,GO,MI.F770W,2026-08-18 11:55:44.000,2025-08-18 05:06:42.070,mast:JWST/product/jw07135001001_03102_00001_mirimage_rate.fits,mast:JWST/product/jw07135001001_03102_00001_mirimage_rate.fits
249215252,jw07135001001_03104_00001_mirimage_cal.fits,jw07135001001_03104_00001,2b,04,MIRIM_FULL,jw07135_20260803t182126_pool.csv,jw07135-o001_20260803t182126_image2_00008_asn.json,195.24317944888026,60905.23795521408,t,60905.237794639324,60905.23763406458,GO,,7,f,/Date(1785789009544)/,61255.85427711806,/Date(1755495564090)/,60905.23569548611,/Date(1755495536340)/,60905.23537430556,MIRIMAGE,0,0,27.75,338.555,338.555,OK,MIR_IMAGE,6,60905.23569548611,60905.23553489583,1,PRIME,60905.23537430556,1,1,S8EA089946,0,-24.573799,16.33640670776367,3,246.591307,/Date(1755493061117)/,60905.20672587963,/Date(1755492821501)/,60905.2039525463,152.747864,0.09889984130859375,169.316544,191.97755455970764,60905.23791741749,f,60905.23775684274,60905.237596267994,MIRI,f,OFF,0.0,/Date(946684800000)/,51544,0.0,13,1,10,1,1,0,1,4,60909.162086944445,V07135001001P0000000003104,1,,STSCI,FINEGUIDE,"Zhang, Ke",MIRIFU_CHANNEL1A,PRDOPSSOC-073,7135,-24.4106,246.72622208333328,60904.85683956018,FASTR1,493,Exoplanet System Formation and Dynamics,2026_1b,1,2,FULL,,1032,1024,1,1,-24.410599999999988,246.7262220833333,[GY92] 152,f,GY92-152,FIXED,0.1,0.1,JWST,MIRI Medium Resolution Spectroscopy,2.77504,2.775,UTC,Population Study of Chemistry in the First Million Years of Planet Formation: A MIRI Survey of Embedded Disks in Ophiuchus,10,f,1,07135001001,/Date(1755499183607)/,60905.277588032404,03,SUCCESSFUL,PRIME_TARGETED_FIXED,/Date(1755488785921)/,60905.15724444445,1.1759164,-0.4367419,f,ImageModel,f,/Date(1755495536340)/,60905.23537430556,faintest_sources,0.0,2025230T110144614_001_osf.xml,1,,4-POINT,f,CALCULATED_TRACK_TR_202111,10.3,98.49171559124188,-24.42292828655359,246.7088904152946,f,Star,Protoplanetary disks; Protostars,GSC32,0.28333031887265175,0.0,24.975,POLYGON ICRS 246.721753 -24.435999 246.726777 -24.416184 246.693338 -24.408790 246.688167 -24.428807 POLYGON ICRS 246.718846 -24.446446 246.720985 -24.438397 246.712071 -24.436506 246.709935 -24.444580,2.0.1,RELEASE,jwst_1535.pmap,13.1.13,OPEN,,NEGATIVE,POINT-SOURCE,ALL_MRS,,A,A,29721600,72575f09fbc20828da7dcabb19c6c8ca,/Date(1785789293599)/,61255.85756481482,/Date(1785789358756)/,61255.858318935185,61,/Date(1787054084000)/,61270.496342592596,False,False,False,6524191,"GO-7135 Zhang, Ke",F770W,MIRI-F770W,,,,,,,,,,,,,,,,,,,,,,,,,,,,,POLYGON ICRS  246.685534653 -24.439595247 246.719000276 -24.446670731 246.726845840 -24.416080766 246.693405320 -24.408713171,246.70747652579936,-24.422442706885132,JWST,IR,JWST,CAOM,F770W,[GY92] 152,"Zhang, Ke",7135,MIRI,POLYGON ICRS 246.721753 -24.435999 246.726777 -24.416184 246.693338 -24.408790 246.688167 -24.428807 POLYGON ICRS 246.718846 -24.446446 246.720985 -24.438397 246.712071 -24.436506 246.709935 -24.444580,60905.23537430556,60905.23569548611,338.555,Population Study of Chemistry in the First Million Years of Planet Formation: A MIRI Survey of Embedded Disks in Ophiuchus,61270.496342592596,GO,MI.F770W,2026-08-18 11:54:44.000,2025-08-18 05:38:56.340,mast:JWST/product/jw07135001001_03104_00001_mirimage_rate.fits,mast:JWST/product/jw07135001001_03104_00001_mirimage_rate.fits
249214710,jw07135001001_03106_00001_mirimage_cal.fits,jw07135001001_03106_00001,2b,06,MIRIM_FULL,jw07135_20260803t182126_pool.csv,jw07135-o001_20260803t182126_image2_00004_asn.json,195.05612491630018,60905.2603396926,t,60905.26017911785,60905.260018543115,GO,,7,f,/Date(1785788968868)/,61255.85380631944,/Date(1755497498296)/,60905.25808212963,/Date(1755497470546)/,60905.257760949076,MIRIMAGE,0,0,27.75,338.555,338.555,OK,MIR_IMAGE,10,60905.25808212963,60905.25792153935,1,PRIME,60905.257760949076,1,1,S8EA089946,0,-24.573799,16.33640670776367,3,246.591307,/Date(1755493061117)/,60905.20672587963,/Date(1755492821501)/,60905.2039525463,152.747864,0.09889984130859375,169.316544,191.790515743196,60905.26030189621,f,60905.26014132146,60905.25998074671,MIRI,f,OFF,0.0,/Date(946684800000)/,51544,0.0,13,1,10,1,1,0,1,4,60909.162086944445,V07135001001P0000000003106,1,,STSCI,FINEGUIDE,"Zhang, Ke",MIRIFU_CHANNEL1A,PRDOPSSOC-073,7135,-24.4106,246.72622208333328,60904.85683956018,FASTR1,493,Exoplanet System Formation and Dynamics,2026_1b,1,2,FULL,,1032,1024,1,1,-24.410599999999988,246.7262220833333,[GY92] 152,f,GY92-152,FIXED,0.1,0.1,JWST,MIRI Medium Resolution Spectroscopy,2.77504,2.775,UTC,Population Study of Chemistry in the First Million Years of Planet Formation: A MIRI Survey of Embedded Disks in Ophiuchus,10,f,1,07135001001,/Date(1755499183607)/,60905.277588032404,03,SUCCESSFUL,PRIME_TARGETED_FIXED,/Date(1755488785921)/,60905.15724444445,1.1759164,-0.4367419,f,ImageModel,f,/Date(1755497470546)/,60905.257760949076,faintest_sources,0.0,2025230T111001523_001_osf.xml,1,,4-POINT,f,CALCULATED_TRACK_TR_202111,10.3,98.49171559124188,-24.422927979052346,246.70888815985356,f,Star,Protoplanetary disks; Protostars,GSC32,0.2791530402131783,0.0,24.975,POLYGON ICRS 246.721753 -24.435999 246.726777 -24.416184 246.693338 -24.408790 246.688167 -24.428807 POLYGON ICRS 246.718846 -24.446446 246.720985 -24.438397 246.712071 -24.436506 246.709935 -24.444580,2.0.1,RELEASE,jwst_1535.pmap,13.1.13,OPEN,,NEGATIVE,POINT-SOURCE,ALL_MRS,,A,A,29721600,9756e1f4181ec7ad2f4640a156c1ba68,/Date(1785789248878)/,61255.85704717592,/Date(1785789315430)/,61255.857817476855,61,/Date(1787054021000)/,61270.49561342593,False,False,False,6524169,"GO-7135 Zhang, Ke",F770W,MIRI-F770W,,,,,,,,,,,,,,,,,,,,,,,,,,,,,POLYGON ICRS  246.685534667 -24.439595236 246.719000288 -24.446670727 246.726845860 -24.416080764 246.693405341 -24.408713162,246.70747652579936,-24.422442706885132,JWST,IR,JWST,CAOM,F770W,[GY92] 152,"Zhang, Ke",7135,MIRI,POLYGON ICRS 246.721753 -24.435999 246.726777 -24.416184 246.693338 -24.408790 246.688167 -24.428807 POLYGON ICRS 246.718846 -24.446446 246.720985 -24.438397 246.712071 -24.436506 246.709935 -24.444580,60905.257760949076,60905.25808212963,338.555,Population Study of Chemistry in the First Million Years of Planet Formation: A MIRI Survey of Embedded Disks in Ophiuchus,61270.49561342593,GO,MI.F770W,2026-08-18 11:53:41.000,2025-08-18 06:11:10.546,mast:JWST/product/jw07135001001_03106_00001_mirimage_rate.fits,mast:JWST/product/jw07135001001_03106_00001_mirimage_rate.fits
249212135,jw07135046001_02101_00001_mirimage_cal.fits,jw07135046001_02101_00001,2b,01,MIRIM_FULL,jw07135_20260803t182126_pool.csv,jw07135-o046_20260803t182126_image2_00006_asn.json,194.88565146457404,60905.29181473341,t,60905.291654158675,60905.29149358393,GO,,7,f,/Date(1785788875134)/,61255.85272144676,/Date(1755500217910)/,60905.289559143515,/Date(1755500190160)/,60905.28923796296,MIRIMAGE,0,0,27.75,338.555,338.555,OK,MIR_IMAGE,1,60905.289559143515,60905.28939855324,1,PRIME,60905.28923796296,1,1,S8EA087903,0,-24.65886713143917,14.80213928222656,1,246.5682409991033,/Date(1755499972086)/,60905.28671395833,/Date(1755499731446)/,60905.28392877315,105.009781,0.02844912931323051,58.9317055,191.62045656703413,60905.29177694181,f,60905.29161636707,60905.29145579232,MIRI,f,OFF,0.0,/Date(946684800000)/,51544,0.0,6,1,10,1,1,0,1,2,60909.162086944445,V07135046001P0000000002101,46,BKG_1-2-10-21-22-25,STSCI,FINEGUIDE,"Zhang, Ke",MIRIFU_CHANNEL1A,PRDOPSSOC-073,7135,-24.464475,246.7294733333333,60904.85683956018,FASTR1,493,Exoplanet System Formation and Dynamics,2026_1b,1,2,FULL,,1032,1024,1,1,-24.464474999999993,246.72947333333332,BKG_1-2-10-21-22-25,f,BKG_1-2-10-21-22-25,FIXED,0.1,0.1,JWST,MIRI Medium Resolution Spectroscopy,2.77504,2.775,UTC,Population Study of Chemistry in the First Million Years of Planet Formation: A MIRI Survey of Embedded Disks in Ophiuchus,10,f,1,07135046001,/Date(1755503185395)/,60905.323905046294,02,SUCCESSFUL,PRIME_TARGETED_FIXED,/Date(1755499187703)/,60905.27763545139,1.1759164,-0.4367419,f,ImageModel,f,/Date(1755500190160)/,60905.28923796296,backgrounds,0.0,2025230T111417763_001_osf.xml,1,,2-POINT,f,CALCULATED_TRACK_TR_202111,10.3,98.33035019581749,-24.4768223387556,246.71220797069492,f,Calibration,Telescope/sky background,GSC32,0.27847103553408065,0.0,24.975,POLYGON ICRS 246.725081 -24.489885 246.730046 -24.470058 246.696570 -24.462750 246.691459 -24.482780 POLYGON ICRS 246.722205 -24.500340 246.724320 -24.492285 246.715397 -24.490417 246.713284 -24.498497,2.0.1,RELEASE,jwst_1535.pmap,13.1.13,OPEN,,NEGATIVE,POINT-SOURCE,ALL_MRS,,A,A,29721600,477b35a607bd991b552273fcd3201d79,/Date(1785789049420)/,61255.85473865741,/Date(1785789105512)/,61255.855387881944,61,/Date(1787072815000)/,61270.71313657407,False,False,False,6524531,"GO-7135 Zhang, Ke",F770W,MIRI-F770W,,,,,,,,,,,,,,,,,,,,,,,,,,,,,POLYGON ICRS  246.688904358 -24.493545383 246.722407707 -24.500528564 246.730154786 -24.469917105 246.696675614 -24.462641750,246.71075669128265,-24.476365996713113,JWST,IR,JWST,CAOM,F770W,BKG_1-2-10-21-22-25,"Zhang, Ke",7135,MIRI,POLYGON ICRS 246.725081 -24.489885 246.730046 -24.470058 246.696570 -24.462750 246.691459 -24.482780 POLYGON ICRS 246.722205 -24.500340 246.724320 -24.492285 246.715397 -24.490417 246.713284 -24.498497,60905.28923796296,60905.289559143515,338.555,Population Study of Chemistry in the First Million Years of Planet Formation: A MIRI Survey of Embedded Disks in Ophiuchus,61270.71313657407,GO,MI.F770W,2026-08-18 17:06:55.000,2025-08-18 06:56:30.160,mast:JWST/product/jw07135046001_02101_00001_mirimage_rate.fits,mast:JWST/product/jw07135046001_02101_00001_mirimage_rate.fits
249211919,jw07135046001_02103_00001_mirimage_cal.fits,jw07135046001_02103_00001,2b,03,MIRIM_FULL,jw07135_20260803t182126_pool.csv,jw07135-o046_20260803t182126_image2_00004_asn.json,194.78231202811003,60905.30417945172,t,60905.304018876974,60905.30385830222,GO,,7,f,/Date(1785788845973)/,61255.85238394676,/Date(1755501286325)/,60905.30192506944,/Date(1755501258575)/,60905.30160388889,MIRIMAGE,0,0,27.75,338.555,338.555,OK,MIR_IMAGE,3,60905.30192505787,60905.30176446759,1,PRIME,60905.30160387731,1,1,S8EA087903,0,-24.65886713143917,14.80213928222656,1,246.5682409991033,/Date(1755499972086)/,60905.28671395833,/Date(1755499731446)/,60905.28392877315,105.009781,0.02844912931323051,58.9317055,191.51712656021118,60905.30414166022,f,60905.30398108547,60905.30382051072,MIRI,f,OFF,0.0,/Date(946684800000)/,51544,0.0,6,1,10,1,1,0,1,2,60909.162086944445,V07135046001P0000000002103,46,BKG_1-2-10-21-22-25,STSCI,FINEGUIDE,"Zhang, Ke",MIRIFU_CHANNEL1A,PRDOPSSOC-073,7135,-24.464475,246.7294733333333,60904.85683956018,FASTR1,493,Exoplanet System Formation and Dynamics,2026_1b,1,2,FULL,,1032,1024,1,1,-24.464474999999993,246.72947333333332,BKG_1-2-10-21-22-25,f,BKG_1-2-10-21-22-25,FIXED,0.1,0.1,JWST,MIRI Medium Resolution Spectroscopy,2.77504,2.775,UTC,Population Study of Chemistry in the First Million Years of Planet Formation: A MIRI Survey of Embedded Disks in Ophiuchus,10,f,1,07135046001,/Date(1755503185395)/,60905.323905046294,02,SUCCESSFUL,PRIME_TARGETED_FIXED,/Date(1755499187703)/,60905.27763545139,1.1759164,-0.4367419,f,ImageModel,f,/Date(1755501258575)/,60905.30160388889,backgrounds,0.0,2025230T111852619_001_osf.xml,1,,2-POINT,f,CALCULATED_TRACK_TR_202111,10.3,98.33035019581749,-24.476822945464967,246.71220799393956,f,Calibration,Telescope/sky background,GSC32,0.2783857849491934,0.0,24.975,POLYGON ICRS 246.725081 -24.489885 246.730046 -24.470058 246.696570 -24.462750 246.691459 -24.482780 POLYGON ICRS 246.722205 -24.500340 246.724320 -24.492285 246.715397 -24.490417 246.713284 -24.498497,2.0.1,RELEASE,jwst_1535.pmap,13.1.13,OPEN,,NEGATIVE,POINT-SOURCE,ALL_MRS,,A,A,29721600,f8af49f5db834fa17473fac77e4064fb,/Date(1785789036655)/,61255.85459092593,/Date(1785789086800)/,61255.855171296294,61,/Date(1787072792000)/,61270.71287037037,False,False,False,6524525,"GO-7135 Zhang, Ke",F770W,MIRI-F770W,,,,,,,,,,,,,,,,,,,,,,,,,,,,,POLYGON ICRS  246.688905538 -24.493546050 246.722408846 -24.500529393 246.730156104 -24.469917972 246.696676974 -24.462642455,246.71075669128265,-24.476365996713113,JWST,IR,JWST,CAOM,F770W,BKG_1-2-10-21-22-25,"Zhang, Ke",7135,MIRI,POLYGON ICRS 246.725081 -24.489885 246.730046 -24.470058 246.696570 -24.462750 246.691459 -24.482780 POLYGON ICRS 246.722205 -24.500340 246.724320 -24.492285 246.715397 -24.490417 246.713284 -24.498497,60905.30160387731,60905.30192505787,338.555,Population Study of Chemistry in the First Million Years of Planet Formation: A MIRI Survey of Embedded Disks in Ophiuchus,61270.71287037037,GO,MI.F770W,2026-08-18 17:06:32.000,2025-08-18 07:14:18.575,mast:JWST/product/jw07135046001_02103_00001_mirimage_rate.fits,mast:JWST/product/jw07135046001_02103_00001_mirimage_rate.fits
249211889,jw07135046001_02105_00001_mirimage_cal.fits,jw07135046001_02105_00001,2b,05,MIRIM_FULL,jw07135_20260803t182126_pool.csv,jw07135-o046_20260803t182126_image2_00002_asn.json,194.6789675625041,60905.316544169946,t,60905.3163835952,60905.316223020454,GO,,7,f,/Date(1785788845300)/,61255.85237615741,/Date(1755502354740)/,60905.31429097222,/Date(1755502326990)/,60905.31396979166,MIRIMAGE,0,0,27.75,338.555,338.555,OK,MIR_IMAGE,5,60905.31429097222,60905.31413038194,1,PRIME,60905.31396979166,1,1,S8EA087903,0,-24.65886713143917,14.80213928222656,1,246.5682409991033,/Date(1755499972086)/,60905.28671395833,/Date(1755499731446)/,60905.28392877315,105.009781,0.02844912931323051,58.9317055,191.4137908956036,60905.31650637855,f,60905.3163458038,60905.31618522906,MIRI,f,OFF,0.0,/Date(946684800000)/,51544,0.0,6,1,10,1,1,0,1,2,60909.162086944445,V07135046001P0000000002105,46,BKG_1-2-10-21-22-25,STSCI,FINEGUIDE,"Zhang, Ke",MIRIFU_CHANNEL1A,PRDOPSSOC-073,7135,-24.464475,246.7294733333333,60904.85683956018,FASTR1,493,Exoplanet System Formation and Dynamics,2026_1b,1,2,FULL,,1032,1024,1,1,-24.464474999999993,246.72947333333332,BKG_1-2-10-21-22-25,f,BKG_1-2-10-21-22-25,FIXED,0.1,0.1,JWST,MIRI Medium Resolution Spectroscopy,2.77504,2.775,UTC,Population Study of Chemistry in the First Million Years of Planet Formation: A MIRI Survey of Embedded Disks in Ophiuchus,10,f,1,07135046001,/Date(1755503185395)/,60905.323905046294,02,SUCCESSFUL,PRIME_TARGETED_FIXED,/Date(1755499187703)/,60905.27763545139,1.1759164,-0.4367419,f,ImageModel,f,/Date(1755502326990)/,60905.31396979166,backgrounds,0.5473198951459817,2025230T164316113_001_osf.xml,1,,2-POINT,f,CALCULATED_TRACK_TR_202111,10.3,98.33035019581749,-24.476823272891277,246.71220714735153,f,Calibration,Telescope/sky background,GSC32,0.2874649722396816,0.0,24.975,POLYGON ICRS 246.725081 -24.489885 246.730046 -24.470058 246.696570 -24.462750 246.691459 -24.482780 POLYGON ICRS 246.722205 -24.500340 246.724320 -24.492285 246.715397 -24.490417 246.713284 -24.498497,2.0.1,RELEASE,jwst_1535.pmap,13.1.13,OPEN,,NEGATIVE,POINT-SOURCE,ALL_MRS,,A,A,29721600,0b4f036c793f4ccdf2f6c2a5027d26d6,/Date(1785789034852)/,61255.85457005787,/Date(1785789083646)/,61255.855134791665,61,/Date(1787072753000)/,61270.71241898148,False,False,False,6524585,"GO-7135 Zhang, Ke",F770W,MIRI-F770W,,,,,,,,,,,,,,,,,,,,,,,,,,,,,POLYGON ICRS  246.688905911 -24.493546505 246.722409205 -24.500529907 246.730156527 -24.469918500 246.696677413 -24.462642924,246.71075669128265,-24.476365996713113,JWST,IR,JWST,CAOM,F770W,BKG_1-2-10-21-22-25,"Zhang, Ke",7135,MIRI,POLYGON ICRS 246.725081 -24.489885 246.730046 -24.470058 246.696570 -24.462750 246.691459 -24.482780 POLYGON ICRS 246.722205 -24.500340 246.724320 -24.492285 246.715397 -24.490417 246.713284 -24.498497,60905.31396979166,60905.31429097222,338.555,Population Study of Chemistry in the First Million Years of Planet Formation: A MIRI Survey of Embedded Disks in Ophiuchus,61270.71241898148,GO,MI.F770W,2026-08-18 17:05:53.000,2025-08-18 07:32:06.990,mast:JWST/product/jw07135046001_02105_00001_mirimage_rate.fits,mast:JWST/product/jw07135046001_02105_00001_mirimage_rate.fits
249210688,jw07135003001_03102_00001_mirimage_cal.fits,jw07135003001_03102_00001,2b,02,MIRIM_FULL,jw07135_20260803t182126_pool.csv,jw07135-o003_20260803t182126_image2_00012_asn.json,194.44642004091293,60905.33931404786,t,60905.33915347312,60905.33899289838,GO,,7,f,/Date(1785788754946)/,61255.85133039352,/Date(1755504322290)/,60905.337063541665,/Date(1755504294540)/,60905.33674236111,MIRIMAGE,0,0,27.75,338.555,338.555,OK,MIR_IMAGE,2,60905.337063541665,60905.33690295139,1,PRIME,60905.33674236111,1,1,S8EA088450,0,-24.62775799999999,15.43103408813477,1,246.589458,/Date(1755503646194)/,60905.32923834491,/Date(1755503557107)/,60905.32820724537,105.009781,0.05291580408811569,58.9317055,191.1813841899857,60905.3392762581,f,60905.33911568336,60905.338955108615,MIRI,f,OFF,0.0,/Date(946684800000)/,51544,0.0,13,1,10,1,1,0,1,4,60909.162086944445,V07135003001P0000000003102,3,,STSCI,FINEGUIDE,"Zhang, Ke",MIRIFU_CHANNEL1A,PRDOPSSOC-073,7135,-24.51097222222222,246.7165458333333,60904.85683956018,FASTR1,493,Exoplanet System Formation and Dynamics,2026_1b,1,2,FULL,,1032,1024,1,1,-24.51097222222222,246.71654583333333,BBRCG 13,f,BBRCG-13,FIXED,0.1,0.1,JWST,MIRI Medium Resolution Spectroscopy,2.77504,2.775,UTC,Population Study of Chemistry in the First Million Years of Planet Formation: A MIRI Survey of Embedded Disks in Ophiuchus,10,f,1,07135003001,/Date(1755509871084)/,60905.40128568287,03,SUCCESSFUL,PRIME_TARGETED_FIXED,/Date(1755503189491)/,60905.32395243055,1.1759164,-0.4367419,f,ImageModel,f,/Date(1755504294540)/,60905.33674236111,faintest_sources,0.0,2025230T163907268_001_osf.xml,1,,4-POINT,f,CALCULATED_TRACK_TR_202111,10.3,98.3117909673074,-24.523519663925587,246.69917698301902,f,Star,Protoplanetary disks; Protostars,GSC32,0.30208544754783856,0.0,24.975,POLYGON ICRS 246.712161 -24.536384 246.717121 -24.516555 246.683630 -24.509257 246.678524 -24.529288 POLYGON ICRS 246.709287 -24.546839 246.711401 -24.538784 246.702473 -24.536919 246.700363 -24.544999,2.0.1,RELEASE,jwst_1535.pmap,13.1.13,OPEN,,NEGATIVE,POINT-SOURCE,ALL_MRS,,A,A,29721600,1b4e805063d6313b844a9b4ec53997b1,/Date(1785788921923)/,61255.85326299768,/Date(1785788987856)/,61255.85402611111,61,/Date(1787075009000)/,61270.738530092596,False,False,False,6524699,"GO-7135 Zhang, Ke",F770W,MIRI-F770W,,,,,,,,,,,,,,,,,,,,,,,,,,,,,POLYGON ICRS  246.675871816 -24.540239739 246.709388017 -24.547221351 246.717136232 -24.516609528 246.683644218 -24.509335744,246.6978268134493,-24.522868798620376,JWST,IR,JWST,CAOM,F770W,BBRCG 13,"Zhang, Ke",7135,MIRI,POLYGON ICRS 246.712161 -24.536384 246.717121 -24.516555 246.683630 -24.509257 246.678524 -24.529288 POLYGON ICRS 246.709287 -24.546839 246.711401 -24.538784 246.702473 -24.536919 246.700363 -24.544999,60905.33674236111,60905.337063541665,338.555,Population Study of Chemistry in the First Million Years of Planet Formation: A MIRI Survey of Embedded Disks in Ophiuchus,61270.738530092596,GO,MI.F770W,2026-08-18 17:43:29.000,2025-08-18 08:04:54.540,mast:JWST/product/jw07135003001_03102_00001_mirimage_rate.fits,mast:JWST/product/jw07135003001_03102_00001_mirimage_rate.fits
249209656,jw07135003001_03104_00001_mirimage_cal.fits,jw07135003001_03104_00001,2b,04,MIRIM_FULL,jw07135_20260803t182126_pool.csv,jw07135-o003_20260803t182126_image2_00008_asn.json,194.25983258988708,60905.3616348281,t,60905.361474253354,60905.361313678615,GO,,7,f,/Date(1785788624616)/,61255.849821944445,/Date(1755506250992)/,60905.35938649306,/Date(1755506223242)/,60905.3590653125,MIRIMAGE,0,0,27.75,338.555,338.555,OK,MIR_IMAGE,6,60905.35938648148,60905.3592258912,1,PRIME,60905.35906530092,1,1,S8EA088450,0,-24.62775799999999,15.43103408813477,1,246.589458,/Date(1755503646194)/,60905.32923834491,/Date(1755503557107)/,60905.32820724537,105.009781,0.05291580408811569,58.9317055,190.99481308367103,60905.36159703852,f,60905.361436463776,60905.36127588904,MIRI,f,OFF,0.0,/Date(946684800000)/,51544,0.0,13,1,10,1,1,0,1,4,60909.162086944445,V07135003001P0000000003104,3,,STSCI,FINEGUIDE,"Zhang, Ke",MIRIFU_CHANNEL1A,PRDOPSSOC-073,7135,-24.51097222222222,246.7165458333333,60904.85683956018,FASTR1,493,Exoplanet System Formation and Dynamics,2026_1b,1,2,FULL,,1032,1024,1,1,-24.51097222222222,246.71654583333333,BBRCG 13,f,BBRCG-13,FIXED,0.1,0.1,JWST,MIRI Medium Resolution Spectroscopy,2.77504,2.775,UTC,Population Study of Chemistry in the First Million Years of Planet Formation: A MIRI Survey of Embedded Disks in Ophiuchus,10,f,1,07135003001,/Date(1755509871084)/,60905.40128568287,03,SUCCESSFUL,PRIME_TARGETED_FIXED,/Date(1755503189491)/,60905.32395243055,1.1759164,-0.4367419,f,ImageModel,f,/Date(1755506223242)/,60905.3590653125,faintest_sources,0.2721819196428569,2025230T165207945_001_osf.xml,1,,4-POINT,f,CALCULATED_TRACK_TR_202111,10.3,98.3117909673074,-24.523518850488966,246.69917386347717,f,Star,Protoplanetary disks; Protostars,GSC32,0.2863993399285914,0.0,24.975,POLYGON ICRS 246.712161 -24.536384 246.717121 -24.516555 246.683630 -24.509257 246.678524 -24.529288 POLYGON ICRS 246.709287 -24.546839 246.711401 -24.538784 246.702473 -24.536919 246.700363 -24.544999,2.0.1,RELEASE,jwst_1535.pmap,13.1.13,OPEN,,NEGATIVE,POINT-SOURCE,ALL_MRS,,A,A,29721600,6a4c94c48d7465c7029bd9cadc9b01b5,/Date(1785788859359)/,61255.85253888889,/Date(1785788911673)/,61255.85314436343,61,/Date(1787074945000)/,61270.73778935185,False,False,False,6524731,"GO-7135 Zhang, Ke",F770W,MIRI-F770W,,,,,,,,,,,,,,,,,,,,,,,,,,,,,POLYGON ICRS  246.675871087 -24.540239352 246.709387336 -24.547220771 246.717135337 -24.516608903 246.683643273 -24.509335313,246.6978268134493,-24.522868798620376,JWST,IR,JWST,CAOM,F770W,BBRCG 13,"Zhang, Ke",7135,MIRI,POLYGON ICRS 246.712161 -24.536384 246.717121 -24.516555 246.683630 -24.509257 246.678524 -24.529288 POLYGON ICRS 246.709287 -24.546839 246.711401 -24.538784 246.702473 -24.536919 246.700363 -24.544999,60905.35906530092,60905.35938648148,338.555,Population Study of Chemistry in the First Million Years of Planet Formation: A MIRI Survey of Embedded Disks in Ophiuchus,61270.73778935185,GO,MI.F770W,2026-08-18 17:42:25.000,2025-08-18 08:37:03.242,mast:JWST/product/jw07135003001_03104_00001_mirimage_rate.fits,mast:JWST/product/jw07135003001_03104_00001_mirimage_rate.fits
249208462,jw07135003001_03106_00001_mirimage_cal.fits,jw07135003001_03106_00001,2b,06,MIRIM_FULL,jw07135_20260803t182126_pool.csv,jw07135-o003_20260803t182126_image2_00004_asn.json,194.072960363701,60905.38398745689,t,60905.38382688215,60905.38366630741,GO,,7,f,/Date(1785788540984)/,61255.84885396991,/Date(1755508182446)/,60905.38174127315,/Date(1755508154696)/,60905.38142009259,MIRIMAGE,0,0,27.75,338.555,338.555,OK,MIR_IMAGE,10,60905.38174127315,60905.38158068287,1,PRIME,60905.38142009259,1,1,S8EA088450,0,-24.62775799999999,15.43103408813477,1,246.589458,/Date(1755503646194)/,60905.32923834491,/Date(1755503557107)/,60905.32820724537,105.009781,0.05291580408811569,58.9317055,190.80795657355338,60905.38394966751,f,60905.38378909276,60905.383628518015,MIRI,f,OFF,0.0,/Date(946684800000)/,51544,0.0,13,1,10,1,1,0,1,4,60909.162086944445,V07135003001P0000000003106,3,,STSCI,FINEGUIDE,"Zhang, Ke",MIRIFU_CHANNEL1A,PRDOPSSOC-073,7135,-24.51097222222222,246.7165458333333,60904.85683956018,FASTR1,493,Exoplanet System Formation and Dynamics,2026_1b,1,2,FULL,,1032,1024,1,1,-24.51097222222222,246.71654583333333,BBRCG 13,f,BBRCG-13,FIXED,0.1,0.1,JWST,MIRI Medium Resolution Spectroscopy,2.77504,2.775,UTC,Population Study of Chemistry in the First Million Years of Planet Formation: A MIRI Survey of Embedded Disks in Ophiuchus,10,f,1,07135003001,/Date(1755509871084)/,60905.40128568287,03,SUCCESSFUL,PRIME_TARGETED_FIXED,/Date(1755503189491)/,60905.32395243055,1.1759164,-0.4367419,f,ImageModel,f,/Date(1755508154696)/,60905.38142009259,faintest_sources,0.0,2025230T165618758_001_osf.xml,1,,4-POINT,f,CALCULATED_TRACK_TR_202111,10.3,98.3117909673074,-24.523518585002755,246.6991716233938,f,Star,Protoplanetary disks; Protostars,GSC32,0.3464157516891892,0.0,24.975,POLYGON ICRS 246.712161 -24.536384 246.717121 -24.516555 246.683630 -24.509257 246.678524 -24.529288 POLYGON ICRS 246.709287 -24.546839 246.711401 -24.538784 246.702473 -24.536919 246.700363 -24.544999,2.0.1,RELEASE,jwst_1535.pmap,13.1.13,OPEN,,NEGATIVE,POINT-SOURCE,ALL_MRS,,A,A,29721600,76de5d3a0b86a641e7e61ed51bd727ee,/Date(1785788766468)/,61255.85146372685,/Date(1785788823438)/,61255.85212310185,61,/Date(1787074880000)/,61270.73703703703,False,False,False,6524719,"GO-7135 Zhang, Ke",F770W,MIRI-F770W,,,,,,,,,,,,,,,,,,,,,,,,,,,,,POLYGON ICRS  246.675871123 -24.540239390 246.709387373 -24.547220804 246.717135369 -24.516608936 246.683643304 -24.509335350,246.6978268134493,-24.522868798620376,JWST,IR,JWST,CAOM,F770W,BBRCG 13,"Zhang, Ke",7135,MIRI,POLYGON ICRS 246.712161 -24.536384 246.717121 -24.516555 246.683630 -24.509257 246.678524 -24.529288 POLYGON ICRS 246.709287 -24.546839 246.711401 -24.538784 246.702473 -24.536919 246.700363 -24.544999,60905.38142009259,60905.38174127315,338.555,Population Study of Chemistry in the First Million Years of Planet Formation: A MIRI Survey of Embedded Disks in Ophiuchus,61270.73703703703,GO,MI.F770W,2026-08-18 17:41:20.000,2025-08-18 09:09:14.696,mast:JWST/product/jw07135003001_03106_00001_mirimage_rate.fits,mast:JWST/product/jw07135003001_03106_00001_mirimage_rate.fits
249204577,jw07135047001_02101_00001_mirimage_cal.fits,jw07135047001_02101_00001,2b,01,MIRIM_FULL,jw07135_20260803t182126_pool.csv,jw07135-o047_20260803t182126_image2_00006_asn.json,193.73092339374125,60905.411253104605,t,60905.41109252987,60905.410931955135,GO,,7,f,/Date(1785788028420)/,61255.84292152778,/Date(1755510538540)/,60905.40901087963,/Date(1755510510790)/,60905.40868969908,MIRIMAGE,0,0,27.75,338.555,338.555,OK,MIR_IMAGE,1,60905.40901087963,60905.40885028935,1,PRIME,60905.40868969908,1,1,S8EA036488,0,-24.67190078138156,13.66048240661621,1,246.5780529798575,/Date(1755510287852)/,60905.40610940972,/Date(1755510199788)/,60905.40509011574,0.2331158,0.0165324043482542,0.43916893,190.46582719311118,60905.41121531415,f,60905.4110547394,60905.41089416467,MIRI,f,OFF,0.0,/Date(946684800000)/,51544,0.0,6,1,10,1,1,0,1,2,60909.162086944445,V07135047001P0000000002101,47,BKG_3-7-14,STSCI,FINEGUIDE,"Zhang, Ke",MIRIFU_CHANNEL1A,PRDOPSSOC-073,7135,-24.53133888888889,246.6985645833333,60904.85683956018,FASTR1,493,Exoplanet System Formation and Dynamics,2026_1b,1,2,FULL,,1032,1024,1,1,-24.53133888888891,246.69856458333334,BKG_3-7-14,f,BKG_3-7-14,FIXED,0.1,0.1,JWST,MIRI Medium Resolution Spectroscopy,2.77504,2.775,UTC,Population Study of Chemistry in the First Million Years of Planet Formation: A MIRI Survey of Embedded Disks in Ophiuchus,10,f,1,07135047001,/Date(1755513502185)/,60905.443312337964,02,SUCCESSFUL,PRIME_TARGETED_FIXED,/Date(1755509875180)/,60905.40133310185,1.1759164,-0.4367419,f,ImageModel,f,/Date(1755510510790)/,60905.40868969908,backgrounds,-0.01495535714285768,2025230T170030350_001_osf.xml,1,,2-POINT,f,CALCULATED_TRACK_TR_202111,10.3,98.31467435415207,-24.54369193296484,246.68127578761616,f,Calibration,Telescope/sky background,GSC32,0.3131253982907326,0.0,24.975,POLYGON ICRS 246.694177 -24.556750 246.699139 -24.536922 246.665643 -24.529622 246.660536 -24.549653 POLYGON ICRS 246.691303 -24.567206 246.693417 -24.559150 246.684488 -24.557285 246.682377 -24.565365,2.0.1,RELEASE,jwst_1535.pmap,13.1.13,OPEN,,NEGATIVE,POINT-SOURCE,ALL_MRS,,A,A,29721600,34ea597c3245ad927aa5801b9ec3ebe5,/Date(1785788383581)/,61255.84703217592,/Date(1785788483304)/,61255.84818637731,61,/Date(1787076359000)/,61270.754155092596,False,False,False,6524961,"GO-7135 Zhang, Ke",F770W,MIRI-F770W,,,,,,,,,,,,,,,,,,,,,,,,,,,,,POLYGON ICRS  246.657974579 -24.560409372 246.691495596 -24.567393261 246.699247565 -24.536781964 246.665750770 -24.529505907,246.6798414691171,-24.543234464342248,JWST,IR,JWST,CAOM,F770W,BKG_3-7-14,"Zhang, Ke",7135,MIRI,POLYGON ICRS 246.694177 -24.556750 246.699139 -24.536922 246.665643 -24.529622 246.660536 -24.549653 POLYGON ICRS 246.691303 -24.567206 246.693417 -24.559150 246.684488 -24.557285 246.682377 -24.565365,60905.40868969908,60905.40901087963,338.555,Population Study of Chemistry in the First Million Years of Planet Formation: A MIRI Survey of Embedded Disks in Ophiuchus,61270.754155092596,GO,MI.F770W,2026-08-18 18:05:59.000,2025-08-18 09:48:30.790,mast:JWST/product/jw07135047001_02101_00001_mirimage_rate.fits,mast:JWST/product/jw07135047001_02101_00001_mirimage_rate.fits
249247963,jw07135047001_02103_00001_mirimage_cal.fits,jw07135047001_02103_00001,2b,03,MIRIM_FULL,jw07135_20260803t182126_pool.csv,jw07135-o047_20260803t182126_image2_00004_asn.json,193.62780021037906,60905.423585232806,t,60905.423424658075,60905.423264083336,GO,,7,f,/Date(1785793517278)/,61255.906449953705,/Date(1755511604139)/,60905.42134421296,/Date(1755511576389)/,60905.42102303241,MIRIMAGE,0,0,27.75,338.555,338.555,OK,MIR_IMAGE,3,60905.421344201386,60905.42118361111,1,PRIME,60905.421023020834,1,1,S8EA036488,0,-24.67190078138156,13.66048240661621,1,246.5780529798575,/Date(1755510287852)/,60905.40610940972,/Date(1755510199788)/,60905.40509011574,0.2331158,0.0165324043482542,0.43916893,190.36271343939006,60905.42354744245,f,60905.42338686772,60905.42322629298,MIRI,f,OFF,0.0,/Date(946684800000)/,51544,0.0,6,1,10,1,1,0,1,2,60909.162086944445,V07135047001P0000000002103,47,BKG_3-7-14,STSCI,FINEGUIDE,"Zhang, Ke",MIRIFU_CHANNEL1A,PRDOPSSOC-073,7135,-24.53133888888889,246.6985645833333,60904.85683956018,FASTR1,493,Exoplanet System Formation and Dynamics,2026_1b,1,2,FULL,,1032,1024,1,1,-24.53133888888891,246.69856458333334,BKG_3-7-14,f,BKG_3-7-14,FIXED,0.1,0.1,JWST,MIRI Medium Resolution Spectroscopy,2.77504,2.775,UTC,Population Study of Chemistry in the First Million Years of Planet Formation: A MIRI Survey of Embedded Disks in Ophiuchus,10,f,1,07135047001,/Date(1755513502185)/,60905.443312337964,02,SUCCESSFUL,PRIME_TARGETED_FIXED,/Date(1755509875180)/,60905.40133310185,1.1759164,-0.4367419,f,ImageModel,f,/Date(1755511576389)/,60905.42102303241,backgrounds,0.0,2025230T170438652_001_osf.xml,1,,2-POINT,f,CALCULATED_TRACK_TR_202111,10.3,98.31467435415207,-24.543691868065608,246.68127460099174,f,Calibration,Telescope/sky background,GSC32,0.28524845703261403,0.0,24.975,POLYGON ICRS 246.694177 -24.556750 246.699139 -24.536922 246.665643 -24.529622 246.660536 -24.549653 POLYGON ICRS 246.691303 -24.567206 246.693417 -24.559150 246.684488 -24.557285 246.682377 -24.565365,2.0.1,RELEASE,jwst_1535.pmap,13.1.13,OPEN,,NEGATIVE,POINT-SOURCE,ALL_MRS,,A,A,29721600,8daf03ab21740c499f70ce0bca32699f,/Date(1785793958255)/,61255.91155388889,/Date(1785794099942)/,61255.91319378472,61,/Date(1787076324000)/,61270.75375,False,False,False,6524976,"GO-7135 Zhang, Ke",F770W,MIRI-F770W,,,,,,,,,,,,,,,,,,,,,,,,,,,,,POLYGON ICRS  246.657974619 -24.560409443 246.691495624 -24.567393377 246.699247644 -24.536782092 246.665750861 -24.529505989,246.6798414691171,-24.543234464342248,JWST,IR,JWST,CAOM,F770W,BKG_3-7-14,"Zhang, Ke",7135,MIRI,POLYGON ICRS 246.694177 -24.556750 246.699139 -24.536922 246.665643 -24.529622 246.660536 -24.549653 POLYGON ICRS 246.691303 -24.567206 246.693417 -24.559150 246.684488 -24.557285 246.682377 -24.565365,60905.421023020834,60905.421344201386,338.555,Population Study of Chemistry in the First Million Years of Planet Formation: A MIRI Survey of Embedded Disks in Ophiuchus,61270.75375,GO,MI.F770W,2026-08-18 18:05:24.000,2025-08-18 10:06:16.389,mast:JWST/product/jw07135047001_02103_00001_mirimage_rate.fits,mast:JWST/product/jw07135047001_02103_00001_mirimage_rate.fits
249247281,jw07135047001_02105_00001_mirimage_cal.fits,jw07135047001_02105_00001,2b,05,MIRIM_FULL,jw07135_20260803t182126_pool.csv,jw07135-o047_20260803t182126_image2_00002_asn.json,193.52412696462125,60905.43598253983,t,60905.4358219651,60905.43566139036,GO,,7,f,/Date(1785793439337)/,61255.905547870374,/Date(1755512675370)/,60905.43374270833,/Date(1755512647620)/,60905.43342152778,MIRIMAGE,0,0,27.75,338.555,338.555,OK,MIR_IMAGE,5,60905.43374270833,60905.43358211806,1,PRIME,60905.43342152778,1,1,S8EA036488,0,-24.67190078138156,13.66048240661621,1,246.5780529798575,/Date(1755510287852)/,60905.40610940972,/Date(1755510199788)/,60905.40509011574,0.2331158,0.0165324043482542,0.43916893,190.25904899463058,60905.43594474957,f,60905.43578417484,60905.435623600104,MIRI,f,OFF,0.0,/Date(946684800000)/,51544,0.0,6,1,10,1,1,0,1,2,60909.162086944445,V07135047001P0000000002105,47,BKG_3-7-14,STSCI,FINEGUIDE,"Zhang, Ke",MIRIFU_CHANNEL1A,PRDOPSSOC-073,7135,-24.53133888888889,246.6985645833333,60904.85683956018,FASTR1,493,Exoplanet System Formation and Dynamics,2026_1b,1,2,FULL,,1032,1024,1,1,-24.53133888888891,246.69856458333334,BKG_3-7-14,f,BKG_3-7-14,FIXED,0.1,0.1,JWST,MIRI Medium Resolution Spectroscopy,2.77504,2.775,UTC,Population Study of Chemistry in the First Million Years of Planet Formation: A MIRI Survey of Embedded Disks in Ophiuchus,10,f,1,07135047001,/Date(1755513502185)/,60905.443312337964,02,SUCCESSFUL,PRIME_TARGETED_FIXED,/Date(1755509875180)/,60905.40133310185,1.1759164,-0.4367419,f,ImageModel,f,/Date(1755512647620)/,60905.43342152778,backgrounds,0.0,2025230T170851053_001_osf.xml,1,,2-POINT,f,CALCULATED_TRACK_TR_202111,10.3,98.31467435415207,-24.5436916328804,246.68127307780907,f,Calibration,Telescope/sky background,GSC32,0.29871804944479363,0.0,24.975,POLYGON ICRS 246.694177 -24.556750 246.699139 -24.536922 246.665643 -24.529622 246.660536 -24.549653 POLYGON ICRS 246.691303 -24.567206 246.693417 -24.559150 246.684488 -24.557285 246.682377 -24.565365,2.0.1,RELEASE,jwst_1535.pmap,13.1.13,OPEN,,NEGATIVE,POINT-SOURCE,ALL_MRS,,A,A,29721600,9187ff2e5d838ff18142809bb1fb06f7,/Date(1785793807365)/,61255.909807476855,/Date(1785793984407)/,61255.91185655093,61,/Date(1787076303000)/,61270.75350694444,False,False,False,6525110,"GO-7135 Zhang, Ke",F770W,MIRI-F770W,,,,,,,,,,,,,,,,,,,,,,,,,,,,,POLYGON ICRS  246.657974375 -24.560409394 246.691495388 -24.567393299 246.699247376 -24.536782007 246.665750585 -24.529505933,246.6798414691171,-24.543234464342248,JWST,IR,JWST,CAOM,F770W,BKG_3-7-14,"Zhang, Ke",7135,MIRI,POLYGON ICRS 246.694177 -24.556750 246.699139 -24.536922 246.665643 -24.529622 246.660536 -24.549653 POLYGON ICRS 246.691303 -24.567206 246.693417 -24.559150 246.684488 -24.557285 246.682377 -24.565365,60905.43342152778,60905.43374270833,338.555,Population Study of Chemistry in the First Million Years of Planet Formation: A MIRI Survey of Embedded Disks in Ophiuchus,61270.75350694444,GO,MI.F770W,2026-08-18 18:05:03.000,2025-08-18 10:24:07.620,mast:JWST/product/jw07135047001_02105_00001_mirimage_rate.fits,mast:JWST/product/jw07135047001_02105_00001_mirimage_rate.fits
249206140,jw07135006001_03102_00001_mirimage_cal.fits,jw07135006001_03102_00001,2b,02,MIRIM_FULL,jw07135_20260803t182126_pool.csv,jw07135-o006_20260803t182126_image2_00012_asn.json,195.28315044008195,60905.464588687646,t,60905.463898204645,60905.46320772165,GO,,7,f,/Date(1785788298274)/,61255.84604482639,/Date(1755515145191)/,60905.462328587964,/Date(1755515025864)/,60905.46094748843,MIRIMAGE,0,0,119.327,296.929,74.232,OK,MIR_IMAGE,2,60905.46232859954,60905.46163804977,1,PRIME,60905.4609475,1,1,S8EL018014,0,-24.89701359420383,12.81980323791504,1,246.7756347100603,/Date(1755514364392)/,60905.45329158565,/Date(1755514124776)/,60905.45051824074,0.0370326638,0.01442153006792068,0.0685841963,192.02247925568372,60905.46455094841,f,60905.4638604654,60905.4631699824,MIRI,f,OFF,-0.02169999997931881,/Date(946684800000)/,51544,-0.0024,13,1,10,4,1,0,1,4,60909.162086944445,V07135006001P0000000003102,6,,STSCI,FINEGUIDE,"Zhang, Ke",MIRIFU_CHANNEL1A,PRDOPSSOC-073,7135,-24.726694444444444,246.92396999999994,60904.85683956018,FASTR1,493,Exoplanet System Formation and Dynamics,2026_1b,1,2,FULL,,1032,1024,1,1,-24.726848938107338,246.92395118836856,[GY92] 323,f,GY92-323,FIXED,0.1,0.1,JWST,MIRI Medium Resolution Spectroscopy,2.77504,2.775,UTC,Population Study of Chemistry in the First Million Years of Planet Formation: A MIRI Survey of Embedded Disks in Ophiuchus,10,f,1,07135006001,/Date(1755520129506)/,60905.52001743056,03,SUCCESSFUL,PRIME_TARGETED_FIXED,/Date(1755513506281)/,60905.44335972222,1.1759164,-0.4367419,f,ImageModel,f,/Date(1755515025864)/,60905.46094748843,faint_sources_50-100mJy,0.0,2025230T171306211_001_osf.xml,1,,4-POINT,f,CALCULATED_TRACK_TR_202111,10.3,98.1936333198031,-24.73925643529572,246.90659442611002,f,Star,Protoplanetary disks; Protostars,GSC32,0.1851642703750262,0.010656323110901601,99.901,POLYGON ICRS 246.919616 -24.752269 246.924540 -24.732431 246.890974 -24.725195 246.885905 -24.745236 POLYGON ICRS 246.916762 -24.762730 246.918860 -24.754670 246.909913 -24.752822 246.907818 -24.760906,2.0.1,RELEASE,jwst_1535.pmap,13.1.13,OPEN,,NEGATIVE,POINT-SOURCE,ALL_MRS,,A,A,29721600,1f2345f75cee1d03e21af248973a4f3d,/Date(1785788561953)/,61255.84909667824,/Date(1785788632824)/,61255.84991693287,61,/Date(1787096176000)/,61270.98351851852,False,False,False,6525178,"GO-7135 Zhang, Ke",F770W,MIRI-F770W,,,,,,,,,,,,,,,,,,,,,,,,,,,,,POLYGON ICRS  246.883283384 -24.756004012 246.916874752 -24.762917062 246.924560511 -24.732289459 246.890992740 -24.725084205,246.9052264396424,-24.738780546966375,JWST,IR,JWST,CAOM,F770W,[GY92] 323,"Zhang, Ke",7135,MIRI,POLYGON ICRS 246.919616 -24.752269 246.924540 -24.732431 246.890974 -24.725195 246.885905 -24.745236 POLYGON ICRS 246.916762 -24.762730 246.918860 -24.754670 246.909913 -24.752822 246.907818 -24.760906,60905.4609475,60905.46232859954,296.929,Population Study of Chemistry in the First Million Years of Planet Formation: A MIRI Survey of Embedded Disks in Ophiuchus,61270.98351851852,GO,MI.F770W,2026-08-18 23:36:16.000,2025-08-18 11:03:45.864,mast:JWST/product/jw07135006001_03102_00001_mirimage_rate.fits,mast:JWST/product/jw07135006001_03102_00001_mirimage_rate.fits
249206024,jw07135006001_03104_00001_mirimage_cal.fits,jw07135006001_03104_00001,2b,04,MIRIM_FULL,jw07135_20260803t182126_pool.csv,jw07135-o006_20260803t182126_image2_00008_asn.json,195.1116805896163,60905.485111135895,t,60905.4844206529,60905.483730169915,GO,,7,f,/Date(1785788295293)/,61255.84601033565,/Date(1755516918502)/,60905.482853043985,/Date(1755516799175)/,60905.48147194445,MIRIMAGE,0,0,119.327,296.929,74.232,OK,MIR_IMAGE,6,60905.48285303241,60905.482162482636,1,PRIME,60905.48147193287,1,1,S8EL018014,0,-24.89701359420383,12.81980323791504,1,246.7756347100603,/Date(1755514364392)/,60905.45329158565,/Date(1755514124776)/,60905.45051824074,0.0370326638,0.01442153006792068,0.0685841963,191.85102449264377,60905.485073396834,f,60905.48438291383,60905.48369243084,MIRI,f,OFF,-0.02169999997931881,/Date(946684800000)/,51544,-0.0024,13,1,10,4,1,0,1,4,60909.162086944445,V07135006001P0000000003104,6,,STSCI,FINEGUIDE,"Zhang, Ke",MIRIFU_CHANNEL1A,PRDOPSSOC-073,7135,-24.726694444444444,246.92396999999994,60904.85683956018,FASTR1,493,Exoplanet System Formation and Dynamics,2026_1b,1,2,FULL,,1032,1024,1,1,-24.726848938446054,246.92395118832732,[GY92] 323,f,GY92-323,FIXED,0.1,0.1,JWST,MIRI Medium Resolution Spectroscopy,2.77504,2.775,UTC,Population Study of Chemistry in the First Million Years of Planet Formation: A MIRI Survey of Embedded Disks in Ophiuchus,10,f,1,07135006001,/Date(1755520129506)/,60905.52001743056,03,SUCCESSFUL,PRIME_TARGETED_FIXED,/Date(1755513506281)/,60905.44335972222,1.1759164,-0.4367419,f,ImageModel,f,/Date(1755516799175)/,60905.48147194445,faint_sources_50-100mJy,0.0,2025230T172201641_001_osf.xml,1,,4-POINT,f,CALCULATED_TRACK_TR_202111,10.3,98.1936333198031,-24.739256088926243,246.9065925162224,f,Star,Protoplanetary disks; Protostars,GSC32,0.17169467796284657,0.0,99.901,POLYGON ICRS 246.919616 -24.752269 246.924540 -24.732431 246.890974 -24.725195 246.885905 -24.745236 POLYGON ICRS 246.916762 -24.762730 246.918860 -24.754670 246.909913 -24.752822 246.907818 -24.760906,2.0.1,RELEASE,jwst_1535.pmap,13.1.13,OPEN,,NEGATIVE,POINT-SOURCE,ALL_MRS,,A,A,29721600,37a5963793338374e4ac74d1920218eb,/Date(1785788559508)/,61255.84906835648,/Date(1785788623734)/,61255.84981172454,61,/Date(1787096116000)/,61270.982824074075,False,False,False,6525336,"GO-7135 Zhang, Ke",F770W,MIRI-F770W,,,,,,,,,,,,,,,,,,,,,,,,,,,,,POLYGON ICRS  246.883283559 -24.756003931 246.916874924 -24.762916991 246.924560694 -24.732289390 246.890992926 -24.725084126,246.9052264396424,-24.738780546966375,JWST,IR,JWST,CAOM,F770W,[GY92] 323,"Zhang, Ke",7135,MIRI,POLYGON ICRS 246.919616 -24.752269 246.924540 -24.732431 246.890974 -24.725195 246.885905 -24.745236 POLYGON ICRS 246.916762 -24.762730 246.918860 -24.754670 246.909913 -24.752822 246.907818 -24.760906,60905.48147193287,60905.48285303241,296.929,Population Study of Chemistry in the First Million Years of Planet Formation: A MIRI Survey of Embedded Disks in Ophiuchus,61270.982824074075,GO,MI.F770W,2026-08-18 23:35:16.000,2025-08-18 11:33:19.175,mast:JWST/product/jw07135006001_03104_00001_mirimage_rate.fits,mast:JWST/product/jw07135006001_03104_00001_mirimage_rate.fits
249204967,jw07135006001_03106_00001_mirimage_cal.fits,jw07135006001_03106_00001,2b,06,MIRIM_FULL,jw07135_20260803t182126_pool.csv,jw07135-o006_20260803t182126_image2_00004_asn.json,194.9407331412658,60905.505569134184,t,60905.5048786512,60905.504188168205,GO,,7,f,/Date(1785788048424)/,61255.843153043985,/Date(1755518686244)/,60905.50331299769,/Date(1755518566917)/,60905.50193189815,MIRIMAGE,0,0,119.327,296.929,74.232,OK,MIR_IMAGE,10,60905.503313009256,60905.50262245949,1,PRIME,60905.50193190972,1,1,S8EL018014,0,-24.89701359420383,12.81980323791504,1,246.7756347100603,/Date(1755514364392)/,60905.45329158565,/Date(1755514124776)/,60905.45051824074,0.0370326638,0.01442153006792068,0.0685841963,191.680092131719,60905.50553139528,f,60905.5048409123,60905.504150429304,MIRI,f,OFF,-0.02169999997931881,/Date(946684800000)/,51544,-0.0024,13,1,10,4,1,0,1,4,60909.162086944445,V07135006001P0000000003106,6,,STSCI,FINEGUIDE,"Zhang, Ke",MIRIFU_CHANNEL1A,PRDOPSSOC-073,7135,-24.726694444444444,246.92396999999994,60904.85683956018,FASTR1,493,Exoplanet System Formation and Dynamics,2026_1b,1,2,FULL,,1032,1024,1,1,-24.72684893878371,246.9239511882862,[GY92] 323,f,GY92-323,FIXED,0.1,0.1,JWST,MIRI Medium Resolution Spectroscopy,2.77504,2.775,UTC,Population Study of Chemistry in the First Million Years of Planet Formation: A MIRI Survey of Embedded Disks in Ophiuchus,10,f,1,07135006001,/Date(1755520129506)/,60905.52001743056,03,SUCCESSFUL,PRIME_TARGETED_FIXED,/Date(1755513506281)/,60905.44335972222,1.1759164,-0.4367419,f,ImageModel,f,/Date(1755518566917)/,60905.50193189815,faint_sources_50-100mJy,0.0,2025230T173022774_001_osf.xml,1,,4-POINT,f,CALCULATED_TRACK_TR_202111,10.3,98.1936333198031,-24.73925556911883,246.9065902960695,f,Star,Protoplanetary disks; Protostars,GSC32,0.1637983425376685,0.0,99.901,POLYGON ICRS 246.919616 -24.752269 246.924540 -24.732431 246.890974 -24.725195 246.885905 -24.745236 POLYGON ICRS 246.916762 -24.762730 246.918860 -24.754670 246.909913 -24.752822 246.907818 -24.760906,2.0.1,RELEASE,jwst_1535.pmap,13.1.13,OPEN,,NEGATIVE,POINT-SOURCE,ALL_MRS,,A,A,29721600,a9ce267a922f5545a96dcc9a2e0dfef1,/Date(1785788451211)/,61255.84781493055,/Date(1785788527481)/,61255.848697685185,61,/Date(1787096054000)/,61270.98210648148,False,False,False,6525440,"GO-7135 Zhang, Ke",F770W,MIRI-F770W,,,,,,,,,,,,,,,,,,,,,,,,,,,,,POLYGON ICRS  246.883283451 -24.756003711 246.916874826 -24.762916726 246.924560548 -24.732289115 246.890992769 -24.725083896,246.9052264396424,-24.738780546966375,JWST,IR,JWST,CAOM,F770W,[GY92] 323,"Zhang, Ke",7135,MIRI,POLYGON ICRS 246.919616 -24.752269 246.924540 -24.732431 246.890974 -24.725195 246.885905 -24.745236 POLYGON ICRS 246.916762 -24.762730 246.918860 -24.754670 246.909913 -24.752822 246.907818 -24.760906,60905.50193190972,60905.503313009256,296.929,Population Study of Chemistry in the First Million Years of Planet Formation: A MIRI Survey of Embedded Disks in Ophiuchus,61270.98210648148,GO,MI.F770W,2026-08-18 23:34:14.000,2025-08-18 12:02:46.917,mast:JWST/product/jw07135006001_03106_00001_mirimage_rate.fits,mast:JWST/product/jw07135006001_03106_00001_mirimage_rate.fits
249245037,jw07135042001_02101_00001_mirimage_cal.fits,jw07135042001_02101_00001,2b,01,MIRIM_FULL,jw07135_20260803t182126_pool.csv,jw07135-o042_20260803t182126_image2_00006_asn.json,194.66933046933264,60905.53055485867,t,60905.5298643757,60905.52917389271,GO,,7,f,/Date(1785792961603)/,61255.90001855324,/Date(1755520845282)/,60905.528301886574,/Date(1755520725955)/,60905.52692078704,MIRIMAGE,0,0,119.327,296.929,74.232,OK,MIR_IMAGE,1,60905.528301875,60905.52761132523,1,PRIME,60905.52692077546,1,1,S8EL018202,0,-24.881765454445,13.70988750457764,1,246.7811594769884,/Date(1755520508386)/,60905.52440261574,/Date(1755520420322)/,60905.523383368054,0.0311318766,0.01661928929388523,0.05692736,191.40865174122155,60905.53051711934,f,60905.52982663636,60905.529136153375,MIRI,f,OFF,0.0,/Date(946684800000)/,51544,0.0,6,1,10,4,1,0,1,2,60909.162086944445,V07135042001P0000000002101,42,BKG_6-35-16,STSCI,FINEGUIDE,"Zhang, Ke",MIRIFU_CHANNEL1A,PRDOPSSOC-073,7135,-24.73931388888889,246.9138883333333,60904.85683956018,FASTR1,493,Exoplanet System Formation and Dynamics,2026_1b,1,2,FULL,,1032,1024,1,1,-24.739313888888887,246.91388833333332,BKG_6-35-16,f,BKG_6-35-16,FIXED,0.1,0.1,JWST,MIRI Medium Resolution Spectroscopy,2.77504,2.775,UTC,Population Study of Chemistry in the First Million Years of Planet Formation: A MIRI Survey of Embedded Disks in Ophiuchus,10,f,1,07135042001,/Date(1755523470815)/,60905.55869,02,SUCCESSFUL,PRIME_TARGETED_FIXED,/Date(1755520133602)/,60905.52006484954,1.1759164,-0.4367419,f,ImageModel,f,/Date(1755520725955)/,60905.52692078704,backgrounds,0.0,2025230T172610903_002_osf.xml,1,,2-POINT,f,CALCULATED_TRACK_TR_202111,10.3,98.19155647455997,-24.751721539680634,246.89661006504176,f,Calibration,Telescope/sky background,GSC32,0.16391556209188843,0.0,99.901,POLYGON ICRS 246.909554 -24.764734 246.914477 -24.744896 246.880908 -24.737661 246.875839 -24.757702 POLYGON ICRS 246.906700 -24.775195 246.908798 -24.767135 246.899850 -24.765287 246.897754 -24.773371,2.0.1,RELEASE,jwst_1535.pmap,13.1.13,OPEN,,NEGATIVE,POINT-SOURCE,ALL_MRS,,A,A,29721600,6c593cfcb88913fd7f2d427333c9bf6d,/Date(1785793381408)/,61255.90487738426,/Date(1785793563692)/,61255.9069871875,61,/Date(1787098322000)/,61271.008356481485,False,False,False,6525585,"GO-7135 Zhang, Ke",F770W,MIRI-F770W,,,,,,,,,,,,,,,,,,,,,,,,,,,,,POLYGON ICRS  246.873302880 -24.768467085 246.906897003 -24.775382596 246.914586252 -24.744755556 246.881015758 -24.737547845,246.8951621469427,-24.7512460887447,JWST,IR,JWST,CAOM,F770W,BKG_6-35-16,"Zhang, Ke",7135,MIRI,POLYGON ICRS 246.909554 -24.764734 246.914477 -24.744896 246.880908 -24.737661 246.875839 -24.757702 POLYGON ICRS 246.906700 -24.775195 246.908798 -24.767135 246.899850 -24.765287 246.897754 -24.773371,60905.52692077546,60905.528301875,296.929,Population Study of Chemistry in the First Million Years of Planet Formation: A MIRI Survey of Embedded Disks in Ophiuchus,61271.008356481485,GO,MI.F770W,2026-08-19 00:12:02.000,2025-08-18 12:38:45.955,mast:JWST/product/jw07135042001_02101_00001_mirimage_rate.fits,mast:JWST/product/jw07135042001_02101_00001_mirimage_rate.fits
249244359,jw07135042001_02103_00001_mirimage_cal.fits,jw07135042001_02103_00001,2b,03,MIRIM_FULL,jw07135_20260803t182126_pool.csv,jw07135-o042_20260803t182126_image2_00004_asn.json,194.57377740181983,60905.541987815224,t,60905.54129733225,60905.540606849274,GO,,7,f,/Date(1785792865952)/,61255.89891149306,/Date(1755521833185)/,60905.539735949074,/Date(1755521713858)/,60905.53835481482,MIRIMAGE,0,0,119.327,296.929,74.232,OK,MIR_IMAGE,3,60905.5397359375,60905.53904538773,1,PRIME,60905.53835483796,1,1,S8EL018202,0,-24.881765454445,13.70988750457764,1,246.7811594769884,/Date(1755520508386)/,60905.52440261574,/Date(1755520420322)/,60905.523383368054,0.0311318766,0.01661928929388523,0.05692736,191.31310684606433,60905.54195007599,f,60905.54125959302,60905.54056911003,MIRI,f,OFF,0.0,/Date(946684800000)/,51544,0.0,6,1,10,4,1,0,1,2,60909.162086944445,V07135042001P0000000002103,42,BKG_6-35-16,STSCI,FINEGUIDE,"Zhang, Ke",MIRIFU_CHANNEL1A,PRDOPSSOC-073,7135,-24.73931388888889,246.9138883333333,60904.85683956018,FASTR1,493,Exoplanet System Formation and Dynamics,2026_1b,1,2,FULL,,1032,1024,1,1,-24.739313888888887,246.91388833333332,BKG_6-35-16,f,BKG_6-35-16,FIXED,0.1,0.1,JWST,MIRI Medium Resolution Spectroscopy,2.77504,2.775,UTC,Population Study of Chemistry in the First Million Years of Planet Formation: A MIRI Survey of Embedded Disks in Ophiuchus,10,f,1,07135042001,/Date(1755523470815)/,60905.55869,02,SUCCESSFUL,PRIME_TARGETED_FIXED,/Date(1755520133602)/,60905.52006484954,1.1759164,-0.4367419,f,ImageModel,f,/Date(1755521713858)/,60905.53835481482,backgrounds,0.0,2025230T173432836_001_osf.xml,1,,2-POINT,f,CALCULATED_TRACK_TR_202111,10.3,98.19155647455997,-24.75172147538291,246.89660880401846,f,Calibration,Telescope/sky background,GSC32,0.18139193199376705,0.0,99.901,POLYGON ICRS 246.909554 -24.764734 246.914477 -24.744896 246.880908 -24.737661 246.875839 -24.757702 POLYGON ICRS 246.906700 -24.775195 246.908798 -24.767135 246.899850 -24.765287 246.897754 -24.773371,2.0.1,RELEASE,jwst_1535.pmap,13.1.13,OPEN,,NEGATIVE,POINT-SOURCE,ALL_MRS,,A,A,29721600,0cecea5a60add74c6460e7cf7907bd01,/Date(1785793302555)/,61255.90396476852,/Date(1785793412272)/,61255.905234641206,61,/Date(1787098280000)/,61271.00787037037,False,False,False,6525640,"GO-7135 Zhang, Ke",F770W,MIRI-F770W,,,,,,,,,,,,,,,,,,,,,,,,,,,,,POLYGON ICRS  246.873302774 -24.768467161 246.906896893 -24.775382689 246.914586161 -24.744755653 246.881015670 -24.737547925,246.8951621469427,-24.7512460887447,JWST,IR,JWST,CAOM,F770W,BKG_6-35-16,"Zhang, Ke",7135,MIRI,POLYGON ICRS 246.909554 -24.764734 246.914477 -24.744896 246.880908 -24.737661 246.875839 -24.757702 POLYGON ICRS 246.906700 -24.775195 246.908798 -24.767135 246.899850 -24.765287 246.897754 -24.773371,60905.53835483796,60905.5397359375,296.929,Population Study of Chemistry in the First Million Years of Planet Formation: A MIRI Survey of Embedded Disks in Ophiuchus,61271.00787037037,GO,MI.F770W,2026-08-19 00:11:20.000,2025-08-18 12:55:13.858,mast:JWST/product/jw07135042001_02103_00001_mirimage_rate.fits,mast:JWST/product/jw07135042001_02103_00001_mirimage_rate.fits
249244080,jw07135042001_02105_00001_mirimage_cal.fits,jw07135042001_02105_00001,2b,05,MIRIM_FULL,jw07135_20260803t182126_pool.csv,jw07135-o042_20260803t182126_image2_00002_asn.json,194.47794773150235,60905.55345336117,t,60905.55276287819,60905.55207239523,GO,,7,f,/Date(1785792826831)/,61255.89845868055,/Date(1755522823904)/,60905.55120258102,/Date(1755522704577)/,60905.54982148148,MIRIMAGE,0,0,119.327,296.929,74.232,OK,MIR_IMAGE,5,60905.55120259259,60905.55051204282,1,PRIME,60905.549821493056,1,1,S8EL018202,0,-24.881765454445,13.70988750457764,1,246.7811594769884,/Date(1755520508386)/,60905.52440261574,/Date(1755520420322)/,60905.523383368054,0.0311318766,0.01661928929388523,0.05692736,191.2172847194597,60905.55341562203,f,60905.55272513905,60905.55203465607,MIRI,f,OFF,0.0,/Date(946684800000)/,51544,0.0,6,1,10,4,1,0,1,2,60909.162086944445,V07135042001P0000000002105,42,BKG_6-35-16,STSCI,FINEGUIDE,"Zhang, Ke",MIRIFU_CHANNEL1A,PRDOPSSOC-073,7135,-24.73931388888889,246.9138883333333,60904.85683956018,FASTR1,493,Exoplanet System Formation and Dynamics,2026_1b,1,2,FULL,,1032,1024,1,1,-24.739313888888887,246.91388833333332,BKG_6-35-16,f,BKG_6-35-16,FIXED,0.1,0.1,JWST,MIRI Medium Resolution Spectroscopy,2.77504,2.775,UTC,Population Study of Chemistry in the First Million Years of Planet Formation: A MIRI Survey of Embedded Disks in Ophiuchus,10,f,1,07135042001,/Date(1755523470815)/,60905.55869,02,SUCCESSFUL,PRIME_TARGETED_FIXED,/Date(1755520133602)/,60905.52006484954,1.1759164,-0.4367419,f,ImageModel,f,/Date(1755522704577)/,60905.54982148148,backgrounds,0.0,2025230T173432836_001_osf.xml,1,,2-POINT,f,CALCULATED_TRACK_TR_202111,10.3,98.19155647455997,-24.751721271029073,246.8966073814768,f,Calibration,Telescope/sky background,GSC32,0.17167336531662478,0.0,99.901,POLYGON ICRS 246.909554 -24.764734 246.914477 -24.744896 246.880908 -24.737661 246.875839 -24.757702 POLYGON ICRS 246.906700 -24.775195 246.908798 -24.767135 246.899850 -24.765287 246.897754 -24.773371,2.0.1,RELEASE,jwst_1535.pmap,13.1.13,OPEN,,NEGATIVE,POINT-SOURCE,ALL_MRS,,A,A,29721600,19ba0159dac00b2e9af73b4b48a58cb8,/Date(1785793218697)/,61255.90299416667,/Date(1785793356195)/,61255.90458560185,61,/Date(1787098259000)/,61271.007627314815,False,False,False,6525696,"GO-7135 Zhang, Ke",F770W,MIRI-F770W,,,,,,,,,,,,,,,,,,,,,,,,,,,,,POLYGON ICRS  246.873302533 -24.768467122 246.906896657 -24.775382629 246.914585902 -24.744755589 246.881015406 -24.737547881,246.8951621469427,-24.7512460887447,JWST,IR,JWST,CAOM,F770W,BKG_6-35-16,"Zhang, Ke",7135,MIRI,POLYGON ICRS 246.909554 -24.764734 246.914477 -24.744896 246.880908 -24.737661 246.875839 -24.757702 POLYGON ICRS 246.906700 -24.775195 246.908798 -24.767135 246.899850 -24.765287 246.897754 -24.773371,60905.549821493056,60905.55120259259,296.929,Population Study of Chemistry in the First Million Years of Planet Formation: A MIRI Survey of Embedded Disks in Ophiuchus,61271.007627314815,GO,MI.F770W,2026-08-19 00:10:59.000,2025-08-18 13:11:44.577,mast:JWST/product/jw07135042001_02105_00001_mirimage_rate.fits,mast:JWST/product/jw07135042001_02105_00001_mirimage_rate.fits
249243032,jw07135031001_03102_00001_mirimage_cal.fits,jw07135031001_03102_00001,2b,02,MIRIM_FULL,jw07135_20260803t182126_pool.csv,jw07135-o031_20260803t182126_image2_00012_asn.json,202.32158352155238,60905.58286930116,t,60905.58221093289,60905.581552564625,GO,,7,f,/Date(1785792533279)/,61255.895061111114,/Date(1755525357597)/,60905.58052773148,/Date(1755525243820)/,60905.57921087963,MIRIMAGE,0,0,113.777,113.777,56.889,OK,MIR_IMAGE,2,60905.580527743055,60905.57986931134,1,PRIME,60905.57921087963,1,1,S8EH001126,0,-25.0949182569771,12.72622966766357,1,247.7979910947657,/Date(1755524601310)/,60905.571774421296,/Date(1755524360670)/,60905.56898923611,0.0372561142,0.01691842637956142,0.05906595,199.0766768110916,60905.582831744374,f,60905.582173376104,60905.581515007834,MIRI,f,OFF,-0.02306100004716427,/Date(946684800000)/,51544,-0.007731,13,1,20,2,1,0,1,4,60909.162086944445,V07135031001P0000000003102,31,,STSCI,FINEGUIDE,"Zhang, Ke",MIRIFU_CHANNEL1A,PRDOPSSOC-073,7135,-24.923486111111114,247.9323458333333,60904.85683956018,FASTR1,493,Exoplanet System Formation and Dynamics,2026_1b,1,2,FULL,,1032,1024,1,1,-24.923650296519746,247.93228513924223,ISO-Oph 200,f,ISO-Oph-200,FIXED,0.1,0.1,JWST,MIRI Medium Resolution Spectroscopy,2.77504,2.775,UTC,Population Study of Chemistry in the First Million Years of Planet Formation: A MIRI Survey of Embedded Disks in Ophiuchus,10,f,1,07135031001,/Date(1755528174043)/,60905.613125497686,03,SUCCESSFUL,PRIME_TARGETED_FIXED,/Date(1755523474911)/,60905.55873738426,1.1759164,-0.4367419,f,ImageModel,f,/Date(1755525243820)/,60905.57921087963,sources_1-2Jy,0.0,2025230T174255256_001_osf.xml,1,,4-POINT,f,CALCULATED_TRACK_TR_202111,10.3,97.75010299745784,-24.936174809836917,247.91514491908003,f,Star,Protoplanetary disks; Protostars,GSC32,0.22853787350819815,0.0,105.452,POLYGON ICRS 247.928160 -24.949100 247.932922 -24.929228 247.899243 -24.922228 247.894337 -24.942304 POLYGON ICRS 247.925391 -24.959580 247.927424 -24.951507 247.918447 -24.949721 247.916417 -24.957820,2.0.1,RELEASE,jwst_1535.pmap,13.1.13,OPEN,,NEGATIVE,POINT-SOURCE,ALL_MRS,,A,A,29721600,2ba2dcf905e709416fbc0a8307a95578,/Date(1785792995495)/,61255.90041083333,/Date(1785793144331)/,61255.902133449075,61,/Date(1787100286000)/,61271.03108796296,False,False,False,6525771,"GO-7135 Zhang, Ke",F770W,MIRI-F770W,,,,,,,,,,,,,,,,,,,,,,,,,,,,,POLYGON ICRS  247.891853090 -24.953066025 247.925555245 -24.959745966 247.932995080 -24.929065946 247.899314212 -24.922093661,247.91363310311783,-24.935713045578105,JWST,IR,JWST,CAOM,F770W,ISO-Oph 200,"Zhang, Ke",7135,MIRI,POLYGON ICRS 247.928160 -24.949100 247.932922 -24.929228 247.899243 -24.922228 247.894337 -24.942304 POLYGON ICRS 247.925391 -24.959580 247.927424 -24.951507 247.918447 -24.949721 247.916417 -24.957820,60905.57921087963,60905.580527743055,113.777,Population Study of Chemistry in the First Million Years of Planet Formation: A MIRI Survey of Embedded Disks in Ophiuchus,61271.03108796296,GO,MI.F770W,2026-08-19 00:44:46.000,2025-08-18 13:54:03.820,mast:JWST/product/jw07135031001_03102_00001_mirimage_rate.fits,mast:JWST/product/jw07135031001_03102_00001_mirimage_rate.fits
249242591,jw07135031001_03104_00001_mirimage_cal.fits,jw07135031001_03104_00001,2b,04,MIRIM_FULL,jw07135_20260803t182126_pool.csv,jw07135-o031_20260803t182126_image2_00008_asn.json,202.22077185753733,60905.594977011664,t,60905.594318643394,60905.59366027514,GO,,7,f,/Date(1785792351187)/,61255.89295354167,/Date(1755526403804)/,60905.592636608795,/Date(1755526290027)/,60905.59131974537,MIRIMAGE,0,0,113.777,113.777,56.889,OK,MIR_IMAGE,6,60905.59263662037,60905.591978188655,1,PRIME,60905.591319756946,1,1,S8EH001126,0,-25.0949182569771,12.72622966766357,1,247.7979910947657,/Date(1755524601310)/,60905.571774421296,/Date(1755524360670)/,60905.56898923611,0.0372561142,0.01691842637956142,0.05906595,198.9758726907894,60905.594939454975,f,60905.5942810867,60905.593622718436,MIRI,f,OFF,-0.02306100004716427,/Date(946684800000)/,51544,-0.007731,13,1,20,2,1,0,1,4,60909.162086944445,V07135031001P0000000003104,31,,STSCI,FINEGUIDE,"Zhang, Ke",MIRIFU_CHANNEL1A,PRDOPSSOC-073,7135,-24.923486111111114,247.9323458333333,60904.85683956018,FASTR1,493,Exoplanet System Formation and Dynamics,2026_1b,1,2,FULL,,1032,1024,1,1,-24.923650296732117,247.9322851391637,ISO-Oph 200,f,ISO-Oph-200,FIXED,0.1,0.1,JWST,MIRI Medium Resolution Spectroscopy,2.77504,2.775,UTC,Population Study of Chemistry in the First Million Years of Planet Formation: A MIRI Survey of Embedded Disks in Ophiuchus,10,f,1,07135031001,/Date(1755528174043)/,60905.613125497686,03,SUCCESSFUL,PRIME_TARGETED_FIXED,/Date(1755523474911)/,60905.55873738426,1.1759164,-0.4367419,f,ImageModel,f,/Date(1755526290027)/,60905.59131974537,sources_1-2Jy,0.0,2025230T175151042_001_osf.xml,1,,4-POINT,f,CALCULATED_TRACK_TR_202111,10.3,97.75010299745784,-24.936174521122144,247.91514376258527,f,Star,Protoplanetary disks; Protostars,GSC32,0.21061630610746407,0.0,105.452,POLYGON ICRS 247.928160 -24.949100 247.932922 -24.929228 247.899243 -24.922228 247.894337 -24.942304 POLYGON ICRS 247.925391 -24.959580 247.927424 -24.951507 247.918447 -24.949721 247.916417 -24.957820,2.0.1,RELEASE,jwst_1535.pmap,13.1.13,OPEN,,NEGATIVE,POINT-SOURCE,ALL_MRS,,A,A,29721600,69c7740a8e491a72bfd6c4b540bfdbfa,/Date(1785792898692)/,61255.89929042824,/Date(1785793059381)/,61255.90115023148,61,/Date(1787100250000)/,61271.0306712963,False,False,False,6525923,"GO-7135 Zhang, Ke",F770W,MIRI-F770W,,,,,,,,,,,,,,,,,,,,,,,,,,,,,POLYGON ICRS  247.891853171 -24.953065893 247.925555329 -24.959745826 247.932995153 -24.929065803 247.899314283 -24.922093527,247.91363310311783,-24.935713045578105,JWST,IR,JWST,CAOM,F770W,ISO-Oph 200,"Zhang, Ke",7135,MIRI,POLYGON ICRS 247.928160 -24.949100 247.932922 -24.929228 247.899243 -24.922228 247.894337 -24.942304 POLYGON ICRS 247.925391 -24.959580 247.927424 -24.951507 247.918447 -24.949721 247.916417 -24.957820,60905.591319756946,60905.59263662037,113.777,Population Study of Chemistry in the First Million Years of Planet Formation: A MIRI Survey of Embedded Disks in Ophiuchus,61271.0306712963,GO,MI.F770W,2026-08-19 00:44:10.000,2025-08-18 14:11:30.027,mast:JWST/product/jw07135031001_03104_00001_mirimage_rate.fits,mast:JWST/product/jw07135031001_03104_00001_mirimage_rate.fits
249242485,jw07135031001_03106_00001_mirimage_cal.fits,jw07135031001_03106_00001,2b,06,MIRIM_FULL,jw07135_20260803t182126_pool.csv,jw07135-o031_20260803t182126_image2_00004_asn.json,202.1194176748395,60905.607149160336,t,60905.60649079207,60905.60583242382,GO,,7,f,/Date(1785792312997)/,61255.892511527774,/Date(1755527455579)/,60905.6048099537,/Date(1755527341802)/,60905.603493090275,MIRIMAGE,0,0,113.777,113.777,56.889,OK,MIR_IMAGE,10,60905.60480994213,60905.604151510415,1,PRIME,60905.60349307871,1,1,S8EH001126,0,-25.0949182569771,12.72622966766357,1,247.7979910947657,/Date(1755524601310)/,60905.571774421296,/Date(1755524360670)/,60905.56898923611,0.0372561142,0.01691842637956142,0.05906595,198.87452668044716,60905.607111603735,f,60905.60645323547,60905.60579486721,MIRI,f,OFF,-0.02306100004716427,/Date(946684800000)/,51544,-0.007731,13,1,20,2,1,0,1,4,60909.162086944445,V07135031001P0000000003106,31,,STSCI,FINEGUIDE,"Zhang, Ke",MIRIFU_CHANNEL1A,PRDOPSSOC-073,7135,-24.923486111111114,247.9323458333333,60904.85683956018,FASTR1,493,Exoplanet System Formation and Dynamics,2026_1b,1,2,FULL,,1032,1024,1,1,-24.923650296945613,247.9322851390848,ISO-Oph 200,f,ISO-Oph-200,FIXED,0.1,0.1,JWST,MIRI Medium Resolution Spectroscopy,2.77504,2.775,UTC,Population Study of Chemistry in the First Million Years of Planet Formation: A MIRI Survey of Embedded Disks in Ophiuchus,10,f,1,07135031001,/Date(1755528174043)/,60905.613125497686,03,SUCCESSFUL,PRIME_TARGETED_FIXED,/Date(1755523474911)/,60905.55873738426,1.1759164,-0.4367419,f,ImageModel,f,/Date(1755527341802)/,60905.603493090275,sources_1-2Jy,0.0,2025230T175151042_001_osf.xml,1,,4-POINT,f,CALCULATED_TRACK_TR_202111,10.3,97.75010299745784,-24.936174231263248,247.91514248432048,f,Star,Protoplanetary disks; Protostars,GSC32,0.20770831393408914,0.0,105.452,POLYGON ICRS 247.928160 -24.949100 247.932922 -24.929228 247.899243 -24.922228 247.894337 -24.942304 POLYGON ICRS 247.925391 -24.959580 247.927424 -24.951507 247.918447 -24.949721 247.916417 -24.957820,2.0.1,RELEASE,jwst_1535.pmap,13.1.13,OPEN,,NEGATIVE,POINT-SOURCE,ALL_MRS,,A,A,29721600,1b1655f037761dc86919f1c949408333,/Date(1785792886059)/,61255.89914421296,/Date(1785793042409)/,61255.900953819444,61,/Date(1787100161000)/,61271.029641203706,False,False,False,6526017,"GO-7135 Zhang, Ke",F770W,MIRI-F770W,,,,,,,,,,,,,,,,,,,,,,,,,,,,,POLYGON ICRS  247.891853146 -24.953065769 247.925555308 -24.959745680 247.932995108 -24.929065653 247.899314233 -24.922093398,247.91363310311783,-24.935713045578105,JWST,IR,JWST,CAOM,F770W,ISO-Oph 200,"Zhang, Ke",7135,MIRI,POLYGON ICRS 247.928160 -24.949100 247.932922 -24.929228 247.899243 -24.922228 247.894337 -24.942304 POLYGON ICRS 247.925391 -24.959580 247.927424 -24.951507 247.918447 -24.949721 247.916417 -24.957820,60905.60349307871,60905.60480994213,113.777,Population Study of Chemistry in the First Million Years of Planet Formation: A MIRI Survey of Embedded Disks in Ophiuchus,61271.029641203706,GO,MI.F770W,2026-08-19 00:42:41.000,2025-08-18 14:29:01.802,mast:JWST/product/jw07135031001_03106_00001_mirimage_rate.fits,mast:JWST/product/jw07135031001_03106_00001_mirimage_rate.fits
249238831,jw07135048001_02101_00001_mirimage_cal.fits,jw07135048001_02101_00001,2b,01,MIRIM_FULL,jw07135_20260803t182126_pool.csv,jw07135-o048_20260803t182126_image2_00006_asn.json,202.17730624135584,60905.62410907803,t,60905.62345070977,60905.622792341506,GO,,7,f,/Date(1785791564453)/,61255.88384783565,/Date(1755528920858)/,60905.62176916667,/Date(1755528807081)/,60905.62045231481,MIRIMAGE,0,0,113.777,113.777,56.889,OK,MIR_IMAGE,1,60905.62176918981,60905.621110758104,1,PRIME,60905.62045232639,1,1,S8EH001126,0,-25.09491825704318,12.72622966766357,1,247.7979910946636,/Date(1755528588762)/,60905.61792549769,/Date(1755528500698)/,60905.6169062037,0.0372561142,0.01691842637956142,0.05906595,198.93277608789504,60905.624071525606,f,60905.623413157344,60905.622754789074,MIRI,f,OFF,0.0,/Date(946684800000)/,51544,0.0,6,1,20,2,1,0,1,2,60909.162086944445,V07135048001P0000000002101,48,BKG_28-31-39,STSCI,FINEGUIDE,"Zhang, Ke",MIRIFU_CHANNEL1A,PRDOPSSOC-073,7135,-24.917297222222224,247.95906541666662,60904.85683956018,FASTR1,493,Exoplanet System Formation and Dynamics,2026_1b,1,2,FULL,,1032,1024,1,1,-24.917297222222203,247.95906541666665,BKG_28-31-39,f,BKG_28-31-39,FIXED,0.1,0.1,JWST,MIRI Medium Resolution Spectroscopy,2.77504,2.775,UTC,Population Study of Chemistry in the First Million Years of Planet Formation: A MIRI Survey of Embedded Disks in Ophiuchus,10,f,1,07135048001,/Date(1755530462680)/,60905.63961435185,02,SUCCESSFUL,PRIME_TARGETED_FIXED,/Date(1755528178139)/,60905.61317291667,1.1759164,-0.4367419,f,ImageModel,f,/Date(1755528807081)/,60905.62045231481,backgrounds,0.0,2025230T174702888_002_osf.xml,1,,2-POINT,f,CALCULATED_TRACK_TR_202111,10.3,97.75495475799985,-24.929844380228978,247.94196287855925,f,Calibration,Telescope/sky background,GSC32,0.24740666962990124,0.0,105.452,POLYGON ICRS 247.954938 -24.942746 247.959702 -24.922875 247.926025 -24.915873 247.921117 -24.935948 POLYGON ICRS 247.952168 -24.953227 247.954202 -24.945153 247.945225 -24.943367 247.943195 -24.951465,2.0.1,RELEASE,jwst_1535.pmap,13.1.13,OPEN,,NEGATIVE,POINT-SOURCE,ALL_MRS,,A,A,29721600,e2864c6f9637dfdf54f657824f681928,/Date(1785791951675)/,61255.88832958334,/Date(1785792133222)/,61255.89043082176,61,/Date(1787101507000)/,61271.045219907406,False,False,False,6526129,"GO-7135 Zhang, Ke",F770W,MIRI-F770W,,,,,,,,,,,,,,,,,,,,,,,,,,,,,POLYGON ICRS  247.918675869 -24.946739165 247.952377105 -24.953415734 247.959812824 -24.922734970 247.926132838 -24.915766055,247.94041310301992,-24.9293585421594,JWST,IR,JWST,CAOM,F770W,BKG_28-31-39,"Zhang, Ke",7135,MIRI,POLYGON ICRS 247.954938 -24.942746 247.959702 -24.922875 247.926025 -24.915873 247.921117 -24.935948 POLYGON ICRS 247.952168 -24.953227 247.954202 -24.945153 247.945225 -24.943367 247.943195 -24.951465,60905.62045232639,60905.62176918981,113.777,Population Study of Chemistry in the First Million Years of Planet Formation: A MIRI Survey of Embedded Disks in Ophiuchus,61271.045219907406,GO,MI.F770W,2026-08-19 01:05:07.000,2025-08-18 14:53:27.081,mast:JWST/product/jw07135048001_02101_00001_mirimage_rate.fits,mast:JWST/product/jw07135048001_02101_00001_mirimage_rate.fits
249238312,jw07135048001_02103_00001_mirimage_cal.fits,jw07135048001_02103_00001,2b,03,MIRIM_FULL,jw07135_20260803t182126_pool.csv,jw07135-o048_20260803t182126_image2_00004_asn.json,202.11606826633215,60905.6314631725,t,60905.630804804234,60905.63014643598,GO,,7,f,/Date(1785791434590)/,61255.882344791666,/Date(1755529556313)/,60905.62912399306,/Date(1755529442536)/,60905.62780712963,MIRIMAGE,0,0,113.777,113.777,56.889,OK,MIR_IMAGE,3,60905.62912399306,60905.62846556134,1,PRIME,60905.62780712963,1,1,S8EH001126,0,-25.09491825704318,12.72622966766357,1,247.7979910946636,/Date(1755528588762)/,60905.61792549769,/Date(1755528500698)/,60905.6169062037,0.0372561142,0.01691842637956142,0.05906595,198.87154314201325,60905.63142562014,f,60905.63076725187,60905.630108883604,MIRI,f,OFF,0.0,/Date(946684800000)/,51544,0.0,6,1,20,2,1,0,1,2,60909.162086944445,V07135048001P0000000002103,48,BKG_28-31-39,STSCI,FINEGUIDE,"Zhang, Ke",MIRIFU_CHANNEL1A,PRDOPSSOC-073,7135,-24.917297222222224,247.95906541666662,60904.85683956018,FASTR1,493,Exoplanet System Formation and Dynamics,2026_1b,1,2,FULL,,1032,1024,1,1,-24.917297222222203,247.95906541666665,BKG_28-31-39,f,BKG_28-31-39,FIXED,0.1,0.1,JWST,MIRI Medium Resolution Spectroscopy,2.77504,2.775,UTC,Population Study of Chemistry in the First Million Years of Planet Formation: A MIRI Survey of Embedded Disks in Ophiuchus,10,f,1,07135048001,/Date(1755530462680)/,60905.63961435185,02,SUCCESSFUL,PRIME_TARGETED_FIXED,/Date(1755528178139)/,60905.61317291667,1.1759164,-0.4367419,f,ImageModel,f,/Date(1755529442536)/,60905.62780712963,backgrounds,0.0,2025230T175605460_001_osf.xml,1,,2-POINT,f,CALCULATED_TRACK_TR_202111,10.3,97.75495475799985,-24.929844170668225,247.94196187212833,f,Calibration,Telescope/sky background,GSC32,0.25294795764757005,0.0,105.452,POLYGON ICRS 247.954938 -24.942746 247.959702 -24.922875 247.926025 -24.915873 247.921117 -24.935948 POLYGON ICRS 247.952168 -24.953227 247.954202 -24.945153 247.945225 -24.943367 247.943195 -24.951465,2.0.1,RELEASE,jwst_1535.pmap,13.1.13,OPEN,,NEGATIVE,POINT-SOURCE,ALL_MRS,,A,A,29721600,11dcb3f9af823c1378cc5f3276c5ba9d,/Date(1785791893247)/,61255.88765331019,/Date(1785792028428)/,61255.88921789352,61,/Date(1787101461000)/,61271.0446875,False,False,False,6526180,"GO-7135 Zhang, Ke",F770W,MIRI-F770W,,,,,,,,,,,,,,,,,,,,,,,,,,,,,POLYGON ICRS  247.918675649 -24.946739086 247.952376899 -24.953415595 247.959812552 -24.922734818 247.926132550 -24.915765963,247.94041310301992,-24.9293585421594,JWST,IR,JWST,CAOM,F770W,BKG_28-31-39,"Zhang, Ke",7135,MIRI,POLYGON ICRS 247.954938 -24.942746 247.959702 -24.922875 247.926025 -24.915873 247.921117 -24.935948 POLYGON ICRS 247.952168 -24.953227 247.954202 -24.945153 247.945225 -24.943367 247.943195 -24.951465,60905.62780712963,60905.62912399306,113.777,Population Study of Chemistry in the First Million Years of Planet Formation: A MIRI Survey of Embedded Disks in Ophiuchus,61271.0446875,GO,MI.F770W,2026-08-19 01:04:21.000,2025-08-18 15:04:02.536,mast:JWST/product/jw07135048001_02103_00001_mirimage_rate.fits,mast:JWST/product/jw07135048001_02103_00001_mirimage_rate.fits
249238516,jw07135048001_02105_00001_mirimage_cal.fits,jw07135048001_02105_00001,2b,05,MIRIM_FULL,jw07135_20260803t182126_pool.csv,jw07135-o048_20260803t182126_image2_00002_asn.json,202.05669736023992,60905.6385928557,t,60905.637934487444,60905.63727611918,GO,,7,f,/Date(1785791533270)/,61255.883486921295,/Date(1755530172377)/,60905.636254351855,/Date(1755530058600)/,60905.6349375,MIRIMAGE,0,0,113.777,113.777,56.889,OK,MIR_IMAGE,5,60905.636254363424,60905.635595931715,1,PRIME,60905.6349375,1,1,S8EH001126,0,-25.09491825704318,12.72622966766357,1,247.7979910946636,/Date(1755528588762)/,60905.61792549769,/Date(1755528500698)/,60905.6169062037,0.0372561142,0.01691842637956142,0.05906595,198.8121766364202,60905.63855530338,f,60905.63789693513,60905.63723856686,MIRI,f,OFF,0.0,/Date(946684800000)/,51544,0.0,6,1,20,2,1,0,1,2,60909.162086944445,V07135048001P0000000002105,48,BKG_28-31-39,STSCI,FINEGUIDE,"Zhang, Ke",MIRIFU_CHANNEL1A,PRDOPSSOC-073,7135,-24.917297222222224,247.95906541666662,60904.85683956018,FASTR1,493,Exoplanet System Formation and Dynamics,2026_1b,1,2,FULL,,1032,1024,1,1,-24.917297222222203,247.95906541666665,BKG_28-31-39,f,BKG_28-31-39,FIXED,0.1,0.1,JWST,MIRI Medium Resolution Spectroscopy,2.77504,2.775,UTC,Population Study of Chemistry in the First Million Years of Planet Formation: A MIRI Survey of Embedded Disks in Ophiuchus,10,f,1,07135048001,/Date(1755530462680)/,60905.63961435185,02,SUCCESSFUL,PRIME_TARGETED_FIXED,/Date(1755528178139)/,60905.61317291667,1.1759164,-0.4367419,f,ImageModel,f,/Date(1755530058600)/,60905.6349375,backgrounds,0.0,2025230T175605460_001_osf.xml,1,,2-POINT,f,CALCULATED_TRACK_TR_202111,10.3,97.75495475799985,-24.92984405451307,247.94196105474026,f,Calibration,Telescope/sky background,GSC32,0.25569492093838025,0.0,105.452,POLYGON ICRS 247.954938 -24.942746 247.959702 -24.922875 247.926025 -24.915873 247.921117 -24.935948 POLYGON ICRS 247.952168 -24.953227 247.954202 -24.945153 247.945225 -24.943367 247.943195 -24.951465,2.0.1,RELEASE,jwst_1535.pmap,13.1.13,OPEN,,NEGATIVE,POINT-SOURCE,ALL_MRS,,A,A,29721600,bade9ac49f370feb672671a32f64b069,/Date(1785791903623)/,61255.88777341435,/Date(1785792078550)/,61255.88979803241,61,/Date(1787101440000)/,61271.044444444444,False,False,False,6526225,"GO-7135 Zhang, Ke",F770W,MIRI-F770W,,,,,,,,,,,,,,,,,,,,,,,,,,,,,POLYGON ICRS  247.918675579 -24.946739081 247.952376837 -24.953415556 247.959812451 -24.922734771 247.926132442 -24.915765950,247.94041310301992,-24.9293585421594,JWST,IR,JWST,CAOM,F770W,BKG_28-31-39,"Zhang, Ke",7135,MIRI,POLYGON ICRS 247.954938 -24.942746 247.959702 -24.922875 247.926025 -24.915873 247.921117 -24.935948 POLYGON ICRS 247.952168 -24.953227 247.954202 -24.945153 247.945225 -24.943367 247.943195 -24.951465,60905.6349375,60905.636254363424,113.777,Population Study of Chemistry in the First Million Years of Planet Formation: A MIRI Survey of Embedded Disks in Ophiuchus,61271.044444444444,GO,MI.F770W,2026-08-19 01:04:00.000,2025-08-18 15:14:18.600,mast:JWST/product/jw07135048001_02105_00001_mirimage_rate.fits,mast:JWST/product/jw07135048001_02105_00001_mirimage_rate.fits
249237721,jw07135032001_03102_00001_mirimage_cal.fits,jw07135032001_03102_00001,2b,02,MIRIM_FULL,jw07135_20260803t182126_pool.csv,jw07135-o032_20260803t182126_image2_00012_asn.json,193.0099669843912,60905.66392664297,t,60905.663268275,60905.66260990703,GO,,7,f,/Date(1785791360730)/,61255.88148993056,/Date(1755532370263)/,60905.6616928588,/Date(1755532256486)/,60905.66037599537,MIRIMAGE,0,0,113.777,113.777,56.889,OK,MIR_IMAGE,2,60905.6616928588,60905.66103442708,1,PRIME,60905.66037599537,1,1,S8EL018624,0,-24.82360603837664,13.07111167907715,1,246.7198997056796,/Date(1755531618775)/,60905.65299509259,/Date(1755531378135)/,60905.650209907406,0.0805375651,0.0147615997120738,0.141281575,189.7481705294922,60905.663888890704,f,60905.663230522725,60905.66257215475,MIRI,f,OFF,-0.02080000008390925,/Date(946684800000)/,51544,-0.01219999999999999,13,1,20,2,1,0,1,4,60909.162086944445,V07135032001P0000000003102,32,,STSCI,FINEGUIDE,"Zhang, Ke",MIRIFU_CHANNEL1A,PRDOPSSOC-073,7135,-24.684280555555556,246.85255499999997,60904.85683956018,FASTR1,493,Exoplanet System Formation and Dynamics,2026_1b,1,2,FULL,,1032,1024,1,1,-24.684428644802136,246.85245940473243,CRBR 2422.8-3423,f,CRBR-2422.8-3423,FIXED,0.1,0.1,JWST,MIRI Medium Resolution Spectroscopy,2.77504,2.775,UTC,Population Study of Chemistry in the First Million Years of Planet Formation: A MIRI Survey of Embedded Disks in Ophiuchus,10,f,1,07135032001,/Date(1755535186388)/,60905.694286875,03,SUCCESSFUL,PRIME_TARGETED_FIXED,/Date(1755530466776)/,60905.63966175926,1.1759164,-0.4367419,f,ImageModel,f,/Date(1755532256486)/,60905.66037599537,sources_1-2Jy,0.3257783227032255,2025230T180448291_001_osf.xml,1,,4-POINT,f,CALCULATED_TRACK_TR_202111,10.3,98.23483183898794,-24.69679649085765,246.83508755364244,f,Star,Protoplanetary disks; Protostars,GSC32,0.304306698898511,0.0,105.452,POLYGON ICRS 246.848106 -24.709846 246.853043 -24.690011 246.819495 -24.682753 246.814412 -24.702791 POLYGON ICRS 246.845244 -24.720305 246.847348 -24.712247 246.838406 -24.710392 246.836304 -24.718475,2.0.1,RELEASE,jwst_1535.pmap,13.1.13,OPEN,,NEGATIVE,POINT-SOURCE,ALL_MRS,,A,A,29721600,3625832fd6866752e7d23b47592ff089,/Date(1785791756656)/,61255.886072407404,/Date(1785791919282)/,61255.88795466435,61,/Date(1787103637000)/,61271.069872685184,False,False,False,6526272,"GO-7135 Zhang, Ke",F770W,MIRI-F770W,,,,,,,,,,,,,,,,,,,,,,,,,,,,,POLYGON ICRS  246.811795839 -24.713533202 246.845369240 -24.720472232 246.853081099 -24.689850590 246.819531540 -24.682619372,246.83373165489368,-24.69634805882474,JWST,IR,JWST,CAOM,F770W,CRBR 2422.8-3423,"Zhang, Ke",7135,MIRI,POLYGON ICRS 246.848106 -24.709846 246.853043 -24.690011 246.819495 -24.682753 246.814412 -24.702791 POLYGON ICRS 246.845244 -24.720305 246.847348 -24.712247 246.838406 -24.710392 246.836304 -24.718475,60905.66037599537,60905.6616928588,113.777,Population Study of Chemistry in the First Million Years of Planet Formation: A MIRI Survey of Embedded Disks in Ophiuchus,61271.069872685184,GO,MI.F770W,2026-08-19 01:40:37.000,2025-08-18 15:50:56.486,mast:JWST/product/jw07135032001_03102_00001_mirimage_rate.fits,mast:JWST/product/jw07135032001_03102_00001_mirimage_rate.fits
249236520,jw07135032001_03104_00001_mirimage_cal.fits,jw07135032001_03104_00001,2b,04,MIRIM_FULL,jw07135_20260803t182126_pool.csv,jw07135-o032_20260803t182126_image2_00008_asn.json,192.90921818464994,60905.67597063893,t,60905.675312270956,60905.67465390299,GO,,7,f,/Date(1785791239459)/,61255.88008634259,/Date(1755533410965)/,60905.673738032405,/Date(1755533297188)/,60905.67242113426,MIRIMAGE,0,0,113.777,113.777,56.889,OK,MIR_IMAGE,6,60905.673738020836,60905.67307958912,1,PRIME,60905.67242115741,1,1,S8EL018624,0,-24.82360603837664,13.07111167907715,1,246.7198997056796,/Date(1755531618775)/,60905.65299509259,/Date(1755531378135)/,60905.650209907406,0.0805375651,0.0147615997120738,0.141281575,189.64742990210652,60905.67593288676,f,60905.675274518784,60905.67461615081,MIRI,f,OFF,-0.02080000008390925,/Date(946684800000)/,51544,-0.01219999999999999,13,1,20,2,1,0,1,4,60909.162086944445,V07135032001P0000000003104,32,,STSCI,FINEGUIDE,"Zhang, Ke",MIRIFU_CHANNEL1A,PRDOPSSOC-073,7135,-24.684280555555556,246.85255499999997,60904.85683956018,FASTR1,493,Exoplanet System Formation and Dynamics,2026_1b,1,2,FULL,,1032,1024,1,1,-24.68442864499267,246.85245940460945,CRBR 2422.8-3423,f,CRBR-2422.8-3423,FIXED,0.1,0.1,JWST,MIRI Medium Resolution Spectroscopy,2.77504,2.775,UTC,Population Study of Chemistry in the First Million Years of Planet Formation: A MIRI Survey of Embedded Disks in Ophiuchus,10,f,1,07135032001,/Date(1755535186388)/,60905.694286875,03,SUCCESSFUL,PRIME_TARGETED_FIXED,/Date(1755530466776)/,60905.63966175926,1.1759164,-0.4367419,f,ImageModel,f,/Date(1755533297188)/,60905.67242113426,sources_1-2Jy,0.27678675482924,2025230T180448291_001_osf.xml,1,,4-POINT,f,CALCULATED_TRACK_TR_202111,10.3,98.23483183898794,-24.696796538314032,246.83508653636608,f,Star,Protoplanetary disks; Protostars,GSC32,0.27546358434500395,0.0,105.452,POLYGON ICRS 246.848106 -24.709846 246.853043 -24.690011 246.819495 -24.682753 246.814412 -24.702791 POLYGON ICRS 246.845244 -24.720305 246.847348 -24.712247 246.838406 -24.710392 246.836304 -24.718475,2.0.1,RELEASE,jwst_1535.pmap,13.1.13,OPEN,,NEGATIVE,POINT-SOURCE,ALL_MRS,,A,A,29721600,a0932c9d7fdee9745995e7685ee6cab8,/Date(1785791495277)/,61255.88304717593,/Date(1785791703167)/,61255.885453310184,61,/Date(1787103553000)/,61271.06890046296,False,False,False,6526418,"GO-7135 Zhang, Ke",F770W,MIRI-F770W,,,,,,,,,,,,,,,,,,,,,,,,,,,,,POLYGON ICRS  246.811796019 -24.713533377 246.845369407 -24.720472457 246.853081322 -24.689850827 246.819531776 -24.682619559,246.83373165489368,-24.69634805882474,JWST,IR,JWST,CAOM,F770W,CRBR 2422.8-3423,"Zhang, Ke",7135,MIRI,POLYGON ICRS 246.848106 -24.709846 246.853043 -24.690011 246.819495 -24.682753 246.814412 -24.702791 POLYGON ICRS 246.845244 -24.720305 246.847348 -24.712247 246.838406 -24.710392 246.836304 -24.718475,60905.67242115741,60905.673738020836,113.777,Population Study of Chemistry in the First Million Years of Planet Formation: A MIRI Survey of Embedded Disks in Ophiuchus,61271.06890046296,GO,MI.F770W,2026-08-19 01:39:13.000,2025-08-18 16:08:17.188,mast:JWST/product/jw07135032001_03104_00001_mirimage_rate.fits,mast:JWST/product/jw07135032001_03104_00001_mirimage_rate.fits
249236996,jw07135032001_03106_00001_mirimage_cal.fits,jw07135032001_03106_00001,2b,06,MIRIM_FULL,jw07135_20260803t182126_pool.csv,jw07135-o032_20260803t182126_image2_00004_asn.json,192.8076647222042,60905.6881101927,t,60905.68745182473,60905.68679345677,GO,,7,f,/Date(1785791180393)/,61255.87940269676,/Date(1755534459924)/,60905.685878738426,/Date(1755534346147)/,60905.684561875,MIRIMAGE,0,0,113.777,113.777,56.889,OK,MIR_IMAGE,10,60905.68587875,60905.685220318286,1,PRIME,60905.68456188658,1,1,S8EL018624,0,-24.82360603837664,13.07111167907715,1,246.7198997056796,/Date(1755531618775)/,60905.65299509259,/Date(1755531378135)/,60905.650209907406,0.0805375651,0.0147615997120738,0.141281575,189.54588524065912,60905.68807244064,f,60905.68741407266,60905.68675570469,MIRI,f,OFF,-0.02080000008390925,/Date(946684800000)/,51544,-0.01219999999999999,13,1,20,2,1,0,1,4,60909.162086944445,V07135032001P0000000003106,32,,STSCI,FINEGUIDE,"Zhang, Ke",MIRIFU_CHANNEL1A,PRDOPSSOC-073,7135,-24.684280555555556,246.85255499999997,60904.85683956018,FASTR1,493,Exoplanet System Formation and Dynamics,2026_1b,1,2,FULL,,1032,1024,1,1,-24.684428645184724,246.85245940448547,CRBR 2422.8-3423,f,CRBR-2422.8-3423,FIXED,0.1,0.1,JWST,MIRI Medium Resolution Spectroscopy,2.77504,2.775,UTC,Population Study of Chemistry in the First Million Years of Planet Formation: A MIRI Survey of Embedded Disks in Ophiuchus,10,f,1,07135032001,/Date(1755535186388)/,60905.694286875,03,SUCCESSFUL,PRIME_TARGETED_FIXED,/Date(1755530466776)/,60905.63966175926,1.1759164,-0.4367419,f,ImageModel,f,/Date(1755534346147)/,60905.684561875,sources_1-2Jy,-0.47384240673205597,2025230T225212757_001_osf.xml,1,,4-POINT,f,CALCULATED_TRACK_TR_202111,10.3,98.23483183898794,-24.696796406050034,246.83508503632575,f,Star,Protoplanetary disks; Protostars,GSC32,0.2759182541310691,0.0,105.452,POLYGON ICRS 246.848106 -24.709846 246.853043 -24.690011 246.819495 -24.682753 246.814412 -24.702791 POLYGON ICRS 246.845244 -24.720305 246.847348 -24.712247 246.838406 -24.710392 246.836304 -24.718475,2.0.1,RELEASE,jwst_1535.pmap,13.1.13,OPEN,,NEGATIVE,POINT-SOURCE,ALL_MRS,,A,A,29721600,e72c6b50d809210d88c0dec1b3eba839,/Date(1785791578021)/,61255.88400486111,/Date(1785791778593)/,61255.88632630787,61,/Date(1787103508000)/,61271.06837962963,False,False,False,6526516,"GO-7135 Zhang, Ke",F770W,MIRI-F770W,,,,,,,,,,,,,,,,,,,,,,,,,,,,,POLYGON ICRS  246.811795774 -24.713533425 246.845369170 -24.720472477 246.853081053 -24.689850840 246.819531500 -24.682619600,246.83373165489368,-24.69634805882474,JWST,IR,JWST,CAOM,F770W,CRBR 2422.8-3423,"Zhang, Ke",7135,MIRI,POLYGON ICRS 246.848106 -24.709846 246.853043 -24.690011 246.819495 -24.682753 246.814412 -24.702791 POLYGON ICRS 246.845244 -24.720305 246.847348 -24.712247 246.838406 -24.710392 246.836304 -24.718475,60905.68456188658,60905.68587875,113.777,Population Study of Chemistry in the First Million Years of Planet Formation: A MIRI Survey of Embedded Disks in Ophiuchus,61271.06837962963,GO,MI.F770W,2026-08-19 01:38:28.000,2025-08-18 16:25:46.147,mast:JWST/product/jw07135032001_03106_00001_mirimage_rate.fits,mast:JWST/product/jw07135032001_03106_00001_mirimage_rate.fits
249236008,jw07135044001_02101_00001_mirimage_cal.fits,jw07135044001_02101_00001,2b,01,MIRIM_FULL,jw07135_20260803t182126_pool.csv,jw07135-o044_20260803t182126_image2_00006_asn.json,192.61459219269454,60905.705452390925,t,60905.70479402296,60905.704135655,GO,,7,f,/Date(1785791077145)/,61255.87820770833,/Date(1755535958483)/,60905.70322318287,/Date(1755535844706)/,60905.701906319446,MIRIMAGE,0,0,113.777,113.777,56.889,OK,MIR_IMAGE,1,60905.70322318287,60905.702564751155,1,PRIME,60905.701906319446,1,1,S8EL017847,0,-24.9049754903226,12.87316703796387,1,246.707270808336,/Date(1755535627731)/,60905.69939502315,/Date(1755535538643)/,60905.69836392361,0.025347488,0.01330181956291199,0.05212191,189.3528850050643,60905.7054146397,f,60905.70475627173,60905.70409790376,MIRI,f,OFF,0.0,/Date(946684800000)/,51544,0.0,6,1,20,2,1,0,1,2,60909.162086944445,V07135044001P0000000002101,44,BKG_11-32-37,STSCI,FINEGUIDE,"Zhang, Ke",MIRIFU_CHANNEL1A,PRDOPSSOC-073,7135,-24.716794444444442,246.84110374999995,60904.85683956018,FASTR1,493,Exoplanet System Formation and Dynamics,2026_1b,1,2,FULL,,1032,1024,1,1,-24.716794444444417,246.84110374999997,BKG_11-32-37,f,BKG_11-32-37,FIXED,0.1,0.1,JWST,MIRI Medium Resolution Spectroscopy,2.77504,2.775,UTC,Population Study of Chemistry in the First Million Years of Planet Formation: A MIRI Survey of Embedded Disks in Ophiuchus,10,f,1,07135044001,/Date(1755537506769)/,60905.72114317129,02,SUCCESSFUL,PRIME_TARGETED_FIXED,/Date(1755535190484)/,60905.694334293985,1.1759164,-0.4367419,f,ImageModel,f,/Date(1755535844706)/,60905.701906319446,backgrounds,0.34739819129685995,2025230T225651009_001_osf.xml,1,,2-POINT,f,CALCULATED_TRACK_TR_202111,10.3,98.23438801790383,-24.729185853827968,246.82379324862887,f,Calibration,Telescope/sky background,GSC32,0.22359333958473981,0.0,105.452,POLYGON ICRS 246.836749 -24.742211 246.841688 -24.722377 246.808131 -24.715119 246.803046 -24.735157 POLYGON ICRS 246.833887 -24.752670 246.835992 -24.744613 246.827047 -24.742758 246.824945 -24.750841,2.0.1,RELEASE,jwst_1535.pmap,13.1.13,OPEN,,NEGATIVE,POINT-SOURCE,ALL_MRS,,A,A,29721600,f9ae061cf12e9ca025c72256a3b19b8e,/Date(1785791420715)/,61255.88218421296,/Date(1785791608228)/,61255.88435446759,61,/Date(1787105253000)/,61271.08857638889,False,False,False,6526622,"GO-7135 Zhang, Ke",F770W,MIRI-F770W,,,,,,,,,,,,,,,,,,,,,,,,,,,,,POLYGON ICRS  246.800501420 -24.745920490 246.834083797 -24.752858588 246.841796626 -24.722236731 246.808238098 -24.715006447,246.82237101692857,-24.728713766928557,JWST,IR,JWST,CAOM,F770W,BKG_11-32-37,"Zhang, Ke",7135,MIRI,POLYGON ICRS 246.836749 -24.742211 246.841688 -24.722377 246.808131 -24.715119 246.803046 -24.735157 POLYGON ICRS 246.833887 -24.752670 246.835992 -24.744613 246.827047 -24.742758 246.824945 -24.750841,60905.701906319446,60905.70322318287,113.777,Population Study of Chemistry in the First Million Years of Planet Formation: A MIRI Survey of Embedded Disks in Ophiuchus,61271.08857638889,GO,MI.F770W,2026-08-19 02:07:33.000,2025-08-18 16:50:44.706,mast:JWST/product/jw07135044001_02101_00001_mirimage_rate.fits,mast:JWST/product/jw07135044001_02101_00001_mirimage_rate.fits
249235672,jw07135044001_02103_00001_mirimage_cal.fits,jw07135044001_02103_00001,2b,03,MIRIM_FULL,jw07135_20260803t182126_pool.csv,jw07135-o044_20260803t182126_image2_00004_asn.json,192.55440279375762,60905.71264649753,t,60905.711988129566,60905.71132976161,GO,,7,f,/Date(1785791008477)/,61255.87741291666,/Date(1755536580114)/,60905.71041797454,/Date(1755536466337)/,60905.70910111111,MIRIMAGE,0,0,113.777,113.777,56.889,OK,MIR_IMAGE,3,60905.71041798611,60905.7097595544,1,PRIME,60905.70910112269,1,1,S8EL017847,0,-24.9049754903226,12.87316703796387,1,246.707270808336,/Date(1755535627731)/,60905.69939502315,/Date(1755535538643)/,60905.69836392361,0.025347488,0.01330181956291199,0.05212191,189.29270126391202,60905.71260874636,f,60905.7119503784,60905.711292010434,MIRI,f,OFF,0.0,/Date(946684800000)/,51544,0.0,6,1,20,2,1,0,1,2,60909.162086944445,V07135044001P0000000002103,44,BKG_11-32-37,STSCI,FINEGUIDE,"Zhang, Ke",MIRIFU_CHANNEL1A,PRDOPSSOC-073,7135,-24.716794444444442,246.84110374999995,60904.85683956018,FASTR1,493,Exoplanet System Formation and Dynamics,2026_1b,1,2,FULL,,1032,1024,1,1,-24.716794444444417,246.84110374999997,BKG_11-32-37,f,BKG_11-32-37,FIXED,0.1,0.1,JWST,MIRI Medium Resolution Spectroscopy,2.77504,2.775,UTC,Population Study of Chemistry in the First Million Years of Planet Formation: A MIRI Survey of Embedded Disks in Ophiuchus,10,f,1,07135044001,/Date(1755537506769)/,60905.72114317129,02,SUCCESSFUL,PRIME_TARGETED_FIXED,/Date(1755535190484)/,60905.694334293985,1.1759164,-0.4367419,f,ImageModel,f,/Date(1755536466337)/,60905.70910111111,backgrounds,-0.01652239386051366,2025230T230100969_001_osf.xml,1,,2-POINT,f,CALCULATED_TRACK_TR_202111,10.3,98.23438801790383,-24.72918598456907,246.82379285370425,f,Calibration,Telescope/sky background,GSC32,0.22346072756380414,0.0,105.452,POLYGON ICRS 246.836749 -24.742211 246.841688 -24.722377 246.808131 -24.715119 246.803046 -24.735157 POLYGON ICRS 246.833887 -24.752670 246.835992 -24.744613 246.827047 -24.742758 246.824945 -24.750841,2.0.1,RELEASE,jwst_1535.pmap,13.1.13,OPEN,,NEGATIVE,POINT-SOURCE,ALL_MRS,,A,A,29721600,fbbe669a966dfb211f159adc588fbad5,/Date(1785791373394)/,61255.88163649305,/Date(1785791546714)/,61255.88364251157,61,/Date(1787105233000)/,61271.08834490741,False,False,False,6526677,"GO-7135 Zhang, Ke",F770W,MIRI-F770W,,,,,,,,,,,,,,,,,,,,,,,,,,,,,POLYGON ICRS  246.800501737 -24.745920694 246.834084106 -24.752858827 246.841796973 -24.722236978 246.808238454 -24.715006659,246.82237101692857,-24.728713766928557,JWST,IR,JWST,CAOM,F770W,BKG_11-32-37,"Zhang, Ke",7135,MIRI,POLYGON ICRS 246.836749 -24.742211 246.841688 -24.722377 246.808131 -24.715119 246.803046 -24.735157 POLYGON ICRS 246.833887 -24.752670 246.835992 -24.744613 246.827047 -24.742758 246.824945 -24.750841,60905.70910112269,60905.71041798611,113.777,Population Study of Chemistry in the First Million Years of Planet Formation: A MIRI Survey of Embedded Disks in Ophiuchus,61271.08834490741,GO,MI.F770W,2026-08-19 02:07:13.000,2025-08-18 17:01:06.337,mast:JWST/product/jw07135044001_02103_00001_mirimage_rate.fits,mast:JWST/product/jw07135044001_02103_00001_mirimage_rate.fits
249235660,jw07135044001_02105_00001_mirimage_cal.fits,jw07135044001_02105_00001,2b,05,MIRIM_FULL,jw07135_20260803t182126_pool.csv,jw07135-o044_20260803t182126_image2_00002_asn.json,192.49394496437162,60905.71987246445,t,60905.71921409649,60905.71855572853,GO,,7,f,/Date(1785790976208)/,61255.8770394213,/Date(1755537204498)/,60905.71764462963,/Date(1755537090721)/,60905.71632777778,MIRIMAGE,0,0,113.777,113.777,56.889,OK,MIR_IMAGE,5,60905.71764465278,60905.716986221065,1,PRIME,60905.71632778935,1,1,S8EL017847,0,-24.9049754903226,12.87316703796387,1,246.707270808336,/Date(1755535627731)/,60905.69939502315,/Date(1755535538643)/,60905.69836392361,0.025347488,0.01330181956291199,0.05212191,189.23224909231067,60905.719834713345,f,60905.71917634538,60905.71851797742,MIRI,f,OFF,0.0,/Date(946684800000)/,51544,0.0,6,1,20,2,1,0,1,2,60909.162086944445,V07135044001P0000000002105,44,BKG_11-32-37,STSCI,FINEGUIDE,"Zhang, Ke",MIRIFU_CHANNEL1A,PRDOPSSOC-073,7135,-24.716794444444442,246.84110374999995,60904.85683956018,FASTR1,493,Exoplanet System Formation and Dynamics,2026_1b,1,2,FULL,,1032,1024,1,1,-24.716794444444417,246.84110374999997,BKG_11-32-37,f,BKG_11-32-37,FIXED,0.1,0.1,JWST,MIRI Medium Resolution Spectroscopy,2.77504,2.775,UTC,Population Study of Chemistry in the First Million Years of Planet Formation: A MIRI Survey of Embedded Disks in Ophiuchus,10,f,1,07135044001,/Date(1755537506769)/,60905.72114317129,02,SUCCESSFUL,PRIME_TARGETED_FIXED,/Date(1755535190484)/,60905.694334293985,1.1759164,-0.4367419,f,ImageModel,f,/Date(1755537090721)/,60905.71632777778,backgrounds,-0.13438060192951176,2025230T230100969_001_osf.xml,1,,2-POINT,f,CALCULATED_TRACK_TR_202111,10.3,98.23438801790383,-24.72918595019012,246.82379223294728,f,Calibration,Telescope/sky background,GSC32,0.21658384704956898,0.0,105.452,POLYGON ICRS 246.836749 -24.742211 246.841688 -24.722377 246.808131 -24.715119 246.803046 -24.735157 POLYGON ICRS 246.833887 -24.752670 246.835992 -24.744613 246.827047 -24.742758 246.824945 -24.750841,2.0.1,RELEASE,jwst_1535.pmap,13.1.13,OPEN,,NEGATIVE,POINT-SOURCE,ALL_MRS,,A,A,29721600,57d5dda19329718a692c913d9c56695f,/Date(1785791370483)/,61255.8816028125,/Date(1785791544743)/,61255.88361971065,61,/Date(1787105190000)/,61271.087847222225,False,False,False,6526715,"GO-7135 Zhang, Ke",F770W,MIRI-F770W,,,,,,,,,,,,,,,,,,,,,,,,,,,,,POLYGON ICRS  246.800501858 -24.745920760 246.834084228 -24.752858886 246.841797088 -24.722237036 246.808238568 -24.715006724,246.82237101692857,-24.728713766928557,JWST,IR,JWST,CAOM,F770W,BKG_11-32-37,"Zhang, Ke",7135,MIRI,POLYGON ICRS 246.836749 -24.742211 246.841688 -24.722377 246.808131 -24.715119 246.803046 -24.735157 POLYGON ICRS 246.833887 -24.752670 246.835992 -24.744613 246.827047 -24.742758 246.824945 -24.750841,60905.71632778935,60905.71764465278,113.777,Population Study of Chemistry in the First Million Years of Planet Formation: A MIRI Survey of Embedded Disks in Ophiuchus,61271.087847222225,GO,MI.F770W,2026-08-19 02:06:30.000,2025-08-18 17:11:30.721,mast:JWST/product/jw07135044001_02105_00001_mirimage_rate.fits,mast:JWST/product/jw07135044001_02105_00001_mirimage_rate.fits
242020083,jw08887031001_02101_00001_mirimage_cal.fits,jw08887031001_02101_00001,2b,01,MIRIM_FULL,jw08887_20260713t021444_pool.csv,jw08887-o031_20260713t021444_image2_00012_asn.json,180.4355821106583,60905.76168106855,t,60905.76131173556,60905.76094240257,GO,,7,f,/Date(1783930574567)/,61234.34461303241,/Date(1755540828814)/,60905.75959274305,/Date(1755540764988)/,60905.75885400463,MIRIMAGE,0,0,63.826,72.151,18.038,OK,MIR_IMAGE,1,60905.75959275463,60905.7592233912,1,PRIME,60905.75885402778,1,1,S8T7002313,0,-53.27314759282996,12.84709930419922,3,240.6706628765276,/Date(1755540464079)/,60905.7553712963,/Date(1755540086223)/,60905.75099795139,0.06596414,0.002639553276821971,0.08611724,177.706081350334,60905.761649477114,f,60905.76128014412,60905.76091081113,MIRI,f,OFF,0.0,/Date(946684800000)/,51544,0.0,12,1,5,4,1,0,1,4,60909.162086944445,V08887031001P0000000002101,31,IRAS15596-bkg,STSCI,FINEGUIDE,"Chen, Yuan",MIRIFU_CHANNEL1A,PRDOPSSOC-073,8887,-53.14705555555555,240.89644333333334,60904.85683956018,FASTR1,493,"Gas, Dust and the ISM",2026_1b,1,2,FULL,,1032,1024,1,1,-53.14705555555554,240.89644333333337,,f,IRAS15596-bkg,FIXED,0.1,0.1,JWST,MIRI Medium Resolution Spectroscopy,2.77504,2.775,UTC,Bridge the gas and ice of complex organic molecules in high-mass protostars,10,f,1,08887031001,/Date(1755543470540)/,60905.790168287036,02,SUCCESSFUL,PRIME_TARGETED_FIXED,/Date(1755537510865)/,60905.721190578704,0.1638621,-0.4488829,f,ImageModel,f,/Date(1755540764988)/,60905.75885400463,,0.0,2025230T230929913_001_osf.xml,1,,4-POINT,t,CALCULATED_TRACK_TR_202111,10.3,95.43766833584478,-53.162677288944636,240.8703977331957,f,Calibration,Telescope/sky background,GSC32,0.1839991790482343,0.0,44.401,POLYGON ICRS 240.892012 -53.172359 240.897870 -53.152329 240.846516 -53.146568 240.840454 -53.166807 POLYGON ICRS 240.888533 -53.182933 240.891062 -53.174791 240.877379 -53.173336 240.874857 -53.181502,2.0.1,RELEASE,jwst_1535.pmap,13.1.13,OPEN,,NEGATIVE,EXTENDED-SOURCE,ALL_MRS,,A,A,29721600,58bc596d77df5c26400daa0d6ac4b394,/Date(1783930784938)/,61234.34704787037,/Date(1783930839132)/,61234.347675150464,61,/Date(1787107888000)/,61271.11907407407,False,False,False,6526754,"GO-8887 Chen, Yuan",F1000W,MIRI-F1000W,,,,,,,,,,,,,,,,,,,,,,,,,,,,,POLYGON ICRS  240.837494674 -53.177735668 240.888904874 -53.183119705 240.897973154 -53.152180098 240.846597981 -53.146506090,240.86916393837376,-53.159514991411655,JWST,IR,JWST,CAOM,F1000W,,"Chen, Yuan",8887,MIRI,POLYGON ICRS 240.892012 -53.172359 240.897870 -53.152329 240.846516 -53.146568 240.840454 -53.166807 POLYGON ICRS 240.888533 -53.182933 240.891062 -53.174791 240.877379 -53.173336 240.874857 -53.181502,60905.75885402778,60905.75959275463,72.151,Bridge the gas and ice of complex organic molecules in high-mass protostars,61271.11907407407,GO,MI.F1000W,2026-08-19 02:51:28.000,2025-08-18 18:12:44.988,mast:JWST/product/jw08887031001_02101_00001_mirimage_rate.fits,mast:JWST/product/jw08887031001_02101_00001_mirimage_rate.fits
242020050,jw08887031001_02103_00001_mirimage_cal.fits,jw08887031001_02103_00001,2b,03,MIRIM_FULL,jw08887_20260713t021444_pool.csv,jw08887-o031_20260713t021444_image2_00008_asn.json,180.35692004486918,60905.77272903542,t,60905.77235970244,60905.771990369445,GO,,7,f,/Date(1783930544506)/,61234.34426511574,/Date(1755541783437)/,60905.77064162037,/Date(1755541719611)/,60905.76990289352,MIRIMAGE,0,0,63.826,72.151,18.038,OK,MIR_IMAGE,5,60905.77064163194,60905.77027226852,1,PRIME,60905.76990290509,1,1,S8T7002313,0,-53.27314759282996,12.84709930419922,3,240.6706628765276,/Date(1755540464079)/,60905.7553712963,/Date(1755540086223)/,60905.75099795139,0.06596414,0.002639553276821971,0.08611724,177.62742557097226,60905.77269744405,f,60905.77232811107,60905.771958778074,MIRI,f,OFF,0.0,/Date(946684800000)/,51544,0.0,12,1,5,4,1,0,1,4,60909.162086944445,V08887031001P0000000002103,31,IRAS15596-bkg,STSCI,FINEGUIDE,"Chen, Yuan",MIRIFU_CHANNEL1A,PRDOPSSOC-073,8887,-53.14705555555555,240.89644333333334,60904.85683956018,FASTR1,493,"Gas, Dust and the ISM",2026_1b,1,2,FULL,,1032,1024,1,1,-53.14705555555554,240.89644333333337,,f,IRAS15596-bkg,FIXED,0.1,0.1,JWST,MIRI Medium Resolution Spectroscopy,2.77504,2.775,UTC,Bridge the gas and ice of complex organic molecules in high-mass protostars,10,f,1,08887031001,/Date(1755543470540)/,60905.790168287036,02,SUCCESSFUL,PRIME_TARGETED_FIXED,/Date(1755537510865)/,60905.721190578704,0.1638621,-0.4488829,f,ImageModel,f,/Date(1755541719611)/,60905.76990289352,,0.0,2025230T231336063_001_osf.xml,1,,4-POINT,t,CALCULATED_TRACK_TR_202111,10.3,95.43766833584478,-53.1626761082827,240.87039460574272,f,Calibration,Telescope/sky background,GSC32,0.23651353933875738,0.0,44.401,POLYGON ICRS 240.892012 -53.172359 240.897870 -53.152329 240.846516 -53.146568 240.840454 -53.166807 POLYGON ICRS 240.888533 -53.182933 240.891062 -53.174791 240.877379 -53.173336 240.874857 -53.181502,2.0.1,RELEASE,jwst_1535.pmap,13.1.13,OPEN,,NEGATIVE,EXTENDED-SOURCE,ALL_MRS,,A,A,29721600,b210244f969c89f191c34427708fdeda,/Date(1783930782483)/,61234.347019479166,/Date(1783930831055)/,61234.34758166667,61,/Date(1787107826000)/,61271.11835648148,False,False,False,6526847,"GO-8887 Chen, Yuan",F770W,MIRI-F770W,,,,,,,,,,,,,,,,,,,,,,,,,,,,,POLYGON ICRS  240.837524910 -53.177733874 240.888936184 -53.183117538 240.898003843 -53.152178096 240.846627947 -53.146504075,240.86916393837376,-53.159514991411655,JWST,IR,JWST,CAOM,F770W,,"Chen, Yuan",8887,MIRI,POLYGON ICRS 240.892012 -53.172359 240.897870 -53.152329 240.846516 -53.146568 240.840454 -53.166807 POLYGON ICRS 240.888533 -53.182933 240.891062 -53.174791 240.877379 -53.173336 240.874857 -53.181502,60905.76990290509,60905.77064163194,72.151,Bridge the gas and ice of complex organic molecules in high-mass protostars,61271.11835648148,GO,MI.F770W,2026-08-19 02:50:26.000,2025-08-18 18:28:39.611,mast:JWST/product/jw08887031001_02103_00001_mirimage_rate.fits,mast:JWST/product/jw08887031001_02103_00001_mirimage_rate.fits
242018772,jw08887031001_02105_00001_mirimage_cal.fits,jw08887031001_02105_00001,2b,05,MIRIM_FULL,jw08887_20260713t021444_pool.csv,jw08887-o031_20260713t021444_image2_00004_asn.json,180.28145337011665,60905.783905880526,t,60905.78324750307,60905.782589125614,GO,,7,f,/Date(1783930360694)/,61234.34213765046,/Date(1755542749196)/,60905.78181939815,/Date(1755542635419)/,60905.780502546295,MIRIMAGE,0,0,113.777,113.777,16.254,OK,MIR_IMAGE,9,60905.78181939815,60905.781160966435,1,PRIME,60905.78050253472,1,1,S8T7002313,0,-53.27314759282996,12.84709930419922,3,240.6706628765276,/Date(1755540464079)/,60905.7553712963,/Date(1755540086223)/,60905.75099795139,0.06596414,0.002639553276821971,0.08611724,177.55196392536163,60905.78387428923,f,60905.78321591176,60905.7825575343,MIRI,f,OFF,0.0,/Date(946684800000)/,51544,0.0,12,1,5,7,1,0,1,4,60909.162086944445,V08887031001P0000000002105,31,IRAS15596-bkg,STSCI,FINEGUIDE,"Chen, Yuan",MIRIFU_CHANNEL1A,PRDOPSSOC-073,8887,-53.14705555555555,240.89644333333334,60904.85683956018,FASTR1,493,"Gas, Dust and the ISM",2026_1b,1,2,FULL,,1032,1024,1,1,-53.14705555555554,240.89644333333337,,f,IRAS15596-bkg,FIXED,0.1,0.1,JWST,MIRI Medium Resolution Spectroscopy,2.77504,2.775,UTC,Bridge the gas and ice of complex organic molecules in high-mass protostars,10,f,1,08887031001,/Date(1755543470540)/,60905.790168287036,02,SUCCESSFUL,PRIME_TARGETED_FIXED,/Date(1755537510865)/,60905.721190578704,0.1638621,-0.4488829,f,ImageModel,f,/Date(1755542635419)/,60905.780502546295,,0.0,2025230T231747042_001_osf.xml,1,,4-POINT,t,CALCULATED_TRACK_TR_202111,10.3,95.43766833584478,-53.16267597238921,240.87039309171476,f,Calibration,Telescope/sky background,GSC32,0.1646391771755144,0.0,77.701,POLYGON ICRS 240.892012 -53.172359 240.897870 -53.152329 240.846516 -53.146568 240.840454 -53.166807 POLYGON ICRS 240.888533 -53.182933 240.891062 -53.174791 240.877379 -53.173336 240.874857 -53.181502,2.0.1,RELEASE,jwst_1535.pmap,13.1.13,OPEN,,NEGATIVE,EXTENDED-SOURCE,ALL_MRS,,A,A,29721600,bde7a596a9f7a019075201db11ce5e83,/Date(1783930582747)/,61234.34470770833,/Date(1783930710471)/,61234.34618599537,61,/Date(1787107730000)/,61271.11724537037,False,False,False,6527003,"GO-8887 Chen, Yuan",F560W,MIRI-F560W,,,,,,,,,,,,,,,,,,,,,,,,,,,,,POLYGON ICRS  240.837521489 -53.177735892 240.888932600 -53.183119583 240.898000375 -53.152180134 240.846624492 -53.146506125,240.86916393837376,-53.159514991411655,JWST,IR,JWST,CAOM,F560W,,"Chen, Yuan",8887,MIRI,POLYGON ICRS 240.892012 -53.172359 240.897870 -53.152329 240.846516 -53.146568 240.840454 -53.166807 POLYGON ICRS 240.888533 -53.182933 240.891062 -53.174791 240.877379 -53.173336 240.874857 -53.181502,60905.78050253472,60905.78181939815,113.777,Bridge the gas and ice of complex organic molecules in high-mass protostars,61271.11724537037,GO,MI.F560W,2026-08-19 02:48:50.000,2025-08-18 18:43:55.419,mast:JWST/product/jw08887031001_02105_00001_mirimage_rate.fits,mast:JWST/product/jw08887031001_02105_00001_mirimage_rate.fits
241993021,jw08887032001_02101_00001_mirimage_cal.fits,jw08887032001_02101_00001,2b,01,MIRIM_FULL,jw08887_20260713t021444_pool.csv,jw08887-o032_20260713t021444_image2_00012_asn.json,180.07069963496178,60905.8049412551,t,60905.804571922105,60905.80420258912,GO,,7,f,/Date(1783925977192)/,61234.29140269676,/Date(1755544566859)/,60905.80285717593,/Date(1755544503033)/,60905.8021184375,MIRIMAGE,0,0,63.826,72.151,18.038,OK,MIR_IMAGE,1,60905.80285716435,60905.802487800924,1,PRIME,60905.8021184375,1,1,S8T7057116,0,-53.35229142082336,12.58298683166504,1,240.6532648367105,/Date(1755544204747)/,60905.798666041665,/Date(1755543822795)/,60905.794245324076,0.0274741929,0.001436991966329515,0.0372976325,177.34153708443046,60905.80490966757,f,60905.804540334575,60905.80417100159,MIRI,f,OFF,0.0,/Date(946684800000)/,51544,0.0,12,1,5,4,1,0,1,4,60909.162086944445,V08887032001P0000000002101,32,IRAS15596,STSCI,FINEGUIDE,"Chen, Yuan",MIRIFU_CHANNEL1A,PRDOPSSOC-073,8887,-53.15841666666667,240.88375,60904.85683956018,FASTR1,493,"Gas, Dust and the ISM",2026_1b,1,2,FULL,,1032,1024,1,1,-53.15841666666665,240.88375000000002,,f,IRAS15596-5301,FIXED,0.1,0.1,JWST,MIRI Medium Resolution Spectroscopy,2.77504,2.775,UTC,Bridge the gas and ice of complex organic molecules in high-mass protostars,10,f,1,08887032001,/Date(1755547397576)/,60905.83562009259,02,SUCCESSFUL,PRIME_TARGETED_FIXED,/Date(1755543474636)/,60905.79021569445,0.1638621,-0.4488829,f,ImageModel,f,/Date(1755544503033)/,60905.8021184375,,0.0,2025230T232636863_001_osf.xml,1,,4-POINT,t,CALCULATED_TRACK_TR_202111,10.3,95.4698442227861,-53.17403135319776,240.8576785168185,f,Star,Protostars,GSC32,0.17058642035931282,0.0,44.401,POLYGON ICRS 240.879294 -53.183719 240.885172 -53.163691 240.833810 -53.157912 240.827728 -53.178149 POLYGON ICRS 240.875804 -53.194291 240.878341 -53.186150 240.864656 -53.184690 240.862126 -53.192855,2.0.1,RELEASE,jwst_1535.pmap,13.1.13,OPEN,,NEGATIVE,EXTENDED-SOURCE,ALL_MRS,,A,A,29721600,760e9c3964b1f53ec8690bb9fdc46505,/Date(1783926268331)/,61234.29477233796,/Date(1783926354806)/,61234.29577321759,61,/Date(1787109618000)/,61271.13909722222,False,False,False,6527095,"GO-8887 Chen, Yuan",F1000W,MIRI-F1000W,,,,,,,,,,,,,,,,,,,,,,,,,,,,,POLYGON ICRS  240.824760418 -53.189079542 240.876179752 -53.194478905 240.885276096 -53.163542004 240.833892045 -53.157852683,240.85645192000368,-53.17086696491517,JWST,IR,JWST,CAOM,F1000W,,"Chen, Yuan",8887,MIRI,POLYGON ICRS 240.879294 -53.183719 240.885172 -53.163691 240.833810 -53.157912 240.827728 -53.178149 POLYGON ICRS 240.875804 -53.194291 240.878341 -53.186150 240.864656 -53.184690 240.862126 -53.192855,60905.8021184375,60905.80285716435,72.151,Bridge the gas and ice of complex organic molecules in high-mass protostars,61271.13909722222,GO,MI.F1000W,2026-08-19 03:20:18.000,2025-08-18 19:15:03.033,mast:JWST/product/jw08887032001_02101_00001_mirimage_rate.fits,mast:JWST/product/jw08887032001_02101_00001_mirimage_rate.fits
242020167,jw08887032001_02103_00001_mirimage_cal.fits,jw08887032001_02103_00001,2b,03,MIRIM_FULL,jw08887_20260713t021444_pool.csv,jw08887-o032_20260713t021444_image2_00008_asn.json,179.97739019338042,60905.818045337146,t,60905.81767600417,60905.81730667118,GO,,7,f,/Date(1783930575634)/,61234.34462538194,/Date(1755545699145)/,60905.81596233796,/Date(1755545635319)/,60905.81522361111,MIRIMAGE,0,0,63.826,72.151,18.038,OK,MIR_IMAGE,5,60905.815962326385,60905.815592962965,1,PRIME,60905.81522359954,1,1,S8T7057116,0,-53.35229142082336,12.58298683166504,1,240.6532648367105,/Date(1755544204747)/,60905.798666041665,/Date(1755543822795)/,60905.794245324076,0.0274741929,0.001436991966329515,0.0372976325,177.2482345579192,60905.818013749704,f,60905.81764441672,60905.81727508373,MIRI,f,OFF,0.0,/Date(946684800000)/,51544,0.0,12,1,5,4,1,0,1,4,60909.162086944445,V08887032001P0000000002103,32,IRAS15596,STSCI,FINEGUIDE,"Chen, Yuan",MIRIFU_CHANNEL1A,PRDOPSSOC-073,8887,-53.15841666666667,240.88375,60904.85683956018,FASTR1,493,"Gas, Dust and the ISM",2026_1b,1,2,FULL,,1032,1024,1,1,-53.15841666666665,240.88375000000002,,f,IRAS15596-5301,FIXED,0.1,0.1,JWST,MIRI Medium Resolution Spectroscopy,2.77504,2.775,UTC,Bridge the gas and ice of complex organic molecules in high-mass protostars,10,f,1,08887032001,/Date(1755547397576)/,60905.83562009259,02,SUCCESSFUL,PRIME_TARGETED_FIXED,/Date(1755543474636)/,60905.79021569445,0.1638621,-0.4488829,f,ImageModel,f,/Date(1755545635319)/,60905.81522361111,,0.0,2025230T232225919_002_osf.xml,1,,4-POINT,t,CALCULATED_TRACK_TR_202111,10.3,95.4698442227861,-53.17403129507818,240.85767703261675,f,Star,Protostars,GSC32,0.2072441718608143,0.0,44.401,POLYGON ICRS 240.879294 -53.183719 240.885172 -53.163691 240.833810 -53.157912 240.827728 -53.178149 POLYGON ICRS 240.875804 -53.194291 240.878341 -53.186150 240.864656 -53.184690 240.862126 -53.192855,2.0.1,RELEASE,jwst_1535.pmap,13.1.13,OPEN,,NEGATIVE,EXTENDED-SOURCE,ALL_MRS,,A,A,29721600,71961c6b37e24ecdde70b1e274043697,/Date(1783930787476)/,61234.34707726852,/Date(1783930851582)/,61234.34781924768,61,/Date(1787109605000)/,61271.13894675926,False,False,False,6527228,"GO-8887 Chen, Yuan",F770W,MIRI-F770W,,,,,,,,,,,,,,,,,,,,,,,,,,,,,POLYGON ICRS  240.824792342 -53.189078717 240.876212665 -53.194477998 240.885308877 -53.163541314 240.833924191 -53.157851688,240.85645192000368,-53.17086696491517,JWST,IR,JWST,CAOM,F770W,,"Chen, Yuan",8887,MIRI,POLYGON ICRS 240.879294 -53.183719 240.885172 -53.163691 240.833810 -53.157912 240.827728 -53.178149 POLYGON ICRS 240.875804 -53.194291 240.878341 -53.186150 240.864656 -53.184690 240.862126 -53.192855,60905.81522359954,60905.815962326385,72.151,Bridge the gas and ice of complex organic molecules in high-mass protostars,61271.13894675926,GO,MI.F770W,2026-08-19 03:20:05.000,2025-08-18 19:33:55.319,mast:JWST/product/jw08887032001_02103_00001_mirimage_rate.fits,mast:JWST/product/jw08887032001_02103_00001_mirimage_rate.fits
241992463,jw08887032001_02105_00001_mirimage_cal.fits,jw08887032001_02105_00001,2b,05,MIRIM_FULL,jw08887_20260713t021444_pool.csv,jw08887-o032_20260713t021444_image2_00004_asn.json,179.90123515482992,60905.82931772984,t,60905.828659352395,60905.82800097494,GO,,7,f,/Date(1783925836364)/,61234.28977271991,/Date(1755546673160)/,60905.82723564815,/Date(1755546559383)/,60905.82591878472,MIRIMAGE,0,0,113.777,113.777,16.254,OK,MIR_IMAGE,9,60905.82723564815,60905.82657721644,1,PRIME,60905.82591878472,1,1,S8T7057116,0,-53.35229142082336,12.58298683166504,1,240.6532648367105,/Date(1755544204747)/,60905.798666041665,/Date(1755543822795)/,60905.794245324076,0.0274741929,0.001436991966329515,0.0372976325,177.17208517715335,60905.82928614246,f,60905.82862776502,60905.82796938756,MIRI,f,OFF,0.0,/Date(946684800000)/,51544,0.0,12,1,5,7,1,0,1,4,60909.162086944445,V08887032001P0000000002105,32,IRAS15596,STSCI,FINEGUIDE,"Chen, Yuan",MIRIFU_CHANNEL1A,PRDOPSSOC-073,8887,-53.15841666666667,240.88375,60904.85683956018,FASTR1,493,"Gas, Dust and the ISM",2026_1b,1,2,FULL,,1032,1024,1,1,-53.15841666666665,240.88375000000002,,f,IRAS15596-5301,FIXED,0.1,0.1,JWST,MIRI Medium Resolution Spectroscopy,2.77504,2.775,UTC,Bridge the gas and ice of complex organic molecules in high-mass protostars,10,f,1,08887032001,/Date(1755547397576)/,60905.83562009259,02,SUCCESSFUL,PRIME_TARGETED_FIXED,/Date(1755543474636)/,60905.79021569445,0.1638621,-0.4488829,f,ImageModel,f,/Date(1755546559383)/,60905.82591878472,,0.0,2025230T232225919_002_osf.xml,1,,4-POINT,t,CALCULATED_TRACK_TR_202111,10.3,95.4698442227861,-53.174031034204326,240.85767501068415,f,Star,Protostars,GSC32,0.15725079315195595,0.0,77.701,POLYGON ICRS 240.879294 -53.183719 240.885172 -53.163691 240.833810 -53.157912 240.827728 -53.178149 POLYGON ICRS 240.875804 -53.194291 240.878341 -53.186150 240.864656 -53.184690 240.862126 -53.192855,2.0.1,RELEASE,jwst_1535.pmap,13.1.13,OPEN,,NEGATIVE,EXTENDED-SOURCE,ALL_MRS,,A,A,29721600,4966b8a36c9204fd3cd2c9207336ad91,/Date(1783926179232)/,61234.29374112269,/Date(1783926292079)/,61234.29504722222,61,/Date(1787109577000)/,61271.13862268518,False,False,False,6527330,"GO-8887 Chen, Yuan",F560W,MIRI-F560W,,,,,,,,,,,,,,,,,,,,,,,,,,,,,POLYGON ICRS  240.824788476 -53.189080642 240.876208652 -53.194479899 240.885304894 -53.163543199 240.833920205 -53.157853636,240.85645192000368,-53.17086696491517,JWST,IR,JWST,CAOM,F560W,,"Chen, Yuan",8887,MIRI,POLYGON ICRS 240.879294 -53.183719 240.885172 -53.163691 240.833810 -53.157912 240.827728 -53.178149 POLYGON ICRS 240.875804 -53.194291 240.878341 -53.186150 240.864656 -53.184690 240.862126 -53.192855,60905.82591878472,60905.82723564815,113.777,Bridge the gas and ice of complex organic molecules in high-mass protostars,61271.13862268518,GO,MI.F560W,2026-08-19 03:19:37.000,2025-08-18 19:49:19.383,mast:JWST/product/jw08887032001_02105_00001_mirimage_rate.fits,mast:JWST/product/jw08887032001_02105_00001_mirimage_rate.fits
247452543,jw09384001001_02101_00001_nrcb1_cal.fits,jw09384001001_02101_00001,2b,01,NRCB1_FULL,jw09384_20260729t103152_pool.csv,jw09384-o001_20260729t103152_image2_00075_asn.json,273.33017417695373,60906.18604818459,f,60906.18542684793,60906.18480551128,GO,,31,f,/Date(1785331918494)/,61250.56387144676,/Date(1755577401234)/,60906.1828846412,/Date(1755577293866)/,60906.181641967596,NRCB1,0,0,107.368,107.368,107.368,OK,NRC_IMAGE,1,60906.18288465278,60906.182263310184,1,PRIME,60906.181641967596,1,2,S0XG000425,0,-72.72648689991102,13.57210350036621,1,17.956058764927,/Date(1755577087315)/,60906.17925134259,/Date(1755576846675)/,60906.176466157405,0.0153926443,0.01155837066471577,0.0154000483,273.16191291902214,60906.1860462371,f,60906.185424900454,60906.18480356381,NIRCAM,f,,-0.00321599995913857,/Date(946684800000)/,51544,0.002124,8,2,5,1,1,0,1,4,60909.162086944445,V09384001001P0000000002101,1,,STSCI,FINEGUIDE,"Gordon, Karl D.",NRCALL_FULL,PRDOPSSOC-073,9384,-72.71561666666668,17.732319583333332,60904.85683956018,BRIGHT2,486,,2026_1b,1,-2,FULL,,2048,2048,1,1,-72.71563956481694,17.73237048298847,AzV 456,f,AzV-456,FIXED,0.1,0.1,JWST,NIRCam Imaging,10.73677,21.474,UTC,Does the 2175 A extinction bump grains form in dense molecular gas?,10,f,1,09384001001,/Date(1755579026769)/,60906.20169872685,02,SUCCESSFUL,PRIME_TARGETED_FIXED,/Date(1755574740309)/,60906.1520869213,111.1802504,43.8200649,t,ImageModel,f,/Date(1755577293866)/,60906.181641967596,AzV 456,0.0,2025231T101623605_002_osf.xml,1,,INTRAMODULEX,f,CALCULATED_TRACK_TR_202111,10.3,305.4477908131199,-72.71440974334176,17.744532986935848,f,Star,B stars,GSC32,0.04403038465456,0.3219772186805119,85.894,POLYGON ICRS 17.727427 -72.707133 17.693202 -72.721231 17.740818 -72.731548 17.775525 -72.717320,2.0.1,RELEASE,jwst_1535.pmap,13.1.13,,,,,,,,,117573120,6b99006c011a2e2b99f686b61f1eab73,/Date(1785332334224)/,61250.568683136575,/Date(1785332526524)/,61250.57090883102,68,/Date(1787148032000)/,61271.583703703705,False,False,False,6530423,"GO-9384 Gordon, Karl D.",F212N-CLEAR,NIRCAM-F212N,4,1,4,SHORT,0,0,0,0,0,0,NULL,NULL,NULL,0,0,0,0,0,0,B,f,CLEAR,STANDARD,4,,,,,POLYGON ICRS  17.775064852 -72.717158511 17.727097568 -72.706922848 17.692682154 -72.720977759 17.740181050 -72.731351178,17.73429270840971,-72.71931456354939,JWST,IR,JWST,CAOM,F212N,AzV 456,"Gordon, Karl D.",9384,NIRCAM,POLYGON ICRS 17.727427 -72.707133 17.693202 -72.721231 17.740818 -72.731548 17.775525 -72.717320,60906.181641967596,60906.18288465278,107.368,Does the 2175 A extinction bump grains form in dense molecular gas?,61271.583703703705,GO,NC.F212N,2026-08-19 14:00:32.000,2025-08-19 04:21:33.866,mast:JWST/product/jw09384001001_02101_00001_nrcb1_rate.fits,mast:JWST/product/jw09384001001_02101_00001_nrcb1_rate.fits
247452634,jw09384001001_02101_00001_nrca1_cal.fits,jw09384001001_02101_00001,2b,01,NRCA1_FULL,jw09384_20260729t103152_pool.csv,jw09384-o001_20260729t103152_image2_00080_asn.json,273.330173548311,60906.18604893689,f,60906.18542760025,60906.18480626358,GO,,31,f,/Date(1785331916425)/,61250.563847523146,/Date(1755577401299)/,60906.18288541667,/Date(1755577293931)/,60906.18164270833,NRCA1,0,0,107.368,107.368,107.368,OK,NRC_IMAGE,1,60906.18288540509,60906.1822640625,1,PRIME,60906.18164271991,-1,2,S0XG000425,0,-72.72648689991102,13.57210350036621,1,17.956058764927,/Date(1755577087315)/,60906.17925134259,/Date(1755576846675)/,60906.176466157405,0.0153926443,0.01155837066471577,0.0154000483,273.1619122903794,60906.1860469894,f,60906.185425652766,60906.184804316115,NIRCAM,f,,-0.00321599995913857,/Date(946684800000)/,51544,0.002124,8,2,5,1,1,0,1,4,60909.162086944445,V09384001001P0000000002101,1,,STSCI,FINEGUIDE,"Gordon, Karl D.",NRCALL_FULL,PRDOPSSOC-073,9384,-72.71561666666668,17.732319583333332,60904.85683956018,BRIGHT2,481,,2026_1b,1,2,FULL,,2048,2048,1,1,-72.71563956481694,17.732370482988472,AzV 456,f,AzV-456,FIXED,0.1,0.1,JWST,NIRCam Imaging,10.73677,21.474,UTC,Does the 2175 A extinction bump grains form in dense molecular gas?,10,f,1,09384001001,/Date(1755579026769)/,60906.20169872685,02,SUCCESSFUL,PRIME_TARGETED_FIXED,/Date(1755574740309)/,60906.1520869213,111.1802504,43.8200649,t,ImageModel,f,/Date(1755577293931)/,60906.18164270833,AzV 456,0.0,2025231T101623605_002_osf.xml,1,,INTRAMODULEX,f,CALCULATED_TRACK_TR_202111,10.3,305.4477908131199,-72.6707728930685,17.929505763126013,f,Star,B stars,GSC32,0.04796072725500487,0.40524718902892015,85.894,POLYGON ICRS 17.910705 -72.662817 17.876711 -72.677233 17.925758 -72.687545 17.960111 -72.672903,2.0.1,RELEASE,jwst_1535.pmap,13.1.13,,,,,,,,,117573120,769d1eb11ad4211b50e682bd5bfc301f,/Date(1785332368587)/,61250.56908085648,/Date(1785332542325)/,61250.571091736114,68,/Date(1787148049000)/,61271.58390046296,False,False,False,6530423,"GO-9384 Gordon, Karl D.",F212N-CLEAR,NIRCAM-F212N,4,1,4,SHORT,0,0,0,0,0,0,NULL,NULL,NULL,0,0,0,0,0,0,A,f,CLEAR,STANDARD,4,,,,,POLYGON ICRS  17.960612956 -72.673258214 17.911351489 -72.663167362 17.877395042 -72.677572213 17.926318923 -72.687897005,17.918371560413476,-72.67513916806647,JWST,IR,JWST,CAOM,F212N,AzV 456,"Gordon, Karl D.",9384,NIRCAM,POLYGON ICRS 17.910705 -72.662817 17.876711 -72.677233 17.925758 -72.687545 17.960111 -72.672903,60906.18164271991,60906.18288540509,107.368,Does the 2175 A extinction bump grains form in dense molecular gas?,61271.58390046296,GO,NC.F212N,2026-08-19 14:00:49.000,2025-08-19 04:21:33.931,mast:JWST/product/jw09384001001_02101_00001_nrca1_rate.fits,mast:JWST/product/jw09384001001_02101_00001_nrca1_rate.fits
247452686,jw09384001001_02101_00001_nrcblong_cal.fits,jw09384001001_02101_00001,2b,01,NRCB5_FULL,jw09384_20260729t103152_pool.csv,jw09384-o001_20260729t103152_image2_00071_asn.json,273.330173548311,60906.18604893689,f,60906.18542760025,60906.18480626358,GO,,31,f,/Date(1785331906828)/,61250.563736412034,/Date(1755577401299)/,60906.18288541667,/Date(1755577293931)/,60906.18164270833,NRCBLONG,0,0,107.368,107.368,107.368,OK,NRC_IMAGE,1,60906.18288540509,60906.1822640625,1,PRIME,60906.18164271991,1,2,S0XG000425,0,-72.72648689991102,13.57210350036621,1,17.956058764927,/Date(1755577087315)/,60906.17925134259,/Date(1755576846675)/,60906.176466157405,0.0153926443,0.01155837066471577,0.0154000483,273.1619122903794,60906.1860469894,f,60906.185425652766,60906.184804316115,NIRCAM,f,,-0.00321599995913857,/Date(946684800000)/,51544,0.002124,8,2,5,1,1,0,1,4,60909.162086944445,V09384001001P0000000002101,1,,STSCI,FINEGUIDE,"Gordon, Karl D.",NRCALL_FULL,PRDOPSSOC-073,9384,-72.71561666666668,17.732319583333332,60904.85683956018,BRIGHT2,490,,2026_1b,1,-2,FULL,,2048,2048,1,1,-72.71563956481694,17.732370482988472,AzV 456,f,AzV-456,FIXED,0.1,0.1,JWST,NIRCam Imaging,10.73677,21.474,UTC,Does the 2175 A extinction bump grains form in dense molecular gas?,10,f,1,09384001001,/Date(1755579026769)/,60906.20169872685,02,SUCCESSFUL,PRIME_TARGETED_FIXED,/Date(1755574740309)/,60906.1520869213,111.1802504,43.8200649,t,ImageModel,f,/Date(1755577293931)/,60906.18164270833,AzV 456,0.0,2025231T101623605_002_osf.xml,1,,INTRAMODULEX,f,CALCULATED_TRACK_TR_202111,10.3,305.4477908131199,-72.71239894426168,17.788087595456044,f,Star,B stars,GSC32,0.10475362269829758,0.5440304729429339,85.894,POLYGON ICRS 17.762666 -72.692186 17.693655 -72.721112 17.791279 -72.742308 17.862728 -72.712833,2.0.1,RELEASE,jwst_1535.pmap,13.1.13,,,,,,,,,117573120,fa59e96f3de8633664a1d135b82b249b,/Date(1785332376235)/,61250.56916939815,/Date(1785332550855)/,61250.571190462964,68,/Date(1787148027000)/,61271.583645833336,False,False,False,6530423,"GO-9384 Gordon, Karl D.",F335M-CLEAR,NIRCAM-F335M,4,1,4,LONG,0,0,0,0,0,0,NULL,NULL,NULL,0,0,0,0,0,0,B,f,CLEAR,STANDARD,4,,,,,POLYGON ICRS  17.862640177 -72.712888541 17.762817516 -72.692170625 17.693475025 -72.721017867 17.790931268 -72.742317810,17.7778249309454,-72.71713365593187,JWST,IR,JWST,CAOM,F335M,AzV 456,"Gordon, Karl D.",9384,NIRCAM,POLYGON ICRS 17.762666 -72.692186 17.693655 -72.721112 17.791279 -72.742308 17.862728 -72.712833,60906.18164271991,60906.18288540509,107.368,Does the 2175 A extinction bump grains form in dense molecular gas?,61271.583645833336,GO,NC.F335M,2026-08-19 14:00:27.000,2025-08-19 04:21:33.931,mast:JWST/product/jw09384001001_02101_00001_nrcblong_rate.fits,mast:JWST/product/jw09384001001_02101_00001_nrcblong_rate.fits
247452650,jw09384001001_02101_00001_nrcalong_cal.fits,jw09384001001_02101_00001,2b,01,NRCA5_FULL,jw09384_20260729t103152_pool.csv,jw09384-o001_20260729t103152_image2_00076_asn.json,273.330173548311,60906.186049677635,f,60906.18542834098,60906.18480700433,GO,,31,f,/Date(1785331913152)/,61250.5638096412,/Date(1755577401363)/,60906.182886145834,/Date(1755577293995)/,60906.18164347222,NRCALONG,0,0,107.368,107.368,107.368,OK,NRC_IMAGE,1,60906.182886145834,60906.18226480324,1,PRIME,60906.18164346065,-1,2,S0XG000425,0,-72.72648689991102,13.57210350036621,1,17.956058764927,/Date(1755577087315)/,60906.17925134259,/Date(1755576846675)/,60906.176466157405,0.0153926443,0.01155837066471577,0.0154000483,273.16191166173667,60906.18604773014,f,60906.185426393495,60906.18480505685,NIRCAM,f,,-0.00321599995913857,/Date(946684800000)/,51544,0.002124,8,2,5,1,1,0,1,4,60909.162086944445,V09384001001P0000000002101,1,,STSCI,FINEGUIDE,"Gordon, Karl D.",NRCALL_FULL,PRDOPSSOC-073,9384,-72.71561666666668,17.732319583333332,60904.85683956018,BRIGHT2,485,,2026_1b,1,2,FULL,,2048,2048,1,1,-72.71563956481694,17.732370482988475,AzV 456,f,AzV-456,FIXED,0.1,0.1,JWST,NIRCam Imaging,10.73677,21.474,UTC,Does the 2175 A extinction bump grains form in dense molecular gas?,10,f,1,09384001001,/Date(1755579026769)/,60906.20169872685,02,SUCCESSFUL,PRIME_TARGETED_FIXED,/Date(1755574740309)/,60906.1520869213,111.1802504,43.8200649,t,ImageModel,f,/Date(1755577293995)/,60906.18164347222,AzV 456,0.0,2025231T101623605_002_osf.xml,1,,INTRAMODULEX,f,CALCULATED_TRACK_TR_202111,10.3,305.4477908131199,-72.67312583710672,17.884925770783063,f,Star,B stars,GSC32,0.10024039030541385,0.4302281801334426,85.894,POLYGON ICRS 17.859367 -72.652908 17.790157 -72.681728 17.888474 -72.703003 17.958620 -72.673334,2.0.1,RELEASE,jwst_1535.pmap,13.1.13,,,,,,,,,117573120,dcade7f83ed0c5f30e3e8d38e53bb079,/Date(1785332369615)/,61250.569092777776,/Date(1785332545052)/,61250.571123298614,68,/Date(1787148033000)/,61271.583715277775,False,False,False,6530423,"GO-9384 Gordon, Karl D.",F335M-CLEAR,NIRCAM-F335M,4,1,4,LONG,0,0,0,0,0,0,NULL,NULL,NULL,0,0,0,0,0,0,A,f,CLEAR,STANDARD,4,,,,,POLYGON ICRS  17.958603528 -72.673453494 17.859695079 -72.653004826 17.790462091 -72.681779261 17.888510990 -72.703111144,17.874308013976666,-72.67780246436118,JWST,IR,JWST,CAOM,F335M,AzV 456,"Gordon, Karl D.",9384,NIRCAM,POLYGON ICRS 17.859367 -72.652908 17.790157 -72.681728 17.888474 -72.703003 17.958620 -72.673334,60906.18164346065,60906.182886145834,107.368,Does the 2175 A extinction bump grains form in dense molecular gas?,61271.583715277775,GO,NC.F335M,2026-08-19 14:00:33.000,2025-08-19 04:21:33.995,mast:JWST/product/jw09384001001_02101_00001_nrcalong_rate.fits,mast:JWST/product/jw09384001001_02101_00001_nrcalong_rate.fits
247451001,jw09384001001_02103_00001_nrcblong_cal.fits,jw09384001001_02103_00001,2b,03,NRCB5_FULL,jw09384_20260729t103152_pool.csv,jw09384-o001_20260729t103152_image2_00031_asn.json,273.3209375292063,60906.197232522114,f,60906.19661118546,60906.19598984881,GO,,31,f,/Date(1785331475480)/,61250.558743981484,/Date(1755578367570)/,60906.19406909722,/Date(1755578260202)/,60906.19282642361,NRCBLONG,0,0,107.368,107.368,107.368,OK,NRC_IMAGE,5,60906.19406909722,60906.19344775463,1,PRIME,60906.192826412036,1,2,S0XG000425,0,-72.72648689991102,13.57210350036621,1,17.956058764927,/Date(1755577087315)/,60906.17925134259,/Date(1755576846675)/,60906.176466157405,0.0153926443,0.01155837066471577,0.0154000483,273.152661183849,60906.19723057445,f,60906.19660923781,60906.19598790117,NIRCAM,f,,-0.00321599995913857,/Date(946684800000)/,51544,0.002124,8,2,5,1,1,0,1,4,60909.162086944445,V09384001001P0000000002103,1,,STSCI,FINEGUIDE,"Gordon, Karl D.",NRCALL_FULL,PRDOPSSOC-073,9384,-72.71561666666668,17.732319583333332,60904.85683956018,BRIGHT2,490,,2026_1b,1,-2,FULL,,2048,2048,1,1,-72.7156395648443,17.732370483049273,AzV 456,f,AzV-456,FIXED,0.1,0.1,JWST,NIRCam Imaging,10.73677,21.474,UTC,Does the 2175 A extinction bump grains form in dense molecular gas?,10,f,1,09384001001,/Date(1755579026769)/,60906.20169872685,02,SUCCESSFUL,PRIME_TARGETED_FIXED,/Date(1755574740309)/,60906.1520869213,111.1802504,43.8200649,t,ImageModel,f,/Date(1755578260202)/,60906.19282642361,AzV 456,0.0,2025231T101623605_002_osf.xml,1,,INTRAMODULEX,f,CALCULATED_TRACK_TR_202111,10.3,305.4477908131199,-72.71239920613613,17.788089963998488,f,Star,B stars,GSC32,0.09667643557450198,0.4413308428465637,85.894,POLYGON ICRS 17.762666 -72.692186 17.693655 -72.721112 17.791279 -72.742308 17.862728 -72.712833,2.0.1,RELEASE,jwst_1535.pmap,13.1.13,,,,,,,,,117573120,dd9e65da2024229d531e3e1a63fde0f5,/Date(1785331905710)/,61250.56372349537,/Date(1785332162477)/,61250.56669532407,68,/Date(1787147947000)/,61271.582719907405,False,False,False,6530431,"GO-9384 Gordon, Karl D.",F300M-CLEAR,NIRCAM-F300M,4,1,4,LONG,0,0,0,0,0,0,NULL,NULL,NULL,0,0,0,0,0,0,B,f,CLEAR,STANDARD,4,,,,,POLYGON ICRS  17.862617054 -72.712887428 17.762797365 -72.692169642 17.693454909 -72.721016194 17.790909315 -72.742315727,17.7778249309454,-72.71713365593187,JWST,IR,JWST,CAOM,F300M,AzV 456,"Gordon, Karl D.",9384,NIRCAM,POLYGON ICRS 17.762666 -72.692186 17.693655 -72.721112 17.791279 -72.742308 17.862728 -72.712833,60906.192826412036,60906.19406909722,107.368,Does the 2175 A extinction bump grains form in dense molecular gas?,61271.582719907405,GO,NC.F300M,2026-08-19 13:59:07.000,2025-08-19 04:37:40.202,mast:JWST/product/jw09384001001_02103_00001_nrcblong_rate.fits,mast:JWST/product/jw09384001001_02103_00001_nrcblong_rate.fits
247450949,jw09384001001_02103_00001_nrcb1_cal.fits,jw09384001001_02103_00001,2b,03,NRCB1_FULL,jw09384_20260729t103152_pool.csv,jw09384-o001_20260729t103152_image2_00035_asn.json,273.3209375292063,60906.197232522114,f,60906.19661118546,60906.19598984881,GO,,31,f,/Date(1785331730576)/,61250.56169648148,/Date(1755578367570)/,60906.19406909722,/Date(1755578260202)/,60906.19282642361,NRCB1,0,0,107.368,107.368,107.368,OK,NRC_IMAGE,5,60906.19406909722,60906.19344775463,1,PRIME,60906.192826412036,1,2,S0XG000425,0,-72.72648689991102,13.57210350036621,1,17.956058764927,/Date(1755577087315)/,60906.17925134259,/Date(1755576846675)/,60906.176466157405,0.0153926443,0.01155837066471577,0.0154000483,273.152661183849,60906.19723057445,f,60906.19660923781,60906.19598790117,NIRCAM,f,,-0.00321599995913857,/Date(946684800000)/,51544,0.002124,8,2,5,1,1,0,1,4,60909.162086944445,V09384001001P0000000002103,1,,STSCI,FINEGUIDE,"Gordon, Karl D.",NRCALL_FULL,PRDOPSSOC-073,9384,-72.71561666666668,17.732319583333332,60904.85683956018,BRIGHT2,486,,2026_1b,1,-2,FULL,,2048,2048,1,1,-72.7156395648443,17.732370483049273,AzV 456,f,AzV-456,FIXED,0.1,0.1,JWST,NIRCam Imaging,10.73677,21.474,UTC,Does the 2175 A extinction bump grains form in dense molecular gas?,10,f,1,09384001001,/Date(1755579026769)/,60906.20169872685,02,SUCCESSFUL,PRIME_TARGETED_FIXED,/Date(1755574740309)/,60906.1520869213,111.1802504,43.8200649,t,ImageModel,f,/Date(1755578260202)/,60906.19282642361,AzV 456,0.0,2025231T101623605_002_osf.xml,1,,INTRAMODULEX,f,CALCULATED_TRACK_TR_202111,10.3,305.4477908131199,-72.71440994512756,17.74453532307619,f,Star,B stars,GSC32,0.045304415200890645,0.28866923054114857,85.894,POLYGON ICRS 17.727427 -72.707133 17.693202 -72.721231 17.740818 -72.731548 17.775525 -72.717320,2.0.1,RELEASE,jwst_1535.pmap,13.1.13,,,,,,,,,117573120,cee55d332efe0a3c7955dd5d6acf63af,/Date(1785331887946)/,61250.56351789352,/Date(1785332137912)/,61250.56641103009,68,/Date(1787147947000)/,61271.582719907405,False,False,False,6530431,"GO-9384 Gordon, Karl D.",F210M-CLEAR,NIRCAM-F210M,4,1,4,SHORT,0,0,0,0,0,0,NULL,NULL,NULL,0,0,0,0,0,0,B,f,CLEAR,STANDARD,4,,,,,POLYGON ICRS  17.775068181 -72.717159336 17.727096797 -72.706923454 17.692682087 -72.720978455 17.740185456 -72.731352918,17.73429270840971,-72.71931456354939,JWST,IR,JWST,CAOM,F210M,AzV 456,"Gordon, Karl D.",9384,NIRCAM,POLYGON ICRS 17.727427 -72.707133 17.693202 -72.721231 17.740818 -72.731548 17.775525 -72.717320,60906.192826412036,60906.19406909722,107.368,Does the 2175 A extinction bump grains form in dense molecular gas?,61271.582719907405,GO,NC.F210M,2026-08-19 13:59:07.000,2025-08-19 04:37:40.202,mast:JWST/product/jw09384001001_02103_00001_nrcb1_rate.fits,mast:JWST/product/jw09384001001_02103_00001_nrcb1_rate.fits
247451775,jw09384001001_02103_00001_nrcalong_cal.fits,jw09384001001_02103_00001,2b,03,NRCA5_FULL,jw09384_20260729t103152_pool.csv,jw09384-o001_20260729t103152_image2_00036_asn.json,273.32093690056354,60906.19723326285,f,60906.19661192619,60906.19599058955,GO,,31,f,/Date(1785331739899)/,61250.561804398145,/Date(1755578367634)/,60906.194069826386,/Date(1755578260266)/,60906.19282715278,NRCALONG,0,0,107.368,107.368,107.368,OK,NRC_IMAGE,5,60906.19406983796,60906.19344849537,1,PRIME,60906.19282715278,-1,2,S0XG000425,0,-72.72648689991102,13.57210350036621,1,17.956058764927,/Date(1755577087315)/,60906.17925134259,/Date(1755576846675)/,60906.176466157405,0.0153926443,0.01155837066471577,0.0154000483,273.15266055520624,60906.197231315185,f,60906.19660997854,60906.195988641906,NIRCAM,f,,-0.00321599995913857,/Date(946684800000)/,51544,0.002124,8,2,5,1,1,0,1,4,60909.162086944445,V09384001001P0000000002103,1,,STSCI,FINEGUIDE,"Gordon, Karl D.",NRCALL_FULL,PRDOPSSOC-073,9384,-72.71561666666668,17.732319583333332,60904.85683956018,BRIGHT2,485,,2026_1b,1,2,FULL,,2048,2048,1,1,-72.7156395648443,17.732370483049277,AzV 456,f,AzV-456,FIXED,0.1,0.1,JWST,NIRCam Imaging,10.73677,21.474,UTC,Does the 2175 A extinction bump grains form in dense molecular gas?,10,f,1,09384001001,/Date(1755579026769)/,60906.20169872685,02,SUCCESSFUL,PRIME_TARGETED_FIXED,/Date(1755574740309)/,60906.1520869213,111.1802504,43.8200649,t,ImageModel,f,/Date(1755578260266)/,60906.19282715278,AzV 456,0.0,2025231T101623605_002_osf.xml,1,,INTRAMODULEX,f,CALCULATED_TRACK_TR_202111,10.3,305.4477908131199,-72.67312623196969,17.884928753073325,f,Star,B stars,GSC32,0.09439206272127731,0.3858175292809582,85.894,POLYGON ICRS 17.859367 -72.652908 17.790157 -72.681728 17.888474 -72.703003 17.958620 -72.673334,2.0.1,RELEASE,jwst_1535.pmap,13.1.13,,,,,,,,,117573120,a26eb97220c8c2b798579d06e5cc1384,/Date(1785332120429)/,61250.56620868055,/Date(1785332354549)/,61250.56891840278,68,/Date(1787147947000)/,61271.582719907405,False,False,False,6530431,"GO-9384 Gordon, Karl D.",F300M-CLEAR,NIRCAM-F300M,4,1,4,LONG,0,0,0,0,0,0,NULL,NULL,NULL,0,0,0,0,0,0,A,f,CLEAR,STANDARD,4,,,,,POLYGON ICRS  17.958600340 -72.673450122 17.859689543 -72.653002226 17.790460112 -72.681777617 17.888512613 -72.703108477,17.874308013976666,-72.67780246436118,JWST,IR,JWST,CAOM,F300M,AzV 456,"Gordon, Karl D.",9384,NIRCAM,POLYGON ICRS 17.859367 -72.652908 17.790157 -72.681728 17.888474 -72.703003 17.958620 -72.673334,60906.19282715278,60906.19406983796,107.368,Does the 2175 A extinction bump grains form in dense molecular gas?,61271.582719907405,GO,NC.F300M,2026-08-19 13:59:07.000,2025-08-19 04:37:40.266,mast:JWST/product/jw09384001001_02103_00001_nrcalong_rate.fits,mast:JWST/product/jw09384001001_02103_00001_nrcalong_rate.fits
247451763,jw09384001001_02103_00001_nrca1_cal.fits,jw09384001001_02103_00001,2b,03,NRCA1_FULL,jw09384_20260729t103152_pool.csv,jw09384-o001_20260729t103152_image2_00040_asn.json,273.32093690056354,60906.19723326285,f,60906.19661192619,60906.19599058955,GO,,31,f,/Date(1785331735821)/,61250.56175717593,/Date(1755578367634)/,60906.194069826386,/Date(1755578260266)/,60906.19282715278,NRCA1,0,0,107.368,107.368,107.368,OK,NRC_IMAGE,5,60906.19406983796,60906.19344849537,1,PRIME,60906.19282715278,-1,2,S0XG000425,0,-72.72648689991102,13.57210350036621,1,17.956058764927,/Date(1755577087315)/,60906.17925134259,/Date(1755576846675)/,60906.176466157405,0.0153926443,0.01155837066471577,0.0154000483,273.15266055520624,60906.197231315185,f,60906.19660997854,60906.195988641906,NIRCAM,f,,-0.00321599995913857,/Date(946684800000)/,51544,0.002124,8,2,5,1,1,0,1,4,60909.162086944445,V09384001001P0000000002103,1,,STSCI,FINEGUIDE,"Gordon, Karl D.",NRCALL_FULL,PRDOPSSOC-073,9384,-72.71561666666668,17.732319583333332,60904.85683956018,BRIGHT2,481,,2026_1b,1,2,FULL,,2048,2048,1,1,-72.7156395648443,17.732370483049277,AzV 456,f,AzV-456,FIXED,0.1,0.1,JWST,NIRCam Imaging,10.73677,21.474,UTC,Does the 2175 A extinction bump grains form in dense molecular gas?,10,f,1,09384001001,/Date(1755579026769)/,60906.20169872685,02,SUCCESSFUL,PRIME_TARGETED_FIXED,/Date(1755574740309)/,60906.1520869213,111.1802504,43.8200649,t,ImageModel,f,/Date(1755578260266)/,60906.19282715278,AzV 456,0.0,2025231T101623605_002_osf.xml,1,,INTRAMODULEX,f,CALCULATED_TRACK_TR_202111,10.3,305.4477908131199,-72.67077334908194,17.929508783098804,f,Star,B stars,GSC32,0.04686433931208416,0.30254755893255,85.894,POLYGON ICRS 17.910705 -72.662817 17.876711 -72.677233 17.925758 -72.687545 17.960111 -72.672903,2.0.1,RELEASE,jwst_1535.pmap,13.1.13,,,,,,,,,117573120,b934336ebc4c8349eabfcb55b134114f,/Date(1785332113440)/,61250.566127777776,/Date(1785332352601)/,61250.568895833334,68,/Date(1787147964000)/,61271.582916666666,False,False,False,6530431,"GO-9384 Gordon, Karl D.",F210M-CLEAR,NIRCAM-F210M,4,1,4,SHORT,0,0,0,0,0,0,NULL,NULL,NULL,0,0,0,0,0,0,A,f,CLEAR,STANDARD,4,,,,,POLYGON ICRS  17.960613815 -72.673258862 17.911350566 -72.663167792 17.877393303 -72.677572970 17.926318901 -72.687898058,17.918371560413476,-72.67513916806647,JWST,IR,JWST,CAOM,F210M,AzV 456,"Gordon, Karl D.",9384,NIRCAM,POLYGON ICRS 17.910705 -72.662817 17.876711 -72.677233 17.925758 -72.687545 17.960111 -72.672903,60906.19282715278,60906.19406983796,107.368,Does the 2175 A extinction bump grains form in dense molecular gas?,61271.582916666666,GO,NC.F210M,2026-08-19 13:59:24.000,2025-08-19 04:37:40.266,mast:JWST/product/jw09384001001_02103_00001_nrca1_rate.fits,mast:JWST/product/jw09384001001_02103_00001_nrca1_rate.fits
232497091,jw07973010001_02101_00001_mirimage_cal.fits,jw07973010001_02101_00001,2b,01,MIRIM_FULL,jw07973_20260606t024035_pool.csv,jw07973-c1003_20260606t024035_image2_00006_asn.json,233.68832899723202,60906.785713513724,f,60906.78413957126,60906.78256562881,GO,,7,f,/Date(1780718073840)/,61197.16289166667,/Date(1755629251936)/,60906.78300851852,/Date(1755628979982)/,60906.77986091435,MIRIMAGE,0,0,271.954,291.379,32.375,OK,MIR_IMAGE,1,60906.78300851852,60906.78143471065,1,PRIME,60906.77986090278,1,1,NBXT008211,0,34.73322878112971,15.72886085510254,1,24.284821377134,/Date(1755628686624)/,60906.77646554398,/Date(1755628445985)/,60906.77368039352,0.0404923037,0.04699679464101791,0.0550909638,236.63997135590762,60906.785747676164,f,60906.78417373375,60906.78259979134,MIRI,f,OFF,0.0,,,0.0,6,1,10,9,1,0,1,2,60909.162086944445,V07973010001P0000000002101,10,HS0134+3415-BKG,STSCI,FINEGUIDE,"Rogers, Noah Sidney James",MIRIM_ILLUM,PRDOPSSOC-073,7973,34.51963055555555,24.307156249999995,60904.85683956018,FASTR1,493,Nearby Galaxies to Cosmic Noon,2026_1a,1,2,FULL,,1032,1024,1,1,34.51963055555555,24.30715625,HS0134+3415-BKG,f,HS0134+3415-BKG,FIXED,0.1,0.1,JWST,MIRI Medium Resolution Spectroscopy,2.77504,2.775,UTC,Mid-Infrared Abundances of Gaseous Environments (MIRAGE): A MIR Approach to the Abundance Discrepancy,10,f,1,07973010001,/Date(1755631810845)/,60906.81262553241,02,SUCCESSFUL,PRIME_TARGETED_FIXED,/Date(1755626548514)/,60906.751718900465,8.9222907,-5.6487669,f,ImageModel,f,/Date(1755628979982)/,60906.77986091435,,0.0,2025231T223410010_001_osf.xml,1,,2-POINT,f,CALCULATED_TRACK_TR_202111,10.3,238.3314593282761,34.520092105621984,24.307368765180424,f,Calibration,Telescope/sky background,GSC32,0.14185223710871725,0.0,224.778,POLYGON ICRS 24.281427 34.523122 24.292693 34.505028 24.326724 34.519015 24.315424 34.537349 POLYGON ICRS 24.275705 34.532813 24.280198 34.525405 24.289207 34.529195 24.284692 34.536620,2.0.0,RELEASE,jwst_1535.pmap,13.1.13,OPEN,,NEGATIVE,,IMAGER,,A,A,29724480,a2886aec5cd125d784a2cfe8f0f53d8e,/Date(1780718347871)/,61197.166063310186,/Date(1780718497516)/,61197.16779532407,61,/Date(1787188652000)/,61272.05384259259,False,False,False,6533260,"GO-7973 Rogers, Noah Sidney James",F770W,MIRI-F770W,,,,,,,,,,,,,,,,,,,,,,,,,,,,,POLYGON ICRS  24.309273711 34.547102503 24.275447235 34.532882446 24.292737648 34.504879355 24.326770697 34.518859607,24.30409593890111,34.52114561926692,JWST,IR,JWST,CAOM,F770W,HS0134+3415-BKG,"Rogers, Noah Sidney James",7973,MIRI,POLYGON ICRS 24.281427 34.523122 24.292693 34.505028 24.326724 34.519015 24.315424 34.537349 POLYGON ICRS 24.275705 34.532813 24.280198 34.525405 24.289207 34.529195 24.284692 34.536620,60906.77986090278,60906.78300851852,291.379,Mid-Infrared Abundances of Gaseous Environments (MIRAGE): A MIR Approach to the Abundance Discrepancy,61272.05384259259,GO,MI.F770W,2026-08-20 01:17:32.000,2025-08-19 18:42:59.982,mast:JWST/product/jw07973010001_02101_00001_mirimage_rate.fits,mast:JWST/product/jw07973010001_02101_00001_mirimage_rate.fits
232496562,jw07973010001_02103_00001_mirimage_cal.fits,jw07973010001_02103_00001,2b,03,MIRIM_FULL,jw07973_20260606t024035_pool.csv,jw07973-c1003_20260606t024035_image2_00005_asn.json,233.77921753562987,60906.79801603556,f,60906.79644209311,60906.79486815067,GO,,7,f,/Date(1780717727583)/,61197.1588840625,/Date(1755630314783)/,60906.795309988425,/Date(1755630042829)/,60906.792162384256,MIRIMAGE,0,0,271.954,291.379,32.375,OK,MIR_IMAGE,3,60906.795309988425,60906.79373618055,1,PRIME,60906.79216237269,1,1,NBXT008211,0,34.73322878112971,15.72886085510254,1,24.284821377134,/Date(1755628686624)/,60906.77646554398,/Date(1755628445985)/,60906.77368039352,0.0404923037,0.04699679464101791,0.0550909638,236.7308303480968,60906.798050197656,f,60906.79647625525,60906.79490231285,MIRI,f,OFF,0.0,,,0.0,6,1,10,9,1,0,1,2,60909.162086944445,V07973010001P0000000002103,10,HS0134+3415-BKG,STSCI,FINEGUIDE,"Rogers, Noah Sidney James",MIRIM_ILLUM,PRDOPSSOC-073,7973,34.51963055555555,24.307156249999995,60904.85683956018,FASTR1,493,Nearby Galaxies to Cosmic Noon,2026_1a,1,2,FULL,,1032,1024,1,1,34.51963055555555,24.30715625,HS0134+3415-BKG,f,HS0134+3415-BKG,FIXED,0.1,0.1,JWST,MIRI Medium Resolution Spectroscopy,2.77504,2.775,UTC,Mid-Infrared Abundances of Gaseous Environments (MIRAGE): A MIR Approach to the Abundance Discrepancy,10,f,1,07973010001,/Date(1755631810845)/,60906.81262553241,02,SUCCESSFUL,PRIME_TARGETED_FIXED,/Date(1755626548514)/,60906.751718900465,8.9222907,-5.6487669,f,ImageModel,f,/Date(1755630042829)/,60906.792162384256,,0.0,2025231T223822251_001_osf.xml,1,,2-POINT,f,CALCULATED_TRACK_TR_202111,10.3,238.3314593282761,34.520092548294116,24.30736638366598,f,Calibration,Telescope/sky background,GSC32,0.13085491165826682,0.0,224.778,POLYGON ICRS 24.281427 34.523122 24.292693 34.505028 24.326724 34.519015 24.315424 34.537349 POLYGON ICRS 24.275705 34.532813 24.280198 34.525405 24.289207 34.529195 24.284692 34.536620,2.0.0,RELEASE,jwst_1535.pmap,13.1.13,OPEN,,NEGATIVE,,IMAGER,,A,A,29724480,e3675ed215927025df6ea6761ef182f9,/Date(1780718206101)/,61197.1644224537,/Date(1780718314458)/,61197.16567657408,61,/Date(1787188637000)/,61272.05366898148,False,False,False,6533302,"GO-7973 Rogers, Noah Sidney James",F1000W,MIRI-F1000W,,,,,,,,,,,,,,,,,,,,,,,,,,,,,POLYGON ICRS  24.309288235 34.547114297 24.275462003 34.532895094 24.292751975 34.504891562 24.326784698 34.518871396,24.30409593890111,34.52114561926692,JWST,IR,JWST,CAOM,F1000W,HS0134+3415-BKG,"Rogers, Noah Sidney James",7973,MIRI,POLYGON ICRS 24.281427 34.523122 24.292693 34.505028 24.326724 34.519015 24.315424 34.537349 POLYGON ICRS 24.275705 34.532813 24.280198 34.525405 24.289207 34.529195 24.284692 34.536620,60906.79216237269,60906.795309988425,291.379,Mid-Infrared Abundances of Gaseous Environments (MIRAGE): A MIR Approach to the Abundance Discrepancy,61272.05366898148,GO,MI.F1000W,2026-08-20 01:17:17.000,2025-08-19 19:00:42.829,mast:JWST/product/jw07973010001_02103_00001_mirimage_rate.fits,mast:JWST/product/jw07973010001_02103_00001_mirimage_rate.fits
232496556,jw07973010001_02105_00001_mirimage_cal.fits,jw07973010001_02105_00001,2b,05,MIRIM_FULL,jw07973_20260606t024035_pool.csv,jw07973-c1003_20260606t024035_image2_00004_asn.json,233.86511905118823,60906.80964442561,f,60906.80807048317,60906.80649654073,GO,,7,f,/Date(1780717710820)/,61197.15869004629,/Date(1755631319390)/,60906.80693738426,/Date(1755631047436)/,60906.80378976852,MIRIMAGE,0,0,271.954,291.379,32.375,OK,MIR_IMAGE,5,60906.80693738426,60906.805363576386,1,PRIME,60906.80378976852,1,1,NBXT008211,0,34.73322878112971,15.72886085510254,1,24.284821377134,/Date(1755628686624)/,60906.77646554398,/Date(1755628445985)/,60906.77368039352,0.0404923037,0.04699679464101791,0.0550909638,236.81670420337468,60906.80967858738,f,60906.80810464499,60906.8065307026,MIRI,f,OFF,0.0,,,0.0,6,1,10,9,1,0,1,2,60909.162086944445,V07973010001P0000000002105,10,HS0134+3415-BKG,STSCI,FINEGUIDE,"Rogers, Noah Sidney James",MIRIM_ILLUM,PRDOPSSOC-073,7973,34.51963055555555,24.307156249999995,60904.85683956018,FASTR1,493,Nearby Galaxies to Cosmic Noon,2026_1a,1,2,FULL,,1032,1024,1,1,34.51963055555555,24.30715625,HS0134+3415-BKG,f,HS0134+3415-BKG,FIXED,0.1,0.1,JWST,MIRI Medium Resolution Spectroscopy,2.77504,2.775,UTC,Mid-Infrared Abundances of Gaseous Environments (MIRAGE): A MIR Approach to the Abundance Discrepancy,10,f,1,07973010001,/Date(1755631810845)/,60906.81262553241,02,SUCCESSFUL,PRIME_TARGETED_FIXED,/Date(1755626548514)/,60906.751718900465,8.9222907,-5.6487669,f,ImageModel,f,/Date(1755631047436)/,60906.80378976852,,0.0,2025231T224234693_001_osf.xml,1,,2-POINT,f,CALCULATED_TRACK_TR_202111,10.3,238.3314593282761,34.52009314722027,24.30736717836303,f,Calibration,Telescope/sky background,GSC32,0.1461052940658682,0.0,224.778,POLYGON ICRS 24.281427 34.523122 24.292693 34.505028 24.326724 34.519015 24.315424 34.537349 POLYGON ICRS 24.275705 34.532813 24.280198 34.525405 24.289207 34.529195 24.284692 34.536620,2.0.0,RELEASE,jwst_1535.pmap,13.1.13,OPEN,,NEGATIVE,,IMAGER,,A,A,29724480,5169301d922a54c6e4ed20d222702ca6,/Date(1780718204804)/,61197.16440744213,/Date(1780718303931)/,61197.16555474537,61,/Date(1787188591000)/,61272.053136574075,False,False,False,6533346,"GO-7973 Rogers, Noah Sidney James",F1130W,MIRI-F1130W,,,,,,,,,,,,,,,,,,,,,,,,,,,,,POLYGON ICRS  24.309291952 34.547106106 24.275465504 34.532886848 24.292755598 34.504883368 24.326788262 34.518863049,24.30409593890111,34.52114561926692,JWST,IR,JWST,CAOM,F1130W,HS0134+3415-BKG,"Rogers, Noah Sidney James",7973,MIRI,POLYGON ICRS 24.281427 34.523122 24.292693 34.505028 24.326724 34.519015 24.315424 34.537349 POLYGON ICRS 24.275705 34.532813 24.280198 34.525405 24.289207 34.529195 24.284692 34.536620,60906.80378976852,60906.80693738426,291.379,Mid-Infrared Abundances of Gaseous Environments (MIRAGE): A MIR Approach to the Abundance Discrepancy,61272.053136574075,GO,MI.F1130W,2026-08-20 01:16:31.000,2025-08-19 19:17:27.436,mast:JWST/product/jw07973010001_02105_00001_mirimage_rate.fits,mast:JWST/product/jw07973010001_02105_00001_mirimage_rate.fits
232497020,jw07973009001_02101_00001_mirimage_cal.fits,jw07973009001_02101_00001,2b,01,MIRIM_FULL,jw07973_20260606t024035_pool.csv,jw07973-o009_20260606t024035_image2_00012_asn.json,233.9906363748014,60906.82663696628,t,60906.825063023854,60906.82348908144,GO,,7,f,/Date(1780718077326)/,61197.16293201389,/Date(1755632787420)/,60906.82392847222,/Date(1755632515466)/,60906.820780856484,MIRIMAGE,0,0,271.954,291.379,32.375,OK,MIR_IMAGE,1,60906.82392847222,60906.82235466435,1,PRIME,60906.820780856484,1,1,NBXT000382,0,34.69998995713078,12.97007942199707,1,24.32092616922988,/Date(1755632215325)/,60906.81730701389,/Date(1755632127261)/,60906.81628773148,0.011118236,0.009419995360076427,0.0155243091,236.94218003656715,60906.82667112759,f,60906.8250971852,60906.82352324283,MIRI,f,OFF,0.0,/Date(946684800000)/,51544,0.0,12,1,10,9,1,0,1,4,60909.162086944445,V07973009001P0000000002101,9,HS0134+3415,STSCI,FINEGUIDE,"Rogers, Noah Sidney James",MIRIFU_CHANNEL1A,PRDOPSSOC-073,7973,34.51963055555555,24.307156249999995,60904.85683956018,FASTR1,493,Nearby Galaxies to Cosmic Noon,2026_1a,1,2,FULL,,1032,1024,1,1,34.51963055555555,24.30715625,HS0134+3415,f,HS0134+3415,FIXED,0.1,0.1,JWST,MIRI Medium Resolution Spectroscopy,2.77504,2.775,UTC,Mid-Infrared Abundances of Gaseous Environments (MIRAGE): A MIR Approach to the Abundance Discrepancy,10,f,1,07973009001,/Date(1755637640472)/,60906.88009806713,02,SUCCESSFUL,PRIME_TARGETED_FIXED,/Date(1755631814941)/,60906.81267291667,0.1638621,-0.4488829,f,ImageModel,f,/Date(1755632515466)/,60906.820780856484,,0.0,2025231T224649085_001_osf.xml,1,,4-POINT,f,CALCULATED_TRACK_TR_202111,10.3,238.3519716603072,34.53837388355692,24.317149096582515,f,Galaxy,Blue compact dwarf galaxies,GSC32,0.14799027922059657,0.0,224.778,POLYGON ICRS 24.291210 34.541419 24.302468 34.523321 24.336506 34.537299 24.325213 34.555636 POLYGON ICRS 24.285492 34.551112 24.289982 34.543702 24.298993 34.547490 24.294481 34.554916,2.0.0,RELEASE,jwst_1535.pmap,13.1.13,OPEN,,NEGATIVE,EXTENDED-SOURCE,ALL_MRS,,A,A,29721600,b9ea68a205fc62486359ebc20a6d6f7b,/Date(1780718319155)/,61197.16573097222,/Date(1780718470601)/,61197.16748379629,61,/Date(1787190313000)/,61272.073067129626,False,False,False,6533371,"GO-7973 Rogers, Noah Sidney James",F770W,MIRI-F770W,,,,,,,,,,,,,,,,,,,,,,,,,,,,,POLYGON ICRS  24.319055387 34.565383642 24.285219358 34.551167010 24.302509393 34.523162171 24.336551997 34.537138974,24.313878165551,34.53943577129541,JWST,IR,JWST,CAOM,F770W,HS0134+3415,"Rogers, Noah Sidney James",7973,MIRI,POLYGON ICRS 24.291210 34.541419 24.302468 34.523321 24.336506 34.537299 24.325213 34.555636 POLYGON ICRS 24.285492 34.551112 24.289982 34.543702 24.298993 34.547490 24.294481 34.554916,60906.820780856484,60906.82392847222,291.379,Mid-Infrared Abundances of Gaseous Environments (MIRAGE): A MIR Approach to the Abundance Discrepancy,61272.073067129626,GO,MI.F770W,2026-08-20 01:45:13.000,2025-08-19 19:41:55.466,mast:JWST/product/jw07973009001_02101_00001_mirimage_rate.fits,mast:JWST/product/jw07973009001_02101_00001_mirimage_rate.fits
232497104,jw07973009001_02103_00001_mirimage_cal.fits,jw07973009001_02103_00001,2b,03,MIRIM_FULL,jw07973_20260606t024035_pool.csv,jw07973-o009_20260606t024035_image2_00008_asn.json,234.1474506771192,60906.84786914003,t,60906.84629519762,60906.84472125521,GO,,7,f,/Date(1780718073618)/,61197.162889074076,/Date(1755634621723)/,60906.84515883102,/Date(1755634349769)/,60906.84201122685,MIRIMAGE,0,0,271.954,291.379,32.375,OK,MIR_IMAGE,5,60906.84515883102,60906.84358502315,1,PRIME,60906.842011215274,1,1,NBXT000382,0,34.69998995713078,12.97007942199707,1,24.32092616922988,/Date(1755632215325)/,60906.81730701389,/Date(1755632127261)/,60906.81628773148,0.011118236,0.009419995360076427,0.0155243091,237.09894341882318,60906.84790330074,f,60906.84632935838,60906.84475541601,MIRI,f,OFF,0.0,/Date(946684800000)/,51544,0.0,12,1,10,9,1,0,1,4,60909.162086944445,V07973009001P0000000002103,9,HS0134+3415,STSCI,FINEGUIDE,"Rogers, Noah Sidney James",MIRIFU_CHANNEL1A,PRDOPSSOC-073,7973,34.51963055555555,24.307156249999995,60904.85683956018,FASTR1,493,Nearby Galaxies to Cosmic Noon,2026_1a,1,2,FULL,,1032,1024,1,1,34.51963055555555,24.30715625,HS0134+3415,f,HS0134+3415,FIXED,0.1,0.1,JWST,MIRI Medium Resolution Spectroscopy,2.77504,2.775,UTC,Mid-Infrared Abundances of Gaseous Environments (MIRAGE): A MIR Approach to the Abundance Discrepancy,10,f,1,07973009001,/Date(1755637640472)/,60906.88009806713,02,SUCCESSFUL,PRIME_TARGETED_FIXED,/Date(1755631814941)/,60906.81267291667,0.1638621,-0.4488829,f,ImageModel,f,/Date(1755634349769)/,60906.84201122685,,0.0,2025231T225103483_001_osf.xml,1,,4-POINT,f,CALCULATED_TRACK_TR_202111,10.3,238.3519716603072,34.538374721107004,24.317151300977127,f,Galaxy,Blue compact dwarf galaxies,GSC32,0.13942733158303655,0.0,224.778,POLYGON ICRS 24.291210 34.541419 24.302468 34.523321 24.336506 34.537299 24.325213 34.555636 POLYGON ICRS 24.285492 34.551112 24.289982 34.543702 24.298993 34.547490 24.294481 34.554916,2.0.0,RELEASE,jwst_1535.pmap,13.1.13,OPEN,,NEGATIVE,EXTENDED-SOURCE,ALL_MRS,,A,A,29721600,c5da3f62b166f648be800a3aedef8b47,/Date(1780718357572)/,61197.16617561343,/Date(1780718501586)/,61197.16784243056,61,/Date(1787190278000)/,61272.07266203704,False,False,False,6533460,"GO-7973 Rogers, Noah Sidney James",F1000W,MIRI-F1000W,,,,,,,,,,,,,,,,,,,,,,,,,,,,,POLYGON ICRS  24.319073177 34.565395471 24.285237651 34.551179275 24.302527754 34.523174208 24.336569778 34.537151014,24.313878165551,34.53943577129541,JWST,IR,JWST,CAOM,F1000W,HS0134+3415,"Rogers, Noah Sidney James",7973,MIRI,POLYGON ICRS 24.291210 34.541419 24.302468 34.523321 24.336506 34.537299 24.325213 34.555636 POLYGON ICRS 24.285492 34.551112 24.289982 34.543702 24.298993 34.547490 24.294481 34.554916,60906.842011215274,60906.84515883102,291.379,Mid-Infrared Abundances of Gaseous Environments (MIRAGE): A MIR Approach to the Abundance Discrepancy,61272.07266203704,GO,MI.F1000W,2026-08-20 01:44:38.000,2025-08-19 20:12:29.769,mast:JWST/product/jw07973009001_02103_00001_mirimage_rate.fits,mast:JWST/product/jw07973009001_02103_00001_mirimage_rate.fits
232497176,jw07973009001_02105_00001_mirimage_cal.fits,jw07973009001_02105_00001,2b,05,MIRIM_FULL,jw07973_20260606t024035_pool.csv,jw07973-o009_20260606t024035_image2_00004_asn.json,234.29784402251244,60906.86823456121,t,60906.86666061883,60906.86508667644,GO,,7,f,/Date(1780718072929)/,61197.16288113426,/Date(1755636381145)/,60906.86552252315,/Date(1755636109191)/,60906.86237488426,MIRIMAGE,0,0,271.954,291.379,32.375,OK,MIR_IMAGE,9,60906.86552251157,60906.86394870371,1,PRIME,60906.862374895834,1,1,NBXT000382,0,34.69998995713078,12.97007942199707,1,24.32092616922988,/Date(1755632215325)/,60906.81730701389,/Date(1755632127261)/,60906.81628773148,0.011118236,0.009419995360076427,0.0155243091,237.2492883587256,60906.86826872135,f,60906.86669477902,60906.86512083667,MIRI,f,OFF,0.0,/Date(946684800000)/,51544,0.0,12,1,10,9,1,0,1,4,60909.162086944445,V07973009001P0000000002105,9,HS0134+3415,STSCI,FINEGUIDE,"Rogers, Noah Sidney James",MIRIFU_CHANNEL1A,PRDOPSSOC-073,7973,34.51963055555555,24.307156249999995,60904.85683956018,FASTR1,493,Nearby Galaxies to Cosmic Noon,2026_1a,1,2,FULL,,1032,1024,1,1,34.51963055555555,24.30715625,HS0134+3415,f,HS0134+3415,FIXED,0.1,0.1,JWST,MIRI Medium Resolution Spectroscopy,2.77504,2.775,UTC,Mid-Infrared Abundances of Gaseous Environments (MIRAGE): A MIR Approach to the Abundance Discrepancy,10,f,1,07973009001,/Date(1755637640472)/,60906.88009806713,02,SUCCESSFUL,PRIME_TARGETED_FIXED,/Date(1755631814941)/,60906.81267291667,0.1638621,-0.4488829,f,ImageModel,f,/Date(1755636109191)/,60906.86237488426,,0.0,2025231T225511106_001_osf.xml,1,,4-POINT,f,CALCULATED_TRACK_TR_202111,10.3,238.3519716603072,34.53837552240328,24.317152758831593,f,Galaxy,Blue compact dwarf galaxies,GSC32,0.14890909107993655,0.0,224.778,POLYGON ICRS 24.291210 34.541419 24.302468 34.523321 24.336506 34.537299 24.325213 34.555636 POLYGON ICRS 24.285492 34.551112 24.289982 34.543702 24.298993 34.547490 24.294481 34.554916,2.0.0,RELEASE,jwst_1535.pmap,13.1.13,OPEN,,NEGATIVE,EXTENDED-SOURCE,ALL_MRS,,A,A,29721600,bb2acccbe508bc82aadbd5a77450dff5,/Date(1780718373433)/,61197.16635917824,/Date(1780718526321)/,61197.168128703706,61,/Date(1787190268000)/,61272.072546296295,False,False,False,6533530,"GO-7973 Rogers, Noah Sidney James",F1130W,MIRI-F1130W,,,,,,,,,,,,,,,,,,,,,,,,,,,,,POLYGON ICRS  24.319076755 34.565387064 24.285240996 34.551170841 24.302531186 34.523165812 24.336573167 34.537142436,24.313878165551,34.53943577129541,JWST,IR,JWST,CAOM,F1130W,HS0134+3415,"Rogers, Noah Sidney James",7973,MIRI,POLYGON ICRS 24.291210 34.541419 24.302468 34.523321 24.336506 34.537299 24.325213 34.555636 POLYGON ICRS 24.285492 34.551112 24.289982 34.543702 24.298993 34.547490 24.294481 34.554916,60906.862374895834,60906.86552251157,291.379,Mid-Infrared Abundances of Gaseous Environments (MIRAGE): A MIR Approach to the Abundance Discrepancy,61272.072546296295,GO,MI.F1130W,2026-08-20 01:44:28.000,2025-08-19 20:41:49.191,mast:JWST/product/jw07973009001_02105_00001_mirimage_rate.fits,mast:JWST/product/jw07973009001_02105_00001_mirimage_rate.fits
244093297,jw09548001001_02101_00001_mirimage_cal.fits,jw09548001001_02101_00001,2b,01,MIRIM_FULL,jw09548_20260719t013322_pool.csv,jw09548-o001_20260719t013322_image2_00018_asn.json,361.44856377504766,60998.166637396476,f,60998.166316184135,60998.1659949718,DD,,7,f,/Date(1784432107498)/,61240.149392314815,/Date(1763524436018)/,60998.16245388889,/Date(1763524380517)/,60998.161811527774,MIRIMAGE,0,0,55.501,55.501,55.501,OK,MIR_IMAGE,1,60998.16245391204,60998.162132725694,1,PRIME,60998.16181153935,1,1,N8JG000512,0,21.09192411204175,12.53608894348145,1,112.4257974832971,/Date(1763524223282)/,60998.15999170139,/Date(1763523981618)/,60998.15719462963,0.0113219311,0.008249553851783276,0.01265944,363.4334761882201,60998.166660370014,f,60998.166339157666,60998.166017945325,MIRI,f,OFF,0.000789,/Date(946684800000)/,51544,-0.001613,18,1,20,1,1,0,1,6,60999.4121271412,V09548001001P0000000002101,1,Double-Shell-PN-MIRI,STSCI,FINEGUIDE,"Garcia Marin, Macarena",MIRIM_ILLUM,PRDOPSSOC-073,9548,20.91179722222222,112.29486291666664,60995.36074145833,FASTR1,493,,2026_1b,1,2,FULL,,1032,1024,1,1,20.9118028951509,112.29485050137569,Double-Shell-PN,f,Double-Shell-PN,FIXED,0.1,0.1,JWST,MIRI Imaging,2.77504,2.775,UTC,NIRCam and MIRI observations of a double-shell planteray nebula,10,f,1,09548001001,/Date(1763527102767)/,60998.19331905092,02,SUCCESSFUL,PRIME_TARGETED_FIXED,/Date(1763522447668)/,60998.13944057871,7.9781515,7.0166942,f,ImageModel,f,/Date(1763524380517)/,60998.161811527774,,0.0,2025323T134647934_001_osf.xml,1,DEFAULT,CYCLING,f,CALCULATED_TRACK_TR_202111,11.0,279.1180930229213,20.9130169401178,112.30111336626295,f,Star,Planetary nebulae nuclei; White dwarfs,GSC32,0.25452035732437867,0.0,52.726,POLYGON ICRS 112.283696 20.927191 112.278567 20.907428 112.311075 20.899702 112.316350 20.919666 POLYGON ICRS 112.286652 20.937609 112.284473 20.929582 112.293139 20.927602 112.295316 20.935655,2.0.1,RELEASE,jwst_1535.pmap,13.1.13,OPEN,4,,,,6,A,A,29721600,624adea069e6c12c67279401aceffdc6,/Date(1784432796797)/,61240.15737032407,/Date(1784432939545)/,61240.15902252315,61,/Date(1786370400000)/,61262.583333333336,False,False,False,6937668,"DD-9548 Garcia Marin, Macarena",F770W,MIRI-F770W,,,,,,,,,,,,,,,,,,,,,,,,,,,,,POLYGON ICRS  112.319084759 20.930368543 112.286544514 20.937778288 112.278537175 20.907263065 112.311050763 20.899561140,112.29745345877652,20.913494130380688,JWST,IR,JWST,CAOM,F770W,Double-Shell-PN,"Garcia Marin, Macarena",9548,MIRI,POLYGON ICRS 112.283696 20.927191 112.278567 20.907428 112.311075 20.899702 112.316350 20.919666 POLYGON ICRS 112.286652 20.937609 112.284473 20.929582 112.293139 20.927602 112.295316 20.935655,60998.16181153935,60998.16245391204,55.501,NIRCam and MIRI observations of a double-shell planteray nebula,61262.583333333336,DD,MI.F770W,2026-08-10 14:00:00.000,2025-11-19 03:53:00.517,mast:JWST/product/jw09548001001_02101_00001_mirimage_rate.fits,mast:JWST/product/jw09548001001_02101_00001_mirimage_rate.fits
244093100,jw09548001001_02103_00001_mirimage_cal.fits,jw09548001001_02103_00001,2b,03,MIRIM_FULL,jw09548_20260719t013322_pool.csv,jw09548-o001_20260719t013322_image2_00012_asn.json,361.52671601157635,60998.177815326475,f,60998.17749411414,60998.17717290181,DD,,7,f,/Date(1784432043619)/,61240.14865300926,/Date(1763525401713)/,60998.1736309375,/Date(1763525346212)/,60998.17298857639,MIRIMAGE,0,0,55.501,55.501,55.501,OK,MIR_IMAGE,7,60998.1736309375,60998.17330975116,1,PRIME,60998.17298856482,1,1,N8JG000512,0,21.09192411204175,12.53608894348145,1,112.4257974832971,/Date(1763524223282)/,60998.15999170139,/Date(1763523981618)/,60998.15719462963,0.0113219311,0.008249553851783276,0.01265944,363.5116441408172,60998.17783830019,f,60998.17751708785,60998.17719587551,MIRI,f,OFF,0.000789,/Date(946684800000)/,51544,-0.001613,18,1,20,1,1,0,1,6,60999.4121271412,V09548001001P0000000002103,1,Double-Shell-PN-MIRI,STSCI,FINEGUIDE,"Garcia Marin, Macarena",MIRIM_ILLUM,PRDOPSSOC-073,9548,20.91179722222222,112.29486291666664,60995.36074145833,FASTR1,493,,2026_1b,1,2,FULL,,1032,1024,1,1,20.911802895157606,112.29485050136101,Double-Shell-PN,f,Double-Shell-PN,FIXED,0.1,0.1,JWST,MIRI Imaging,2.77504,2.775,UTC,NIRCam and MIRI observations of a double-shell planteray nebula,10,f,1,09548001001,/Date(1763527102767)/,60998.19331905092,02,SUCCESSFUL,PRIME_TARGETED_FIXED,/Date(1763522447668)/,60998.13944057871,7.9781515,7.0166942,f,ImageModel,f,/Date(1763525346212)/,60998.17298857639,,0.0,2025323T134647934_001_osf.xml,1,DEFAULT,CYCLING,f,CALCULATED_TRACK_TR_202111,11.0,279.1180930229213,20.91301874836496,112.3011113348951,f,Star,Planetary nebulae nuclei; White dwarfs,GSC32,0.24023614821216568,0.0,52.726,POLYGON ICRS 112.283696 20.927191 112.278567 20.907428 112.311075 20.899702 112.316350 20.919666 POLYGON ICRS 112.286652 20.937609 112.284473 20.929582 112.293139 20.927602 112.295316 20.935655,2.0.1,RELEASE,jwst_1535.pmap,13.1.13,OPEN,4,,,,6,A,A,29721600,ce58bd0dc44d540e39dc5e518c854774,/Date(1784432667209)/,61240.15587048611,/Date(1784432879729)/,61240.15833020833,61,/Date(1786370400000)/,61262.583333333336,False,False,False,6937697,"DD-9548 Garcia Marin, Macarena",F1000W,MIRI-F1000W,,,,,,,,,,,,,,,,,,,,,,,,,,,,,POLYGON ICRS  112.319102222 20.930369787 112.286562753 20.937780089 112.278554762 20.907264781 112.311067825 20.899562672,112.29745345877652,20.913494130380688,JWST,IR,JWST,CAOM,F1000W,Double-Shell-PN,"Garcia Marin, Macarena",9548,MIRI,POLYGON ICRS 112.283696 20.927191 112.278567 20.907428 112.311075 20.899702 112.316350 20.919666 POLYGON ICRS 112.286652 20.937609 112.284473 20.929582 112.293139 20.927602 112.295316 20.935655,60998.17298856482,60998.1736309375,55.501,NIRCam and MIRI observations of a double-shell planteray nebula,61262.583333333336,DD,MI.F1000W,2026-08-10 14:00:00.000,2025-11-19 04:09:06.212,mast:JWST/product/jw09548001001_02103_00001_mirimage_rate.fits,mast:JWST/product/jw09548001001_02103_00001_mirimage_rate.fits
244092743,jw09548001001_02105_00001_mirimage_cal.fits,jw09548001001_02105_00001,2b,05,MIRIM_FULL,jw09548_20260719t013322_pool.csv,jw09548-o001_20260719t013322_image2_00006_asn.json,361.6021694848314,60998.188608780794,f,60998.18828756846,60998.18796635613,DD,,7,f,/Date(1784432030182)/,61240.14849748842,/Date(1763526334192)/,60998.184423530096,/Date(1763526278691)/,60998.183781134256,MIRIMAGE,0,0,55.501,55.501,55.501,OK,MIR_IMAGE,13,60998.18442351852,60998.184102332176,1,PRIME,60998.18378114583,1,1,N8JG000512,0,21.09192411204175,12.53608894348145,1,112.4257974832971,/Date(1763524223282)/,60998.15999170139,/Date(1763523981618)/,60998.15719462963,0.0113219311,0.008249553851783276,0.01265944,363.5871133301407,60998.18863175468,f,60998.18831054235,60998.187989330014,MIRI,f,OFF,0.000789,/Date(946684800000)/,51544,-0.001613,18,1,20,1,1,0,1,6,60999.4121271412,V09548001001P0000000002105,1,Double-Shell-PN-MIRI,STSCI,FINEGUIDE,"Garcia Marin, Macarena",MIRIM_ILLUM,PRDOPSSOC-073,9548,20.91179722222222,112.29486291666664,60995.36074145833,FASTR1,493,,2026_1b,1,2,FULL,,1032,1024,1,1,20.911802895164083,112.29485050134684,Double-Shell-PN,f,Double-Shell-PN,FIXED,0.1,0.1,JWST,MIRI Imaging,2.77504,2.775,UTC,NIRCam and MIRI observations of a double-shell planteray nebula,10,f,1,09548001001,/Date(1763527102767)/,60998.19331905092,02,SUCCESSFUL,PRIME_TARGETED_FIXED,/Date(1763522447668)/,60998.13944057871,7.9781515,7.0166942,f,ImageModel,f,/Date(1763526278691)/,60998.183781134256,,0.0,2025323T135432215_001_osf.xml,1,DEFAULT,CYCLING,f,CALCULATED_TRACK_TR_202111,11.0,279.1180930229213,20.913018568329292,112.30111217604261,f,Star,Planetary nebulae nuclei; White dwarfs,GSC32,0.2289830710070536,0.0,52.726,POLYGON ICRS 112.283696 20.927191 112.278567 20.907428 112.311075 20.899702 112.316350 20.919666 POLYGON ICRS 112.286652 20.937609 112.284473 20.929582 112.293139 20.927602 112.295316 20.935655,2.0.1,RELEASE,jwst_1535.pmap,13.1.13,OPEN,4,,,,6,A,A,29721600,72169786460b4880a8307b920d5748b1,/Date(1784432425793)/,61240.15307630787,/Date(1784432801402)/,61240.15742364583,61,/Date(1786370400000)/,61262.583333333336,False,False,False,6937765,"DD-9548 Garcia Marin, Macarena",F1500W,MIRI-F1500W,,,,,,,,,,,,,,,,,,,,,,,,,,,,,POLYGON ICRS  112.319107486 20.930375390 112.286568254 20.937785684 112.278560127 20.907270370 112.311073216 20.899568335,112.29745345877652,20.913494130380688,JWST,IR,JWST,CAOM,F1500W,Double-Shell-PN,"Garcia Marin, Macarena",9548,MIRI,POLYGON ICRS 112.283696 20.927191 112.278567 20.907428 112.311075 20.899702 112.316350 20.919666 POLYGON ICRS 112.286652 20.937609 112.284473 20.929582 112.293139 20.927602 112.295316 20.935655,60998.18378114583,60998.18442351852,55.501,NIRCam and MIRI observations of a double-shell planteray nebula,61262.583333333336,DD,MI.F1500W,2026-08-10 14:00:00.000,2025-11-19 04:24:38.691,mast:JWST/product/jw09548001001_02105_00001_mirimage_rate.fits,mast:JWST/product/jw09548001001_02105_00001_mirimage_rate.fits
244094801,jw09548002001_02101_00001_nrcb1_cal.fits,jw09548002001_02101_00001,2b,01,NRCB1_FULL,jw09548_20260719t013322_pool.csv,jw09548-o002_20260719t013322_image2_00090_asn.json,361.7421990260482,60998.21098390096,f,60998.20949256506,60998.208001229155,DD,,29,f,/Date(1784432925630)/,61240.15886145833,/Date(1763528267246)/,60998.2067968287,/Date(1763528009564)/,60998.20381438657,NRCB1,0,0,257.682,257.682,257.682,OK,NRC_IMAGE,1,60998.2067968287,60998.205305613425,1,PRIME,60998.20381439815,1,4,N8JG000559,1,20.9841191193373,12.86337852478027,1,112.3580101011344,/Date(1763527848238)/,60998.20194717593,/Date(1763527608623)/,60998.199173877314,0.0185377859,0.009604998864233494,0.0220810063,363.72717053163797,60998.21100687521,f,60998.20951553929,60998.20802420336,NIRCAM,f,,0.000789,/Date(946684800000)/,51544,-0.001613,18,4,5,1,1,0,1,6,60999.4121271412,V09548002001P0000000002101,2,Double-Shell-PN-NIRCam,STSCI,FINEGUIDE,"Garcia Marin, Macarena",NRCBS_FULL,PRDOPSSOC-073,9548,20.91179722222222,112.29486291666664,60995.36074145833,SHALLOW4,486,,2026_1b,1,-2,FULL,,2048,2048,1,1,20.911802895176805,112.294850501319,Double-Shell-PN,f,Double-Shell-PN,FIXED,0.1,0.1,JWST,NIRCam Imaging,10.73677,53.684,UTC,NIRCam and MIRI observations of a double-shell planteray nebula,10,f,1,09548002001,/Date(1763534502184)/,60998.27896045139,02,SUCCESSFUL,PRIME_TARGETED_FIXED,/Date(1763527106863)/,60998.19336646991,-2.9000084,-3.0999999,t,ImageModel,f,/Date(1763528009564)/,60998.20381438657,,0.0,2025323T135040356_002_osf.xml,1,,INTRAMODULEBOX,f,CALCULATED_TRACK_TR_202111,11.0,279.1718534269444,20.90173069258175,112.28440134610113,f,Star,Planetary nebulae nuclei; White dwarfs,GSC32,0.04868497259436897,0.33974780756406997,214.735,POLYGON ICRS 112.273007 20.912216 112.269927 20.895074 112.288397 20.892085 112.291552 20.909408,2.0.1,RELEASE,jwst_1535.pmap,13.1.13,,,,,,,,,117573120,d8129d5a7185eb55c554346a78ec9b50,/Date(1784433117403)/,61240.161081053244,/Date(1784433460291)/,61240.16504965278,68,/Date(1786370400000)/,61262.583333333336,False,False,False,6937826,"DD-9548 Garcia Marin, Macarena",F187N-CLEAR,NIRCAM-F187N,6,1,4,SHORT,0,0,0,0,0,0,NULL,NULL,NULL,0,0,0,0,0,0,B,f,CLEAR,STANDARD,6,,,,,POLYGON ICRS  112.291557883 20.909403488 112.273010238 20.912203745 112.269939821 20.895058581 112.288409171 20.892077927,112.280738102088,20.902196311167437,JWST,IR,JWST,CAOM,F187N,Double-Shell-PN,"Garcia Marin, Macarena",9548,NIRCAM,POLYGON ICRS 112.273007 20.912216 112.269927 20.895074 112.288397 20.892085 112.291552 20.909408,60998.20381439815,60998.2067968287,257.682,NIRCam and MIRI observations of a double-shell planteray nebula,61262.583333333336,DD,NC.F187N,2026-08-10 14:00:00.000,2025-11-19 04:53:29.564,mast:JWST/product/jw09548002001_02101_00001_nrcb1_rate.fits,mast:JWST/product/jw09548002001_02101_00001_nrcb1_rate.fits
244095436,jw09548002001_02101_00001_nrcblong_cal.fits,jw09548002001_02101_00001,2b,01,NRCB5_FULL,jw09548_20260719t013322_pool.csv,jw09548-o002_20260719t013322_image2_00086_asn.json,361.7422046838328,60998.21098464176,f,60998.20949330586,60998.208001969964,DD,,29,f,/Date(1784432912615)/,61240.15871083333,/Date(1763528267310)/,60998.206797569444,/Date(1763528009628)/,60998.20381511574,NRCBLONG,0,0,257.682,257.682,257.682,OK,NRC_IMAGE,1,60998.206797569444,60998.20530635417,1,PRIME,60998.20381513889,1,4,N8JG000559,1,20.9841191193373,12.86337852478027,1,112.3580101011344,/Date(1763527848238)/,60998.20194717593,/Date(1763527608623)/,60998.199173877314,0.0185377859,0.009604998864233494,0.0220810063,363.72717556077987,60998.21100761602,f,60998.20951628009,60998.208024944164,NIRCAM,f,,0.000789,/Date(946684800000)/,51544,-0.001613,18,4,5,1,1,0,1,6,60999.4121271412,V09548002001P0000000002101,2,Double-Shell-PN-NIRCam,STSCI,FINEGUIDE,"Garcia Marin, Macarena",NRCBS_FULL,PRDOPSSOC-073,9548,20.91179722222222,112.29486291666664,60995.36074145833,SHALLOW4,490,,2026_1b,1,-2,FULL,,2048,2048,1,1,20.911802895176805,112.29485050131899,Double-Shell-PN,f,Double-Shell-PN,FIXED,0.1,0.1,JWST,NIRCam Imaging,10.73677,53.684,UTC,NIRCam and MIRI observations of a double-shell planteray nebula,10,f,1,09548002001,/Date(1763534502184)/,60998.27896045139,02,SUCCESSFUL,PRIME_TARGETED_FIXED,/Date(1763527106863)/,60998.19336646991,-2.9000084,-3.0999999,t,ImageModel,f,/Date(1763528009628)/,60998.20381511574,,0.0,2025323T135040356_002_osf.xml,1,,INTRAMODULEBOX,f,CALCULATED_TRACK_TR_202111,11.0,279.1718534269444,20.909300881852953,112.29584125226366,f,Star,Planetary nebulae nuclei; White dwarfs,GSC32,0.21166177382546278,0.4385633463653844,214.735,POLYGON ICRS 112.276149 20.930153 112.270175 20.895138 112.308063 20.888973 112.314471 20.924800,2.0.1,RELEASE,jwst_1535.pmap,13.1.13,,,,,,,,,117573120,b440af000d88f9bbab2e4ec0ef444de3,/Date(1784433400156)/,61240.164353657405,/Date(1784433582402)/,61240.16646299769,68,/Date(1786370400000)/,61262.583333333336,False,False,False,6937826,"DD-9548 Garcia Marin, Macarena",F335M-CLEAR,NIRCAM-F335M,6,1,4,LONG,0,0,0,0,0,0,NULL,NULL,NULL,0,0,0,0,0,0,B,f,CLEAR,STANDARD,6,,,,,POLYGON ICRS  112.314469122 20.924808392 112.276136833 20.930147204 112.270182849 20.895127827 112.308071670 20.888976422,112.29229500227194,20.90977645853779,JWST,IR,JWST,CAOM,F335M,Double-Shell-PN,"Garcia Marin, Macarena",9548,NIRCAM,POLYGON ICRS 112.276149 20.930153 112.270175 20.895138 112.308063 20.888973 112.314471 20.924800,60998.20381513889,60998.206797569444,257.682,NIRCam and MIRI observations of a double-shell planteray nebula,61262.583333333336,DD,NC.F335M,2026-08-10 14:00:00.000,2025-11-19 04:53:29.628,mast:JWST/product/jw09548002001_02101_00001_nrcblong_rate.fits,mast:JWST/product/jw09548002001_02101_00001_nrcblong_rate.fits
244094873,jw09548002001_02103_00001_nrcb1_cal.fits,jw09548002001_02103_00001,2b,03,NRCB1_FULL,jw09548_20260719t013322_pool.csv,jw09548-o002_20260719t013322_image2_00060_asn.json,361.92282002884895,60998.236834116404,f,60998.235342780536,60998.233851444675,DD,,29,f,/Date(1784432532106)/,61240.15430678241,/Date(1763530500524)/,60998.23264494213,/Date(1763530242842)/,60998.22966253472,NRCB1,0,0,257.682,257.682,257.682,OK,NRC_IMAGE,7,60998.23264495371,60998.23115373842,1,PRIME,60998.22966252315,1,4,N8JG000559,1,20.9841191193373,12.86337852478027,1,112.3580101011344,/Date(1763527848238)/,60998.20194717593,/Date(1763527608623)/,60998.199173877314,0.0185377859,0.009604998864233494,0.0220810063,363.9078279957175,60998.23685709108,f,60998.23536575519,60998.233874419304,NIRCAM,f,,0.000789,/Date(946684800000)/,51544,-0.001613,18,4,5,1,1,0,1,6,60999.4121271412,V09548002001P0000000002103,2,Double-Shell-PN-NIRCam,STSCI,FINEGUIDE,"Garcia Marin, Macarena",NRCBS_FULL,PRDOPSSOC-073,9548,20.91179722222222,112.29486291666664,60995.36074145833,SHALLOW4,486,,2026_1b,1,-2,FULL,,2048,2048,1,1,20.911802895192316,112.29485050128505,Double-Shell-PN,f,Double-Shell-PN,FIXED,0.1,0.1,JWST,NIRCam Imaging,10.73677,53.684,UTC,NIRCam and MIRI observations of a double-shell planteray nebula,10,f,1,09548002001,/Date(1763534502184)/,60998.27896045139,02,SUCCESSFUL,PRIME_TARGETED_FIXED,/Date(1763527106863)/,60998.19336646991,-2.9000084,-3.0999999,t,ImageModel,f,/Date(1763530242842)/,60998.22966253472,,0.0,2025323T135827096_002_osf.xml,1,,INTRAMODULEBOX,f,CALCULATED_TRACK_TR_202111,11.0,279.1718534269444,20.901730500136306,112.28440357129797,f,Star,Planetary nebulae nuclei; White dwarfs,GSC32,0.04715499717337783,0.3730564161487827,214.735,POLYGON ICRS 112.273007 20.912216 112.269927 20.895074 112.288397 20.892085 112.291552 20.909408,2.0.1,RELEASE,jwst_1535.pmap,13.1.13,,,,,,,,,117573120,832419b38083464ab2d7e0424691f935,/Date(1784433120230)/,61240.161113773145,/Date(1784433490742)/,61240.16540211806,68,/Date(1786370400000)/,61262.583333333336,False,False,False,6938180,"DD-9548 Garcia Marin, Macarena",F212N-CLEAR,NIRCAM-F212N,6,1,4,SHORT,0,0,0,0,0,0,NULL,NULL,NULL,0,0,0,0,0,0,B,f,CLEAR,STANDARD,6,,,,,POLYGON ICRS  112.291556799 20.909403503 112.273009635 20.912204033 112.269939214 20.895059221 112.288407889 20.892078593,112.280738102088,20.902196311167437,JWST,IR,JWST,CAOM,F212N,Double-Shell-PN,"Garcia Marin, Macarena",9548,NIRCAM,POLYGON ICRS 112.273007 20.912216 112.269927 20.895074 112.288397 20.892085 112.291552 20.909408,60998.22966252315,60998.23264495371,257.682,NIRCam and MIRI observations of a double-shell planteray nebula,61262.583333333336,DD,NC.F212N,2026-08-10 14:00:00.000,2025-11-19 05:30:42.842,mast:JWST/product/jw09548002001_02103_00001_nrcb1_rate.fits,mast:JWST/product/jw09548002001_02103_00001_nrcb1_rate.fits
244094631,jw09548002001_02103_00001_nrcblong_cal.fits,jw09548002001_02103_00001,2b,03,NRCB5_FULL,jw09548_20260719t013322_pool.csv,jw09548-o002_20260719t013322_image2_00056_asn.json,361.92282002884895,60998.236834116404,f,60998.235342780536,60998.233851444675,DD,,29,f,/Date(1784432468154)/,61240.15356658565,/Date(1763530500524)/,60998.23264494213,/Date(1763530242842)/,60998.22966253472,NRCBLONG,0,0,257.682,257.682,257.682,OK,NRC_IMAGE,7,60998.23264495371,60998.23115373842,1,PRIME,60998.22966252315,1,4,N8JG000559,1,20.9841191193373,12.86337852478027,1,112.3580101011344,/Date(1763527848238)/,60998.20194717593,/Date(1763527608623)/,60998.199173877314,0.0185377859,0.009604998864233494,0.0220810063,363.9078279957175,60998.23685709108,f,60998.23536575519,60998.233874419304,NIRCAM,f,,0.000789,/Date(946684800000)/,51544,-0.001613,18,4,5,1,1,0,1,6,60999.4121271412,V09548002001P0000000002103,2,Double-Shell-PN-NIRCam,STSCI,FINEGUIDE,"Garcia Marin, Macarena",NRCBS_FULL,PRDOPSSOC-073,9548,20.91179722222222,112.29486291666664,60995.36074145833,SHALLOW4,490,,2026_1b,1,-2,FULL,,2048,2048,1,1,20.911802895192316,112.29485050128505,Double-Shell-PN,f,Double-Shell-PN,FIXED,0.1,0.1,JWST,NIRCam Imaging,10.73677,53.684,UTC,NIRCam and MIRI observations of a double-shell planteray nebula,10,f,1,09548002001,/Date(1763534502184)/,60998.27896045139,02,SUCCESSFUL,PRIME_TARGETED_FIXED,/Date(1763527106863)/,60998.19336646991,-2.9000084,-3.0999999,t,ImageModel,f,/Date(1763530242842)/,60998.22966253472,,0.0,2025323T135827096_002_osf.xml,1,,INTRAMODULEBOX,f,CALCULATED_TRACK_TR_202111,11.0,279.1718534269444,20.90930068863984,112.29584347853286,f,Star,Planetary nebulae nuclei; White dwarfs,GSC32,0.10852499820375823,0.449666215893622,214.735,POLYGON ICRS 112.276149 20.930153 112.270175 20.895138 112.308063 20.888973 112.314471 20.924800,2.0.1,RELEASE,jwst_1535.pmap,13.1.13,,,,,,,,,117573120,393cd9f40647e24637013525f093467b,/Date(1784433075020)/,61240.16059050926,/Date(1784433386450)/,61240.16419502315,68,/Date(1786370400000)/,61262.583333333336,False,False,False,6938180,"DD-9548 Garcia Marin, Macarena",F444W-F470N,NIRCAM-F444W-F470N,6,1,4,LONG,0,0,0,0,0,0,NULL,NULL,NULL,0,0,0,0,0,0,B,f,F470N,STANDARD,6,,,,,POLYGON ICRS  112.314485502 20.924853289 112.276135588 20.930193876 112.270180056 20.895160424 112.308083384 20.889006761,112.29229500227194,20.90977645853779,JWST,IR,JWST,CAOM,F444W,Double-Shell-PN,"Garcia Marin, Macarena",9548,NIRCAM,POLYGON ICRS 112.276149 20.930153 112.270175 20.895138 112.308063 20.888973 112.314471 20.924800,60998.22966252315,60998.23264495371,257.682,NIRCam and MIRI observations of a double-shell planteray nebula,61262.583333333336,DD,NC.F444W.F470N,2026-08-10 14:00:00.000,2025-11-19 05:30:42.842,mast:JWST/product/jw09548002001_02103_00001_nrcblong_rate.fits,mast:JWST/product/jw09548002001_02103_00001_nrcblong_rate.fits
244094174,jw09548002001_02105_00001_nrcb1_cal.fits,jw09548002001_02105_00001,2b,05,NRCB1_FULL,jw09548_20260719t013322_pool.csv,jw09548-o002_20260719t013322_image2_00030_asn.json,362.1025112690404,60998.26255987663,f,60998.26106854081,60998.25957720499,DD,,29,f,/Date(1784432299935)/,61240.15161962963,/Date(1763532723050)/,60998.25836863426,/Date(1763532465368)/,60998.25538618056,NRCB1,0,0,257.682,257.682,257.682,OK,NRC_IMAGE,13,60998.25836863426,60998.25687741898,1,PRIME,60998.2553862037,1,4,N8JG000559,1,20.9841191193373,12.86337852478027,1,112.3580101011344,/Date(1763527848238)/,60998.20194717593,/Date(1763527608623)/,60998.199173877314,0.0185377859,0.009604998864233494,0.0220810063,364.08755506854504,60998.26258285173,f,60998.26109151587,60998.259600180034,NIRCAM,f,,0.000789,/Date(946684800000)/,51544,-0.001613,18,4,5,1,1,0,1,6,60999.4121271412,V09548002001P0000000002105,2,Double-Shell-PN-NIRCam,STSCI,FINEGUIDE,"Garcia Marin, Macarena",NRCBS_FULL,PRDOPSSOC-073,9548,20.91179722222222,112.29486291666664,60995.36074145833,SHALLOW4,486,,2026_1b,1,-2,FULL,,2048,2048,1,1,20.911802895207753,112.29485050125128,Double-Shell-PN,f,Double-Shell-PN,FIXED,0.1,0.1,JWST,NIRCam Imaging,10.73677,53.684,UTC,NIRCam and MIRI observations of a double-shell planteray nebula,10,f,1,09548002001,/Date(1763534502184)/,60998.27896045139,02,SUCCESSFUL,PRIME_TARGETED_FIXED,/Date(1763527106863)/,60998.19336646991,-2.9000084,-3.0999999,t,ImageModel,f,/Date(1763532465368)/,60998.25538618056,,0.0,2025323T141027532_001_osf.xml,1,,INTRAMODULEBOX,f,CALCULATED_TRACK_TR_202111,11.0,279.1718534269444,20.901730191124365,112.28440586253134,f,Star,Planetary nebulae nuclei; White dwarfs,GSC32,0.0699314237236044,0.3686152683374877,214.735,POLYGON ICRS 112.273007 20.912216 112.269927 20.895074 112.288397 20.892085 112.291552 20.909408,2.0.1,RELEASE,jwst_1535.pmap,13.1.13,,,,,,,,,117573120,77078feccbe71ec656516c900b5ebb26,/Date(1784432974666)/,61240.15942900463,/Date(1784433140740)/,61240.16135115741,68,/Date(1786370400000)/,61262.583333333336,False,False,False,6938361,"DD-9548 Garcia Marin, Macarena",F115W-CLEAR,NIRCAM-F115W,6,1,4,SHORT,0,0,0,0,0,0,NULL,NULL,NULL,0,0,0,0,0,0,B,f,CLEAR,STANDARD,6,,,,,POLYGON ICRS  112.291558893 20.909403652 112.273011430 20.912203948 112.269941283 20.895059006 112.288410522 20.892078289,112.280738102088,20.902196311167437,JWST,IR,JWST,CAOM,F115W,Double-Shell-PN,"Garcia Marin, Macarena",9548,NIRCAM,POLYGON ICRS 112.273007 20.912216 112.269927 20.895074 112.288397 20.892085 112.291552 20.909408,60998.2553862037,60998.25836863426,257.682,NIRCam and MIRI observations of a double-shell planteray nebula,61262.583333333336,DD,NC.F115W,2026-08-10 14:00:00.000,2025-11-19 06:07:45.368,mast:JWST/product/jw09548002001_02105_00001_nrcb1_rate.fits,mast:JWST/product/jw09548002001_02105_00001_nrcb1_rate.fits
244094045,jw09548002001_02105_00001_nrcblong_cal.fits,jw09548002001_02105_00001,2b,05,NRCB5_FULL,jw09548_20260719t013322_pool.csv,jw09548-o002_20260719t013322_image2_00026_asn.json,362.1025112690404,60998.26255987663,f,60998.26106854081,60998.25957720499,DD,,29,f,/Date(1784432256269)/,61240.15111423611,/Date(1763532723050)/,60998.25836863426,/Date(1763532465368)/,60998.25538618056,NRCBLONG,0,0,257.682,257.682,257.682,OK,NRC_IMAGE,13,60998.25836863426,60998.25687741898,1,PRIME,60998.2553862037,1,4,N8JG000559,1,20.9841191193373,12.86337852478027,1,112.3580101011344,/Date(1763527848238)/,60998.20194717593,/Date(1763527608623)/,60998.199173877314,0.0185377859,0.009604998864233494,0.0220810063,364.08755506854504,60998.26258285173,f,60998.26109151587,60998.259600180034,NIRCAM,f,,0.000789,/Date(946684800000)/,51544,-0.001613,18,4,5,1,1,0,1,6,60999.4121271412,V09548002001P0000000002105,2,Double-Shell-PN-NIRCam,STSCI,FINEGUIDE,"Garcia Marin, Macarena",NRCBS_FULL,PRDOPSSOC-073,9548,20.91179722222222,112.29486291666664,60995.36074145833,SHALLOW4,490,,2026_1b,1,-2,FULL,,2048,2048,1,1,20.911802895207753,112.29485050125128,Double-Shell-PN,f,Double-Shell-PN,FIXED,0.1,0.1,JWST,NIRCam Imaging,10.73677,53.684,UTC,NIRCam and MIRI observations of a double-shell planteray nebula,10,f,1,09548002001,/Date(1763534502184)/,60998.27896045139,02,SUCCESSFUL,PRIME_TARGETED_FIXED,/Date(1763527106863)/,60998.19336646991,-2.9000084,-3.0999999,t,ImageModel,f,/Date(1763532465368)/,60998.25538618056,,0.0,2025323T141027532_001_osf.xml,1,,INTRAMODULEBOX,f,CALCULATED_TRACK_TR_202111,11.0,279.1718534269444,20.909300391581326,112.29584576114317,f,Star,Planetary nebulae nuclei; White dwarfs,GSC32,0.09882886224474835,0.41413703340326175,214.735,POLYGON ICRS 112.276149 20.930153 112.270175 20.895138 112.308063 20.888973 112.314471 20.924800,2.0.1,RELEASE,jwst_1535.pmap,13.1.13,,,,,,,,,117573120,b47af0b07bf32792e6d1578cdd7531c9,/Date(1784432943826)/,61240.15907206018,/Date(1784433119014)/,61240.1610996875,68,/Date(1786370400000)/,61262.583333333336,False,False,False,6938361,"DD-9548 Garcia Marin, Macarena",F444W-CLEAR,NIRCAM-F444W,6,1,4,LONG,0,0,0,0,0,0,NULL,NULL,NULL,0,0,0,0,0,0,B,f,CLEAR,STANDARD,6,,,,,POLYGON ICRS  112.314473240 20.924807843 112.276140014 20.930147374 112.270185418 20.895127551 112.308074899 20.888975334,112.29229500227194,20.90977645853779,JWST,IR,JWST,CAOM,F444W,Double-Shell-PN,"Garcia Marin, Macarena",9548,NIRCAM,POLYGON ICRS 112.276149 20.930153 112.270175 20.895138 112.308063 20.888973 112.314471 20.924800,60998.2553862037,60998.25836863426,257.682,NIRCam and MIRI observations of a double-shell planteray nebula,61262.583333333336,DD,NC.F444W,2026-08-10 14:00:00.000,2025-11-19 06:07:45.368,mast:JWST/product/jw09548002001_02105_00001_nrcblong_rate.fits,mast:JWST/product/jw09548002001_02105_00001_nrcblong_rate.fits
231206422,jw05324014001_02101_00001_nrcblong_cal.fits,jw05324014001_02101_00001,2b,01,NRCB5_FULL,jw05324_20260603t125108_pool.csv,jw05324-o014_20260603t125108_image2_00111_asn.json,71.14465408958495,61067.1052203321,f,61067.103977774,61067.10273521591,GO,,31,f,/Date(1780497179085)/,61194.60623942129,/Date(1769481019913)/,61067.10439714121,/Date(1769480805178)/,61067.10191175926,NRCBLONG,0,0,214.735,214.735,214.735,OK,NRC_IMAGE,1,61067.10439714121,61067.10315446181,1,PRIME,61067.10191178241,1,2,S0ED004786,0,-1.639284135246333,13.42403411865234,1,39.93549218253652,/Date(1769480564617)/,61067.0991275,/Date(1769480325001)/,61067.096354166664,0.0220772345,0.01047615427523851,0.0316322371,73.85695329867303,61067.10525172437,f,61067.104009166316,61067.10276660826,NIRCAM,f,,0.0,,,0.0,12,2,10,1,1,0,1,4,61071.24349166667,V05324014001P0000000002101,14,NRC-5-1,STSCI,FINEGUIDE,"Pierel, Justin",NRCAS_FULL,PRDOPSSOC-073,5324,-1.62755,39.978089999999995,61067.00843353009,BRIGHT2,490,Large Scale Structure of the Universe,2026_1a,1,-2,FULL,,2048,2048,1,1,-1.6275499999999852,39.97809,,f,A370-SNIa,FIXED,0.01,0.01,JWST,NIRCam Imaging,10.73677,21.474,UTC,"Do Pass z=2, Do Collect Type Ia Supernovae: Breaking Out of Redshift Jail with JWST",10,f,1,05324014001,/Date(1769484310405)/,61067.14248155092,02,SUCCESSFUL,PRIME_TARGETED_FIXED,/Date(1769479884682)/,61067.09125790509,40.0001345,-39.9999891,t,ImageModel,f,/Date(1769480805178)/,61067.10191175926,NIRCam 1,0.0,2026027T034337995_001_osf.xml,1,,NONE,f,CALCULATED_TRACK_TR_202111,11.1.1,71.3250937613539,-1.590483485240629,39.97935646753291,f,Star,Type Ia supernovae,GSC32,0.11226889172589022,0.4798817550449009,193.262,POLYGON ICRS 40.001524 -1.600048 39.990098 -1.566481 39.955911 -1.577562 39.967358 -1.612037,2.0.0,RELEASE,jwst_1535.pmap,13.1.13,,,,,,,,,117573120,fb5bba8c451a7e19d5f48dc39e3b0979,/Date(1780497247501)/,61194.60703125,/Date(1780497293362)/,61194.60756207176,68,/Date(1785143268000)/,61248.38041666667,False,False,False,7261295,"GO-5324 Pierel, Justin",F444W-CLEAR,NIRCAM-F444W,1,4,4,LONG,0,0,0,0,0,0,NULL,NULL,NULL,0,0,0,0,0,0,B,f,CLEAR,SMALL-GRID-DITHER,1,4,,,,POLYGON ICRS  39.967374160 -1.611997244 40.001538349 -1.600008467 39.990112883 -1.566446028 39.955928568 -1.577525179,39.97866106850546,-1.5890763966211516,JWST,IR,JWST,CAOM,F444W,,"Pierel, Justin",5324,NIRCAM,POLYGON ICRS 40.001524 -1.600048 39.990098 -1.566481 39.955911 -1.577562 39.967358 -1.612037,61067.10191178241,61067.10439714121,214.735,"Do Pass z=2, Do Collect Type Ia Supernovae: Breaking Out of Redshift Jail with JWST",61248.38041666667,GO,NC.F444W,2026-07-27 09:07:48.000,2026-01-27 02:26:45.178,mast:JWST/product/jw05324014001_02101_00001_nrcblong_rate.fits,mast:JWST/product/jw05324014001_02101_00001_nrcblong_rate.fits
231206944,jw05324014001_02101_00001_nrca1_cal.fits,jw05324014001_02101_00001,2b,01,NRCA1_FULL,jw05324_20260603t125108_pool.csv,jw05324-o014_20260603t125108_image2_00120_asn.json,71.14464780315757,61067.105221072765,f,61067.103978514664,61067.10273595657,GO,,31,f,/Date(1780497207934)/,61194.60657329861,/Date(1769481019977)/,61067.10439787037,/Date(1769480805242)/,61067.10191253472,NRCA1,0,0,214.735,214.735,214.735,OK,NRC_IMAGE,1,61067.10439788194,61067.103155202545,1,PRIME,61067.10191252315,-1,2,S0ED004786,0,-1.639284135246333,13.42403411865234,1,39.93549218253652,/Date(1769480564617)/,61067.0991275,/Date(1769480325001)/,61067.096354166664,0.0220772345,0.01047615427523851,0.0316322371,73.85694701224566,61067.10525246504,f,61067.10400990698,61067.10276734892,NIRCAM,f,,0.0,,,0.0,12,2,10,1,1,0,1,4,61071.24349166667,V05324014001P0000000002101,14,NRC-5-1,STSCI,FINEGUIDE,"Pierel, Justin",NRCAS_FULL,PRDOPSSOC-073,5324,-1.62755,39.978089999999995,61067.00843353009,BRIGHT2,481,Large Scale Structure of the Universe,2026_1a,1,2,FULL,,2048,2048,1,1,-1.6275499999999852,39.97809,,f,A370-SNIa,FIXED,0.01,0.01,JWST,NIRCam Imaging,10.73677,21.474,UTC,"Do Pass z=2, Do Collect Type Ia Supernovae: Breaking Out of Redshift Jail with JWST",10,f,1,05324014001,/Date(1769484310405)/,61067.14248155092,02,SUCCESSFUL,PRIME_TARGETED_FIXED,/Date(1769479884682)/,61067.09125790509,40.0001345,-39.9999891,t,ImageModel,f,/Date(1769480805242)/,61067.10191253472,NIRCam 1,0.0,2026027T034337995_001_osf.xml,1,,NONE,f,CALCULATED_TRACK_TR_202111,11.1.1,71.3250937613539,-1.648960098841782,39.98852815294899,f,Star,Type Ia supernovae,GSC32,0.0410305068709342,0.42066755390825505,193.262,POLYGON ICRS 39.999280 -1.652742 39.993516 -1.636110 39.976613 -1.641874 39.982498 -1.658726,2.0.0,RELEASE,jwst_1535.pmap,13.1.13,,,,,,,,,117573120,804f4a4f6d5ca9a1148d32a162b65ec4,/Date(1780497277565)/,61194.60737923611,/Date(1780497324596)/,61194.607923564814,68,/Date(1785143288000)/,61248.38064814815,False,False,False,7261295,"GO-5324 Pierel, Justin",F115W-CLEAR,NIRCAM-F115W,1,4,4,SHORT,0,0,0,0,0,0,NULL,NULL,NULL,0,0,0,0,0,0,A,f,CLEAR,SMALL-GRID-DITHER,1,4,,,,POLYGON ICRS  39.982447107 -1.658827069 39.999228012 -1.652844390 39.993464512 -1.636213679 39.976563356 -1.641977538,39.98795600459348,-1.6473665520766683,JWST,IR,JWST,CAOM,F115W,,"Pierel, Justin",5324,NIRCAM,POLYGON ICRS 39.999280 -1.652742 39.993516 -1.636110 39.976613 -1.641874 39.982498 -1.658726,61067.10191252315,61067.10439788194,214.735,"Do Pass z=2, Do Collect Type Ia Supernovae: Breaking Out of Redshift Jail with JWST",61248.38064814815,GO,NC.F115W,2026-07-27 09:08:08.000,2026-01-27 02:26:45.242,mast:JWST/product/jw05324014001_02101_00001_nrca1_rate.fits,mast:JWST/product/jw05324014001_02101_00001_nrca1_rate.fits
231206890,jw05324014001_02101_00001_nrcalong_cal.fits,jw05324014001_02101_00001,2b,01,NRCA5_FULL,jw05324_20260603t125108_pool.csv,jw05324-o014_20260603t125108_image2_00116_asn.json,71.14464780315757,61067.105221072765,f,61067.103978514664,61067.10273595657,GO,,31,f,/Date(1780497198848)/,61194.606468125,/Date(1769481019977)/,61067.10439787037,/Date(1769480805242)/,61067.10191253472,NRCALONG,0,0,214.735,214.735,214.735,OK,NRC_IMAGE,1,61067.10439788194,61067.103155202545,1,PRIME,61067.10191252315,-1,2,S0ED004786,0,-1.639284135246333,13.42403411865234,1,39.93549218253652,/Date(1769480564617)/,61067.0991275,/Date(1769480325001)/,61067.096354166664,0.0220772345,0.01047615427523851,0.0316322371,73.85694701224566,61067.10525246504,f,61067.10400990698,61067.10276734892,NIRCAM,f,,0.0,,,0.0,12,2,10,1,1,0,1,4,61071.24349166667,V05324014001P0000000002101,14,NRC-5-1,STSCI,FINEGUIDE,"Pierel, Justin",NRCAS_FULL,PRDOPSSOC-073,5324,-1.62755,39.978089999999995,61067.00843353009,BRIGHT2,485,Large Scale Structure of the Universe,2026_1a,1,2,FULL,,2048,2048,1,1,-1.6275499999999852,39.97809,,f,A370-SNIa,FIXED,0.01,0.01,JWST,NIRCam Imaging,10.73677,21.474,UTC,"Do Pass z=2, Do Collect Type Ia Supernovae: Breaking Out of Redshift Jail with JWST",10,f,1,05324014001,/Date(1769484310405)/,61067.14248155092,02,SUCCESSFUL,PRIME_TARGETED_FIXED,/Date(1769479884682)/,61067.09125790509,40.0001345,-39.9999891,t,ImageModel,f,/Date(1769480805242)/,61067.10191253472,NIRCam 1,0.0,2026027T034337995_001_osf.xml,1,,NONE,f,CALCULATED_TRACK_TR_202111,11.1.1,71.3250937613539,-1.6368164732389094,39.99439579190582,f,Star,Type Ia supernovae,GSC32,0.12274487081031515,0.5255260350877321,193.262,POLYGON ICRS 40.016479 -1.646323 40.005173 -1.612771 39.970802 -1.623972 39.982633 -1.658247,2.0.0,RELEASE,jwst_1535.pmap,13.1.13,,,,,,,,,117573120,8041daf277fd1c23ac5cc5d9d37c1823,/Date(1780497266686)/,61194.60725331018,/Date(1780497319445)/,61194.607863958336,68,/Date(1785143283000)/,61248.380590277775,False,False,False,7261295,"GO-5324 Pierel, Justin",F444W-CLEAR,NIRCAM-F444W,1,4,4,LONG,0,0,0,0,0,0,NULL,NULL,NULL,0,0,0,0,0,0,A,f,CLEAR,SMALL-GRID-DITHER,1,4,,,,POLYGON ICRS  39.982641224 -1.658230980 40.016485413 -1.646305153 40.005177498 -1.612757794 39.970808333 -1.623959540,39.993697011930614,-1.635330520560922,JWST,IR,JWST,CAOM,F444W,,"Pierel, Justin",5324,NIRCAM,POLYGON ICRS 40.016479 -1.646323 40.005173 -1.612771 39.970802 -1.623972 39.982633 -1.658247,61067.10191252315,61067.10439788194,214.735,"Do Pass z=2, Do Collect Type Ia Supernovae: Breaking Out of Redshift Jail with JWST",61248.380590277775,GO,NC.F444W,2026-07-27 09:08:03.000,2026-01-27 02:26:45.242,mast:JWST/product/jw05324014001_02101_00001_nrcalong_rate.fits,mast:JWST/product/jw05324014001_02101_00001_nrcalong_rate.fits
231206461,jw05324014001_02101_00001_nrcb1_cal.fits,jw05324014001_02101_00001,2b,01,NRCB1_FULL,jw05324_20260603t125108_pool.csv,jw05324-o014_20260603t125108_image2_00115_asn.json,71.14464780315757,61067.105221072765,f,61067.103978514664,61067.10273595657,GO,,31,f,/Date(1780497185630)/,61194.60631516204,/Date(1769481019977)/,61067.10439787037,/Date(1769480805242)/,61067.10191253472,NRCB1,0,0,214.735,214.735,214.735,OK,NRC_IMAGE,1,61067.10439788194,61067.103155202545,1,PRIME,61067.10191252315,1,2,S0ED004786,0,-1.639284135246333,13.42403411865234,1,39.93549218253652,/Date(1769480564617)/,61067.0991275,/Date(1769480325001)/,61067.096354166664,0.0220772345,0.01047615427523851,0.0316322371,73.85694701224566,61067.10525246504,f,61067.10400990698,61067.10276734892,NIRCAM,f,,0.0,,,0.0,12,2,10,1,1,0,1,4,61071.24349166667,V05324014001P0000000002101,14,NRC-5-1,STSCI,FINEGUIDE,"Pierel, Justin",NRCAS_FULL,PRDOPSSOC-073,5324,-1.62755,39.978089999999995,61067.00843353009,BRIGHT2,486,Large Scale Structure of the Universe,2026_1a,1,-2,FULL,,2048,2048,1,1,-1.6275499999999852,39.97809,,f,A370-SNIa,FIXED,0.01,0.01,JWST,NIRCam Imaging,10.73677,21.474,UTC,"Do Pass z=2, Do Collect Type Ia Supernovae: Breaking Out of Redshift Jail with JWST",10,f,1,05324014001,/Date(1769484310405)/,61067.14248155092,02,SUCCESSFUL,PRIME_TARGETED_FIXED,/Date(1769479884682)/,61067.09125790509,40.0001345,-39.9999891,t,ImageModel,f,/Date(1769480805242)/,61067.10191253472,NIRCam 1,0.0,2026027T034337995_001_osf.xml,1,,NONE,f,CALCULATED_TRACK_TR_202111,11.1.1,71.3250937613539,-1.5787982837067582,39.98527761450964,f,Star,Type Ia supernovae,GSC32,0.04213953951305596,0.38242504900750457,193.262,POLYGON ICRS 39.995694 -1.582893 39.990228 -1.566392 39.973570 -1.571808 39.979057 -1.588502,2.0.0,RELEASE,jwst_1535.pmap,13.1.13,,,,,,,,,117573120,63a37250ff130d98dd170342e8464a27,/Date(1780497249657)/,61194.607056203706,/Date(1780497295753)/,61194.607589733794,68,/Date(1785143263000)/,61248.3803587963,False,False,False,7261295,"GO-5324 Pierel, Justin",F115W-CLEAR,NIRCAM-F115W,1,4,4,SHORT,0,0,0,0,0,0,NULL,NULL,NULL,0,0,0,0,0,0,B,f,CLEAR,SMALL-GRID-DITHER,1,4,,,,POLYGON ICRS  39.979115515 -1.588384664 39.995748992 -1.582776015 39.990283710 -1.566276916 39.973628909 -1.571692488,39.98462323802479,-1.5774069359596559,JWST,IR,JWST,CAOM,F115W,,"Pierel, Justin",5324,NIRCAM,POLYGON ICRS 39.995694 -1.582893 39.990228 -1.566392 39.973570 -1.571808 39.979057 -1.588502,61067.10191252315,61067.10439788194,214.735,"Do Pass z=2, Do Collect Type Ia Supernovae: Breaking Out of Redshift Jail with JWST",61248.3803587963,GO,NC.F115W,2026-07-27 09:07:43.000,2026-01-27 02:26:45.242,mast:JWST/product/jw05324014001_02101_00001_nrcb1_rate.fits,mast:JWST/product/jw05324014001_02101_00001_nrcb1_rate.fits
231205169,jw05324014001_02103_00001_nrcalong_cal.fits,jw05324014001_02103_00001,2b,03,NRCA5_FULL,jw05324_20260603t125108_pool.csv,jw05324-o014_20260603t125108_image2_00076_asn.json,71.0262177977711,61067.119261912696,f,61067.118019354595,61067.1167767965,GO,,31,f,/Date(1780497062128)/,61194.60488571759,/Date(1769482233224)/,61067.118440081016,/Date(1769482018489)/,61067.11595474537,NRCALONG,0,0,214.735,214.735,214.735,OK,NRC_IMAGE,5,61067.11844009259,61067.117197413194,1,PRIME,61067.115954733796,-1,2,S0ED004786,0,-1.639284135246333,13.42403411865234,1,39.93549218253652,/Date(1769480564617)/,61067.0991275,/Date(1769480325001)/,61067.096354166664,0.0220772345,0.01047615427523851,0.0316322371,73.73847677372396,61067.1192933045,f,61067.118050746445,61067.11680818839,NIRCAM,f,,0.0,,,0.0,12,2,10,1,1,0,1,4,61071.24349166667,V05324014001P0000000002103,14,NRC-5-1,STSCI,FINEGUIDE,"Pierel, Justin",NRCAS_FULL,PRDOPSSOC-073,5324,-1.62755,39.978089999999995,61067.00843353009,BRIGHT2,485,Large Scale Structure of the Universe,2026_1a,1,2,FULL,,2048,2048,1,1,-1.6275499999999852,39.97809,,f,A370-SNIa,FIXED,0.01,0.01,JWST,NIRCam Imaging,10.73677,21.474,UTC,"Do Pass z=2, Do Collect Type Ia Supernovae: Breaking Out of Redshift Jail with JWST",10,f,1,05324014001,/Date(1769484310405)/,61067.14248155092,02,SUCCESSFUL,PRIME_TARGETED_FIXED,/Date(1769479884682)/,61067.09125790509,40.0001345,-39.9999891,t,ImageModel,f,/Date(1769482018489)/,61067.11595474537,NIRCam 1,0.0,2026027T033556121_002_osf.xml,1,,NONE,f,CALCULATED_TRACK_TR_202111,11.1.1,71.3250937613539,-1.636816896738491,39.99439417936477,f,Star,Type Ia supernovae,GSC32,0.15028687611399758,0.4922180469483688,193.262,POLYGON ICRS 40.016479 -1.646323 40.005173 -1.612771 39.970802 -1.623972 39.982633 -1.658247,2.0.0,RELEASE,jwst_1535.pmap,13.1.13,,,,,,,,,117573120,99f3a5d6ba71e2e1f327b97d6e69b235,/Date(1780497156132)/,61194.60597376157,/Date(1780497204123)/,61194.60652920139,68,/Date(1785143088000)/,61248.378333333334,False,False,False,7261510,"GO-5324 Pierel, Justin",F356W-CLEAR,NIRCAM-F356W,1,4,4,LONG,0,0,0,0,0,0,NULL,NULL,NULL,0,0,0,0,0,0,A,f,CLEAR,SMALL-GRID-DITHER,1,4,,,,POLYGON ICRS  39.982650474 -1.658238815 40.016492881 -1.646312960 40.005185820 -1.612766258 39.970819148 -1.623968562,39.993697011930614,-1.635330520560922,JWST,IR,JWST,CAOM,F356W,,"Pierel, Justin",5324,NIRCAM,POLYGON ICRS 40.016479 -1.646323 40.005173 -1.612771 39.970802 -1.623972 39.982633 -1.658247,61067.115954733796,61067.11844009259,214.735,"Do Pass z=2, Do Collect Type Ia Supernovae: Breaking Out of Redshift Jail with JWST",61248.378333333334,GO,NC.F356W,2026-07-27 09:04:48.000,2026-01-27 02:46:58.489,mast:JWST/product/jw05324014001_02103_00001_nrcalong_rate.fits,mast:JWST/product/jw05324014001_02103_00001_nrcalong_rate.fits
231204883,jw05324014001_02103_00001_nrcblong_cal.fits,jw05324014001_02103_00001,2b,03,NRCB5_FULL,jw05324_20260603t125108_pool.csv,jw05324-o014_20260603t125108_image2_00071_asn.json,71.0262177977711,61067.119261912696,f,61067.118019354595,61067.1167767965,GO,,31,f,/Date(1780497043032)/,61194.60466473379,/Date(1769482233224)/,61067.118440081016,/Date(1769482018489)/,61067.11595474537,NRCBLONG,0,0,214.735,214.735,214.735,OK,NRC_IMAGE,5,61067.11844009259,61067.117197413194,1,PRIME,61067.115954733796,1,2,S0ED004786,0,-1.639284135246333,13.42403411865234,1,39.93549218253652,/Date(1769480564617)/,61067.0991275,/Date(1769480325001)/,61067.096354166664,0.0220772345,0.01047615427523851,0.0316322371,73.73847677372396,61067.1192933045,f,61067.118050746445,61067.11680818839,NIRCAM,f,,0.0,,,0.0,12,2,10,1,1,0,1,4,61071.24349166667,V05324014001P0000000002103,14,NRC-5-1,STSCI,FINEGUIDE,"Pierel, Justin",NRCAS_FULL,PRDOPSSOC-073,5324,-1.62755,39.978089999999995,61067.00843353009,BRIGHT2,490,Large Scale Structure of the Universe,2026_1a,1,-2,FULL,,2048,2048,1,1,-1.6275499999999852,39.97809,,f,A370-SNIa,FIXED,0.01,0.01,JWST,NIRCam Imaging,10.73677,21.474,UTC,"Do Pass z=2, Do Collect Type Ia Supernovae: Breaking Out of Redshift Jail with JWST",10,f,1,05324014001,/Date(1769484310405)/,61067.14248155092,02,SUCCESSFUL,PRIME_TARGETED_FIXED,/Date(1769479884682)/,61067.09125790509,40.0001345,-39.9999891,t,ImageModel,f,/Date(1769482018489)/,61067.11595474537,NIRCam 1,0.0,2026027T033556121_002_osf.xml,1,,NONE,f,CALCULATED_TRACK_TR_202111,11.1.1,71.3250937613539,-1.590483906866573,39.979354860581445,f,Star,Type Ia supernovae,GSC32,0.1484216287781932,0.4823490134255945,193.262,POLYGON ICRS 40.001524 -1.600048 39.990098 -1.566481 39.955911 -1.577562 39.967358 -1.612037,2.0.0,RELEASE,jwst_1535.pmap,13.1.13,,,,,,,,,117573120,83b6e5e470d4416613ccd27d54dae265,/Date(1780497140956)/,61194.60579810185,/Date(1780497182435)/,61194.60627819444,68,/Date(1785143068000)/,61248.37810185185,False,False,False,7261510,"GO-5324 Pierel, Justin",F356W-CLEAR,NIRCAM-F356W,1,4,4,LONG,0,0,0,0,0,0,NULL,NULL,NULL,0,0,0,0,0,0,B,f,CLEAR,SMALL-GRID-DITHER,1,4,,,,POLYGON ICRS  39.967380540 -1.611994458 40.001543398 -1.600005864 39.990117082 -1.566444260 39.955934043 -1.577523467,39.97866106850546,-1.5890763966211516,JWST,IR,JWST,CAOM,F356W,,"Pierel, Justin",5324,NIRCAM,POLYGON ICRS 40.001524 -1.600048 39.990098 -1.566481 39.955911 -1.577562 39.967358 -1.612037,61067.115954733796,61067.11844009259,214.735,"Do Pass z=2, Do Collect Type Ia Supernovae: Breaking Out of Redshift Jail with JWST",61248.37810185185,GO,NC.F356W,2026-07-27 09:04:28.000,2026-01-27 02:46:58.489,mast:JWST/product/jw05324014001_02103_00001_nrcblong_rate.fits,mast:JWST/product/jw05324014001_02103_00001_nrcblong_rate.fits
231205130,jw05324014001_02103_00001_nrcb1_cal.fits,jw05324014001_02103_00001,2b,03,NRCB1_FULL,jw05324_20260603t125108_pool.csv,jw05324-o014_20260603t125108_image2_00075_asn.json,71.0262177977711,61067.119261912696,f,61067.118019354595,61067.1167767965,GO,,31,f,/Date(1780497056946)/,61194.60482576389,/Date(1769482233224)/,61067.118440081016,/Date(1769482018489)/,61067.11595474537,NRCB1,0,0,214.735,214.735,214.735,OK,NRC_IMAGE,5,61067.11844009259,61067.117197413194,1,PRIME,61067.115954733796,1,2,S0ED004786,0,-1.639284135246333,13.42403411865234,1,39.93549218253652,/Date(1769480564617)/,61067.0991275,/Date(1769480325001)/,61067.096354166664,0.0220772345,0.01047615427523851,0.0316322371,73.73847677372396,61067.1192933045,f,61067.118050746445,61067.11680818839,NIRCAM,f,,0.0,,,0.0,12,2,10,1,1,0,1,4,61071.24349166667,V05324014001P0000000002103,14,NRC-5-1,STSCI,FINEGUIDE,"Pierel, Justin",NRCAS_FULL,PRDOPSSOC-073,5324,-1.62755,39.978089999999995,61067.00843353009,BRIGHT2,486,Large Scale Structure of the Universe,2026_1a,1,-2,FULL,,2048,2048,1,1,-1.6275499999999852,39.97809,,f,A370-SNIa,FIXED,0.01,0.01,JWST,NIRCam Imaging,10.73677,21.474,UTC,"Do Pass z=2, Do Collect Type Ia Supernovae: Breaking Out of Redshift Jail with JWST",10,f,1,05324014001,/Date(1769484310405)/,61067.14248155092,02,SUCCESSFUL,PRIME_TARGETED_FIXED,/Date(1769479884682)/,61067.09125790509,40.0001345,-39.9999891,t,ImageModel,f,/Date(1769482018489)/,61067.11595474537,NIRCam 1,0.0,2026027T033556121_002_osf.xml,1,,NONE,f,CALCULATED_TRACK_TR_202111,11.1.1,71.3250937613539,-1.578798706059481,39.98527600906063,f,Star,Type Ia supernovae,GSC32,0.041527659434643954,0.4169666663372147,193.262,POLYGON ICRS 39.995694 -1.582893 39.990228 -1.566392 39.973570 -1.571808 39.979057 -1.588502,2.0.0,RELEASE,jwst_1535.pmap,13.1.13,,,,,,,,,117573120,1b1ba784a3d84470566cb43a4e6fd401,/Date(1780497154036)/,61194.60594949074,/Date(1780497201460)/,61194.60649837963,68,/Date(1785143087000)/,61248.37832175926,False,False,False,7261510,"GO-5324 Pierel, Justin",F150W-CLEAR,NIRCAM-F150W,1,4,4,SHORT,0,0,0,0,0,0,NULL,NULL,NULL,0,0,0,0,0,0,B,f,CLEAR,SMALL-GRID-DITHER,1,4,,,,POLYGON ICRS  39.979115476 -1.588384917 39.995749435 -1.582775596 39.990283893 -1.566276585 39.973628336 -1.571692506,39.98462323802479,-1.5774069359596559,JWST,IR,JWST,CAOM,F150W,,"Pierel, Justin",5324,NIRCAM,POLYGON ICRS 39.995694 -1.582893 39.990228 -1.566392 39.973570 -1.571808 39.979057 -1.588502,61067.115954733796,61067.11844009259,214.735,"Do Pass z=2, Do Collect Type Ia Supernovae: Breaking Out of Redshift Jail with JWST",61248.37832175926,GO,NC.F150W,2026-07-27 09:04:47.000,2026-01-27 02:46:58.489,mast:JWST/product/jw05324014001_02103_00001_nrcb1_rate.fits,mast:JWST/product/jw05324014001_02103_00001_nrcb1_rate.fits
231205447,jw05324014001_02103_00001_nrca1_cal.fits,jw05324014001_02103_00001,2b,03,NRCA1_FULL,jw05324_20260603t125108_pool.csv,jw05324-o014_20260603t125108_image2_00080_asn.json,71.02621151134372,61067.11926265337,f,61067.118020095266,61067.11677753717,GO,,31,f,/Date(1780497073645)/,61194.60501905093,/Date(1769482233288)/,61067.11844081018,/Date(1769482018553)/,61067.11595547454,NRCA1,0,0,214.735,214.735,214.735,OK,NRC_IMAGE,5,61067.118440833336,61067.11719815394,1,PRIME,61067.11595547454,-1,2,S0ED004786,0,-1.639284135246333,13.42403411865234,1,39.93549218253652,/Date(1769480564617)/,61067.0991275,/Date(1769480325001)/,61067.096354166664,0.0220772345,0.01047615427523851,0.0316322371,73.73847111593932,61067.11929404517,f,61067.118051487116,61067.116808929066,NIRCAM,f,,0.0,,,0.0,12,2,10,1,1,0,1,4,61071.24349166667,V05324014001P0000000002103,14,NRC-5-1,STSCI,FINEGUIDE,"Pierel, Justin",NRCAS_FULL,PRDOPSSOC-073,5324,-1.62755,39.978089999999995,61067.00843353009,BRIGHT2,481,Large Scale Structure of the Universe,2026_1a,1,2,FULL,,2048,2048,1,1,-1.6275499999999852,39.97809,,f,A370-SNIa,FIXED,0.01,0.01,JWST,NIRCam Imaging,10.73677,21.474,UTC,"Do Pass z=2, Do Collect Type Ia Supernovae: Breaking Out of Redshift Jail with JWST",10,f,1,05324014001,/Date(1769484310405)/,61067.14248155092,02,SUCCESSFUL,PRIME_TARGETED_FIXED,/Date(1769479884682)/,61067.09125790509,40.0001345,-39.9999891,t,ImageModel,f,/Date(1769482018553)/,61067.11595547454,NIRCam 1,0.0,2026027T033556121_002_osf.xml,1,,NONE,f,CALCULATED_TRACK_TR_202111,11.1.1,71.3250937613539,-1.6489605216968735,39.98852653880962,f,Star,Type Ia supernovae,GSC32,0.043733388426984016,0.4231348122889486,193.262,POLYGON ICRS 39.999280 -1.652742 39.993516 -1.636110 39.976613 -1.641874 39.982498 -1.658726,2.0.0,RELEASE,jwst_1535.pmap,13.1.13,,,,,,,,,117570240,f14d3bb13f465b0fa9aed73166c8fe45,/Date(1780497167089)/,61194.606100578705,/Date(1780497222711)/,61194.6067443287,68,/Date(1785143112000)/,61248.37861111111,False,False,False,7261510,"GO-5324 Pierel, Justin",F150W-CLEAR,NIRCAM-F150W,1,4,4,SHORT,0,0,0,0,0,0,NULL,NULL,NULL,0,0,0,0,0,0,A,f,CLEAR,SMALL-GRID-DITHER,1,4,,,,POLYGON ICRS  39.982447818 -1.658826837 39.999228503 -1.652844284 39.993465360 -1.636213608 39.976564125 -1.641977642,39.98795600459348,-1.6473665520766683,JWST,IR,JWST,CAOM,F150W,,"Pierel, Justin",5324,NIRCAM,POLYGON ICRS 39.999280 -1.652742 39.993516 -1.636110 39.976613 -1.641874 39.982498 -1.658726,61067.11595547454,61067.118440833336,214.735,"Do Pass z=2, Do Collect Type Ia Supernovae: Breaking Out of Redshift Jail with JWST",61248.37861111111,GO,NC.F150W,2026-07-27 09:05:12.000,2026-01-27 02:46:58.553,mast:JWST/product/jw05324014001_02103_00001_nrca1_rate.fits,mast:JWST/product/jw05324014001_02103_00001_nrca1_rate.fits
231202123,jw05324014001_02105_00001_nrcb1_cal.fits,jw05324014001_02105_00001,2b,05,NRCB1_FULL,jw05324_20260603t125108_pool.csv,jw05324-o014_20260603t125108_image2_00035_asn.json,70.90673795901239,61067.133427173336,f,61067.13218461524,61067.13094205715,GO,,31,f,/Date(1780496806236)/,61194.601924027775,/Date(1769483457222)/,61067.132606747684,/Date(1769483242487)/,61067.13012136574,NRCB1,0,0,214.735,214.735,214.735,OK,NRC_IMAGE,9,61067.13260673611,61067.13136405671,1,PRIME,61067.13012137731,1,2,S0ED004786,0,-1.639284135246333,13.42403411865234,1,39.93549218253652,/Date(1769480564617)/,61067.0991275,/Date(1769480325001)/,61067.096354166664,0.0220772345,0.01047615427523851,0.0316322371,73.61895670183003,61067.13345856468,f,61067.13221600662,61067.13097344857,NIRCAM,f,,0.0,,,0.0,12,2,10,1,1,0,1,4,61071.24349166667,V05324014001P0000000002105,14,NRC-5-1,STSCI,FINEGUIDE,"Pierel, Justin",NRCAS_FULL,PRDOPSSOC-073,5324,-1.62755,39.978089999999995,61067.00843353009,BRIGHT2,486,Large Scale Structure of the Universe,2026_1a,1,-2,FULL,,2048,2048,1,1,-1.6275499999999852,39.97809,,f,A370-SNIa,FIXED,0.01,0.01,JWST,NIRCam Imaging,10.73677,21.474,UTC,"Do Pass z=2, Do Collect Type Ia Supernovae: Breaking Out of Redshift Jail with JWST",10,f,1,05324014001,/Date(1769484310405)/,61067.14248155092,02,SUCCESSFUL,PRIME_TARGETED_FIXED,/Date(1769479884682)/,61067.09125790509,40.0001345,-39.9999891,t,ImageModel,f,/Date(1769483242487)/,61067.13012136574,NIRCam 1,0.0,2026027T033946159_002_osf.xml,1,,NONE,f,CALCULATED_TRACK_TR_202111,11.1.1,71.3250937613539,-1.5787991103625287,39.985274519228135,f,Star,Type Ia supernovae,GSC32,0.040163265550120404,0.426835699859989,193.262,POLYGON ICRS 39.995694 -1.582893 39.990228 -1.566392 39.973570 -1.571808 39.979057 -1.588502,2.0.0,RELEASE,jwst_1535.pmap,13.1.13,,,,,,,,,117573120,07fc9ae9b9e45fe481e6f7b20176f7ef,/Date(1780496967955)/,61194.603795787036,/Date(1780497011140)/,61194.60429560185,68,/Date(1785142868000)/,61248.37578703704,False,False,False,7261704,"GO-5324 Pierel, Justin",F200W-CLEAR,NIRCAM-F200W,1,4,4,SHORT,0,0,0,0,0,0,NULL,NULL,NULL,0,0,0,0,0,0,B,f,CLEAR,SMALL-GRID-DITHER,1,4,,,,POLYGON ICRS  39.979125761 -1.588371187 39.995759762 -1.582761910 39.990294600 -1.566262870 39.973638989 -1.571678881,39.98462323802479,-1.5774069359596559,JWST,IR,JWST,CAOM,F200W,,"Pierel, Justin",5324,NIRCAM,POLYGON ICRS 39.995694 -1.582893 39.990228 -1.566392 39.973570 -1.571808 39.979057 -1.588502,61067.13012137731,61067.13260673611,214.735,"Do Pass z=2, Do Collect Type Ia Supernovae: Breaking Out of Redshift Jail with JWST",61248.37578703704,GO,NC.F200W,2026-07-27 09:01:08.000,2026-01-27 03:07:22.487,mast:JWST/product/jw05324014001_02105_00001_nrcb1_rate.fits,mast:JWST/product/jw05324014001_02105_00001_nrcb1_rate.fits
231202129,jw05324014001_02105_00001_nrcblong_cal.fits,jw05324014001_02105_00001,2b,05,NRCB5_FULL,jw05324_20260603t125108_pool.csv,jw05324-o014_20260603t125108_image2_00031_asn.json,70.90673795901239,61067.133427173336,f,61067.13218461524,61067.13094205715,GO,,31,f,/Date(1780496805858)/,61194.60191962963,/Date(1769483457222)/,61067.132606747684,/Date(1769483242487)/,61067.13012136574,NRCBLONG,0,0,214.735,214.735,214.735,OK,NRC_IMAGE,9,61067.13260673611,61067.13136405671,1,PRIME,61067.13012137731,1,2,S0ED004786,0,-1.639284135246333,13.42403411865234,1,39.93549218253652,/Date(1769480564617)/,61067.0991275,/Date(1769480325001)/,61067.096354166664,0.0220772345,0.01047615427523851,0.0316322371,73.61895670183003,61067.13345856468,f,61067.13221600662,61067.13097344857,NIRCAM,f,,0.0,,,0.0,12,2,10,1,1,0,1,4,61071.24349166667,V05324014001P0000000002105,14,NRC-5-1,STSCI,FINEGUIDE,"Pierel, Justin",NRCAS_FULL,PRDOPSSOC-073,5324,-1.62755,39.978089999999995,61067.00843353009,BRIGHT2,490,Large Scale Structure of the Universe,2026_1a,1,-2,FULL,,2048,2048,1,1,-1.6275499999999852,39.97809,,f,A370-SNIa,FIXED,0.01,0.01,JWST,NIRCam Imaging,10.73677,21.474,UTC,"Do Pass z=2, Do Collect Type Ia Supernovae: Breaking Out of Redshift Jail with JWST",10,f,1,05324014001,/Date(1769484310405)/,61067.14248155092,02,SUCCESSFUL,PRIME_TARGETED_FIXED,/Date(1769479884682)/,61067.09125790509,40.0001345,-39.9999891,t,ImageModel,f,/Date(1769483242487)/,61067.13012136574,NIRCam 1,0.0,2026027T033946159_002_osf.xml,1,,NONE,f,CALCULATED_TRACK_TR_202111,11.1.1,71.3250937613539,-1.5904843100509543,39.979353368522474,f,Star,Type Ia supernovae,GSC32,0.1434217296697177,0.5218251475166917,193.262,POLYGON ICRS 40.001524 -1.600048 39.990098 -1.566481 39.955911 -1.577562 39.967358 -1.612037,2.0.0,RELEASE,jwst_1535.pmap,13.1.13,,,,,,,,,117573120,716e07e284d338b723063498dd147f04,/Date(1780496968480)/,61194.60380185185,/Date(1780497011423)/,61194.60429887731,68,/Date(1785142848000)/,61248.375555555554,False,False,False,7261704,"GO-5324 Pierel, Justin",F277W-CLEAR,NIRCAM-F277W,1,4,4,LONG,0,0,0,0,0,0,NULL,NULL,NULL,0,0,0,0,0,0,B,f,CLEAR,SMALL-GRID-DITHER,1,4,,,,POLYGON ICRS  39.967379889 -1.611993495 40.001543382 -1.600004522 39.990117494 -1.566443007 39.955933750 -1.577522488,39.97866106850546,-1.5890763966211516,JWST,IR,JWST,CAOM,F277W,,"Pierel, Justin",5324,NIRCAM,POLYGON ICRS 40.001524 -1.600048 39.990098 -1.566481 39.955911 -1.577562 39.967358 -1.612037,61067.13012137731,61067.13260673611,214.735,"Do Pass z=2, Do Collect Type Ia Supernovae: Breaking Out of Redshift Jail with JWST",61248.375555555554,GO,NC.F277W,2026-07-27 09:00:48.000,2026-01-27 03:07:22.487,mast:JWST/product/jw05324014001_02105_00001_nrcblong_rate.fits,mast:JWST/product/jw05324014001_02105_00001_nrcblong_rate.fits
231202159,jw05324014001_02105_00001_nrcalong_cal.fits,jw05324014001_02105_00001,2b,05,NRCA5_FULL,jw05324_20260603t125108_pool.csv,jw05324-o014_20260603t125108_image2_00036_asn.json,70.90673167258501,61067.13342791401,f,61067.13218535591,61067.13094279782,GO,,31,f,/Date(1780496811097)/,61194.60198027778,/Date(1769483457286)/,61067.13260747685,/Date(1769483242551)/,61067.13012210648,NRCALONG,0,0,214.735,214.735,214.735,OK,NRC_IMAGE,9,61067.13260747685,61067.13136479745,1,PRIME,61067.130122118055,-1,2,S0ED004786,0,-1.639284135246333,13.42403411865234,1,39.93549218253652,/Date(1769480564617)/,61067.0991275,/Date(1769480325001)/,61067.096354166664,0.0220772345,0.01047615427523851,0.0316322371,73.61895041540265,61067.13345930535,f,61067.13221674729,61067.13097418924,NIRCAM,f,,0.0,,,0.0,12,2,10,1,1,0,1,4,61071.24349166667,V05324014001P0000000002105,14,NRC-5-1,STSCI,FINEGUIDE,"Pierel, Justin",NRCAS_FULL,PRDOPSSOC-073,5324,-1.62755,39.978089999999995,61067.00843353009,BRIGHT2,485,Large Scale Structure of the Universe,2026_1a,1,2,FULL,,2048,2048,1,1,-1.6275499999999852,39.97809,,f,A370-SNIa,FIXED,0.01,0.01,JWST,NIRCam Imaging,10.73677,21.474,UTC,"Do Pass z=2, Do Collect Type Ia Supernovae: Breaking Out of Redshift Jail with JWST",10,f,1,05324014001,/Date(1769484310405)/,61067.14248155092,02,SUCCESSFUL,PRIME_TARGETED_FIXED,/Date(1769479884682)/,61067.09125790509,40.0001345,-39.9999891,t,ImageModel,f,/Date(1769483242551)/,61067.13012210648,NIRCam 1,0.0,2026027T033946159_002_osf.xml,1,,NONE,f,CALCULATED_TRACK_TR_202111,11.1.1,71.3250937613539,-1.6368173028650705,39.994392678444626,f,Star,Type Ia supernovae,GSC32,0.14040180541174874,0.46137731718969904,193.262,POLYGON ICRS 40.016479 -1.646323 40.005173 -1.612771 39.970802 -1.623972 39.982633 -1.658247,2.0.0,RELEASE,jwst_1535.pmap,13.1.13,,,,,,,,,117573120,2ca0688f893fd8cce65964446f2b564a,/Date(1780496968894)/,61194.603806631945,/Date(1780497012836)/,61194.60431523148,68,/Date(1785142893000)/,61248.376076388886,False,False,False,7261704,"GO-5324 Pierel, Justin",F277W-CLEAR,NIRCAM-F277W,1,4,4,LONG,0,0,0,0,0,0,NULL,NULL,NULL,0,0,0,0,0,0,A,f,CLEAR,SMALL-GRID-DITHER,1,4,,,,POLYGON ICRS  39.982641462 -1.658227936 40.016485255 -1.646302254 40.005177993 -1.612754914 39.970809329 -1.623957017,39.993697011930614,-1.635330520560922,JWST,IR,JWST,CAOM,F277W,,"Pierel, Justin",5324,NIRCAM,POLYGON ICRS 40.016479 -1.646323 40.005173 -1.612771 39.970802 -1.623972 39.982633 -1.658247,61067.130122118055,61067.13260747685,214.735,"Do Pass z=2, Do Collect Type Ia Supernovae: Breaking Out of Redshift Jail with JWST",61248.376076388886,GO,NC.F277W,2026-07-27 09:01:33.000,2026-01-27 03:07:22.551,mast:JWST/product/jw05324014001_02105_00001_nrcalong_rate.fits,mast:JWST/product/jw05324014001_02105_00001_nrcalong_rate.fits
231202917,jw05324014001_02105_00001_nrca1_cal.fits,jw05324014001_02105_00001,2b,05,NRCA1_FULL,jw05324_20260603t125108_pool.csv,jw05324-o014_20260603t125108_image2_00040_asn.json,70.90673167258501,61067.13342791401,f,61067.13218535591,61067.13094279782,GO,,31,f,/Date(1780496848565)/,61194.60241395833,/Date(1769483457286)/,61067.13260747685,/Date(1769483242551)/,61067.13012210648,NRCA1,0,0,214.735,214.735,214.735,OK,NRC_IMAGE,9,61067.13260747685,61067.13136479745,1,PRIME,61067.130122118055,-1,2,S0ED004786,0,-1.639284135246333,13.42403411865234,1,39.93549218253652,/Date(1769480564617)/,61067.0991275,/Date(1769480325001)/,61067.096354166664,0.0220772345,0.01047615427523851,0.0316322371,73.61895041540265,61067.13345930535,f,61067.13221674729,61067.13097418924,NIRCAM,f,,0.0,,,0.0,12,2,10,1,1,0,1,4,61071.24349166667,V05324014001P0000000002105,14,NRC-5-1,STSCI,FINEGUIDE,"Pierel, Justin",NRCAS_FULL,PRDOPSSOC-073,5324,-1.62755,39.978089999999995,61067.00843353009,BRIGHT2,481,Large Scale Structure of the Universe,2026_1a,1,2,FULL,,2048,2048,1,1,-1.6275499999999852,39.97809,,f,A370-SNIa,FIXED,0.01,0.01,JWST,NIRCam Imaging,10.73677,21.474,UTC,"Do Pass z=2, Do Collect Type Ia Supernovae: Breaking Out of Redshift Jail with JWST",10,f,1,05324014001,/Date(1769484310405)/,61067.14248155092,02,SUCCESSFUL,PRIME_TARGETED_FIXED,/Date(1769479884682)/,61067.09125790509,40.0001345,-39.9999891,t,ImageModel,f,/Date(1769483242551)/,61067.13012210648,NIRCam 1,0.0,2026027T033946159_002_osf.xml,1,,NONE,f,CALCULATED_TRACK_TR_202111,11.1.1,71.3250937613539,-1.6489609266492262,39.98852503568428,f,Star,Type Ia supernovae,GSC32,0.04389252659253875,0.47864812585455413,193.262,POLYGON ICRS 39.999280 -1.652742 39.993516 -1.636110 39.976613 -1.641874 39.982498 -1.658726,2.0.0,RELEASE,jwst_1535.pmap,13.1.13,,,,,,,,,117570240,4d4169382412433f7282c05ae2f176e7,/Date(1780497019482)/,61194.60439216435,/Date(1780497052251)/,61194.604771412036,68,/Date(1785142918000)/,61248.37636574074,False,False,False,7261704,"GO-5324 Pierel, Justin",F200W-CLEAR,NIRCAM-F200W,1,4,4,SHORT,0,0,0,0,0,0,NULL,NULL,NULL,0,0,0,0,0,0,A,f,CLEAR,SMALL-GRID-DITHER,1,4,,,,POLYGON ICRS  39.982419193 -1.658863176 39.999201485 -1.652879443 39.993437807 -1.636248040 39.976535006 -1.642012890,39.98795600459348,-1.6473665520766683,JWST,IR,JWST,CAOM,F200W,,"Pierel, Justin",5324,NIRCAM,POLYGON ICRS 39.999280 -1.652742 39.993516 -1.636110 39.976613 -1.641874 39.982498 -1.658726,61067.130122118055,61067.13260747685,214.735,"Do Pass z=2, Do Collect Type Ia Supernovae: Breaking Out of Redshift Jail with JWST",61248.37636574074,GO,NC.F200W,2026-07-27 09:01:58.000,2026-01-27 03:07:22.551,mast:JWST/product/jw05324014001_02105_00001_nrca1_rate.fits,mast:JWST/product/jw05324014001_02105_00001_nrca1_rate.fits
231212736,jw05324027001_02101_00001_nrcb1_cal.fits,jw05324027001_02101_00001,2b,01,NRCB1_FULL,jw05324_20260603t125108_pool.csv,jw05324-o027_20260603t125108_image2_00075_asn.json,44.32167420163751,61075.44931403268,f,61075.44720162673,61075.44508922077,GO,,29,f,/Date(1780497801580)/,61194.61344421296,/Date(1770201976437)/,61075.448801342594,/Date(1770201611387)/,61075.44457622685,NRCB1,0,0,365.05,365.05,365.05,OK,NRC_IMAGE,1,61075.44880135416,61075.4466887963,1,PRIME,61075.44457623843,1,4,S33T007713,1,-27.86343722293489,15.30956172943115,1,53.13703030062424,/Date(1770201412405)/,61075.442273217595,/Date(1770201172789)/,61075.43949988426,0.0329557136,0.04465716704726219,0.0188712329,46.3922907365486,61075.44933799805,f,61075.44722559215,61075.44511318624,NIRCAM,f,,0.0,,,0.0,8,4,7,1,1,0,1,4,61075.67057804398,V05324027001P0000000002101,27,NRC-9-2,STSCI,FINEGUIDE,"Pierel, Justin",NRCALL_FULL,PRDOPSSOC-073,5324,-27.78367777777778,53.16831458333332,61071.255831041664,SHALLOW4,486,Large Scale Structure of the Universe,2026_1a,1,-2,FULL,,2048,2048,1,1,-27.78367777777777,53.16831458333333,,f,JADES-SNIa,FIXED,0.01,0.01,JWST,NIRCam Imaging,10.73677,53.684,UTC,"Do Pass z=2, Do Collect Type Ia Supernovae: Breaking Out of Redshift Jail with JWST",10,f,1,05324027001,/Date(1770205118258)/,61075.485165,02,SUCCESSFUL,PRIME_TARGETED_FIXED,/Date(1770200357686)/,61075.430065810186,-22.0000549,30.0000023,t,ImageModel,f,/Date(1770201611387)/,61075.44457622685,NIRCAM 2,0.0,2026035T132220588_001_osf.xml,1,,NONE,f,CALCULATED_TRACK_TR_202111,11.1.1,72.86087043886121,-27.74943468926397,53.15787352459485,f,Star,Type Ia supernovae,GSC32,0.054273046827930944,0.4374530594125607,322.103,POLYGON ICRS 53.169032 -27.751153 53.163359 -27.734511 53.144380 -27.739480 53.150073 -27.756315,2.0.0,RELEASE,jwst_1535.pmap,13.1.13,,,,,,,,,117573120,730cfd4aa6dd734eda09119089b331df,/Date(1780497836812)/,61194.613852002316,/Date(1780497869615)/,61194.61423166667,68,/Date(1785866905000)/,61256.755844907406,False,False,False,7286967,"GO-5324 Pierel, Justin",F150W-CLEAR,NIRCAM-F150W,1,4,4,SHORT,0,0,0,0,0,0,NULL,NULL,NULL,0,0,0,0,0,0,B,f,CLEAR,SMALL-GRID-DITHER,1,4,,,,POLYGON ICRS  53.150042170 -27.756389757 53.168994057 -27.751225405 53.163318825 -27.734586487 53.144350894 -27.739556194,53.15669486830138,-27.74537240560666,JWST,IR,JWST,CAOM,F150W,,"Pierel, Justin",5324,NIRCAM,POLYGON ICRS 53.169032 -27.751153 53.163359 -27.734511 53.144380 -27.739480 53.150073 -27.756315,61075.44457623843,61075.44880135416,365.05,"Do Pass z=2, Do Collect Type Ia Supernovae: Breaking Out of Redshift Jail with JWST",61256.755844907406,GO,NC.F150W,2026-08-04 18:08:25.000,2026-02-04 10:40:11.387,mast:JWST/product/jw05324027001_02101_00001_nrcb1_rate.fits,mast:JWST/product/jw05324027001_02101_00001_nrcb1_rate.fits
231212915,jw05324027001_02101_00001_nrca1_cal.fits,jw05324027001_02101_00001,2b,01,NRCA1_FULL,jw05324_20260603t125108_pool.csv,jw05324-o027_20260603t125108_image2_00080_asn.json,44.32167420163751,61075.44931403268,f,61075.44720162673,61075.44508922077,GO,,29,f,/Date(1780497858776)/,61194.614106203706,/Date(1770201976437)/,61075.448801342594,/Date(1770201611387)/,61075.44457622685,NRCA1,0,0,365.05,365.05,365.05,OK,NRC_IMAGE,1,61075.44880135416,61075.4466887963,1,PRIME,61075.44457623843,-1,4,S33T007713,1,-27.86343722293489,15.30956172943115,1,53.13703030062424,/Date(1770201412405)/,61075.442273217595,/Date(1770201172789)/,61075.43949988426,0.0329557136,0.04465716704726219,0.0188712329,46.3922907365486,61075.44933799805,f,61075.44722559215,61075.44511318624,NIRCAM,f,,0.0,,,0.0,8,4,7,1,1,0,1,4,61075.67057804398,V05324027001P0000000002101,27,NRC-9-2,STSCI,FINEGUIDE,"Pierel, Justin",NRCALL_FULL,PRDOPSSOC-073,5324,-27.78367777777778,53.16831458333332,61071.255831041664,SHALLOW4,481,Large Scale Structure of the Universe,2026_1a,1,2,FULL,,2048,2048,1,1,-27.78367777777777,53.16831458333333,,f,JADES-SNIa,FIXED,0.01,0.01,JWST,NIRCam Imaging,10.73677,53.684,UTC,"Do Pass z=2, Do Collect Type Ia Supernovae: Breaking Out of Redshift Jail with JWST",10,f,1,05324027001,/Date(1770205118258)/,61075.485165,02,SUCCESSFUL,PRIME_TARGETED_FIXED,/Date(1770200357686)/,61075.430065810186,-22.0000549,30.0000023,t,ImageModel,f,/Date(1770201611387)/,61075.44457622685,NIRCAM 2,0.0,2026035T132220588_001_osf.xml,1,,NONE,f,CALCULATED_TRACK_TR_202111,11.1.1,72.86087043886121,-27.819656380219094,53.15943091156585,f,Star,Type Ia supernovae,GSC32,0.05942181752382565,0.46632052018597836,322.103,POLYGON ICRS 53.170777 -27.821444 53.164771 -27.804663 53.145506 -27.809973 53.151642 -27.826976,2.0.0,RELEASE,jwst_1535.pmap,13.1.13,,,,,,,,,117570240,ed1d726382e4bf4eccfb5305747cb1a0,/Date(1780497898144)/,61194.61456184028,/Date(1780497901709)/,61194.614603125,68,/Date(1785866947000)/,61256.75633101852,False,False,False,7286967,"GO-5324 Pierel, Justin",F150W-CLEAR,NIRCAM-F150W,1,4,4,SHORT,0,0,0,0,0,0,NULL,NULL,NULL,0,0,0,0,0,0,A,f,CLEAR,SMALL-GRID-DITHER,1,4,,,,POLYGON ICRS  53.151678841 -27.826895533 53.170819291 -27.821361755 53.164808125 -27.804583370 53.145540607 -27.809894695,53.158150551928614,-27.81576693900148,JWST,IR,JWST,CAOM,F150W,,"Pierel, Justin",5324,NIRCAM,POLYGON ICRS 53.170777 -27.821444 53.164771 -27.804663 53.145506 -27.809973 53.151642 -27.826976,61075.44457623843,61075.44880135416,365.05,"Do Pass z=2, Do Collect Type Ia Supernovae: Breaking Out of Redshift Jail with JWST",61256.75633101852,GO,NC.F150W,2026-08-04 18:09:07.000,2026-02-04 10:40:11.387,mast:JWST/product/jw05324027001_02101_00001_nrca1_rate.fits,mast:JWST/product/jw05324027001_02101_00001_nrca1_rate.fits
231212659,jw05324027001_02101_00001_nrcblong_cal.fits,jw05324027001_02101_00001,2b,01,NRCB5_FULL,jw05324_20260603t125108_pool.csv,jw05324-o027_20260603t125108_image2_00071_asn.json,44.32167420163751,61075.44931403268,f,61075.44720162673,61075.44508922077,GO,,29,f,/Date(1780497779012)/,61194.61318302083,/Date(1770201976437)/,61075.448801342594,/Date(1770201611387)/,61075.44457622685,NRCBLONG,0,0,365.05,365.05,365.05,OK,NRC_IMAGE,1,61075.44880135416,61075.4466887963,1,PRIME,61075.44457623843,1,4,S33T007713,1,-27.86343722293489,15.30956172943115,1,53.13703030062424,/Date(1770201412405)/,61075.442273217595,/Date(1770201172789)/,61075.43949988426,0.0329557136,0.04465716704726219,0.0188712329,46.3922907365486,61075.44933799805,f,61075.44722559215,61075.44511318624,NIRCAM,f,,0.0,,,0.0,8,4,7,1,1,0,1,4,61075.67057804398,V05324027001P0000000002101,27,NRC-9-2,STSCI,FINEGUIDE,"Pierel, Justin",NRCALL_FULL,PRDOPSSOC-073,5324,-27.78367777777778,53.16831458333332,61071.255831041664,SHALLOW4,490,Large Scale Structure of the Universe,2026_1a,1,-2,FULL,,2048,2048,1,1,-27.78367777777777,53.16831458333333,,f,JADES-SNIa,FIXED,0.01,0.01,JWST,NIRCam Imaging,10.73677,53.684,UTC,"Do Pass z=2, Do Collect Type Ia Supernovae: Breaking Out of Redshift Jail with JWST",10,f,1,05324027001,/Date(1770205118258)/,61075.485165,02,SUCCESSFUL,PRIME_TARGETED_FIXED,/Date(1770200357686)/,61075.430065810186,-22.0000549,30.0000023,t,ImageModel,f,/Date(1770201611387)/,61075.44457622685,NIRCAM 2,0.0,2026035T132220588_001_osf.xml,1,,NONE,f,CALCULATED_TRACK_TR_202111,11.1.1,72.86087043886121,-27.760957465647817,53.15083526410147,f,Star,Type Ia supernovae,GSC32,0.1588813227577779,0.5573640503175266,322.103,POLYGON ICRS 53.175030 -27.768591 53.163141 -27.734730 53.124193 -27.744891 53.136077 -27.779660,2.0.0,RELEASE,jwst_1535.pmap,13.1.13,,,,,,,,,117573120,1be7703b0f889e94496067bdc50c331f,/Date(1780497812762)/,61194.61357364583,/Date(1780497857597)/,61194.6140925463,68,/Date(1785866863000)/,61256.7553587963,False,False,False,7286967,"GO-5324 Pierel, Justin",F277W-CLEAR,NIRCAM-F277W,1,4,4,LONG,0,0,0,0,0,0,NULL,NULL,NULL,0,0,0,0,0,0,B,f,CLEAR,SMALL-GRID-DITHER,1,4,,,,POLYGON ICRS  53.136074725 -27.779676127 53.175020248 -27.768602250 53.163126275 -27.734748189 53.124195895 -27.744909181,53.14953931297904,-27.757010790367968,JWST,IR,JWST,CAOM,F277W,,"Pierel, Justin",5324,NIRCAM,POLYGON ICRS 53.175030 -27.768591 53.163141 -27.734730 53.124193 -27.744891 53.136077 -27.779660,61075.44457623843,61075.44880135416,365.05,"Do Pass z=2, Do Collect Type Ia Supernovae: Breaking Out of Redshift Jail with JWST",61256.7553587963,GO,NC.F277W,2026-08-04 18:07:43.000,2026-02-04 10:40:11.387,mast:JWST/product/jw05324027001_02101_00001_nrcblong_rate.fits,mast:JWST/product/jw05324027001_02101_00001_nrcblong_rate.fits
231212742,jw05324027001_02101_00001_nrcalong_cal.fits,jw05324027001_02101_00001,2b,01,NRCA5_FULL,jw05324_20260603t125108_pool.csv,jw05324-o027_20260603t125108_image2_00076_asn.json,44.32166980113834,61075.449314773374,f,61075.44720236741,61075.44508996145,GO,,29,f,/Date(1780497805353)/,61194.61348788194,/Date(1770201976501)/,61075.44880208333,/Date(1770201611451)/,61075.444576967595,NRCALONG,0,0,365.05,365.05,365.05,OK,NRC_IMAGE,1,61075.44880209491,61075.446689537035,1,PRIME,61075.444576979164,-1,4,S33T007713,1,-27.86343722293489,15.30956172943115,1,53.13703030062424,/Date(1770201412405)/,61075.442273217595,/Date(1770201172789)/,61075.43949988426,0.0329557136,0.04465716704726219,0.0188712329,46.39228633604944,61075.44933873874,f,61075.44722633283,61075.44511392692,NIRCAM,f,,0.0,,,0.0,8,4,7,1,1,0,1,4,61075.67057804398,V05324027001P0000000002101,27,NRC-9-2,STSCI,FINEGUIDE,"Pierel, Justin",NRCALL_FULL,PRDOPSSOC-073,5324,-27.78367777777778,53.16831458333332,61071.255831041664,SHALLOW4,485,Large Scale Structure of the Universe,2026_1a,1,2,FULL,,2048,2048,1,1,-27.78367777777777,53.16831458333333,,f,JADES-SNIa,FIXED,0.01,0.01,JWST,NIRCam Imaging,10.73677,53.684,UTC,"Do Pass z=2, Do Collect Type Ia Supernovae: Breaking Out of Redshift Jail with JWST",10,f,1,05324027001,/Date(1770205118258)/,61075.485165,02,SUCCESSFUL,PRIME_TARGETED_FIXED,/Date(1770200357686)/,61075.430065810186,-22.0000549,30.0000023,t,ImageModel,f,/Date(1770201611451)/,61075.444576967595,NIRCAM 2,0.0,2026035T132220588_001_osf.xml,1,,NONE,f,CALCULATED_TRACK_TR_202111,11.1.1,72.86087043886121,-27.807673519728976,53.166425264228536,f,Star,Type Ia supernovae,GSC32,0.175707351432171,0.5144329548083413,322.103,POLYGON ICRS 53.190499 -27.815286 53.178747 -27.781443 53.139587 -27.791719 53.151911 -27.826299,2.0.0,RELEASE,jwst_1535.pmap,13.1.13,,,,,,,,,117573120,b99326ade4f9c2703311bdd2a6cca609,/Date(1780497837052)/,61194.613854780095,/Date(1780497869920)/,61194.61423518519,68,/Date(1785866906000)/,61256.75585648148,False,False,False,7286967,"GO-5324 Pierel, Justin",F277W-CLEAR,NIRCAM-F277W,1,4,4,LONG,0,0,0,0,0,0,NULL,NULL,NULL,0,0,0,0,0,0,A,f,CLEAR,SMALL-GRID-DITHER,1,4,,,,POLYGON ICRS  53.151915711 -27.826302369 53.190512451 -27.815279118 53.178742685 -27.781443624 53.139585245 -27.791726384,53.16510145904774,-27.80368696818781,JWST,IR,JWST,CAOM,F277W,,"Pierel, Justin",5324,NIRCAM,POLYGON ICRS 53.190499 -27.815286 53.178747 -27.781443 53.139587 -27.791719 53.151911 -27.826299,61075.444576979164,61075.44880209491,365.05,"Do Pass z=2, Do Collect Type Ia Supernovae: Breaking Out of Redshift Jail with JWST",61256.75585648148,GO,NC.F277W,2026-08-04 18:08:26.000,2026-02-04 10:40:11.451,mast:JWST/product/jw05324027001_02101_00001_nrcalong_rate.fits,mast:JWST/product/jw05324027001_02101_00001_nrcalong_rate.fits
231211724,jw05324027001_02103_00001_nrca1_cal.fits,jw05324027001_02103_00001,2b,03,NRCA1_FULL,jw05324_20260603t125108_pool.csv,jw05324-o027_20260603t125108_image2_00040_asn.json,44.19042239896953,61075.47043841635,f,61075.46832601039,61075.46621360443,GO,,29,f,/Date(1780497648990)/,61194.611678125,/Date(1770203801715)/,61075.46992726852,/Date(1770203436665)/,61075.465702152775,NRCA1,0,0,365.05,365.05,365.05,OK,NRC_IMAGE,5,61075.46992725694,61075.46781469908,1,PRIME,61075.465702141206,-1,4,S33T007713,1,-27.86343722293489,15.30956172943115,1,53.13703030062424,/Date(1770201412405)/,61075.442273217595,/Date(1770201172789)/,61075.43949988426,0.0329557136,0.04465716704726219,0.0188712329,46.260995557531714,61075.470462381214,f,61075.46834997531,61075.466237569395,NIRCAM,f,,0.0,,,0.0,8,4,7,1,1,0,1,4,61075.67057804398,V05324027001P0000000002103,27,NRC-9-2,STSCI,FINEGUIDE,"Pierel, Justin",NRCALL_FULL,PRDOPSSOC-073,5324,-27.78367777777778,53.16831458333332,61071.255831041664,SHALLOW4,481,Large Scale Structure of the Universe,2026_1a,1,2,FULL,,2048,2048,1,1,-27.78367777777777,53.16831458333333,,f,JADES-SNIa,FIXED,0.01,0.01,JWST,NIRCam Imaging,10.73677,53.684,UTC,"Do Pass z=2, Do Collect Type Ia Supernovae: Breaking Out of Redshift Jail with JWST",10,f,1,05324027001,/Date(1770205118258)/,61075.485165,02,SUCCESSFUL,PRIME_TARGETED_FIXED,/Date(1770200357686)/,61075.430065810186,-22.0000549,30.0000023,t,ImageModel,f,/Date(1770203436665)/,61075.465702152775,NIRCAM 2,0.0,2026035T132611760_001_osf.xml,1,,NONE,f,CALCULATED_TRACK_TR_202111,11.1.1,72.86087043886121,-27.819657242526212,53.15942846676908,f,Star,Type Ia supernovae,GSC32,0.05951878258437226,0.44337458982762074,322.103,POLYGON ICRS 53.170777 -27.821444 53.164771 -27.804663 53.145506 -27.809973 53.151642 -27.826976,2.0.0,RELEASE,jwst_1535.pmap,13.1.13,,,,,,,,,117570240,0c38f0e75cb5a0241eaec6bddad93d5e,/Date(1780497689626)/,61194.61214844907,/Date(1780497696703)/,61194.6122303588,68,/Date(1785866591000)/,61256.75221064815,False,False,False,7287165,"GO-5324 Pierel, Justin",F200W-CLEAR,NIRCAM-F200W,1,4,4,SHORT,0,0,0,0,0,0,NULL,NULL,NULL,0,0,0,0,0,0,A,f,CLEAR,SMALL-GRID-DITHER,1,4,,,,POLYGON ICRS  53.151645427 -27.826931371 53.170787733 -27.821396454 53.164775981 -27.804617328 53.145506663 -27.809929429,53.158150551928614,-27.81576693900148,JWST,IR,JWST,CAOM,F200W,,"Pierel, Justin",5324,NIRCAM,POLYGON ICRS 53.170777 -27.821444 53.164771 -27.804663 53.145506 -27.809973 53.151642 -27.826976,61075.465702141206,61075.46992725694,365.05,"Do Pass z=2, Do Collect Type Ia Supernovae: Breaking Out of Redshift Jail with JWST",61256.75221064815,GO,NC.F200W,2026-08-04 18:03:11.000,2026-02-04 11:10:36.665,mast:JWST/product/jw05324027001_02103_00001_nrca1_rate.fits,mast:JWST/product/jw05324027001_02103_00001_nrca1_rate.fits
231211455,jw05324027001_02103_00001_nrcalong_cal.fits,jw05324027001_02103_00001,2b,03,NRCA5_FULL,jw05324_20260603t125108_pool.csv,jw05324-o027_20260603t125108_image2_00036_asn.json,44.190417998470366,61075.47043915704,f,61075.46832675108,61075.46621434511,GO,,29,f,/Date(1780497636875)/,61194.611537916666,/Date(1770203801779)/,61075.46992800926,/Date(1770203436729)/,61075.46570289352,NRCALONG,0,0,365.05,365.05,365.05,OK,NRC_IMAGE,5,61075.469927997685,61075.46781543981,1,PRIME,61075.46570288194,-1,4,S33T007713,1,-27.86343722293489,15.30956172943115,1,53.13703030062424,/Date(1770201412405)/,61075.442273217595,/Date(1770201172789)/,61075.43949988426,0.0329557136,0.04465716704726219,0.0188712329,46.26099115703255,61075.47046312191,f,61075.46835071599,61075.46623831008,NIRCAM,f,,0.0,,,0.0,8,4,7,1,1,0,1,4,61075.67057804398,V05324027001P0000000002103,27,NRC-9-2,STSCI,FINEGUIDE,"Pierel, Justin",NRCALL_FULL,PRDOPSSOC-073,5324,-27.78367777777778,53.16831458333332,61071.255831041664,SHALLOW4,485,Large Scale Structure of the Universe,2026_1a,1,2,FULL,,2048,2048,1,1,-27.78367777777777,53.16831458333333,,f,JADES-SNIa,FIXED,0.01,0.01,JWST,NIRCam Imaging,10.73677,53.684,UTC,"Do Pass z=2, Do Collect Type Ia Supernovae: Breaking Out of Redshift Jail with JWST",10,f,1,05324027001,/Date(1770205118258)/,61075.485165,02,SUCCESSFUL,PRIME_TARGETED_FIXED,/Date(1770200357686)/,61075.430065810186,-22.0000549,30.0000023,t,ImageModel,f,/Date(1770203436729)/,61075.46570289352,NIRCAM 2,0.0,2026035T132611760_001_osf.xml,1,,NONE,f,CALCULATED_TRACK_TR_202111,11.1.1,72.86087043886121,-27.80767438104397,53.16642281747265,f,Star,Type Ia supernovae,GSC32,0.19079170997323458,0.5366386938648164,322.103,POLYGON ICRS 53.190499 -27.815286 53.178747 -27.781443 53.139587 -27.791719 53.151911 -27.826299,2.0.0,RELEASE,jwst_1535.pmap,13.1.13,,,,,,,,,117573120,50cc479960f1d2a38a3b2acd3f44f3a0,/Date(1780497664379)/,61194.61185625,/Date(1780497674936)/,61194.61197842593,68,/Date(1785866563000)/,61256.75188657407,False,False,False,7287165,"GO-5324 Pierel, Justin",F356W-CLEAR,NIRCAM-F356W,1,4,4,LONG,0,0,0,0,0,0,NULL,NULL,NULL,0,0,0,0,0,0,A,f,CLEAR,SMALL-GRID-DITHER,1,4,,,,POLYGON ICRS  53.151925269 -27.826313640 53.190520452 -27.815290176 53.178750892 -27.781455327 53.139595692 -27.791738343,53.16510145904774,-27.80368696818781,JWST,IR,JWST,CAOM,F356W,,"Pierel, Justin",5324,NIRCAM,POLYGON ICRS 53.190499 -27.815286 53.178747 -27.781443 53.139587 -27.791719 53.151911 -27.826299,61075.46570288194,61075.469927997685,365.05,"Do Pass z=2, Do Collect Type Ia Supernovae: Breaking Out of Redshift Jail with JWST",61256.75188657407,GO,NC.F356W,2026-08-04 18:02:43.000,2026-02-04 11:10:36.729,mast:JWST/product/jw05324027001_02103_00001_nrcalong_rate.fits,mast:JWST/product/jw05324027001_02103_00001_nrcalong_rate.fits
231211543,jw05324027001_02103_00001_nrcblong_cal.fits,jw05324027001_02103_00001,2b,03,NRCB5_FULL,jw05324_20260603t125108_pool.csv,jw05324-o027_20260603t125108_image2_00031_asn.json,44.18965419754386,61075.47056211116,f,61075.46844970519,61075.466337299236,GO,,29,f,/Date(1780497591940)/,61194.61101782407,/Date(1770203812403)/,61075.47005096065,/Date(1770203447353)/,61075.465825844905,NRCBLONG,0,0,365.05,365.05,365.05,OK,NRC_IMAGE,5,61075.47005096065,61075.46793840278,1,PRIME,61075.465825844905,1,4,S33T007713,1,-27.86343722293489,15.30956172943115,1,53.13703030062424,/Date(1770201412405)/,61075.442273217595,/Date(1770201172789)/,61075.43949988426,0.0329557136,0.04465716704726219,0.0188712329,46.260226727463305,61075.47058607602,f,61075.46847367011,61075.466361264196,NIRCAM,f,,0.0,,,0.0,8,4,7,1,1,0,1,4,61075.67057804398,V05324027001P0000000002103,27,NRC-9-2,STSCI,FINEGUIDE,"Pierel, Justin",NRCALL_FULL,PRDOPSSOC-073,5324,-27.78367777777778,53.16831458333332,61071.255831041664,SHALLOW4,490,Large Scale Structure of the Universe,2026_1a,1,-2,FULL,,2048,2048,1,1,-27.78367777777777,53.16831458333333,,f,JADES-SNIa,FIXED,0.01,0.01,JWST,NIRCam Imaging,10.73677,53.684,UTC,"Do Pass z=2, Do Collect Type Ia Supernovae: Breaking Out of Redshift Jail with JWST",10,f,1,05324027001,/Date(1770205118258)/,61075.485165,02,SUCCESSFUL,PRIME_TARGETED_FIXED,/Date(1770200357686)/,61075.430065810186,-22.0000549,30.0000023,t,ImageModel,f,/Date(1770203447353)/,61075.465825844905,NIRCAM 2,0.0,2026035T132611760_001_osf.xml,1,,NONE,f,CALCULATED_TRACK_TR_202111,11.1.1,72.86087043886121,-27.760958329429652,53.15083279380646,f,Star,Type Ia supernovae,GSC32,0.137921325662371,0.5188741026196363,322.103,POLYGON ICRS 53.175030 -27.768591 53.163141 -27.734730 53.124193 -27.744891 53.136077 -27.779660,2.0.0,RELEASE,jwst_1535.pmap,13.1.13,,,,,,,,,117573120,dc15af9a3522eaf13a653454168019b0,/Date(1780497669289)/,61194.611913078705,/Date(1780497681884)/,61194.612058831015,68,/Date(1785866516000)/,61256.75134259259,False,False,False,7287165,"GO-5324 Pierel, Justin",F356W-CLEAR,NIRCAM-F356W,1,4,4,LONG,0,0,0,0,0,0,NULL,NULL,NULL,0,0,0,0,0,0,B,f,CLEAR,SMALL-GRID-DITHER,1,4,,,,POLYGON ICRS  53.136075135 -27.779677259 53.175019931 -27.768603743 53.163125478 -27.734749581 53.124195901 -27.744910319,53.14953931297904,-27.757010790367968,JWST,IR,JWST,CAOM,F356W,,"Pierel, Justin",5324,NIRCAM,POLYGON ICRS 53.175030 -27.768591 53.163141 -27.734730 53.124193 -27.744891 53.136077 -27.779660,61075.465825844905,61075.47005096065,365.05,"Do Pass z=2, Do Collect Type Ia Supernovae: Breaking Out of Redshift Jail with JWST",61256.75134259259,GO,NC.F356W,2026-08-04 18:01:56.000,2026-02-04 11:10:47.353,mast:JWST/product/jw05324027001_02103_00001_nrcblong_rate.fits,mast:JWST/product/jw05324027001_02103_00001_nrcblong_rate.fits
231211485,jw05324027001_02103_00001_nrcb1_cal.fits,jw05324027001_02103_00001,2b,03,NRCB1_FULL,jw05324_20260603t125108_pool.csv,jw05324-o027_20260603t125108_image2_00035_asn.json,44.18965419754386,61075.47056211116,f,61075.46844970519,61075.466337299236,GO,,29,f,/Date(1780497638064)/,61194.61155165509,/Date(1770203812403)/,61075.47005096065,/Date(1770203447353)/,61075.465825844905,NRCB1,0,0,365.05,365.05,365.05,OK,NRC_IMAGE,5,61075.47005096065,61075.46793840278,1,PRIME,61075.465825844905,1,4,S33T007713,1,-27.86343722293489,15.30956172943115,1,53.13703030062424,/Date(1770201412405)/,61075.442273217595,/Date(1770201172789)/,61075.43949988426,0.0329557136,0.04465716704726219,0.0188712329,46.260226727463305,61075.47058607602,f,61075.46847367011,61075.466361264196,NIRCAM,f,,0.0,,,0.0,8,4,7,1,1,0,1,4,61075.67057804398,V05324027001P0000000002103,27,NRC-9-2,STSCI,FINEGUIDE,"Pierel, Justin",NRCALL_FULL,PRDOPSSOC-073,5324,-27.78367777777778,53.16831458333332,61071.255831041664,SHALLOW4,486,Large Scale Structure of the Universe,2026_1a,1,-2,FULL,,2048,2048,1,1,-27.78367777777777,53.16831458333333,,f,JADES-SNIa,FIXED,0.01,0.01,JWST,NIRCam Imaging,10.73677,53.684,UTC,"Do Pass z=2, Do Collect Type Ia Supernovae: Breaking Out of Redshift Jail with JWST",10,f,1,05324027001,/Date(1770205118258)/,61075.485165,02,SUCCESSFUL,PRIME_TARGETED_FIXED,/Date(1770200357686)/,61075.430065810186,-22.0000549,30.0000023,t,ImageModel,f,/Date(1770203447353)/,61075.465825844905,NIRCAM 2,0.0,2026035T132611760_001_osf.xml,1,,NONE,f,CALCULATED_TRACK_TR_202111,11.1.1,72.86087043886121,-27.749435552045213,53.15787105222251,f,Star,Type Ia supernovae,GSC32,0.055013238129813444,0.4722420506010384,322.103,POLYGON ICRS 53.169032 -27.751153 53.163359 -27.734511 53.144380 -27.739480 53.150073 -27.756315,2.0.0,RELEASE,jwst_1535.pmap,13.1.13,,,,,,,,,117573120,b6c13681f7dd21a9c4cb0bcb7226160d,/Date(1780497664530)/,61194.611857986114,/Date(1780497677247)/,61194.61200516204,68,/Date(1785866537000)/,61256.75158564815,False,False,False,7287165,"GO-5324 Pierel, Justin",F200W-CLEAR,NIRCAM-F200W,1,4,4,SHORT,0,0,0,0,0,0,NULL,NULL,NULL,0,0,0,0,0,0,B,f,CLEAR,SMALL-GRID-DITHER,1,4,,,,POLYGON ICRS  53.150054195 -27.756376579 53.169006122 -27.751212263 53.163331312 -27.734573329 53.144363324 -27.739543131,53.15669486830138,-27.74537240560666,JWST,IR,JWST,CAOM,F200W,,"Pierel, Justin",5324,NIRCAM,POLYGON ICRS 53.169032 -27.751153 53.163359 -27.734511 53.144380 -27.739480 53.150073 -27.756315,61075.465825844905,61075.47005096065,365.05,"Do Pass z=2, Do Collect Type Ia Supernovae: Breaking Out of Redshift Jail with JWST",61256.75158564815,GO,NC.F200W,2026-08-04 18:02:17.000,2026-02-04 11:10:47.353,mast:JWST/product/jw05324027001_02103_00001_nrcb1_rate.fits,mast:JWST/product/jw05324027001_02103_00001_nrcb1_rate.fits
249181763,jw12528002001_02101_00001_mirimage_cal.fits,jw12528002001_02101_00001,2b,01,MIRIM_FULL,jw12528_20260705t084614_pool.csv,jw12528-o002_20260705t084614_image2_00003_asn.json,110.80334060825408,61255.08089202919,f,61255.08023359758,61255.07957516598,CAL,,7,f,/Date(1785785520691)/,61255.813896875,/Date(1785722078268)/,61255.07960956018,/Date(1785721964491)/,61255.078292708335,MIRIMAGE,0,0,113.777,113.777,56.889,OK,MIR_IMAGE,1,61255.079609583336,61255.07895115162,1,PRIME,61255.07829271991,1,1,S1HP077243,0,-69.56538115333794,13.24725151062012,2,80.81793970428821,/Date(1785721699453)/,61255.07522515046,/Date(1785721345149)/,61255.071124421294,0.05649594,0.009929679334163666,0.0554802,110.74084974825382,61255.080891305915,f,61255.08023287431,61255.07957444271,MIRI,f,OFF,0.000229,/Date(1435838400000)/,57205,0.001909999999999999,6,1,20,2,1,0,1,1,0.0,V12528002001P0000000002101,2,Month 2 flats,STSCI,FINEGUIDE,"Law, David R.",MIRIFU_CHANNEL1A,PRDOPSSOC-073,12528,-69.75611111111111,80.89416666666666,61235.42494295139,FASTR1,493,,2026_1b,1,2,FULL,MIRI,1032,1024,1,1,-69.75611040584565,80.89418366682986,NAME LMC,f,NAME-LMC,FIXED,0.1,0.1,JWST,MIRI External Flat,2.77504,2.775,UTC,CAL-MIRI-502 MIRI Internal Flat Monitor,10,f,1,12528002001,/Date(1785724334202)/,61255.10571994213,02,SUCCESSFUL,PRIME_TARGETED_FIXED,/Date(1785719156863)/,61255.045797025465,0.0,0.0,f,ImageModel,f,/Date(1785721964491)/,61255.078292708335,,0.0,2026215T154712208_001_osf.xml,1,,NONE,t,CALCULATED_TRACK_TR_202111,11.3,228.5434181839981,-69.73133418674496,80.88982356937447,f,Calibration,External flat field,GSC32,0.23069755499200753,0.0,105.452,POLYGON ICRS  80.899896217 -69.709276313 80.827706224 -69.728044425 80.882035266 -69.753205153 80.954883270 -69.734615283,2.0.1,RELEASE,jwst_1535.pmap,13.1.13,OPEN,,,,,,A,A,29721600,51c2a95058601b42c9581c1cb7002ed7,/Date(1785785698259)/,61255.815952083336,/Date(1785785800340)/,61255.817133564815,61,/Date(1785785698000)/,61255.81594907407,False,False,False,7990972,"CAL-12528 Law, David R.",F1000W,MIRI-F1000W,,,,,,,,,,,,,,,,,,,,,,,,,,,,,POLYGON ICRS  80.899896217 -69.709276313 80.827706224 -69.728044425 80.882035266 -69.753205153 80.954883270 -69.734615283,80.89119465207546,-69.73127660088178,JWST,IR,JWST,CAOM,F1000W,NAME LMC,"Law, David R.",12528,MIRI,POLYGON ICRS  80.899896217 -69.709276313 80.827706224 -69.728044425 80.882035266 -69.753205153 80.954883270 -69.734615283,61255.07829271991,61255.079609583336,113.777,CAL-MIRI-502 MIRI Internal Flat Monitor,61255.81594907407,CAL,MI.F1000W,2026-08-03 19:34:58.000,2026-08-03 01:52:44.491,mast:JWST/product/jw12528002001_02101_00001_mirimage_rate.fits,mast:JWST/product/jw12528002001_02101_00001_mirimage_rate.fits
249181757,jw12528002001_02102_00001_mirimage_cal.fits,jw12528002001_02102_00001,2b,02,MIRIM_FULL,jw12528_20260705t084614_pool.csv,jw12528-o002_20260705t084614_image2_00002_asn.json,110.80327397212386,61255.085581658044,f,61255.084923226445,61255.08426479484,CAL,,7,f,/Date(1785785515815)/,61255.813840462964,/Date(1785722483452)/,61255.08429922454,/Date(1785722369675)/,61255.08298236111,MIRIMAGE,0,0,113.777,113.777,56.889,OK,MIR_IMAGE,2,61255.08429921296,61255.08364078125,1,PRIME,61255.08298234954,1,1,S1HP077243,0,-69.56538115333794,13.24725151062012,2,80.81793970428821,/Date(1785721699453)/,61255.07522515046,/Date(1785721345149)/,61255.071124421294,0.05649594,0.009929679334163666,0.0554802,110.74078248348087,61255.08558093476,f,61255.08492250316,61255.08426407156,MIRI,f,OFF,0.000229,/Date(1435838400000)/,57205,0.001909999999999999,6,1,20,2,1,0,1,1,0.0,V12528002001P0000000002102,2,Month 2 flats,STSCI,FINEGUIDE,"Law, David R.",MIRIFU_CHANNEL1A,PRDOPSSOC-073,12528,-69.75611111111111,80.89416666666666,61235.42494295139,FASTR1,493,,2026_1b,1,2,FULL,MIRI,1032,1024,1,1,-69.75611040584482,80.89418366684956,NAME LMC,f,NAME-LMC,FIXED,0.1,0.1,JWST,MIRI External Flat,2.77504,2.775,UTC,CAL-MIRI-502 MIRI Internal Flat Monitor,10,f,1,12528002001,/Date(1785724334202)/,61255.10571994213,02,SUCCESSFUL,PRIME_TARGETED_FIXED,/Date(1785719156863)/,61255.045797025465,0.0,0.0,f,ImageModel,f,/Date(1785722369675)/,61255.08298236111,,0.0,2026215T154712208_001_osf.xml,1,,NONE,t,CALCULATED_TRACK_TR_202111,11.3,228.5434181839981,-69.73133372342667,80.88982425401905,f,Calibration,External flat field,GSC32,0.45639374233729857,0.0,105.452,POLYGON ICRS  80.899878228 -69.709285218 80.827687579 -69.728053616 80.882016517 -69.753214219 80.954865321 -69.734624333,2.0.1,RELEASE,jwst_1535.pmap,13.1.13,OPEN,,,,,,A,A,29721600,d59a5206b5fb543a8f093d7365e8c5a1,/Date(1785785698257)/,61255.81595203704,/Date(1785785800026)/,61255.817129930554,61,/Date(1785785698000)/,61255.81594907407,False,False,False,7990970,"CAL-12528 Law, David R.",F2100W,MIRI-F2100W,,,,,,,,,,,,,,,,,,,,,,,,,,,,,POLYGON ICRS  80.899878228 -69.709285218 80.827687579 -69.728053616 80.882016517 -69.753214219 80.954865321 -69.734624333,80.89117634893304,-69.73128563337846,JWST,IR,JWST,CAOM,F2100W,NAME LMC,"Law, David R.",12528,MIRI,POLYGON ICRS  80.899878228 -69.709285218 80.827687579 -69.728053616 80.882016517 -69.753214219 80.954865321 -69.734624333,61255.08298234954,61255.08429921296,113.777,CAL-MIRI-502 MIRI Internal Flat Monitor,61255.81594907407,CAL,MI.F2100W,2026-08-03 19:34:58.000,2026-08-03 01:59:29.675,mast:JWST/product/jw12528002001_02102_00001_mirimage_rate.fits,mast:JWST/product/jw12528002001_02102_00001_mirimage_rate.fits
249181721,jw12528002001_02103_00001_mirimage_cal.fits,jw12528002001_02103_00001,2b,03,MIRIM_FULL,jw12528_20260705t084614_pool.csv,jw12528-o002_20260705t084614_image2_00001_asn.json,110.80320545006543,61255.0903675716,f,61255.089709140004,61255.0890507084,CAL,,7,f,/Date(1785785512867)/,61255.81380631944,/Date(1785722896955)/,61255.08908513889,/Date(1785722783178)/,61255.08776824074,MIRIMAGE,0,0,113.777,113.777,56.889,OK,MIR_IMAGE,3,61255.089085127314,61255.088426695605,1,PRIME,61255.08776826389,1,1,S1HP077243,0,-69.56538115333794,13.24725151062012,2,80.81793970428821,/Date(1785721699453)/,61255.07522515046,/Date(1785721345149)/,61255.071124421294,0.05649594,0.009929679334163666,0.0554802,110.7407133327797,61255.09036684831,f,61255.089708416715,61255.08904998511,MIRI,f,OFF,0.000229,/Date(1435838400000)/,57205,0.001909999999999999,6,1,20,2,1,0,1,1,0.0,V12528002001P0000000002103,2,Month 2 flats,STSCI,FINEGUIDE,"Law, David R.",MIRIFU_CHANNEL1A,PRDOPSSOC-073,12528,-69.75611111111111,80.89416666666666,61235.42494295139,FASTR1,493,,2026_1b,1,2,FULL,MIRI,1032,1024,1,1,-69.756110405844,80.89418366686964,NAME LMC,f,NAME-LMC,FIXED,0.1,0.1,JWST,MIRI External Flat,2.77504,2.775,UTC,CAL-MIRI-502 MIRI Internal Flat Monitor,10,f,1,12528002001,/Date(1785724334202)/,61255.10571994213,02,SUCCESSFUL,PRIME_TARGETED_FIXED,/Date(1785719156863)/,61255.045797025465,0.0,0.0,f,ImageModel,f,/Date(1785722783178)/,61255.08776824074,,0.0,2026215T154712208_001_osf.xml,1,,NONE,t,CALCULATED_TRACK_TR_202111,11.3,228.5434181839981,-69.73133342167148,80.88982506256049,f,Calibration,External flat field,GSC32,1.6022373815191162,0.0,105.452,POLYGON ICRS  80.899890475 -69.709277146 80.827700358 -69.728045285 80.882029276 -69.753206012 80.954877501 -69.734616143,2.0.1,RELEASE,jwst_1535.pmap,13.1.13,OPEN,,,,,,A,A,29721600,8921550e9c294ed10acebe0e17e03c69,/Date(1785785693107)/,61255.81589243055,/Date(1785785797320)/,61255.817098611114,61,/Date(1785785693000)/,61255.8158912037,False,False,False,7990975,"CAL-12528 Law, David R.",F2550W,MIRI-F2550W,,,,,,,,,,,,,,,,,,,,,,,,,,,,,POLYGON ICRS  80.899890475 -69.709277146 80.827700358 -69.728045285 80.882029276 -69.753206012 80.954877501 -69.734616143,80.89118882006105,-69.7312774524644,JWST,IR,JWST,CAOM,F2550W,NAME LMC,"Law, David R.",12528,MIRI,POLYGON ICRS  80.899890475 -69.709277146 80.827700358 -69.728045285 80.882029276 -69.753206012 80.954877501 -69.734616143,61255.08776826389,61255.089085127314,113.777,CAL-MIRI-502 MIRI Internal Flat Monitor,61255.8158912037,CAL,MI.F2550W,2026-08-03 19:34:53.000,2026-08-03 02:06:23.178,mast:JWST/product/jw12528002001_02103_00001_mirimage_rate.fits,mast:JWST/product/jw12528002001_02103_00001_mirimage_rate.fits
249517655,jw12636163001_03104_00001_nrca1_cal.fits,jw12636163001_03104_00001,2b,04,NRCA1_FP6,jw12636_20260711t091840_pool.csv,jw12636-o163_20260711t091840_image2_00010_asn.json,68.58871215954423,61256.08252624356,f,61256.08196699743,61256.0814077513,CAL,,33,f,/Date(1785860195003)/,61256.678182905096,/Date(1785808661672)/,61256.08173232639,/Date(1785808565041)/,61256.08061388889,NRCA1,0,0,96.631,85.894,42.947,OK,NRC_IMAGE,3,61256.081732314815,61256.08117310764,1,PRIME,61256.08061390046,-1,1,S33T008588,0,-27.66649334855604,14.55888748168945,1,52.92186493180069,/Date(1785807648809)/,61256.070009375,/Date(1785807410217)/,61256.06724787037,0.0208169725,0.01414842903614044,0.01337981,70.2710154466331,61256.082545714635,f,61256.08198646852,61256.0814272224,NIRCAM,f,,-0.00255510009671416,/Date(1435838400000)/,57205,0.00305399596962164,6,1,4,2,1,0,1,1,0.0,V12636163001P0000000003104,163,,STSCI,FINEGUIDE,"Beck, Tracy",NRCA1_FP6,PRDOPSSOC-073,12636,-27.664316666666664,52.87718583333333,61256.078176759256,RAPID,481,,2026_1b,1,2,FULL,OTE,2048,2048,1,1,-27.66432453771414,52.877196455541004,,f,2MASS-03313052-2739514,FIXED,0.1,0.1,JWST,WFSC NIRCam Fine Phasing,10.73677,10.737,UTC,JWST Routine Wavefront Sensing and Control for Cycle 5,10,f,1,12636163001,/Date(1785808998439)/,61256.085630092595,03,SUCCESSFUL,PRIME_WFSC_ROUTINE,/Date(1785806676010)/,61256.05875011574,0.0,0.0,f,ImageModel,f,/Date(1785808565041)/,61256.08061388889,,0.0,2026216T132341736_001_osf.xml,1,,NONE,f,CALCULATED_TRACK_TR_202111,11.3,250.1579195512621,-27.660515688783114,52.87574043574962,f,Calibration,Focus test,GSC32,0.03581348902495763,0.34418254410675414,64.421,POLYGON ICRS  52.887693987 -27.643964470 52.868894451 -27.650282195 52.875773087 -27.666796833 52.894716048 -27.660694258,2.0.1,RELEASE,jwst_1535.pmap,13.1.13,,,,,,,,,117570240,d60d375d8d615f60376093d6ead23374,/Date(1785860288319)/,61256.67926296296,/Date(1785860418480)/,61256.68076944444,68,/Date(1785860288000)/,61256.67925925926,False,False,False,8001784,"CAL-12636 Beck, Tracy",F212N-WLM8,NIRCAM-F212N-WLM8,,,4,SHORT,0,0,0,0,0,0,NULL,NULL,NULL,0,0,0,0,0,0,A,f,WLM8,,,,,,,POLYGON ICRS  52.887693987 -27.643964470 52.868894451 -27.650282195 52.875773087 -27.666796833 52.894716048 -27.660694258,52.88179265386874,-27.65543070867907,JWST,IR,JWST,CAOM,F212N,,"Beck, Tracy",12636,NIRCAM,POLYGON ICRS  52.887693987 -27.643964470 52.868894451 -27.650282195 52.875773087 -27.666796833 52.894716048 -27.660694258,61256.08061390046,61256.081732314815,85.894,JWST Routine Wavefront Sensing and Control for Cycle 5,61256.67925925926,CAL,NC.F212N.WLM8,2026-08-04 16:18:08.000,2026-08-04 01:56:05.041,mast:JWST/product/jw12636163001_03104_00001_nrca1_rate.fits,mast:JWST/product/jw12636163001_03104_00001_nrca1_rate.fits
249517651,jw12636163001_03104_00001_nrcalong_cal.fits,jw12636163001_03104_00001,2b,04,NRCA5_FULL,jw12636_20260711t091840_pool.csv,jw12636-o163_20260711t091840_image2_00006_asn.json,68.58871215954423,61256.08252624356,f,61256.08196699743,61256.0814077513,CAL,,33,f,/Date(1785860201431)/,61256.67825729166,/Date(1785808661672)/,61256.08173232639,/Date(1785808565041)/,61256.08061388889,NRCALONG,0,0,96.631,85.894,42.947,OK,NRC_IMAGE,3,61256.081732314815,61256.08117310764,1,PRIME,61256.08061390046,-1,1,S33T008588,0,-27.66649334855604,14.55888748168945,1,52.92186493180069,/Date(1785807648809)/,61256.070009375,/Date(1785807410217)/,61256.06724787037,0.0208169725,0.01414842903614044,0.01337981,70.2710154466331,61256.082545714635,f,61256.08198646852,61256.0814272224,NIRCAM,f,,-0.00255510009671416,/Date(1435838400000)/,57205,0.00305399596962164,6,1,4,2,1,0,1,1,0.0,V12636163001P0000000003104,163,,STSCI,FINEGUIDE,"Beck, Tracy",NRCA1_FP6,PRDOPSSOC-073,12636,-27.664316666666664,52.87718583333333,61256.078176759256,RAPID,485,,2026_1b,1,2,FULL,OTE,2048,2048,1,1,-27.66432453771414,52.877196455541004,,f,2MASS-03313052-2739514,FIXED,0.1,0.1,JWST,WFSC NIRCam Fine Phasing,10.73677,10.737,UTC,JWST Routine Wavefront Sensing and Control for Cycle 5,10,f,1,12636163001,/Date(1785808998439)/,61256.085630092595,03,SUCCESSFUL,PRIME_WFSC_ROUTINE,/Date(1785806676010)/,61256.05875011574,0.0,0.0,f,ImageModel,f,/Date(1785808565041)/,61256.08061388889,,0.0,2026216T132341736_001_osf.xml,1,,NONE,f,CALCULATED_TRACK_TR_202111,11.3,250.1579195512621,-27.663900561495726,52.87394454825287,f,Calibration,Focus test,GSC32,0.10025704429948354,0.4478073960958844,64.421,POLYGON ICRS  52.887480276 -27.644554963 52.849559424 -27.657153594 52.863071297 -27.690475612 52.901610949 -27.678586051,2.0.1,RELEASE,jwst_1535.pmap,13.1.13,,,,,,,,,117570240,a68c68b3aa346b19724cdf24074980cb,/Date(1785860288329)/,61256.6792630787,/Date(1785860417991)/,61256.68076377315,68,/Date(1785860288000)/,61256.67925925926,False,False,False,8001784,"CAL-12636 Beck, Tracy",F356W-CLEAR,NIRCAM-F356W,,,4,LONG,0,0,0,0,0,0,NULL,NULL,NULL,0,0,0,0,0,0,A,f,CLEAR,,,,,,,POLYGON ICRS  52.887480276 -27.644554963 52.849559424 -27.657153594 52.863071297 -27.690475612 52.901610949 -27.678586051,52.875515071418185,-27.667689526880302,JWST,IR,JWST,CAOM,F356W,,"Beck, Tracy",12636,NIRCAM,POLYGON ICRS  52.887480276 -27.644554963 52.849559424 -27.657153594 52.863071297 -27.690475612 52.901610949 -27.678586051,61256.08061390046,61256.081732314815,85.894,JWST Routine Wavefront Sensing and Control for Cycle 5,61256.67925925926,CAL,NC.F356W,2026-08-04 16:18:08.000,2026-08-04 01:56:05.041,mast:JWST/product/jw12636163001_03104_00001_nrcalong_rate.fits,mast:JWST/product/jw12636163001_03104_00001_nrcalong_rate.fits
249517270,jw12636163001_03105_00001_nrcalong_cal.fits,jw12636163001_03105_00001,2b,05,NRCA5_FULL,jw12636_20260711t091840_pool.csv,jw12636-o163_20260711t091840_image2_00001_asn.json,68.6059162253514,61256.08538494962,f,61256.08482570349,61256.084266457365,CAL,,33,f,/Date(1785860124639)/,61256.67736851852,/Date(1785808908647)/,61256.084590810184,/Date(1785808812016)/,61256.08347240741,NRCALONG,0,0,96.631,85.894,42.947,OK,NRC_IMAGE,4,61256.08459082176,61256.084031614584,1,PRIME,61256.08347240741,-1,1,S33T008588,0,-27.66649334855604,14.55888748168945,1,52.92186493180069,/Date(1785807648809)/,61256.070009375,/Date(1785807410217)/,61256.06724787037,0.0208169725,0.01414842903614044,0.01337981,70.28821322601289,61256.08540442062,f,61256.084845174504,61256.084285928395,NIRCAM,f,,-0.00255510009671416,/Date(1435838400000)/,57205,0.00305399596962164,6,1,4,2,1,0,1,1,0.0,V12636163001P0000000003105,163,,STSCI,FINEGUIDE,"Beck, Tracy",NRCA1_FP6,PRDOPSSOC-073,12636,-27.664316666666664,52.87718583333333,61256.084590081016,RAPID,485,,2026_1b,1,2,FULL,OTE,2048,2048,1,1,-27.664324537719697,52.8771964555485,,f,2MASS-03313052-2739514,FIXED,0.1,0.1,JWST,WFSC NIRCam Fine Phasing,10.73677,10.737,UTC,JWST Routine Wavefront Sensing and Control for Cycle 5,10,f,1,12636163001,/Date(1785808998439)/,61256.085630092595,03,SUCCESSFUL,PRIME_WFSC_ROUTINE,/Date(1785806676010)/,61256.05875011574,0.0,0.0,f,ImageModel,f,/Date(1785808812016)/,61256.08347240741,,0.0,2026216T131825978_002_osf.xml,1,,NONE,f,CALCULATED_TRACK_TR_202111,11.3,250.1579195512621,-27.663900488200348,52.87394484241672,f,Calibration,Focus test,GSC32,0.0966597815804323,0.5292269226587725,64.421,POLYGON ICRS  52.887480278 -27.644554984 52.849559427 -27.657153618 52.863071303 -27.690475635 52.901610954 -27.678586071,2.0.1,RELEASE,jwst_1535.pmap,13.1.13,,,,,,,,,117570240,0eb30318ddb3d0ce4e0d88e68866e57f,/Date(1785860210721)/,61256.67836481481,/Date(1785860344096)/,61256.67990851852,68,/Date(1785860211000)/,61256.67836805555,False,False,False,8001869,"CAL-12636 Beck, Tracy",F356W-CLEAR,NIRCAM-F356W,,,4,LONG,0,0,0,0,0,0,NULL,NULL,NULL,0,0,0,0,0,0,A,f,CLEAR,,,,,,,POLYGON ICRS  52.887480278 -27.644554984 52.849559427 -27.657153618 52.863071303 -27.690475635 52.901610954 -27.678586071,52.87551507541806,-27.667689548867635,JWST,IR,JWST,CAOM,F356W,,"Beck, Tracy",12636,NIRCAM,POLYGON ICRS  52.887480278 -27.644554984 52.849559427 -27.657153618 52.863071303 -27.690475635 52.901610954 -27.678586071,61256.08347240741,61256.08459082176,85.894,JWST Routine Wavefront Sensing and Control for Cycle 5,61256.67836805555,CAL,NC.F356W,2026-08-04 16:16:51.000,2026-08-04 02:00:12.016,mast:JWST/product/jw12636163001_03105_00001_nrcalong_rate.fits,mast:JWST/product/jw12636163001_03105_00001_nrcalong_rate.fits
249792573,jw06882051001_02101_00001_nrcb1_cal.fits,jw06882051001_02101_00001,2b,01,NRCB1_FULL,jw06882_20260703t142207_pool.csv,jw06882-o051_20260703t142207_image2_00075_asn.json,336.6101398598403,61257.080710200986,f,61257.07890824946,61257.07710629792,GO,,29,f,/Date(1785910225272)/,61257.25723695602,/Date(1785894636740)/,61257.07681412037,/Date(1785894325374)/,61257.07321033565,NRCB1,0,0,311.366,311.366,311.366,OK,NRC_IMAGE,1,61257.07681412037,61257.0750122338,1,PRIME,61257.073210347226,1,4,S2SD007159,1,-49.1684788863441,14.77274894714355,1,15.82829062006928,/Date(1785894088580)/,61257.07046967593,/Date(1785893848964)/,61257.06769633102,0.0481552631,0.01739693991839886,0.0466907471,336.7834937525913,61257.080712207324,f,61257.07891025583,61257.07710830433,NIRCAM,f,,0.0,,,0.0,8,4,6,1,1,0,1,4,0.0,V06882051001P0000000002101,51,El-Gordo,STSCI,FINEGUIDE,"Fujimoto, Seiji",NRCALL_FULL,PRDOPSSOC-073,6882,-49.2615,15.731200416666667,61256.08459082176,SHALLOW4,486,High-redshift Galaxies and the Distant Universe,2026_1b,1,-2,FULL,,2048,2048,1,1,-49.26150000000001,15.731200416666669,El-Gordo,f,El-Gordo,FIXED,0.0,0.0,JWST,NIRCam Imaging,10.73677,53.684,UTC,"Vast Exploration for Nascent, Unexplored Sources (VENUS)",10,f,1,06882051001,/Date(1785898322816)/,61257.119477037035,02,SUCCESSFUL,PRIME_TARGETED_FIXED,/Date(1785892156294)/,61257.048105243055,87.1002466,-3.0999554,t,ImageModel,f,/Date(1785894325374)/,61257.07321033565,NIRCam_2-4filter_imaging,0.0,2026217T040907863_002_osf.xml,1,,INTRAMODULEBOX,f,CALCULATED_TRACK_TR_202111,11.3,276.8657390296798,-49.26463884686279,15.716712791363527,f,Clusters of Galaxies,Galaxy groups,GSC32,0.06366563033403881,0.5524787877251021,268.419,POLYGON ICRS 15.701888 -49.259733 15.698540 -49.276978 15.725141 -49.279269 15.728586 -49.261842,2.0.1,RELEASE,jwst_1535.pmap,13.1.13,,,,,,,,,117573120,2fc7016534be129b66e612f928d50708,/Date(1785910255253)/,61257.25758394676,/Date(1785910268678)/,61257.257739305554,68,/Date(1785910255000)/,61257.257581018515,False,False,False,8009798,"GO-6882 Fujimoto, Seiji",F150W-CLEAR,NIRCAM-F150W,4,1,4,SHORT,0,0,0,0,0,0,NULL,NULL,NULL,0,0,0,0,0,0,B,f,CLEAR,STANDARD,4,,,,,POLYGON ICRS  15.728316157 -49.261822575 15.701623193 -49.259687897 15.698230111 -49.276928713 15.724834089 -49.279247928,15.713563344252643,-49.269454204976554,JWST,IR,JWST,CAOM,F150W,El-Gordo,"Fujimoto, Seiji",6882,NIRCAM,POLYGON ICRS 15.701888 -49.259733 15.698540 -49.276978 15.725141 -49.279269 15.728586 -49.261842,61257.073210347226,61257.07681412037,311.366,"Vast Exploration for Nascent, Unexplored Sources (VENUS)",61257.257581018515,GO,NC.F150W,2026-08-05 06:10:55.000,2026-08-05 01:45:25.374,mast:JWST/product/jw06882051001_02101_00001_nrcb1_rate.fits,mast:JWST/product/jw06882051001_02101_00001_nrcb1_rate.fits
249792366,jw06882051001_02101_00001_nrcblong_cal.fits,jw06882051001_02101_00001,2b,01,NRCB5_FULL,jw06882_20260703t142207_pool.csv,jw06882-o051_20260703t142207_image2_00071_asn.json,336.6101398598403,61257.080710200986,f,61257.07890824946,61257.07710629792,GO,,29,f,/Date(1785910198935)/,61257.25693212963,/Date(1785894636740)/,61257.07681412037,/Date(1785894325374)/,61257.07321033565,NRCBLONG,0,0,311.366,311.366,311.366,OK,NRC_IMAGE,1,61257.07681412037,61257.0750122338,1,PRIME,61257.073210347226,1,4,S2SD007159,1,-49.1684788863441,14.77274894714355,1,15.82829062006928,/Date(1785894088580)/,61257.07046967593,/Date(1785893848964)/,61257.06769633102,0.0481552631,0.01739693991839886,0.0466907471,336.7834937525913,61257.080712207324,f,61257.07891025583,61257.07710830433,NIRCAM,f,,0.0,,,0.0,8,4,6,1,1,0,1,4,0.0,V06882051001P0000000002101,51,El-Gordo,STSCI,FINEGUIDE,"Fujimoto, Seiji",NRCALL_FULL,PRDOPSSOC-073,6882,-49.2615,15.731200416666667,61256.08459082176,SHALLOW4,490,High-redshift Galaxies and the Distant Universe,2026_1b,1,-2,FULL,,2048,2048,1,1,-49.26150000000001,15.731200416666669,El-Gordo,f,El-Gordo,FIXED,0.0,0.0,JWST,NIRCam Imaging,10.73677,53.684,UTC,"Vast Exploration for Nascent, Unexplored Sources (VENUS)",10,f,1,06882051001,/Date(1785898322816)/,61257.119477037035,02,SUCCESSFUL,PRIME_TARGETED_FIXED,/Date(1785892156294)/,61257.048105243055,87.1002466,-3.0999554,t,ImageModel,f,/Date(1785894325374)/,61257.07321033565,NIRCam_2-4filter_imaging,0.0,2026217T040907863_002_osf.xml,1,,INTRAMODULEBOX,f,CALCULATED_TRACK_TR_202111,11.3,276.8657390296798,-49.256663004943476,15.732630686900155,f,Clusters of Galaxies,Galaxy groups,GSC32,0.11945088799171572,0.6146548570832325,268.419,POLYGON ICRS 15.705062 -49.241676 15.698678 -49.276886 15.753246 -49.281623 15.760202 -49.245584,2.0.1,RELEASE,jwst_1535.pmap,13.1.13,,,,,,,,,117573120,ada1e3c0dd2721ac7dfcf93e0cef66d2,/Date(1785910229242)/,61257.25728290509,/Date(1785910242160)/,61257.25743240741,68,/Date(1785910229000)/,61257.25728009259,False,False,False,8009798,"GO-6882 Fujimoto, Seiji",F444W-CLEAR,NIRCAM-F444W,4,1,4,LONG,0,0,0,0,0,0,NULL,NULL,NULL,0,0,0,0,0,0,B,f,CLEAR,STANDARD,4,,,,,POLYGON ICRS  15.760168359 -49.245600505 15.705052194 -49.241646633 15.698576968 -49.276851124 15.753158034 -49.281637255,15.729411688167165,-49.261428730917885,JWST,IR,JWST,CAOM,F444W,El-Gordo,"Fujimoto, Seiji",6882,NIRCAM,POLYGON ICRS 15.705062 -49.241676 15.698678 -49.276886 15.753246 -49.281623 15.760202 -49.245584,61257.073210347226,61257.07681412037,311.366,"Vast Exploration for Nascent, Unexplored Sources (VENUS)",61257.25728009259,GO,NC.F444W,2026-08-05 06:10:29.000,2026-08-05 01:45:25.374,mast:JWST/product/jw06882051001_02101_00001_nrcblong_rate.fits,mast:JWST/product/jw06882051001_02101_00001_nrcblong_rate.fits
249792678,jw06882051001_02101_00001_nrca1_cal.fits,jw06882051001_02101_00001,2b,01,NRCA1_FULL,jw06882_20260703t142207_pool.csv,jw06882-o051_20260703t142207_image2_00080_asn.json,336.6101467749104,61257.08071242329,f,61257.078910471755,61257.077108520214,GO,,29,f,/Date(1785910244525)/,61257.25745979167,/Date(1785894636932)/,61257.076816354165,/Date(1785894325566)/,61257.07321256944,NRCA1,0,0,311.366,311.366,311.366,OK,NRC_IMAGE,1,61257.07681634259,61257.075014456015,1,PRIME,61257.07321256944,-1,4,S2SD007159,1,-49.1684788863441,14.77274894714355,1,15.82829062006928,/Date(1785894088580)/,61257.07046967593,/Date(1785893848964)/,61257.06769633102,0.0481552631,0.01739693991839886,0.0466907471,336.78350066766143,61257.08071442962,f,61257.07891247812,61257.077110526625,NIRCAM,f,,0.0,,,0.0,8,4,6,1,1,0,1,4,0.0,V06882051001P0000000002101,51,El-Gordo,STSCI,FINEGUIDE,"Fujimoto, Seiji",NRCALL_FULL,PRDOPSSOC-073,6882,-49.2615,15.731200416666667,61256.08459082176,SHALLOW4,481,High-redshift Galaxies and the Distant Universe,2026_1b,1,2,FULL,,2048,2048,1,1,-49.26150000000001,15.731200416666669,El-Gordo,f,El-Gordo,FIXED,0.0,0.0,JWST,NIRCam Imaging,10.73677,53.684,UTC,"Vast Exploration for Nascent, Unexplored Sources (VENUS)",10,f,1,06882051001,/Date(1785898322816)/,61257.119477037035,02,SUCCESSFUL,PRIME_TARGETED_FIXED,/Date(1785892156294)/,61257.048105243055,87.1002466,-3.0999554,t,ImageModel,f,/Date(1785894325566)/,61257.07321256944,NIRCam_2-4filter_imaging,0.0,2026217T040907863_002_osf.xml,1,,INTRAMODULEBOX,f,CALCULATED_TRACK_TR_202111,11.3,276.8657390296798,-49.19997449227132,15.758664452118207,f,Clusters of Galaxies,Galaxy groups,GSC32,0.06767509857807597,0.544484721664771,268.419,POLYGON ICRS 15.742796 -49.194981 15.739774 -49.212472 15.766942 -49.214555 15.769942 -49.196815,2.0.1,RELEASE,jwst_1535.pmap,13.1.13,,,,,,,,,117570240,2be7f388974382692b2424d954005a5a,/Date(1785910273596)/,61257.25779625,/Date(1785910282326)/,61257.25789729167,68,/Date(1785910274000)/,61257.25780092592,False,False,False,8009798,"GO-6882 Fujimoto, Seiji",F150W-CLEAR,NIRCAM-F150W,4,1,4,SHORT,0,0,0,0,0,0,NULL,NULL,NULL,0,0,0,0,0,0,A,f,CLEAR,STANDARD,4,,,,,POLYGON ICRS  15.770327824 -49.196857304 15.743219632 -49.195005748 15.740168770 -49.212495039 15.767308540 -49.214596481,15.754894309184204,-49.20471146171781,JWST,IR,JWST,CAOM,F150W,El-Gordo,"Fujimoto, Seiji",6882,NIRCAM,POLYGON ICRS 15.742796 -49.194981 15.739774 -49.212472 15.766942 -49.214555 15.769942 -49.196815,61257.07321256944,61257.07681634259,311.366,"Vast Exploration for Nascent, Unexplored Sources (VENUS)",61257.25780092592,GO,NC.F150W,2026-08-05 06:11:14.000,2026-08-05 01:45:25.566,mast:JWST/product/jw06882051001_02101_00001_nrca1_rate.fits,mast:JWST/product/jw06882051001_02101_00001_nrca1_rate.fits
249792528,jw06882051001_02101_00001_nrcalong_cal.fits,jw06882051001_02101_00001,2b,01,NRCA5_FULL,jw06882_20260703t142207_pool.csv,jw06882-o051_20260703t142207_image2_00076_asn.json,336.6101467749104,61257.08071242329,f,61257.078910471755,61257.077108520214,GO,,29,f,/Date(1785910226358)/,61257.25724949074,/Date(1785894636932)/,61257.076816354165,/Date(1785894325566)/,61257.07321256944,NRCALONG,0,0,311.366,311.366,311.366,OK,NRC_IMAGE,1,61257.07681634259,61257.075014456015,1,PRIME,61257.07321256944,-1,4,S2SD007159,1,-49.1684788863441,14.77274894714355,1,15.82829062006928,/Date(1785894088580)/,61257.07046967593,/Date(1785893848964)/,61257.06769633102,0.0481552631,0.01739693991839886,0.0466907471,336.78350066766143,61257.08071442962,f,61257.07891247812,61257.077110526625,NIRCAM,f,,0.0,,,0.0,8,4,6,1,1,0,1,4,0.0,V06882051001P0000000002101,51,El-Gordo,STSCI,FINEGUIDE,"Fujimoto, Seiji",NRCALL_FULL,PRDOPSSOC-073,6882,-49.2615,15.731200416666667,61256.08459082176,SHALLOW4,485,High-redshift Galaxies and the Distant Universe,2026_1b,1,2,FULL,,2048,2048,1,1,-49.26150000000001,15.731200416666669,El-Gordo,f,El-Gordo,FIXED,0.0,0.0,JWST,NIRCam Imaging,10.73677,53.684,UTC,"Vast Exploration for Nascent, Unexplored Sources (VENUS)",10,f,1,06882051001,/Date(1785898322816)/,61257.119477037035,02,SUCCESSFUL,PRIME_TARGETED_FIXED,/Date(1785892156294)/,61257.048105243055,87.1002466,-3.0999554,t,ImageModel,f,/Date(1785894325566)/,61257.07321256944,NIRCam_2-4filter_imaging,0.0,2026217T040907863_002_osf.xml,1,,INTRAMODULEBOX,f,CALCULATED_TRACK_TR_202111,11.3,276.8657390296798,-49.208390391212454,15.742539783740446,f,Clusters of Galaxies,Galaxy groups,GSC32,0.13779460491148873,0.681272074252658,268.419,POLYGON ICRS 15.714941 -49.193460 15.708399 -49.228605 15.763301 -49.233312 15.769594 -49.197288,2.0.1,RELEASE,jwst_1535.pmap,13.1.13,,,,,,,,,117573120,5bd5c750e5407c2846c7e895d599ad3e,/Date(1785910250847)/,61257.25753293982,/Date(1785910262744)/,61257.25767063657,68,/Date(1785910251000)/,61257.25753472222,False,False,False,8009798,"GO-6882 Fujimoto, Seiji",F444W-CLEAR,NIRCAM-F444W,4,1,4,LONG,0,0,0,0,0,0,NULL,NULL,NULL,0,0,0,0,0,0,A,f,CLEAR,STANDARD,4,,,,,POLYGON ICRS  15.769669600 -49.197310319 15.715090661 -49.193442656 15.708475898 -49.228583128 15.763339813 -49.233333779,15.739163568609698,-49.21319647725876,JWST,IR,JWST,CAOM,F444W,El-Gordo,"Fujimoto, Seiji",6882,NIRCAM,POLYGON ICRS 15.714941 -49.193460 15.708399 -49.228605 15.763301 -49.233312 15.769594 -49.197288,61257.07321256944,61257.07681634259,311.366,"Vast Exploration for Nascent, Unexplored Sources (VENUS)",61257.25753472222,GO,NC.F444W,2026-08-05 06:10:51.000,2026-08-05 01:45:25.566,mast:JWST/product/jw06882051001_02101_00001_nrcalong_rate.fits,mast:JWST/product/jw06882051001_02101_00001_nrcalong_rate.fits
249791247,jw06882051001_02103_00001_nrcb1_cal.fits,jw06882051001_02103_00001,2b,03,NRCB1_FULL,jw06882_20260703t142207_pool.csv,jw06882-o051_20260703t142207_image2_00035_asn.json,336.6739936172962,61257.10307913214,f,61257.10034513316,61257.09761113419,GO,,29,f,/Date(1785910048921)/,61257.255195833335,/Date(1785896569346)/,61257.09918224537,/Date(1785896096928)/,61257.093714421295,NRCB1,0,0,472.418,472.418,472.418,OK,NRC_IMAGE,5,61257.09918224537,61257.096448344906,1,PRIME,61257.09371444445,1,4,S2SD007159,1,-49.1684788863441,14.77274894714355,1,15.82829062006928,/Date(1785894088580)/,61257.07046967593,/Date(1785893848964)/,61257.06769633102,0.0481552631,0.01739693991839886,0.0466907471,336.84730916284025,61257.10308113798,f,61257.10034713907,61257.097613140155,NIRCAM,f,,0.0,,,0.0,8,4,9,1,1,0,1,4,0.0,V06882051001P0000000002103,51,El-Gordo,STSCI,FINEGUIDE,"Fujimoto, Seiji",NRCALL_FULL,PRDOPSSOC-073,6882,-49.2615,15.731200416666667,61256.08459082176,SHALLOW4,486,High-redshift Galaxies and the Distant Universe,2026_1b,1,-2,FULL,,2048,2048,1,1,-49.26150000000001,15.731200416666669,El-Gordo,f,El-Gordo,FIXED,0.0,0.0,JWST,NIRCam Imaging,10.73677,53.684,UTC,"Vast Exploration for Nascent, Unexplored Sources (VENUS)",10,f,1,06882051001,/Date(1785898322816)/,61257.119477037035,02,SUCCESSFUL,PRIME_TARGETED_FIXED,/Date(1785892156294)/,61257.048105243055,87.1002466,-3.0999554,t,ImageModel,f,/Date(1785896096928)/,61257.093714421295,NIRCam_2-4filter_imaging,0.0,2026217T041640563_001_osf.xml,1,,INTRAMODULEBOX,f,CALCULATED_TRACK_TR_202111,11.3,276.8657390296798,-49.26463884391289,15.716714797963997,f,Clusters of Galaxies,Galaxy groups,GSC32,0.06000434807840718,0.6095475371002432,429.471,POLYGON ICRS 15.701888 -49.259733 15.698540 -49.276978 15.725141 -49.279269 15.728586 -49.261842,2.0.1,RELEASE,jwst_1535.pmap,13.1.13,,,,,,,,,117573120,3b8c3c1e2b209e6ba8474bf428ae3200,/Date(1785910084835)/,61257.25561152778,/Date(1785910097824)/,61257.25576184028,68,/Date(1785910085000)/,61257.25561342593,False,False,False,8010289,"GO-6882 Fujimoto, Seiji",F210M-CLEAR,NIRCAM-F210M,4,1,4,SHORT,0,0,0,0,0,0,NULL,NULL,NULL,0,0,0,0,0,0,B,f,CLEAR,STANDARD,4,,,,,POLYGON ICRS  15.728315136 -49.261823336 15.701621896 -49.259688426 15.698228374 -49.276929070 15.724832820 -49.279248463,15.713563344252643,-49.269454204976554,JWST,IR,JWST,CAOM,F210M,El-Gordo,"Fujimoto, Seiji",6882,NIRCAM,POLYGON ICRS 15.701888 -49.259733 15.698540 -49.276978 15.725141 -49.279269 15.728586 -49.261842,61257.09371444445,61257.09918224537,472.418,"Vast Exploration for Nascent, Unexplored Sources (VENUS)",61257.25561342593,GO,NC.F210M,2026-08-05 06:08:05.000,2026-08-05 02:14:56.928,mast:JWST/product/jw06882051001_02103_00001_nrcb1_rate.fits,mast:JWST/product/jw06882051001_02103_00001_nrcb1_rate.fits
249791226,jw06882051001_02103_00001_nrcblong_cal.fits,jw06882051001_02103_00001,2b,03,NRCB5_FULL,jw06882_20260703t142207_pool.csv,jw06882-o051_20260703t142207_image2_00031_asn.json,336.6739936172962,61257.10307913214,f,61257.10034513316,61257.09761113419,GO,,29,f,/Date(1785910045666)/,61257.2551581713,/Date(1785896569346)/,61257.09918224537,/Date(1785896096928)/,61257.093714421295,NRCBLONG,0,0,472.418,472.418,472.418,OK,NRC_IMAGE,5,61257.09918224537,61257.096448344906,1,PRIME,61257.09371444445,1,4,S2SD007159,1,-49.1684788863441,14.77274894714355,1,15.82829062006928,/Date(1785894088580)/,61257.07046967593,/Date(1785893848964)/,61257.06769633102,0.0481552631,0.01739693991839886,0.0466907471,336.84730916284025,61257.10308113798,f,61257.10034713907,61257.097613140155,NIRCAM,f,,0.0,,,0.0,8,4,9,1,1,0,1,4,0.0,V06882051001P0000000002103,51,El-Gordo,STSCI,FINEGUIDE,"Fujimoto, Seiji",NRCALL_FULL,PRDOPSSOC-073,6882,-49.2615,15.731200416666667,61256.08459082176,SHALLOW4,490,High-redshift Galaxies and the Distant Universe,2026_1b,1,-2,FULL,,2048,2048,1,1,-49.26150000000001,15.731200416666669,El-Gordo,f,El-Gordo,FIXED,0.0,0.0,JWST,NIRCam Imaging,10.73677,53.684,UTC,"Vast Exploration for Nascent, Unexplored Sources (VENUS)",10,f,1,06882051001,/Date(1785898322816)/,61257.119477037035,02,SUCCESSFUL,PRIME_TARGETED_FIXED,/Date(1785892156294)/,61257.048105243055,87.1002466,-3.0999554,t,ImageModel,f,/Date(1785896096928)/,61257.093714421295,NIRCam_2-4filter_imaging,0.0,2026217T041640563_001_osf.xml,1,,INTRAMODULEBOX,f,CALCULATED_TRACK_TR_202111,11.3,276.8657390296798,-49.25666304872509,15.732632748954966,f,Clusters of Galaxies,Galaxy groups,GSC32,0.15170128208169212,0.6478524369726628,429.471,POLYGON ICRS 15.705062 -49.241676 15.698678 -49.276886 15.753246 -49.281623 15.760202 -49.245584,2.0.1,RELEASE,jwst_1535.pmap,13.1.13,,,,,,,,,117573120,17e800e7d0d8f4ef33e69edc68aa56da,/Date(1785910083779)/,61257.25559930556,/Date(1785910095056)/,61257.25572981482,68,/Date(1785910084000)/,61257.25560185185,False,False,False,8010289,"GO-6882 Fujimoto, Seiji",F300M-CLEAR,NIRCAM-F300M,4,1,4,LONG,0,0,0,0,0,0,NULL,NULL,NULL,0,0,0,0,0,0,B,f,CLEAR,STANDARD,4,,,,,POLYGON ICRS  15.760152303 -49.245602197 15.705038795 -49.241648747 15.698563993 -49.276852165 15.753143042 -49.281637361,15.729411688167165,-49.261428730917885,JWST,IR,JWST,CAOM,F300M,El-Gordo,"Fujimoto, Seiji",6882,NIRCAM,POLYGON ICRS 15.705062 -49.241676 15.698678 -49.276886 15.753246 -49.281623 15.760202 -49.245584,61257.09371444445,61257.09918224537,472.418,"Vast Exploration for Nascent, Unexplored Sources (VENUS)",61257.25560185185,GO,NC.F300M,2026-08-05 06:08:04.000,2026-08-05 02:14:56.928,mast:JWST/product/jw06882051001_02103_00001_nrcblong_rate.fits,mast:JWST/product/jw06882051001_02103_00001_nrcblong_rate.fits
249791220,jw06882051001_02103_00001_nrcalong_cal.fits,jw06882051001_02103_00001,2b,03,NRCA5_FULL,jw06882_20260703t142207_pool.csv,jw06882-o051_20260703t142207_image2_00036_asn.json,336.6740030469373,61257.1030820952,f,61257.10034809624,61257.097614097256,GO,,29,f,/Date(1785910047810)/,61257.25518298611,/Date(1785896569602)/,61257.09918521991,/Date(1785896097184)/,61257.09371739583,NRCALONG,0,0,472.418,472.418,472.418,OK,NRC_IMAGE,5,61257.09918520833,61257.09645130787,1,PRIME,61257.093717407406,-1,4,S2SD007159,1,-49.1684788863441,14.77274894714355,1,15.82829062006928,/Date(1785894088580)/,61257.07046967593,/Date(1785893848964)/,61257.06769633102,0.0481552631,0.01739693991839886,0.0466907471,336.8473185924813,61257.10308410105,f,61257.10035010214,61257.09761610322,NIRCAM,f,,0.0,,,0.0,8,4,9,1,1,0,1,4,0.0,V06882051001P0000000002103,51,El-Gordo,STSCI,FINEGUIDE,"Fujimoto, Seiji",NRCALL_FULL,PRDOPSSOC-073,6882,-49.2615,15.731200416666667,61256.08459082176,SHALLOW4,485,High-redshift Galaxies and the Distant Universe,2026_1b,1,2,FULL,,2048,2048,1,1,-49.26150000000001,15.731200416666669,El-Gordo,f,El-Gordo,FIXED,0.0,0.0,JWST,NIRCam Imaging,10.73677,53.684,UTC,"Vast Exploration for Nascent, Unexplored Sources (VENUS)",10,f,1,06882051001,/Date(1785898322816)/,61257.119477037035,02,SUCCESSFUL,PRIME_TARGETED_FIXED,/Date(1785892156294)/,61257.048105243055,87.1002466,-3.0999554,t,ImageModel,f,/Date(1785896097184)/,61257.09371739583,NIRCam_2-4filter_imaging,0.0,2026217T041640563_001_osf.xml,1,,INTRAMODULEBOX,f,CALCULATED_TRACK_TR_202111,11.3,276.8657390296798,-49.20839046302551,15.742542179347602,f,Clusters of Galaxies,Galaxy groups,GSC32,0.153481627210545,0.6622861673593717,429.471,POLYGON ICRS 15.714941 -49.193460 15.708399 -49.228605 15.763301 -49.233312 15.769594 -49.197288,2.0.1,RELEASE,jwst_1535.pmap,13.1.13,,,,,,,,,117573120,693a0989d8fe1cb6012a97531022c54e,/Date(1785910083309)/,61257.25559386574,/Date(1785910094702)/,61257.25572572917,68,/Date(1785910083000)/,61257.255590277775,False,False,False,8010289,"GO-6882 Fujimoto, Seiji",F300M-CLEAR,NIRCAM-F300M,4,1,4,LONG,0,0,0,0,0,0,NULL,NULL,NULL,0,0,0,0,0,0,A,f,CLEAR,STANDARD,4,,,,,POLYGON ICRS  15.769661093 -49.197310825 15.715084002 -49.193443027 15.708467784 -49.228583234 15.763330303 -49.233333172,15.739163568609698,-49.21319647725876,JWST,IR,JWST,CAOM,F300M,El-Gordo,"Fujimoto, Seiji",6882,NIRCAM,POLYGON ICRS 15.714941 -49.193460 15.708399 -49.228605 15.763301 -49.233312 15.769594 -49.197288,61257.093717407406,61257.09918520833,472.418,"Vast Exploration for Nascent, Unexplored Sources (VENUS)",61257.255590277775,GO,NC.F300M,2026-08-05 06:08:03.000,2026-08-05 02:14:57.184,mast:JWST/product/jw06882051001_02103_00001_nrcalong_rate.fits,mast:JWST/product/jw06882051001_02103_00001_nrcalong_rate.fits
249791286,jw06882051001_02103_00001_nrca1_cal.fits,jw06882051001_02103_00001,2b,03,NRCA1_FULL,jw06882_20260703t142207_pool.csv,jw06882-o051_20260703t142207_image2_00040_asn.json,336.6740030469373,61257.1030820952,f,61257.10034809624,61257.097614097256,GO,,29,f,/Date(1785910062794)/,61257.25535640046,/Date(1785896569602)/,61257.09918521991,/Date(1785896097184)/,61257.09371739583,NRCA1,0,0,472.418,472.418,472.418,OK,NRC_IMAGE,5,61257.09918520833,61257.09645130787,1,PRIME,61257.093717407406,-1,4,S2SD007159,1,-49.1684788863441,14.77274894714355,1,15.82829062006928,/Date(1785894088580)/,61257.07046967593,/Date(1785893848964)/,61257.06769633102,0.0481552631,0.01739693991839886,0.0466907471,336.8473185924813,61257.10308410105,f,61257.10035010214,61257.09761610322,NIRCAM,f,,0.0,,,0.0,8,4,9,1,1,0,1,4,0.0,V06882051001P0000000002103,51,El-Gordo,STSCI,FINEGUIDE,"Fujimoto, Seiji",NRCALL_FULL,PRDOPSSOC-073,6882,-49.2615,15.731200416666667,61256.08459082176,SHALLOW4,481,High-redshift Galaxies and the Distant Universe,2026_1b,1,2,FULL,,2048,2048,1,1,-49.26150000000001,15.731200416666669,El-Gordo,f,El-Gordo,FIXED,0.0,0.0,JWST,NIRCam Imaging,10.73677,53.684,UTC,"Vast Exploration for Nascent, Unexplored Sources (VENUS)",10,f,1,06882051001,/Date(1785898322816)/,61257.119477037035,02,SUCCESSFUL,PRIME_TARGETED_FIXED,/Date(1785892156294)/,61257.048105243055,87.1002466,-3.0999554,t,ImageModel,f,/Date(1785896097184)/,61257.09371739583,NIRCam_2-4filter_imaging,0.0,2026217T041640563_001_osf.xml,1,,INTRAMODULEBOX,f,CALCULATED_TRACK_TR_202111,11.3,276.8657390296798,-49.19997461142069,15.758666906122995,f,Clusters of Galaxies,Galaxy groups,GSC32,0.06207891924975837,0.5540331894590552,429.471,POLYGON ICRS 15.742796 -49.194981 15.739774 -49.212472 15.766942 -49.214555 15.769942 -49.196815,2.0.1,RELEASE,jwst_1535.pmap,13.1.13,,,,,,,,,117573120,84d3050113901b5ee143d7561b40b4e0,/Date(1785910088748)/,61257.25565678241,/Date(1785910101069)/,61257.2557994213,68,/Date(1785910089000)/,61257.25565972222,False,False,False,8010289,"GO-6882 Fujimoto, Seiji",F210M-CLEAR,NIRCAM-F210M,4,1,4,SHORT,0,0,0,0,0,0,NULL,NULL,NULL,0,0,0,0,0,0,A,f,CLEAR,STANDARD,4,,,,,POLYGON ICRS  15.770326762 -49.196856713 15.743218321 -49.195005641 15.740168623 -49.212494958 15.767308443 -49.214595966,15.754894309184204,-49.20471146171781,JWST,IR,JWST,CAOM,F210M,El-Gordo,"Fujimoto, Seiji",6882,NIRCAM,POLYGON ICRS 15.742796 -49.194981 15.739774 -49.212472 15.766942 -49.214555 15.769942 -49.196815,61257.093717407406,61257.09918520833,472.418,"Vast Exploration for Nascent, Unexplored Sources (VENUS)",61257.25565972222,GO,NC.F210M,2026-08-05 06:08:09.000,2026-08-05 02:14:57.184,mast:JWST/product/jw06882051001_02103_00001_nrca1_rate.fits,mast:JWST/product/jw06882051001_02103_00001_nrca1_rate.fits
249898760,jw12584001001_02101_00001_mirimage_cal.fits,jw12584001001_02101_00001,2b,01,MIRIM_FULL,jw12584_20260805t200038_pool.csv,jw12584-o001_20260805t200038_image2_00004_asn.json,64.19706491287798,61257.74245649434,f,61257.7420550126,61257.741653530844,CAL,,7,f,/Date(1785961741697)/,61257.85349185185,/Date(1785952084044)/,61257.74171346065,/Date(1785952014668)/,61257.740910486114,MIRIMAGE,0,0,69.376,69.376,69.376,OK,MIR_IMAGE,1,61257.74171347222,61257.74131199074,1,PRIME,61257.74091050926,1,1,N4E8000262,0,67.01427731218796,12.62626361846924,1,268.8187512269063,/Date(1785951917900)/,61257.73979050926,/Date(1785951677260)/,61257.737005324074,0.0108990874,0.008793891407549381,0.0115192467,64.16552402079105,61257.742456129294,f,61257.74205464754,61257.74165316579,MIRI,f,OFF,-0.01294500000312837,/Date(946684800000)/,51544,0.000841,4,1,25,1,1,0,1,4,0.0,V12584001001P0000000002101,1,Set01-FULL-1,STSCI,FINEGUIDE,"Diamond-Lowe, Hannah",MIRIM_ILLUM,PRDOPSSOC-073,12584,67.06132222222222,269.3051341666666,61256.08459082176,FASTR1,493,,2026_1b,1,2,FULL,MIRI,1032,1024,1,1,67.06122659184628,269.3051501074059,2MASS J17571324+6703409,f,J1757132,FIXED,0.1,0.1,JWST,MIRI Imaging,2.77504,2.775,UTC,CAL-MIRI-580: Imager Subarray Transfer Calibration,10,f,1,12584001001,/Date(1785952609099)/,61257.74779050926,02,SUCCESSFUL,PRIME_TARGETED_FIXED,/Date(1785948119888)/,61257.69583201389,-1.6463881,-3.9967538,f,ImageModel,f,/Date(1785952014668)/,61257.740910486114,Set01 -  J1757132/F1280W,0.39997056013013604,2026217T184051867_001_osf.xml,1,DEFAULT,CYCLING,f,CALCULATED_TRACK_TR_202111,11.3,136.2082297448906,67.06457600897808,269.3183205629579,f,Star,A dwarfs,GSC32,0.275218540393275,0.0,66.601,POLYGON ICRS 269.312933 67.041970 269.353321 67.054845 269.303124 67.079322 269.262149 67.066368 POLYGON ICRS 269.291163 67.035325 269.307751 67.040500 269.294243 67.046961 269.277622 67.041765,2.0.1,RELEASE,jwst_1535.pmap,13.1.13,OPEN,1,,,,4,A,A,29721600,60a899504d6db5297150bb2dbd401208,/Date(1785961773835)/,61257.853863842596,/Date(1785961775822)/,61257.853886840276,61,/Date(1785961774000)/,61257.85386574074,False,False,False,8012106,"CAL-12584 Diamond-Lowe, Hannah",F1280W,MIRI-F1280W,,,,,,,,,,,,,,,,,,,,,,,,,,,,,POLYGON ICRS  269.240304833 67.059585473 269.290510652 67.035191286 269.353445578 67.054800323 269.303760157 67.079435185,269.30782589831483,67.06064607474208,JWST,IR,JWST,CAOM,F1280W,2MASS J17571324+6703409,"Diamond-Lowe, Hannah",12584,MIRI,POLYGON ICRS 269.312933 67.041970 269.353321 67.054845 269.303124 67.079322 269.262149 67.066368 POLYGON ICRS 269.291163 67.035325 269.307751 67.040500 269.294243 67.046961 269.277622 67.041765,61257.74091050926,61257.74171347222,69.376,CAL-MIRI-580: Imager Subarray Transfer Calibration,61257.85386574074,CAL,MI.F1280W,2026-08-05 20:29:34.000,2026-08-05 17:46:54.668,mast:JWST/product/jw12584001001_02101_00001_mirimage_rate.fits,mast:JWST/product/jw12584001001_02101_00001_mirimage_rate.fits
249899638,jw12584004001_02101_00001_mirimage_cal.fits,jw12584004001_02101_00001,2b,01,MIRIM_FULL,jw12584_20260805t200038_pool.csv,jw12584-o004_20260805t200038_image2_00004_asn.json,64.19920984189957,61257.77937796594,f,61257.77897648419,61257.77857500243,CAL,,7,f,/Date(1786018080095)/,61258.50555666666,/Date(1785955274057)/,61257.77863490741,/Date(1785955204681)/,61257.77783194445,MIRIMAGE,0,0,69.376,69.376,69.376,OK,MIR_IMAGE,1,61257.778634918985,61257.7782334375,1,PRIME,61257.77783195602,1,1,N4E8000262,0,67.01427731242818,12.62626361846924,1,268.8187512273031,/Date(1785955131209)/,61257.77698159722,/Date(1785955043145)/,61257.77596233796,0.0108990874,0.008793891407549381,0.0115192467,64.16767209302634,61257.77937760092,f,61257.77897611916,61257.77857463741,MIRI,f,OFF,-0.01294500000312837,/Date(946684800000)/,51544,0.000841,4,1,25,1,1,0,1,4,0.0,V12584004001P0000000002101,4,Set01-FULL-2,STSCI,FINEGUIDE,"Diamond-Lowe, Hannah",MIRIM_ILLUM,PRDOPSSOC-073,12584,67.06132222222222,269.3051341666666,61256.08459082176,FASTR1,493,,2026_1b,1,2,FULL,MIRI,1032,1024,1,1,67.0612265914828,269.3051501074665,2MASS J17571324+6703409,f,J1757132,FIXED,0.1,0.1,JWST,MIRI Imaging,2.77504,2.775,UTC,CAL-MIRI-580: Imager Subarray Transfer Calibration,10,f,1,12584004001,/Date(1785955800904)/,61257.78473267361,02,SUCCESSFUL,PRIME_TARGETED_FIXED,/Date(1785954722633)/,61257.77225269676,-1.6463881,-3.9967538,f,ImageModel,f,/Date(1785955204681)/,61257.77783194445,Set01 -  J1757132/F1280W,0.0,2026218T111536574_002_osf.xml,1,DEFAULT,CYCLING,f,CALCULATED_TRACK_TR_202111,11.3,136.1672996551062,67.06458409706576,269.31831250305163,f,Star,A dwarfs,GSC32,0.30039340876518583,0.0,66.601,POLYGON ICRS 269.312968 67.041972 269.353332 67.054858 269.303091 67.079321 269.262140 67.066356 POLYGON ICRS 269.291210 67.035321 269.307789 67.040501 269.294270 67.046958 269.277658 67.041757,2.0.1,RELEASE,jwst_1535.pmap,13.1.13,OPEN,1,,,,4,A,A,29721600,2189ac760c7d0d591fd3a85028f2eaa4,/Date(1786018109265)/,61258.50589428241,/Date(1786018110860)/,61258.50591273148,61,/Date(1786018109000)/,61258.505891203706,False,False,False,8012608,"CAL-12584 Diamond-Lowe, Hannah",F1280W,MIRI-F1280W,,,,,,,,,,,,,,,,,,,,,,,,,,,,,POLYGON ICRS  269.240304935 67.059571489 269.290556950 67.035191775 269.353454735 67.054818943 269.303722549 67.079439481,269.30782685665184,67.06064654836919,JWST,IR,JWST,CAOM,F1280W,2MASS J17571324+6703409,"Diamond-Lowe, Hannah",12584,MIRI,POLYGON ICRS 269.312968 67.041972 269.353332 67.054858 269.303091 67.079321 269.262140 67.066356 POLYGON ICRS 269.291210 67.035321 269.307789 67.040501 269.294270 67.046958 269.277658 67.041757,61257.77783195602,61257.778634918985,69.376,CAL-MIRI-580: Imager Subarray Transfer Calibration,61258.505891203706,CAL,MI.F1280W,2026-08-06 12:08:29.000,2026-08-05 18:40:04.681,mast:JWST/product/jw12584004001_02101_00001_mirimage_rate.fits,mast:JWST/product/jw12584004001_02101_00001_mirimage_rate.fits
249902570,jw07041007001_02101_00001_mirimage_cal.fits,jw07041007001_02101_00001,2b,01,MIRIM_FULL,jw07041_20260624t084220_pool.csv,jw07041-o007_20260624t084220_image2_00012_asn.json,380.92291688080877,61258.05650747366,t,61258.05458021204,61258.05265295043,GO,,7,f,/Date(1786030871801)/,61258.653608796296,/Date(1785978901297)/,61258.05209833333,/Date(1785978568292)/,61258.04824413195,MIRIMAGE,0,0,333.005,333.005,333.005,OK,MIR_IMAGE,1,61258.05209834491,61258.05017123264,1,PRIME,61258.04824412037,1,1,NB3S002832,0,1.05209611733214,15.23807334899902,2,5.286744793943883,/Date(1785978268466)/,61258.044773912035,/Date(1785978028850)/,61258.0420005787,0.08000023,0.01932168006896973,0.103377439,381.9507993059233,61258.0565193703,f,61258.054592108754,61258.052664847215,MIRI,f,OFF,0.0,,,0.0,12,1,120,1,1,0,1,4,0.0,V07041007001P0000000002101,7,J0021+0052,STSCI,FINEGUIDE,"Berg, Danielle",MIRIFU_CHANNEL1A,PRDOPSSOC-073,7041,0.8800222222222223,5.254289999999999,61256.08459082176,FASTR1,493,Nearby Galaxies to Cosmic Noon,2026_1b,1,2,FULL,,1032,1024,1,1,0.8800222222222223,5.25429,,f,J0021+0052,FIXED,0.05,0.05,JWST,MIRI Medium Resolution Spectroscopy,2.77504,2.775,UTC,The CLASSYIR Treasury: Unveiling the Cosmic Engines Powering Galaxies with JWST/MIRI,10,f,1,07041007001,/Date(1785984257836)/,61258.114095324076,02,SUCCESSFUL,PRIME_TARGETED_FIXED,/Date(1785975834420)/,61258.016602083335,0.1638621,-0.4488829,f,ImageModel,f,/Date(1785978568292)/,61258.04824413195,R.A. 10:14  Decl. -3:00,0.0,2026218T122224867_001_osf.xml,1,,4-POINT,f,CALCULATED_TRACK_TR_202111,11.3,247.4348651216594,0.9001906366638822,5.266076087345028,f,Galaxy,Emission line galaxies,GSC32,0.31044506210487194,0.0,330.23,POLYGON ICRS 5.244755 0.903611 5.251058 0.884277 5.280961 0.893651 5.274668 0.913228 POLYGON ICRS 5.241632 0.913926 5.244116 0.906026 5.252046 0.908594 5.249547 0.916514,2.0.1,RELEASE,jwst_1535.pmap,13.1.13,OPEN,,NEGATIVE,EXTENDED-SOURCE,ALL_MRS,,A,A,29721600,80474e0f7e70ea20f20546d9c07f3fd5,/Date(1786030911246)/,61258.654065347226,/Date(1786030915414)/,61258.65411357639,61,/Date(1786030911000)/,61258.6540625,False,False,False,8012843,"GO-7041 Berg, Danielle",F770W,MIRI-F770W,,,,,,,,,,,,,,,,,,,,,,,,,,,,,POLYGON ICRS  5.271234541 0.923657853 5.241468683 0.914023898 5.251105317 0.884119530 5.281008795 0.893493356,5.262886948494707,0.8987049534605511,JWST,IR,JWST,CAOM,F770W,,"Berg, Danielle",7041,MIRI,POLYGON ICRS 5.244755 0.903611 5.251058 0.884277 5.280961 0.893651 5.274668 0.913228 POLYGON ICRS 5.241632 0.913926 5.244116 0.906026 5.252046 0.908594 5.249547 0.916514,61258.04824412037,61258.05209834491,333.005,The CLASSYIR Treasury: Unveiling the Cosmic Engines Powering Galaxies with JWST/MIRI,61258.6540625,GO,MI.F770W,2026-08-06 15:41:51.000,2026-08-06 01:09:28.292,mast:JWST/product/jw07041007001_02101_00001_mirimage_rate.fits,mast:JWST/product/jw07041007001_02101_00001_mirimage_rate.fits
249902490,jw07041007001_02103_00001_mirimage_cal.fits,jw07041007001_02103_00001,2b,03,MIRIM_FULL,jw07041_20260624t084220_pool.csv,jw07041-o007_20260624t084220_image2_00008_asn.json,381.0792452422902,61258.07985963015,t,61258.07793236858,61258.076005107,GO,,7,f,/Date(1786030862775)/,61258.65350435185,/Date(1785980918767)/,61258.07544868055,/Date(1785980585762)/,61258.07159447917,MIRIMAGE,0,0,333.005,333.005,333.005,OK,MIR_IMAGE,5,61258.07544869213,61258.07352157986,1,PRIME,61258.07159446759,1,1,NB3S002832,0,1.05209611733214,15.23807334899902,2,5.286744793943883,/Date(1785978268466)/,61258.044773912035,/Date(1785978028850)/,61258.0420005787,0.08000023,0.01932168006896973,0.103377439,382.1070528589189,61258.07987152592,f,61258.07794426443,61258.076017002924,MIRI,f,OFF,0.0,,,0.0,12,1,120,1,1,0,1,4,0.0,V07041007001P0000000002103,7,J0021+0052,STSCI,FINEGUIDE,"Berg, Danielle",MIRIFU_CHANNEL1A,PRDOPSSOC-073,7041,0.8800222222222223,5.254289999999999,61256.08459082176,FASTR1,493,Nearby Galaxies to Cosmic Noon,2026_1b,1,2,FULL,,1032,1024,1,1,0.8800222222222223,5.25429,,f,J0021+0052,FIXED,0.05,0.05,JWST,MIRI Medium Resolution Spectroscopy,2.77504,2.775,UTC,The CLASSYIR Treasury: Unveiling the Cosmic Engines Powering Galaxies with JWST/MIRI,10,f,1,07041007001,/Date(1785984257836)/,61258.114095324076,02,SUCCESSFUL,PRIME_TARGETED_FIXED,/Date(1785975834420)/,61258.016602083335,0.1638621,-0.4488829,f,ImageModel,f,/Date(1785980585762)/,61258.07159447917,R.A. 10:14  Decl. -3:00,0.0,2026218T123002319_001_osf.xml,1,,4-POINT,f,CALCULATED_TRACK_TR_202111,11.3,247.4348651216594,0.9001911814077114,5.2660779251957734,f,Galaxy,Emission line galaxies,GSC32,0.29736848933827403,0.0,330.23,POLYGON ICRS 5.244755 0.903611 5.251058 0.884277 5.280961 0.893651 5.274668 0.913228 POLYGON ICRS 5.241632 0.913926 5.244116 0.906026 5.252046 0.908594 5.249547 0.916514,2.0.1,RELEASE,jwst_1535.pmap,13.1.13,OPEN,,NEGATIVE,EXTENDED-SOURCE,ALL_MRS,,A,A,29721600,1e800b3635ff5e00d96c2f409e5d049e,/Date(1786030889715)/,61258.653816157406,/Date(1786030892997)/,61258.65385412037,61,/Date(1786030890000)/,61258.653819444444,False,False,False,8012846,"GO-7041 Berg, Danielle",F1280W,MIRI-F1280W,,,,,,,,,,,,,,,,,,,,,,,,,,,,,POLYGON ICRS  5.271253780 0.923666250 5.241488431 0.914032677 5.251125141 0.884128061 5.281028048 0.893501963,5.262886948494707,0.8987049534605511,JWST,IR,JWST,CAOM,F1280W,,"Berg, Danielle",7041,MIRI,POLYGON ICRS 5.244755 0.903611 5.251058 0.884277 5.280961 0.893651 5.274668 0.913228 POLYGON ICRS 5.241632 0.913926 5.244116 0.906026 5.252046 0.908594 5.249547 0.916514,61258.07159446759,61258.07544869213,333.005,The CLASSYIR Treasury: Unveiling the Cosmic Engines Powering Galaxies with JWST/MIRI,61258.653819444444,GO,MI.F1280W,2026-08-06 15:41:30.000,2026-08-06 01:43:05.762,mast:JWST/product/jw07041007001_02103_00001_mirimage_rate.fits,mast:JWST/product/jw07041007001_02103_00001_mirimage_rate.fits
249902468,jw07041007001_02105_00001_mirimage_cal.fits,jw07041007001_02105_00001,2b,05,MIRIM_FULL,jw07041_20260624t084220_pool.csv,jw07041-o007_20260624t084220_image2_00004_asn.json,381.23122905381024,61258.1025695257,t,61258.10064226418,61258.09871500265,GO,,7,f,/Date(1786030846070)/,61258.65331099537,/Date(1785982880750)/,61258.0981568287,/Date(1785982547745)/,61258.09430261574,MIRIMAGE,0,0,333.005,333.005,333.005,OK,MIR_IMAGE,9,61258.0981568287,61258.09622971644,1,PRIME,61258.094302604164,1,1,NB3S002832,0,1.05209611733214,15.23807334899902,2,5.286744793943883,/Date(1785978268466)/,61258.044773912035,/Date(1785978028850)/,61258.0420005787,0.08000023,0.01932168006896973,0.103377439,382.25896374788135,61258.10258142063,f,61258.100654159185,61258.098726897726,MIRI,f,OFF,0.0,,,0.0,12,1,120,1,1,0,1,4,0.0,V07041007001P0000000002105,7,J0021+0052,STSCI,FINEGUIDE,"Berg, Danielle",MIRIFU_CHANNEL1A,PRDOPSSOC-073,7041,0.8800222222222223,5.254289999999999,61256.08459082176,FASTR1,493,Nearby Galaxies to Cosmic Noon,2026_1b,1,2,FULL,,1032,1024,1,1,0.8800222222222223,5.25429,,f,J0021+0052,FIXED,0.05,0.05,JWST,MIRI Medium Resolution Spectroscopy,2.77504,2.775,UTC,The CLASSYIR Treasury: Unveiling the Cosmic Engines Powering Galaxies with JWST/MIRI,10,f,1,07041007001,/Date(1785984257836)/,61258.114095324076,02,SUCCESSFUL,PRIME_TARGETED_FIXED,/Date(1785975834420)/,61258.016602083335,0.1638621,-0.4488829,f,ImageModel,f,/Date(1785982547745)/,61258.09430261574,R.A. 10:14  Decl. -3:00,0.0,2026218T123350583_002_osf.xml,1,,4-POINT,f,CALCULATED_TRACK_TR_202111,11.3,247.4348651216594,0.9001917089234633,5.266079358697761,f,Galaxy,Emission line galaxies,GSC32,1.2079978980014703,0.0,330.23,POLYGON ICRS 5.244755 0.903611 5.251058 0.884277 5.280961 0.893651 5.274668 0.913228 POLYGON ICRS 5.241632 0.913926 5.244116 0.906026 5.252046 0.908594 5.249547 0.916514,2.0.1,RELEASE,jwst_1535.pmap,13.1.13,OPEN,,NEGATIVE,EXTENDED-SOURCE,ALL_MRS,,A,A,29721600,d873febdc3440fe66b21ce1fb9e66db4,/Date(1786030885451)/,61258.65376678241,/Date(1786030888053)/,61258.65379690972,61,/Date(1786030885000)/,61258.653761574074,False,False,False,8013104,"GO-7041 Berg, Danielle",F1800W,MIRI-F1800W,,,,,,,,,,,,,,,,,,,,,,,,,,,,,POLYGON ICRS  5.271259006 0.923652786 5.241493420 0.914019172 5.251130361 0.884114599 5.281033073 0.893488316,5.262886948494707,0.8987049534605511,JWST,IR,JWST,CAOM,F1800W,,"Berg, Danielle",7041,MIRI,POLYGON ICRS 5.244755 0.903611 5.251058 0.884277 5.280961 0.893651 5.274668 0.913228 POLYGON ICRS 5.241632 0.913926 5.244116 0.906026 5.252046 0.908594 5.249547 0.916514,61258.094302604164,61258.0981568287,333.005,The CLASSYIR Treasury: Unveiling the Cosmic Engines Powering Galaxies with JWST/MIRI,61258.653761574074,GO,MI.F1800W,2026-08-06 15:41:25.000,2026-08-06 02:15:47.745,mast:JWST/product/jw07041007001_02105_00001_mirimage_rate.fits,mast:JWST/product/jw07041007001_02105_00001_mirimage_rate.fits
249902386,jw07041008001_02101_00001_mirimage_cal.fits,jw07041008001_02101_00001,2b,01,MIRIM_FULL,jw07041_20260624t084220_pool.csv,jw07041-c1067_20260624t084220_image2_00006_asn.json,381.4471992664039,61258.13485199051,f,61258.13292472905,61258.13099746758,GO,,7,f,/Date(1786030827567)/,61258.653096828704,/Date(1785985669739)/,61258.13043680556,/Date(1785985336734)/,61258.126582557874,MIRIMAGE,0,0,333.005,333.005,333.005,OK,MIR_IMAGE,1,61258.13043679398,61258.128509681716,1,PRIME,61258.12658256944,1,1,NB3S002832,0,1.052096117331944,15.23807334899902,1,5.286744793943801,/Date(1785985067819)/,61258.12347013889,/Date(1785984827180)/,61258.120684953705,0.08000023,0.01932168006896973,0.103377439,382.47482960578054,61258.13486388424,f,61258.13293662285,61258.13100936145,MIRI,f,OFF,0.0,,,0.0,6,1,120,1,1,0,1,2,0.0,V07041008001P0000000002101,8,J0021+0052-Background,STSCI,FINEGUIDE,"Berg, Danielle",MIRIM_ILLUM,PRDOPSSOC-073,7041,0.8800222222222223,5.254289999999999,61256.08459082176,FASTR1,493,Nearby Galaxies to Cosmic Noon,2026_1b,1,2,FULL,,1032,1024,1,1,0.8800222222222223,5.25429,,f,J0021+0052-B,FIXED,0.05,0.05,JWST,MIRI Medium Resolution Spectroscopy,2.77504,2.775,UTC,The CLASSYIR Treasury: Unveiling the Cosmic Engines Powering Galaxies with JWST/MIRI,10,f,1,07041008001,/Date(1785988474664)/,61258.16290119213,02,SUCCESSFUL,PRIME_TARGETED_FIXED,/Date(1785984261932)/,61258.114142743056,8.9222907,-5.6487669,f,ImageModel,f,/Date(1785985336734)/,61258.126582557874,R.A. 10:14  Decl. -3:00,0.0,2026218T124634311_001_osf.xml,1,,2-POINT,f,CALCULATED_TRACK_TR_202111,11.3,247.6387880971386,0.8834255293117679,5.255242365198943,f,Calibration,Telescope/sky background,GSC32,0.3049052190123707,0.0,330.23,POLYGON ICRS 5.233932 0.886896 5.240167 0.867539 5.270103 0.876807 5.263879 0.896406 POLYGON ICRS 5.230846 0.897222 5.233302 0.889313 5.241241 0.891853 5.238770 0.899782,2.0.1,RELEASE,jwst_1535.pmap,13.1.13,OPEN,,NEGATIVE,,IMAGER,,A,A,29724480,4bbd670be130af8dab9117d99adc3715,/Date(1786030862882)/,61258.65350559028,/Date(1786030866632)/,61258.653548993054,61,/Date(1786030863000)/,61258.65350694444,False,False,False,8013253,"GO-7041 Berg, Danielle",F770W,MIRI-F770W,,,,,,,,,,,,,,,,,,,,,,,,,,,,,POLYGON ICRS  5.260483162 0.906859316 5.230683379 0.897331231 5.240213578 0.867392799 5.270150058 0.876660268,5.252046629996991,0.8819250643045633,JWST,IR,JWST,CAOM,F770W,,"Berg, Danielle",7041,MIRI,POLYGON ICRS 5.233932 0.886896 5.240167 0.867539 5.270103 0.876807 5.263879 0.896406 POLYGON ICRS 5.230846 0.897222 5.233302 0.889313 5.241241 0.891853 5.238770 0.899782,61258.12658256944,61258.13043679398,333.005,The CLASSYIR Treasury: Unveiling the Cosmic Engines Powering Galaxies with JWST/MIRI,61258.65350694444,GO,MI.F770W,2026-08-06 15:41:03.000,2026-08-06 03:02:16.734,mast:JWST/product/jw07041008001_02101_00001_mirimage_rate.fits,mast:JWST/product/jw07041008001_02101_00001_mirimage_rate.fits
249902359,jw07041008001_02103_00001_mirimage_cal.fits,jw07041008001_02103_00001,2b,03,MIRIM_FULL,jw07041_20260624t084220_pool.csv,jw07041-c1067_20260624t084220_image2_00005_asn.json,381.53764272574335,61258.1483752479,f,61258.14644798647,61258.14452072503,GO,,7,f,/Date(1786030782562)/,61258.652575960645,/Date(1785986838058)/,61258.14395898148,/Date(1785986505053)/,61258.14010478009,MIRIMAGE,0,0,333.005,333.005,333.005,OK,MIR_IMAGE,3,61258.14395900463,61258.14203189236,1,PRIME,61258.14010478009,1,1,NB3S002832,0,1.052096117331944,15.23807334899902,1,5.286744793943801,/Date(1785985067819)/,61258.12347013889,/Date(1785984827180)/,61258.120684953705,0.08000023,0.01932168006896973,0.103377439,382.56522968877107,61258.14838714113,f,61258.14645987977,61258.1445326184,MIRI,f,OFF,0.0,,,0.0,6,1,120,1,1,0,1,2,0.0,V07041008001P0000000002103,8,J0021+0052-Background,STSCI,FINEGUIDE,"Berg, Danielle",MIRIM_ILLUM,PRDOPSSOC-073,7041,0.8800222222222223,5.254289999999999,61256.08459082176,FASTR1,493,Nearby Galaxies to Cosmic Noon,2026_1b,1,2,FULL,,1032,1024,1,1,0.8800222222222223,5.25429,,f,J0021+0052-B,FIXED,0.05,0.05,JWST,MIRI Medium Resolution Spectroscopy,2.77504,2.775,UTC,The CLASSYIR Treasury: Unveiling the Cosmic Engines Powering Galaxies with JWST/MIRI,10,f,1,07041008001,/Date(1785988474664)/,61258.16290119213,02,SUCCESSFUL,PRIME_TARGETED_FIXED,/Date(1785984261932)/,61258.114142743056,8.9222907,-5.6487669,f,ImageModel,f,/Date(1785986505053)/,61258.14010478009,R.A. 10:14  Decl. -3:00,0.0,2026218T124634311_001_osf.xml,1,,2-POINT,f,CALCULATED_TRACK_TR_202111,11.3,247.6387880971386,0.8834258816132511,5.25524354735453,f,Calibration,Telescope/sky background,GSC32,0.2899040059225564,0.0,330.23,POLYGON ICRS 5.233932 0.886896 5.240167 0.867539 5.270103 0.876807 5.263879 0.896406 POLYGON ICRS 5.230846 0.897222 5.233302 0.889313 5.241241 0.891853 5.238770 0.899782,2.0.1,RELEASE,jwst_1535.pmap,13.1.13,OPEN,,NEGATIVE,,IMAGER,,A,A,29724480,59f0ff4676bb3339951dbb5d8b5c35f6,/Date(1786030819476)/,61258.65300319444,/Date(1786030822004)/,61258.65303244213,61,/Date(1786030819000)/,61258.65299768518,False,False,False,8013312,"GO-7041 Berg, Danielle",F1280W,MIRI-F1280W,,,,,,,,,,,,,,,,,,,,,,,,,,,,,POLYGON ICRS  5.260502453 0.906867747 5.230703187 0.897340020 5.240233486 0.867401347 5.270169388 0.876668917,5.252046629996991,0.8819250643045633,JWST,IR,JWST,CAOM,F1280W,,"Berg, Danielle",7041,MIRI,POLYGON ICRS 5.233932 0.886896 5.240167 0.867539 5.270103 0.876807 5.263879 0.896406 POLYGON ICRS 5.230846 0.897222 5.233302 0.889313 5.241241 0.891853 5.238770 0.899782,61258.14010478009,61258.14395900463,333.005,The CLASSYIR Treasury: Unveiling the Cosmic Engines Powering Galaxies with JWST/MIRI,61258.65299768518,GO,MI.F1280W,2026-08-06 15:40:19.000,2026-08-06 03:21:45.053,mast:JWST/product/jw07041008001_02103_00001_mirimage_rate.fits,mast:JWST/product/jw07041008001_02103_00001_mirimage_rate.fits
249902345,jw07041008001_02105_00001_mirimage_cal.fits,jw07041008001_02105_00001,2b,05,MIRIM_FULL,jw07041_20260624t084220_pool.csv,jw07041-c1067_20260624t084220_image2_00004_asn.json,381.623776210472,61258.161256233194,f,61258.159328971786,61258.15740171037,GO,,7,f,/Date(1786030775845)/,61258.65249821759,/Date(1785987950889)/,61258.15683900463,/Date(1785987617884)/,61258.15298475695,MIRIMAGE,0,0,333.005,333.005,333.005,OK,MIR_IMAGE,5,61258.156838993054,61258.15491188079,1,PRIME,61258.152984768516,1,1,NB3S002832,0,1.052096117331944,15.23807334899902,1,5.286744793943801,/Date(1785985067819)/,61258.12347013889,/Date(1785984827180)/,61258.120684953705,0.08000023,0.01932168006896973,0.103377439,382.651321683079,61258.16126812594,f,61258.15934086461,61258.15741360326,MIRI,f,OFF,0.0,,,0.0,6,1,120,1,1,0,1,2,0.0,V07041008001P0000000002105,8,J0021+0052-Background,STSCI,FINEGUIDE,"Berg, Danielle",MIRIM_ILLUM,PRDOPSSOC-073,7041,0.8800222222222223,5.254289999999999,61256.08459082176,FASTR1,493,Nearby Galaxies to Cosmic Noon,2026_1b,1,2,FULL,,1032,1024,1,1,0.8800222222222223,5.25429,,f,J0021+0052-B,FIXED,0.05,0.05,JWST,MIRI Medium Resolution Spectroscopy,2.77504,2.775,UTC,The CLASSYIR Treasury: Unveiling the Cosmic Engines Powering Galaxies with JWST/MIRI,10,f,1,07041008001,/Date(1785988474664)/,61258.16290119213,02,SUCCESSFUL,PRIME_TARGETED_FIXED,/Date(1785984261932)/,61258.114142743056,8.9222907,-5.6487669,f,ImageModel,f,/Date(1785987617884)/,61258.15298475695,R.A. 10:14  Decl. -3:00,0.0,2026218T125512216_001_osf.xml,1,,2-POINT,f,CALCULATED_TRACK_TR_202111,11.3,247.6387880971386,0.8834262687042185,5.255244229187268,f,Calibration,Telescope/sky background,GSC32,1.169502201686807,0.0,330.23,POLYGON ICRS 5.233932 0.886896 5.240167 0.867539 5.270103 0.876807 5.263879 0.896406 POLYGON ICRS 5.230846 0.897222 5.233302 0.889313 5.241241 0.891853 5.238770 0.899782,2.0.1,RELEASE,jwst_1535.pmap,13.1.13,OPEN,,NEGATIVE,,IMAGER,,A,A,29724480,af42bfb6bf585d40a0a03b5a52de0b7d,/Date(1786030800120)/,61258.65277916667,/Date(1786030802710)/,61258.65280914352,61,/Date(1786030800000)/,61258.65277777778,False,False,False,8013386,"GO-7041 Berg, Danielle",F1800W,MIRI-F1800W,,,,,,,,,,,,,,,,,,,,,,,,,,,,,POLYGON ICRS  5.260507564 0.906854416 5.230708066 0.897326634 5.240238610 0.867388007 5.270174313 0.876655408,5.252046629996991,0.8819250643045633,JWST,IR,JWST,CAOM,F1800W,,"Berg, Danielle",7041,MIRI,POLYGON ICRS 5.233932 0.886896 5.240167 0.867539 5.270103 0.876807 5.263879 0.896406 POLYGON ICRS 5.230846 0.897222 5.233302 0.889313 5.241241 0.891853 5.238770 0.899782,61258.152984768516,61258.156838993054,333.005,The CLASSYIR Treasury: Unveiling the Cosmic Engines Powering Galaxies with JWST/MIRI,61258.65277777778,GO,MI.F1800W,2026-08-06 15:40:00.000,2026-08-06 03:40:17.884,mast:JWST/product/jw07041008001_02105_00001_mirimage_rate.fits,mast:JWST/product/jw07041008001_02105_00001_mirimage_rate.fits
249924170,jw09263004001_02201_00001_mirimage_cal.fits,jw09263004001_02201_00001,2b,01,MIRIM_FULL,jw09263_20260807t165602_pool.csv,jw09263-o004_20260807t165602_image2_00112_asn.json,73.89424187131226,61259.44699335181,f,61259.44514653842,61259.44329972502,GO,5105,7,f,/Date(1786130323509)/,61259.80467025463,/Date(1786099346332)/,61259.446138113424,/Date(1786099027202)/,61259.442444479166,MIRIMAGE,0,0,319.13,319.13,159.565,OK,MIR_IMAGE,2,61259.446138101855,61259.44429128472,1,PARALLEL_COORDINATED,61259.44244446759,1,1,N4EA001480,0,65.20125318022554,15.24609375,1,268.402622440618,/Date(1786098806364)/,61259.43988846065,/Date(1786098567773)/,61259.43712700232,0.03907425,0.02529677376151085,0.03655632,73.77258252818137,61259.446991943725,f,61259.445145130325,61259.443298316924,MIRI,f,OFF,0.0,,,0.0,4,1,57,2,1,0,1,1,0.0,V09263004001P0926300402201,4,Deep-epoch8 NIRCam,STSCI,FINEGUIDE,"Shen, Yue",MIRIM_ILLUM,PRDOPSSOC-073,9263,65.19916666666667,268.4625,61256.08459082176,FASTR1,493,,2026_1b,2,2,FULL,,1032,1024,1,1,65.19916666666667,268.46250000000003,,f,NEXUS-Center,FIXED,0.1,0.1,JWST,NIRCam Imaging,2.77504,2.775,UTC,NEXUS: the North ecliptic pole EXtragalactic Unified Survey,10,f,1,09263004001,/Date(1786100083291)/,61259.454667708334,02,SUCCESSFUL,PRIME_TARGETED_FIXED,/Date(1786096263775)/,61259.41046037037,-643.055954,-198.0351098,f,ImageModel,f,/Date(1786099027202)/,61259.442444479166,,0.0,2026219T115406789_002_osf.xml,1,,NONE,f,CALCULATED_TRACK_TR_202111,11.3,134.137304157305,65.27829012520682,268.88059416918816,f,Unidentified,High Latitude Field,GSC32,0.26783873758801086,0.0,310.804,POLYGON ICRS 268.876166 65.256324 268.912558 65.269759 268.863840 65.293513 268.826909 65.279991 POLYGON ICRS 268.856523 65.249377 268.871480 65.254782 268.858382 65.261049 268.843395 65.255622,2.0.1,RELEASE,jwst_1535.pmap,13.1.13,OPEN,,,,,,A,A,29721600,07280f24e8b8c7493f6f380bad4e5c15,/Date(1786130352873)/,61259.805010104166,/Date(1786130354890)/,61259.805033449076,61,/Date(1786130353000)/,61259.80501157408,False,False,False,8017077,"GO-9263 Shen, Yue",F1000W,MIRI-F1000W,,,,,,,,,,,,,,,,,,,,,,,,,,,,,POLYGON ICRS  268.808369503 65.272189179 268.857251367 65.248526583 268.914144312 65.269020810 268.865719520 65.292929748,268.8698146256412,65.27491577213713,JWST,IR,JWST,CAOM,F1000W,,"Shen, Yue",9263,MIRI,POLYGON ICRS 268.876166 65.256324 268.912558 65.269759 268.863840 65.293513 268.826909 65.279991 POLYGON ICRS 268.856523 65.249377 268.871480 65.254782 268.858382 65.261049 268.843395 65.255622,61259.44244446759,61259.446138101855,319.13,NEXUS: the North ecliptic pole EXtragalactic Unified Survey,61259.80501157408,GO,MI.F1000W,2026-08-07 19:19:13.000,2026-08-07 10:37:07.202,mast:JWST/product/jw09263004001_02201_00001_mirimage_rate.fits,mast:JWST/product/jw09263004001_02201_00001_mirimage_rate.fits
249924263,jw09263004001_02101_00001_nrcblong_cal.fits,jw09263004001_02101_00001,2b,01,NRCB5_FULL,jw09263_20260807t165602_pool.csv,jw09263-o004_20260807t165602_image2_00123_asn.json,73.89423118438572,61259.44696594446,f,61259.44516406153,61259.4433621786,GO,5105,29,f,/Date(1786130360165)/,61259.80509451389,/Date(1786099343964)/,61259.44611068287,/Date(1786099032598)/,61259.44250689815,NRCBLONG,0,0,311.366,311.366,311.366,OK,NRC_IMAGE,1,61259.44611069444,61259.44430880787,1,PRIME,61259.442506921296,1,4,N4EA001480,1,65.20125318022554,15.24609375,1,268.402622440618,/Date(1786098806364)/,61259.43988846065,/Date(1786098567773)/,61259.43712700232,0.03907425,0.02529677376151085,0.03655632,73.77257184125483,61259.446964536364,f,61259.445162653436,61259.44336077051,NIRCAM,f,,0.0,,,0.0,4,4,6,1,1,0,1,2,0.0,V09263004001P0000000002101,4,Deep-epoch8 NIRCam,STSCI,FINEGUIDE,"Shen, Yue",NRCALL_FULL,PRDOPSSOC-073,9263,65.19916666666667,268.4625,61256.08459082176,SHALLOW4,490,,2026_1b,1,-2,FULL,,2048,2048,1,1,65.19916666666667,268.46250000000003,,f,NEXUS-Center,FIXED,0.1,0.1,JWST,NIRCam Imaging,10.73677,53.684,UTC,NEXUS: the North ecliptic pole EXtragalactic Unified Survey,10,f,1,09263004001,/Date(1786100083291)/,61259.454667708334,02,SUCCESSFUL,PRIME_TARGETED_FIXED,/Date(1786096263775)/,61259.41046037037,-172.5106598,-132.533585,t,ImageModel,f,/Date(1786099032598)/,61259.44250689815,,0.0,2026219T115406789_002_osf.xml,1,,FULLBOX,f,CALCULATED_TRACK_TR_202111,11.3,134.137304157305,65.22904505083592,268.65568001053657,f,Unidentified,High Latitude Field,GSC32,0.12660646534527428,0.6359723665774487,268.419,POLYGON ICRS 268.647501 65.199747 268.706240 65.225243 268.645519 65.250578 268.584876 65.224649,2.0.1,RELEASE,jwst_1535.pmap,13.1.13,,,,,,,,,117573120,3d683518c17ae083821332bb77e6f084,/Date(1786130400238)/,61259.80555828704,/Date(1786130407876)/,61259.805646712965,68,/Date(1786130400000)/,61259.805555555555,False,False,False,8017049,"GO-9263 Shen, Yue",F444W-CLEAR,NIRCAM-F444W,2,1,4,LONG,0,0,0,0,0,0,NULL,NULL,NULL,0,0,0,0,0,0,B,f,CLEAR,IMAGING,2TIGHTGAPS,,,,,POLYGON ICRS  268.585007980 65.224656033 268.647465366 65.199664869 268.706496448 65.225053831 268.645948804 65.250500311,268.64587258049954,65.22508876671405,JWST,IR,JWST,CAOM,F444W,,"Shen, Yue",9263,NIRCAM,POLYGON ICRS 268.647501 65.199747 268.706240 65.225243 268.645519 65.250578 268.584876 65.224649,61259.442506921296,61259.44611069444,311.366,NEXUS: the North ecliptic pole EXtragalactic Unified Survey,61259.805555555555,GO,NC.F444W,2026-08-07 19:20:00.000,2026-08-07 10:37:12.598,mast:JWST/product/jw09263004001_02101_00001_nrcblong_rate.fits,mast:JWST/product/jw09263004001_02101_00001_nrcblong_rate.fits
249924287,jw09263004001_02101_00001_nrcb1_cal.fits,jw09263004001_02101_00001,2b,01,NRCB1_FULL,jw09263_20260807t165602_pool.csv,jw09263-o004_20260807t165602_image2_00127_asn.json,73.89423118438572,61259.44696594446,f,61259.44516406153,61259.4433621786,GO,5105,29,f,/Date(1786130379727)/,61259.80532090278,/Date(1786099343964)/,61259.44611068287,/Date(1786099032598)/,61259.44250689815,NRCB1,0,0,311.366,311.366,311.366,OK,NRC_IMAGE,1,61259.44611069444,61259.44430880787,1,PRIME,61259.442506921296,1,4,N4EA001480,1,65.20125318022554,15.24609375,1,268.402622440618,/Date(1786098806364)/,61259.43988846065,/Date(1786098567773)/,61259.43712700232,0.03907425,0.02529677376151085,0.03655632,73.77257184125483,61259.446964536364,f,61259.445162653436,61259.44336077051,NIRCAM,f,,0.0,,,0.0,4,4,6,1,1,0,1,2,0.0,V09263004001P0000000002101,4,Deep-epoch8 NIRCam,STSCI,FINEGUIDE,"Shen, Yue",NRCALL_FULL,PRDOPSSOC-073,9263,65.19916666666667,268.4625,61256.08459082176,SHALLOW4,486,,2026_1b,1,-2,FULL,,2048,2048,1,1,65.19916666666667,268.46250000000003,,f,NEXUS-Center,FIXED,0.1,0.1,JWST,NIRCam Imaging,10.73677,53.684,UTC,NEXUS: the North ecliptic pole EXtragalactic Unified Survey,10,f,1,09263004001,/Date(1786100083291)/,61259.454667708334,02,SUCCESSFUL,PRIME_TARGETED_FIXED,/Date(1786096263775)/,61259.41046037037,-172.5106598,-132.533585,t,ImageModel,f,/Date(1786099032598)/,61259.44250689815,,0.0,2026219T115406789_002_osf.xml,1,,FULLBOX,f,CALCULATED_TRACK_TR_202111,11.3,134.137304157305,65.22906333721333,268.6869395262171,f,Unidentified,High Latitude Field,GSC32,0.06456984802841848,0.6084372501474195,268.419,POLYGON ICRS 268.677855 65.212435 268.706896 65.224834 268.677272 65.237171 268.647846 65.224664,2.0.1,RELEASE,jwst_1535.pmap,13.1.13,,,,,,,,,117573120,8b07adc5b5f5d0950f01f4502923bba1,/Date(1786130418657)/,61259.80577148148,/Date(1786130423773)/,61259.80583070602,68,/Date(1786130419000)/,61259.80577546296,False,False,False,8017049,"GO-9263 Shen, Yue",F200W-CLEAR,NIRCAM-F200W,2,1,4,SHORT,0,0,0,0,0,0,NULL,NULL,NULL,0,0,0,0,0,0,B,f,CLEAR,IMAGING,2TIGHTGAPS,,,,,POLYGON ICRS  268.647971378 65.224912017 268.677882505 65.212631340 268.707079672 65.224974363 268.677555940 65.237367747,268.67743474680907,65.22478481406081,JWST,IR,JWST,CAOM,F200W,,"Shen, Yue",9263,NIRCAM,POLYGON ICRS 268.677855 65.212435 268.706896 65.224834 268.677272 65.237171 268.647846 65.224664,61259.442506921296,61259.44611069444,311.366,NEXUS: the North ecliptic pole EXtragalactic Unified Survey,61259.80577546296,GO,NC.F200W,2026-08-07 19:20:19.000,2026-08-07 10:37:12.598,mast:JWST/product/jw09263004001_02101_00001_nrcb1_rate.fits,mast:JWST/product/jw09263004001_02101_00001_nrcb1_rate.fits
249924293,jw09263004001_02101_00001_nrcalong_cal.fits,jw09263004001_02101_00001,2b,01,NRCA5_FULL,jw09263_20260807t165602_pool.csv,jw09263-o004_20260807t165602_image2_00128_asn.json,73.89423118438572,61259.446966685195,f,61259.445164802266,61259.443362919345,GO,5105,29,f,/Date(1786130382038)/,61259.80534763889,/Date(1786099344028)/,61259.446111412035,/Date(1786099032662)/,61259.44250767361,NRCALONG,0,0,311.366,311.366,311.366,OK,NRC_IMAGE,1,61259.44611143519,61259.44430954861,1,PRIME,61259.44250766204,-1,4,N4EA001480,1,65.20125318022554,15.24609375,1,268.402622440618,/Date(1786098806364)/,61259.43988846065,/Date(1786098567773)/,61259.43712700232,0.03907425,0.02529677376151085,0.03655632,73.77257121261209,61259.44696527711,f,61259.44516339418,61259.44336151124,NIRCAM,f,,0.0,,,0.0,4,4,6,1,1,0,1,2,0.0,V09263004001P0000000002101,4,Deep-epoch8 NIRCam,STSCI,FINEGUIDE,"Shen, Yue",NRCALL_FULL,PRDOPSSOC-073,9263,65.19916666666667,268.4625,61256.08459082176,SHALLOW4,485,,2026_1b,1,2,FULL,,2048,2048,1,1,65.19916666666667,268.46250000000003,,f,NEXUS-Center,FIXED,0.1,0.1,JWST,NIRCam Imaging,10.73677,53.684,UTC,NEXUS: the North ecliptic pole EXtragalactic Unified Survey,10,f,1,09263004001,/Date(1786100083291)/,61259.454667708334,02,SUCCESSFUL,PRIME_TARGETED_FIXED,/Date(1786096263775)/,61259.41046037037,-172.5106598,-132.533585,t,ImageModel,f,/Date(1786099032662)/,61259.44250767361,,0.0,2026219T115406789_002_osf.xml,1,,FULLBOX,f,CALCULATED_TRACK_TR_202111,11.3,134.137304157305,65.19462187087632,268.57349375457915,f,Unidentified,High Latitude Field,GSC32,0.1357170359653649,0.6617310238829599,268.419,POLYGON ICRS 268.565564 65.165397 268.624404 65.190779 268.563227 65.216223 268.503425 65.190043,2.0.1,RELEASE,jwst_1535.pmap,13.1.13,,,,,,,,,117573120,816e6b9812989fe04bcc2db3c5e8b90d,/Date(1786130419786)/,61259.80578456019,/Date(1786130424402)/,61259.80583799769,68,/Date(1786130420000)/,61259.80578703704,False,False,False,8017049,"GO-9263 Shen, Yue",F444W-CLEAR,NIRCAM-F444W,2,1,4,LONG,0,0,0,0,0,0,NULL,NULL,NULL,0,0,0,0,0,0,A,f,CLEAR,IMAGING,2TIGHTGAPS,,,,,POLYGON ICRS  268.503377518 65.190033491 268.565349219 65.165333032 268.624320819 65.190642222 268.563313340 65.216164004,268.5640687644875,65.19067598765899,JWST,IR,JWST,CAOM,F444W,,"Shen, Yue",9263,NIRCAM,POLYGON ICRS 268.565564 65.165397 268.624404 65.190779 268.563227 65.216223 268.503425 65.190043,61259.44250766204,61259.44611143519,311.366,NEXUS: the North ecliptic pole EXtragalactic Unified Survey,61259.80578703704,GO,NC.F444W,2026-08-07 19:20:20.000,2026-08-07 10:37:12.662,mast:JWST/product/jw09263004001_02101_00001_nrcalong_rate.fits,mast:JWST/product/jw09263004001_02101_00001_nrcalong_rate.fits
249924281,jw09263004001_02101_00001_nrca1_cal.fits,jw09263004001_02101_00001,2b,01,NRCA1_FULL,jw09263_20260807t165602_pool.csv,jw09263-o004_20260807t165602_image2_00132_asn.json,73.89423118438572,61259.446966685195,f,61259.445164802266,61259.443362919345,GO,5105,29,f,/Date(1786130391762)/,61259.805460219904,/Date(1786099344028)/,61259.446111412035,/Date(1786099032662)/,61259.44250767361,NRCA1,0,0,311.366,311.366,311.366,OK,NRC_IMAGE,1,61259.44611143519,61259.44430954861,1,PRIME,61259.44250766204,-1,4,N4EA001480,1,65.20125318022554,15.24609375,1,268.402622440618,/Date(1786098806364)/,61259.43988846065,/Date(1786098567773)/,61259.43712700232,0.03907425,0.02529677376151085,0.03655632,73.77257121261209,61259.44696527711,f,61259.44516339418,61259.44336151124,NIRCAM,f,,0.0,,,0.0,4,4,6,1,1,0,1,2,0.0,V09263004001P0000000002101,4,Deep-epoch8 NIRCam,STSCI,FINEGUIDE,"Shen, Yue",NRCALL_FULL,PRDOPSSOC-073,9263,65.19916666666667,268.4625,61256.08459082176,SHALLOW4,481,,2026_1b,1,2,FULL,,2048,2048,1,1,65.19916666666667,268.46250000000003,,f,NEXUS-Center,FIXED,0.1,0.1,JWST,NIRCam Imaging,10.73677,53.684,UTC,NEXUS: the North ecliptic pole EXtragalactic Unified Survey,10,f,1,09263004001,/Date(1786100083291)/,61259.454667708334,02,SUCCESSFUL,PRIME_TARGETED_FIXED,/Date(1786096263775)/,61259.41046037037,-172.5106598,-132.533585,t,ImageModel,f,/Date(1786099032662)/,61259.44250767361,,0.0,2026219T115406789_002_osf.xml,1,,FULLBOX,f,CALCULATED_TRACK_TR_202111,11.3,134.137304157305,65.19432379374335,268.5413602486112,f,Unidentified,High Latitude Field,GSC32,0.06682417465743185,0.5720198380948002,268.419,POLYGON ICRS 268.532721 65.178263 268.561716 65.190987 268.531087 65.203383 268.501760 65.190451,2.0.1,RELEASE,jwst_1535.pmap,13.1.13,,,,,,,,,117570240,0791fb08b757df69561309fae462f0c4,/Date(1786130418892)/,61259.80577422454,/Date(1786130423395)/,61259.80582634259,68,/Date(1786130419000)/,61259.80577546296,False,False,False,8017049,"GO-9263 Shen, Yue",F200W-CLEAR,NIRCAM-F200W,2,1,4,SHORT,0,0,0,0,0,0,NULL,NULL,NULL,0,0,0,0,0,0,A,f,CLEAR,IMAGING,2TIGHTGAPS,,,,,POLYGON ICRS  268.501798520 65.189942723 268.532692214 65.177730024 268.561741061 65.190426967 268.531179745 65.202852614,268.5317911118132,65.19078781879932,JWST,IR,JWST,CAOM,F200W,,"Shen, Yue",9263,NIRCAM,POLYGON ICRS 268.532721 65.178263 268.561716 65.190987 268.531087 65.203383 268.501760 65.190451,61259.44250766204,61259.44611143519,311.366,NEXUS: the North ecliptic pole EXtragalactic Unified Survey,61259.80577546296,GO,NC.F200W,2026-08-07 19:20:19.000,2026-08-07 10:37:12.662,mast:JWST/product/jw09263004001_02101_00001_nrca1_rate.fits,mast:JWST/product/jw09263004001_02101_00001_nrca1_rate.fits
249924000,jw09263004002_02201_00001_mirimage_cal.fits,jw09263004002_02201_00001,2b,01,MIRIM_FULL,jw09263_20260807t165602_pool.csv,jw09263-o004_20260807t165602_image2_00090_asn.json,73.8907327875495,61259.46706736212,f,61259.46522054872,61259.463373735336,GO,5105,7,f,/Date(1786130205525)/,61259.803304699075,/Date(1786101080730)/,61259.46621215278,/Date(1786100761600)/,61259.46251851852,MIRIMAGE,0,0,319.13,319.13,159.565,OK,MIR_IMAGE,2,61259.46621215278,61259.46436533565,1,PARALLEL_COORDINATED,61259.46251851852,1,1,N4EL002453,0,65.15090349205467,13.83676528930664,1,268.2353115864876,/Date(1786100595291)/,61259.460593634256,/Date(1786100507227)/,61259.459574375,0.0223185625,0.01057650335133076,0.0193530489,73.76907595898956,61259.46706595406,f,61259.46521914066,61259.46337232727,MIRI,f,OFF,0.0,,,0.0,4,1,57,2,1,0,1,1,0.0,V09263004002P0926300402201,4,Deep-epoch8 NIRCam,STSCI,FINEGUIDE,"Shen, Yue",MIRIM_ILLUM,PRDOPSSOC-073,9263,65.19916666666667,268.4625,61256.08459082176,FASTR1,493,,2026_1b,2,2,FULL,,1032,1024,1,1,65.19916666666667,268.46250000000003,,f,NEXUS-Center,FIXED,0.1,0.1,JWST,NIRCam Imaging,2.77504,2.775,UTC,NEXUS: the North ecliptic pole EXtragalactic Unified Survey,10,f,2,09263004002,/Date(1786101811801)/,61259.47467361111,02,SUCCESSFUL,PRIME_TARGETED_FIXED,/Date(1786100087387)/,61259.45471511574,-344.6754904,-219.3235543,f,ImageModel,f,/Date(1786100761600)/,61259.46251851852,,-0.06653563934806178,2026219T153750410_001_osf.xml,1,,NONE,f,CALCULATED_TRACK_TR_202111,11.3,133.9854647003687,65.21980266022749,268.7396144476069,f,Unidentified,High Latitude Field,GSC32,0.26968015022157465,0.0,310.804,POLYGON ICRS 268.736366 65.197761 268.772673 65.211237 268.723805 65.234937 268.686960 65.221373 POLYGON ICRS 268.716767 65.190792 268.731690 65.196214 268.718552 65.202466 268.703600 65.197022,2.0.1,RELEASE,jwst_1535.pmap,13.1.13,OPEN,,,,,,A,A,29721600,a0d51b7f7f66b16fd76ab683c4df2445,/Date(1786130243021)/,61259.80373865741,/Date(1786130244431)/,61259.80375497685,61,/Date(1786130243000)/,61259.80373842592,False,False,False,8017222,"GO-9263 Shen, Yue",F1000W,MIRI-F1000W,,,,,,,,,,,,,,,,,,,,,,,,,,,,,POLYGON ICRS  268.667585718 65.213633240 268.716484727 65.190016170 268.773143121 65.210563312 268.724698533 65.234427099,268.72989727303354,65.21634598859215,JWST,IR,JWST,CAOM,F1000W,,"Shen, Yue",9263,MIRI,POLYGON ICRS 268.736366 65.197761 268.772673 65.211237 268.723805 65.234937 268.686960 65.221373 POLYGON ICRS 268.716767 65.190792 268.731690 65.196214 268.718552 65.202466 268.703600 65.197022,61259.46251851852,61259.46621215278,319.13,NEXUS: the North ecliptic pole EXtragalactic Unified Survey,61259.80373842592,GO,MI.F1000W,2026-08-07 19:17:23.000,2026-08-07 11:06:01.600,mast:JWST/product/jw09263004002_02201_00001_mirimage_rate.fits,mast:JWST/product/jw09263004002_02201_00001_mirimage_rate.fits
249924124,jw09263004002_02101_00001_nrcblong_cal.fits,jw09263004002_02101_00001,2b,01,NRCB5_FULL,jw09263_20260807t165602_pool.csv,jw09263-o004_20260807t165602_image2_00101_asn.json,73.89070827048272,61259.46711699165,f,61259.46531510872,61259.46351322579,GO,5105,29,f,/Date(1786130275989)/,61259.80412025463,/Date(1786101085018)/,61259.46626175926,/Date(1786100773652)/,61259.462658020835,NRCBLONG,0,0,311.366,311.366,311.366,OK,NRC_IMAGE,1,61259.46626178241,61259.46445989583,1,PRIME,61259.46265800926,1,4,N4EL002453,1,65.15090349205467,13.83676528930664,1,268.2353115864876,/Date(1786100595291)/,61259.460593634256,/Date(1786100507227)/,61259.459574375,0.0223185625,0.01057650335133076,0.0193530489,73.76905144192278,61259.46711558358,f,61259.46531370065,61259.463511817725,NIRCAM,f,,0.0,,,0.0,4,4,6,1,1,0,1,2,0.0,V09263004002P0000000002101,4,Deep-epoch8 NIRCam,STSCI,FINEGUIDE,"Shen, Yue",NRCALL_FULL,PRDOPSSOC-073,9263,65.19916666666667,268.4625,61256.08459082176,SHALLOW4,490,,2026_1b,1,-2,FULL,,2048,2048,1,1,65.19916666666667,268.46250000000003,,f,NEXUS-Center,FIXED,0.1,0.1,JWST,NIRCam Imaging,10.73677,53.684,UTC,NEXUS: the North ecliptic pole EXtragalactic Unified Survey,10,f,2,09263004002,/Date(1786101811801)/,61259.47467361111,02,SUCCESSFUL,PRIME_TARGETED_FIXED,/Date(1786100087387)/,61259.45471511574,126.5969522,-128.2051459,t,ImageModel,f,/Date(1786100773652)/,61259.462658020835,,-0.06537299944984198,2026219T153750410_001_osf.xml,1,,FULLBOX,f,CALCULATED_TRACK_TR_202111,11.3,133.9854647003687,65.17034877059206,268.5154590422734,f,Unidentified,High Latitude Field,GSC32,0.12384140671796198,0.685713222063953,268.419,POLYGON ICRS 268.507819 65.141030 268.566397 65.166592 268.505516 65.191859 268.445037 65.165862,2.0.1,RELEASE,jwst_1535.pmap,13.1.13,,,,,,,,,117573120,34e70a8d224f6c785ea9baa6d1569bb3,/Date(1786130315162)/,61259.80457364583,/Date(1786130322930)/,61259.80466354167,68,/Date(1786130315000)/,61259.80457175926,False,False,False,8017187,"GO-9263 Shen, Yue",F444W-CLEAR,NIRCAM-F444W,2,1,4,LONG,0,0,0,0,0,0,NULL,NULL,NULL,0,0,0,0,0,0,B,f,CLEAR,IMAGING,2TIGHTGAPS,,,,,POLYGON ICRS  268.444970494 65.165893010 268.507420808 65.140959758 268.566187507 65.166403392 268.505639925 65.191793663,268.50603063566786,65.16637007496186,JWST,IR,JWST,CAOM,F444W,,"Shen, Yue",9263,NIRCAM,POLYGON ICRS 268.507819 65.141030 268.566397 65.166592 268.505516 65.191859 268.445037 65.165862,61259.46265800926,61259.46626178241,311.366,NEXUS: the North ecliptic pole EXtragalactic Unified Survey,61259.80457175926,GO,NC.F444W,2026-08-07 19:18:35.000,2026-08-07 11:06:13.652,mast:JWST/product/jw09263004002_02101_00001_nrcblong_rate.fits,mast:JWST/product/jw09263004002_02101_00001_nrcblong_rate.fits
249924196,jw09263004002_02101_00001_nrca1_cal.fits,jw09263004002_02101_00001,2b,01,NRCA1_FULL,jw09263_20260807t165602_pool.csv,jw09263-o004_20260807t165602_image2_00110_asn.json,73.89070827048272,61259.46711699165,f,61259.46531510872,61259.46351322579,GO,5105,29,f,/Date(1786130325555)/,61259.804693935184,/Date(1786101085018)/,61259.46626175926,/Date(1786100773652)/,61259.462658020835,NRCA1,0,0,311.366,311.366,311.366,OK,NRC_IMAGE,1,61259.46626178241,61259.46445989583,1,PRIME,61259.46265800926,-1,4,N4EL002453,1,65.15090349205467,13.83676528930664,1,268.2353115864876,/Date(1786100595291)/,61259.460593634256,/Date(1786100507227)/,61259.459574375,0.0223185625,0.01057650335133076,0.0193530489,73.76905144192278,61259.46711558358,f,61259.46531370065,61259.463511817725,NIRCAM,f,,0.0,,,0.0,4,4,6,1,1,0,1,2,0.0,V09263004002P0000000002101,4,Deep-epoch8 NIRCam,STSCI,FINEGUIDE,"Shen, Yue",NRCALL_FULL,PRDOPSSOC-073,9263,65.19916666666667,268.4625,61256.08459082176,SHALLOW4,481,,2026_1b,1,2,FULL,,2048,2048,1,1,65.19916666666667,268.46250000000003,,f,NEXUS-Center,FIXED,0.1,0.1,JWST,NIRCam Imaging,10.73677,53.684,UTC,NEXUS: the North ecliptic pole EXtragalactic Unified Survey,10,f,2,09263004002,/Date(1786101811801)/,61259.47467361111,02,SUCCESSFUL,PRIME_TARGETED_FIXED,/Date(1786100087387)/,61259.45471511574,126.5969522,-128.2051459,t,ImageModel,f,/Date(1786100773652)/,61259.462658020835,,-0.06537299944984198,2026219T153750410_001_osf.xml,1,,FULLBOX,f,CALCULATED_TRACK_TR_202111,11.3,133.9854647003687,65.13552174364482,268.40157522443394,f,Unidentified,High Latitude Field,GSC32,0.06378554132494378,0.5507023286005841,268.419,POLYGON ICRS 268.394592 65.118834 268.423507 65.131590 268.392800 65.143952 268.363555 65.130987,2.0.1,RELEASE,jwst_1535.pmap,13.1.13,,,,,,,,,117570240,59de1f2102c21e187dcf6078f0838c87,/Date(1786130354809)/,61259.805032523145,/Date(1786130361327)/,61259.805107939814,68,/Date(1786130355000)/,61259.80503472222,False,False,False,8017187,"GO-9263 Shen, Yue",F200W-CLEAR,NIRCAM-F200W,2,1,4,SHORT,0,0,0,0,0,0,NULL,NULL,NULL,0,0,0,0,0,0,A,f,CLEAR,IMAGING,2TIGHTGAPS,,,,,POLYGON ICRS  268.362127834 65.131102823 268.393016971 65.118918714 268.421934909 65.131642495 268.391376207 65.144039842,268.3935835560967,65.13135758889322,JWST,IR,JWST,CAOM,F200W,,"Shen, Yue",9263,NIRCAM,POLYGON ICRS 268.394592 65.118834 268.423507 65.131590 268.392800 65.143952 268.363555 65.130987,61259.46265800926,61259.46626178241,311.366,NEXUS: the North ecliptic pole EXtragalactic Unified Survey,61259.80503472222,GO,NC.F200W,2026-08-07 19:19:15.000,2026-08-07 11:06:13.652,mast:JWST/product/jw09263004002_02101_00001_nrca1_rate.fits,mast:JWST/product/jw09263004002_02101_00001_nrca1_rate.fits
249924112,jw09263004002_02101_00001_nrcalong_cal.fits,jw09263004002_02101_00001,2b,01,NRCA5_FULL,jw09263_20260807t165602_pool.csv,jw09263-o004_20260807t165602_image2_00106_asn.json,73.89070827048272,61259.46711699165,f,61259.46531510872,61259.46351322579,GO,5105,29,f,/Date(1786130289780)/,61259.80427986111,/Date(1786101085018)/,61259.46626175926,/Date(1786100773652)/,61259.462658020835,NRCALONG,0,0,311.366,311.366,311.366,OK,NRC_IMAGE,1,61259.46626178241,61259.46445989583,1,PRIME,61259.46265800926,-1,4,N4EL002453,1,65.15090349205467,13.83676528930664,1,268.2353115864876,/Date(1786100595291)/,61259.460593634256,/Date(1786100507227)/,61259.459574375,0.0223185625,0.01057650335133076,0.0193530489,73.76905144192278,61259.46711558358,f,61259.46531370065,61259.463511817725,NIRCAM,f,,0.0,,,0.0,4,4,6,1,1,0,1,2,0.0,V09263004002P0000000002101,4,Deep-epoch8 NIRCam,STSCI,FINEGUIDE,"Shen, Yue",NRCALL_FULL,PRDOPSSOC-073,9263,65.19916666666667,268.4625,61256.08459082176,SHALLOW4,485,,2026_1b,1,2,FULL,,2048,2048,1,1,65.19916666666667,268.46250000000003,,f,NEXUS-Center,FIXED,0.1,0.1,JWST,NIRCam Imaging,10.73677,53.684,UTC,NEXUS: the North ecliptic pole EXtragalactic Unified Survey,10,f,2,09263004002,/Date(1786101811801)/,61259.47467361111,02,SUCCESSFUL,PRIME_TARGETED_FIXED,/Date(1786100087387)/,61259.45471511574,126.5969522,-128.2051459,t,ImageModel,f,/Date(1786100773652)/,61259.462658020835,,-0.06537299944984198,2026219T153750410_001_osf.xml,1,,FULLBOX,f,CALCULATED_TRACK_TR_202111,11.3,133.9854647003687,65.1358495491746,268.4336359332022,f,Unidentified,High Latitude Field,GSC32,0.13793672164145016,0.6217606935813046,268.419,POLYGON ICRS 268.426312 65.106501 268.484992 65.131948 268.423654 65.157324 268.364018 65.131077,2.0.1,RELEASE,jwst_1535.pmap,13.1.13,,,,,,,,,117573120,1e4a44f4c023733addf66da5f3c456cc,/Date(1786130314721)/,61259.80456851852,/Date(1786130320547)/,61259.804635949076,68,/Date(1786130315000)/,61259.80457175926,False,False,False,8017187,"GO-9263 Shen, Yue",F444W-CLEAR,NIRCAM-F444W,2,1,4,LONG,0,0,0,0,0,0,NULL,NULL,NULL,0,0,0,0,0,0,A,f,CLEAR,IMAGING,2TIGHTGAPS,,,,,POLYGON ICRS  268.363702859 65.131195051 268.425666535 65.106551963 268.484374896 65.131915684 268.423368625 65.157380920,268.4246574227114,65.13177796972778,JWST,IR,JWST,CAOM,F444W,,"Shen, Yue",9263,NIRCAM,POLYGON ICRS 268.426312 65.106501 268.484992 65.131948 268.423654 65.157324 268.364018 65.131077,61259.46265800926,61259.46626178241,311.366,NEXUS: the North ecliptic pole EXtragalactic Unified Survey,61259.80457175926,GO,NC.F444W,2026-08-07 19:18:35.000,2026-08-07 11:06:13.652,mast:JWST/product/jw09263004002_02101_00001_nrcalong_rate.fits,mast:JWST/product/jw09263004002_02101_00001_nrcalong_rate.fits
249924118,jw09263004002_02101_00001_nrcb1_cal.fits,jw09263004002_02101_00001,2b,01,NRCB1_FULL,jw09263_20260807t165602_pool.csv,jw09263-o004_20260807t165602_image2_00105_asn.json,73.89070827048272,61259.46711699165,f,61259.46531510872,61259.46351322579,GO,5105,29,f,/Date(1786130276046)/,61259.80412090278,/Date(1786101085018)/,61259.46626175926,/Date(1786100773652)/,61259.462658020835,NRCB1,0,0,311.366,311.366,311.366,OK,NRC_IMAGE,1,61259.46626178241,61259.46445989583,1,PRIME,61259.46265800926,1,4,N4EL002453,1,65.15090349205467,13.83676528930664,1,268.2353115864876,/Date(1786100595291)/,61259.460593634256,/Date(1786100507227)/,61259.459574375,0.0223185625,0.01057650335133076,0.0193530489,73.76905144192278,61259.46711558358,f,61259.46531370065,61259.463511817725,NIRCAM,f,,0.0,,,0.0,4,4,6,1,1,0,1,2,0.0,V09263004002P0000000002101,4,Deep-epoch8 NIRCam,STSCI,FINEGUIDE,"Shen, Yue",NRCALL_FULL,PRDOPSSOC-073,9263,65.19916666666667,268.4625,61256.08459082176,SHALLOW4,486,,2026_1b,1,-2,FULL,,2048,2048,1,1,65.19916666666667,268.46250000000003,,f,NEXUS-Center,FIXED,0.1,0.1,JWST,NIRCam Imaging,10.73677,53.684,UTC,NEXUS: the North ecliptic pole EXtragalactic Unified Survey,10,f,2,09263004002,/Date(1786101811801)/,61259.47467361111,02,SUCCESSFUL,PRIME_TARGETED_FIXED,/Date(1786100087387)/,61259.45471511574,126.5969522,-128.2051459,t,ImageModel,f,/Date(1786100773652)/,61259.462658020835,,-0.06537299944984198,2026219T153750410_001_osf.xml,1,,FULLBOX,f,CALCULATED_TRACK_TR_202111,11.3,133.9854647003687,65.17039604091728,268.54664917899487,f,Unidentified,High Latitude Field,GSC32,0.06346311399384376,0.553367017287361,268.419,POLYGON ICRS 268.537307 65.154082 268.566270 65.166513 268.536567 65.178817 268.507221 65.166277,2.0.1,RELEASE,jwst_1535.pmap,13.1.13,,,,,,,,,117573120,9e31a339b61d5fe432c4542a16f0aa3d,/Date(1786130315318)/,61259.80457541667,/Date(1786130322580)/,61259.80465949074,68,/Date(1786130315000)/,61259.80457175926,False,False,False,8017187,"GO-9263 Shen, Yue",F200W-CLEAR,NIRCAM-F200W,2,1,4,SHORT,0,0,0,0,0,0,NULL,NULL,NULL,0,0,0,0,0,0,B,f,CLEAR,IMAGING,2TIGHTGAPS,,,,,POLYGON ICRS  268.507792885 65.166207309 268.537702387 65.153954393 268.566769863 65.166324466 268.537246214 65.178690433,268.5368087975355,65.16643107607047,JWST,IR,JWST,CAOM,F200W,,"Shen, Yue",9263,NIRCAM,POLYGON ICRS 268.537307 65.154082 268.566270 65.166513 268.536567 65.178817 268.507221 65.166277,61259.46265800926,61259.46626178241,311.366,NEXUS: the North ecliptic pole EXtragalactic Unified Survey,61259.80457175926,GO,NC.F200W,2026-08-07 19:18:35.000,2026-08-07 11:06:13.652,mast:JWST/product/jw09263004002_02101_00001_nrcb1_rate.fits,mast:JWST/product/jw09263004002_02101_00001_nrcb1_rate.fits
249923865,jw09263004003_02201_00001_mirimage_cal.fits,jw09263004003_02201_00001,2b,01,MIRIM_FULL,jw09263_20260807t165602_pool.csv,jw09263-o004_20260807t165602_image2_00068_asn.json,73.88736892025918,61259.48630731161,f,61259.48446049821,61259.48261368483,GO,5105,7,f,/Date(1786130120448)/,61259.80231997685,/Date(1786102743065)/,61259.48545215278,/Date(1786102423935)/,61259.481758518516,MIRIMAGE,0,0,319.13,319.13,159.565,OK,MIR_IMAGE,1,61259.485452141205,61259.48360532407,1,PARALLEL_COORDINATED,61259.48175850695,1,1,N4EL000120,0,65.1921479816216,14.02078819274902,1,268.2827646386319,/Date(1786102258265)/,61259.47984104167,/Date(1786102170201)/,61259.47882175926,0.0281758141,0.01180070638656616,0.0236315783,73.76571397762746,61259.48630590358,f,61259.48445909018,61259.482612276784,MIRI,f,OFF,0.0,,,0.0,4,1,57,2,1,0,1,1,0.0,V09263004003P0926300402201,4,Deep-epoch8 NIRCam,STSCI,FINEGUIDE,"Shen, Yue",MIRIM_ILLUM,PRDOPSSOC-073,9263,65.19916666666667,268.4625,61256.08459082176,FASTR1,493,,2026_1b,2,2,FULL,,1032,1024,1,1,65.19916666666667,268.46250000000003,,f,NEXUS-Center,FIXED,0.1,0.1,JWST,NIRCam Imaging,2.77504,2.775,UTC,NEXUS: the North ecliptic pole EXtragalactic Unified Survey,10,f,3,09263004003,/Date(1786103469656)/,61259.493861759256,02,SUCCESSFUL,PRIME_TARGETED_FIXED,/Date(1786101815897)/,61259.474721018516,-335.6104373,-92.2636689,f,ImageModel,f,/Date(1786102423935)/,61259.481758518516,,0.005498377387826611,2026219T153222097_002_osf.xml,1,,NONE,f,CALCULATED_TRACK_TR_202111,11.3,134.0285057276874,65.24489878763761,268.68006623404113,f,Unidentified,High Latitude Field,GSC32,0.26906324598911807,0.0,310.804,POLYGON ICRS 268.676490 65.222600 268.712821 65.236065 268.663995 65.259780 268.627126 65.246228 POLYGON ICRS 268.656879 65.215637 268.671811 65.221055 268.658684 65.227311 268.643722 65.221872,2.0.1,RELEASE,jwst_1535.pmap,13.1.13,OPEN,,,,,,A,A,29721600,f2e897d375dbadf21134ac81464f0128,/Date(1786130164054)/,61259.8028246875,/Date(1786130165857)/,61259.802845555554,61,/Date(1786130164000)/,61259.802824074075,False,False,False,8017369,"GO-9263 Shen, Yue",F1000W,MIRI-F1000W,,,,,,,,,,,,,,,,,,,,,,,,,,,,,POLYGON ICRS  268.607986305 65.238699464 268.656984940 65.215101792 268.713650775 65.235671367 268.665106325 65.259515957,268.6700543693051,65.24118717734311,JWST,IR,JWST,CAOM,F1000W,,"Shen, Yue",9263,MIRI,POLYGON ICRS 268.676490 65.222600 268.712821 65.236065 268.663995 65.259780 268.627126 65.246228 POLYGON ICRS 268.656879 65.215637 268.671811 65.221055 268.658684 65.227311 268.643722 65.221872,61259.48175850695,61259.485452141205,319.13,NEXUS: the North ecliptic pole EXtragalactic Unified Survey,61259.802824074075,GO,MI.F1000W,2026-08-07 19:16:04.000,2026-08-07 11:33:43.935,mast:JWST/product/jw09263004003_02201_00001_mirimage_rate.fits,mast:JWST/product/jw09263004003_02201_00001_mirimage_rate.fits
249923937,jw09263004003_02101_00001_nrcblong_cal.fits,jw09263004003_02101_00001,2b,01,NRCB5_FULL,jw09263_20260807t165602_pool.csv,jw09263-o004_20260807t165602_image2_00079_asn.json,73.88734063133597,61259.48637692952,f,61259.48457504659,61259.48277316366,GO,5105,29,f,/Date(1786130176026)/,61259.802963263886,/Date(1786102749080)/,61259.485521759256,/Date(1786102437714)/,61259.48191797454,NRCBLONG,0,0,311.366,311.366,311.366,OK,NRC_IMAGE,2,61259.485521759256,61259.48371987268,1,PRIME,61259.48191798611,1,4,N4EL000120,1,65.1921479816216,14.02078819274902,1,268.2827646386319,/Date(1786102258265)/,61259.47984104167,/Date(1786102170201)/,61259.47882175926,0.0281758141,0.01180070638656616,0.0236315783,73.76568631734699,61259.48637552148,f,61259.484573638554,61259.482771755625,NIRCAM,f,,0.0,,,0.0,4,4,6,1,1,0,1,2,0.0,V09263004003P0000000002101,4,Deep-epoch8 NIRCam,STSCI,FINEGUIDE,"Shen, Yue",NRCALL_FULL,PRDOPSSOC-073,9263,65.19916666666667,268.4625,61256.08459082176,SHALLOW4,490,,2026_1b,1,-2,FULL,,2048,2048,1,1,65.19916666666667,268.46250000000003,,f,NEXUS-Center,FIXED,0.1,0.1,JWST,NIRCam Imaging,10.73677,53.684,UTC,NEXUS: the North ecliptic pole EXtragalactic Unified Survey,10,f,3,09263004003,/Date(1786103469656)/,61259.493861759256,02,SUCCESSFUL,PRIME_TARGETED_FIXED,/Date(1786101815897)/,61259.474721018516,124.7535229,-0.8356385,t,ImageModel,f,/Date(1786102437714)/,61259.48191797454,,0.005498377387826611,2026219T153222097_002_osf.xml,1,,FULLBOX,f,CALCULATED_TRACK_TR_202111,11.3,134.0285057276874,65.19535593386216,268.45581031534704,f,Unidentified,High Latitude Field,GSC32,0.1329653007814865,0.672389778630068,268.419,POLYGON ICRS 268.447943 65.165984 268.506567 65.191527 268.445731 65.216814 268.385205 65.190836,2.0.1,RELEASE,jwst_1535.pmap,13.1.13,,,,,,,,,117573120,1d9478170f4dde019845eb0451e3c7cd,/Date(1786130199562)/,61259.80323568287,/Date(1786130203922)/,61259.803286145834,68,/Date(1786130200000)/,61259.80324074074,False,False,False,8017337,"GO-9263 Shen, Yue",F444W-CLEAR,NIRCAM-F444W,2,1,4,LONG,0,0,0,0,0,0,NULL,NULL,NULL,0,0,0,0,0,0,B,f,CLEAR,IMAGING,2TIGHTGAPS,,,,,POLYGON ICRS  268.385268559 65.190870762 268.447834008 65.165962385 268.506598783 65.191429379 268.445936660 65.216795559,268.44619992428073,65.19132467758176,JWST,IR,JWST,CAOM,F444W,,"Shen, Yue",9263,NIRCAM,POLYGON ICRS 268.447943 65.165984 268.506567 65.191527 268.445731 65.216814 268.385205 65.190836,61259.48191798611,61259.485521759256,311.366,NEXUS: the North ecliptic pole EXtragalactic Unified Survey,61259.80324074074,GO,NC.F444W,2026-08-07 19:16:40.000,2026-08-07 11:33:57.714,mast:JWST/product/jw09263004003_02101_00001_nrcblong_rate.fits,mast:JWST/product/jw09263004003_02101_00001_nrcblong_rate.fits
249923969,jw09263004003_02101_00001_nrcalong_cal.fits,jw09263004003_02101_00001,2b,01,NRCA5_FULL,jw09263_20260807t165602_pool.csv,jw09263-o004_20260807t165602_image2_00084_asn.json,73.88734063133597,61259.48637692952,f,61259.48457504659,61259.48277316366,GO,5105,29,f,/Date(1786130197388)/,61259.80321048611,/Date(1786102749080)/,61259.485521759256,/Date(1786102437714)/,61259.48191797454,NRCALONG,0,0,311.366,311.366,311.366,OK,NRC_IMAGE,2,61259.485521759256,61259.48371987268,1,PRIME,61259.48191798611,-1,4,N4EL000120,1,65.1921479816216,14.02078819274902,1,268.2827646386319,/Date(1786102258265)/,61259.47984104167,/Date(1786102170201)/,61259.47882175926,0.0281758141,0.01180070638656616,0.0236315783,73.76568631734699,61259.48637552148,f,61259.484573638554,61259.482771755625,NIRCAM,f,,0.0,,,0.0,4,4,6,1,1,0,1,2,0.0,V09263004003P0000000002101,4,Deep-epoch8 NIRCam,STSCI,FINEGUIDE,"Shen, Yue",NRCALL_FULL,PRDOPSSOC-073,9263,65.19916666666667,268.4625,61256.08459082176,SHALLOW4,485,,2026_1b,1,2,FULL,,2048,2048,1,1,65.19916666666667,268.46250000000003,,f,NEXUS-Center,FIXED,0.1,0.1,JWST,NIRCam Imaging,10.73677,53.684,UTC,NEXUS: the North ecliptic pole EXtragalactic Unified Survey,10,f,3,09263004003,/Date(1786103469656)/,61259.493861759256,02,SUCCESSFUL,PRIME_TARGETED_FIXED,/Date(1786101815897)/,61259.474721018516,124.7535229,-0.8356385,t,ImageModel,f,/Date(1786102437714)/,61259.48191797454,,0.005498377387826611,2026219T153222097_002_osf.xml,1,,FULLBOX,f,CALCULATED_TRACK_TR_202111,11.3,134.0285057276874,65.16082414780972,268.37398796451777,f,Unidentified,High Latitude Field,GSC32,0.1310085310558299,0.6715015490678089,268.419,POLYGON ICRS 268.366284 65.131442 268.425009 65.156871 268.363717 65.182267 268.304034 65.156039,2.0.1,RELEASE,jwst_1535.pmap,13.1.13,,,,,,,,,117573120,0db1e9cf1720a4b46a03c29074b2bb20,/Date(1786130224301)/,61259.80352199074,/Date(1786130230356)/,61259.803592083335,68,/Date(1786130224000)/,61259.80351851852,False,False,False,8017337,"GO-9263 Shen, Yue",F444W-CLEAR,NIRCAM-F444W,2,1,4,LONG,0,0,0,0,0,0,NULL,NULL,NULL,0,0,0,0,0,0,A,f,CLEAR,IMAGING,2TIGHTGAPS,,,,,POLYGON ICRS  268.304002834 65.156140418 268.366080305 65.131522050 268.424786766 65.156909144 268.363665578 65.182350069,268.36467449864324,65.15672018937416,JWST,IR,JWST,CAOM,F444W,,"Shen, Yue",9263,NIRCAM,POLYGON ICRS 268.366284 65.131442 268.425009 65.156871 268.363717 65.182267 268.304034 65.156039,61259.48191798611,61259.485521759256,311.366,NEXUS: the North ecliptic pole EXtragalactic Unified Survey,61259.80351851852,GO,NC.F444W,2026-08-07 19:17:04.000,2026-08-07 11:33:57.714,mast:JWST/product/jw09263004003_02101_00001_nrcalong_rate.fits,mast:JWST/product/jw09263004003_02101_00001_nrcalong_rate.fits
249924018,jw09263004003_02101_00001_nrca1_cal.fits,jw09263004003_02101_00001,2b,01,NRCA1_FULL,jw09263_20260807t165602_pool.csv,jw09263-o004_20260807t165602_image2_00088_asn.json,73.88734063133597,61259.48637692952,f,61259.48457504659,61259.48277316366,GO,5105,29,f,/Date(1786130210087)/,61259.80335747685,/Date(1786102749080)/,61259.485521759256,/Date(1786102437714)/,61259.48191797454,NRCA1,0,0,311.366,311.366,311.366,OK,NRC_IMAGE,2,61259.485521759256,61259.48371987268,1,PRIME,61259.48191798611,-1,4,N4EL000120,1,65.1921479816216,14.02078819274902,1,268.2827646386319,/Date(1786102258265)/,61259.47984104167,/Date(1786102170201)/,61259.47882175926,0.0281758141,0.01180070638656616,0.0236315783,73.76568631734699,61259.48637552148,f,61259.484573638554,61259.482771755625,NIRCAM,f,,0.0,,,0.0,4,4,6,1,1,0,1,2,0.0,V09263004003P0000000002101,4,Deep-epoch8 NIRCam,STSCI,FINEGUIDE,"Shen, Yue",NRCALL_FULL,PRDOPSSOC-073,9263,65.19916666666667,268.4625,61256.08459082176,SHALLOW4,481,,2026_1b,1,2,FULL,,2048,2048,1,1,65.19916666666667,268.46250000000003,,f,NEXUS-Center,FIXED,0.1,0.1,JWST,NIRCam Imaging,10.73677,53.684,UTC,NEXUS: the North ecliptic pole EXtragalactic Unified Survey,10,f,3,09263004003,/Date(1786103469656)/,61259.493861759256,02,SUCCESSFUL,PRIME_TARGETED_FIXED,/Date(1786101815897)/,61259.474721018516,124.7535229,-0.8356385,t,ImageModel,f,/Date(1786102437714)/,61259.48191797454,,0.005498377387826611,2026219T153222097_002_osf.xml,1,,FULLBOX,f,CALCULATED_TRACK_TR_202111,11.3,134.0285057276874,65.16048356266813,268.3418978307452,f,Unidentified,High Latitude Field,GSC32,0.0699560720939571,0.5631375424722102,268.419,POLYGON ICRS 268.334082 65.143570 268.363019 65.156318 268.332335 65.168689 268.303066 65.155734,2.0.1,RELEASE,jwst_1535.pmap,13.1.13,,,,,,,,,117570240,3c0eff53d545610672071ba114980471,/Date(1786130243811)/,61259.80374780093,/Date(1786130249345)/,61259.803811875,68,/Date(1786130244000)/,61259.80375,False,False,False,8017337,"GO-9263 Shen, Yue",F200W-CLEAR,NIRCAM-F200W,2,1,4,SHORT,0,0,0,0,0,0,NULL,NULL,NULL,0,0,0,0,0,0,A,f,CLEAR,IMAGING,2TIGHTGAPS,,,,,POLYGON ICRS  268.302426538 65.156047562 268.333372197 65.143875780 268.362288628 65.156611084 268.331673191 65.168996242,268.33309547298063,65.1560944380079,JWST,IR,JWST,CAOM,F200W,,"Shen, Yue",9263,NIRCAM,POLYGON ICRS 268.334082 65.143570 268.363019 65.156318 268.332335 65.168689 268.303066 65.155734,61259.48191798611,61259.485521759256,311.366,NEXUS: the North ecliptic pole EXtragalactic Unified Survey,61259.80375,GO,NC.F200W,2026-08-07 19:17:24.000,2026-08-07 11:33:57.714,mast:JWST/product/jw09263004003_02101_00001_nrca1_rate.fits,mast:JWST/product/jw09263004003_02101_00001_nrca1_rate.fits
249923981,jw09263004003_02101_00001_nrcb1_cal.fits,jw09263004003_02101_00001,2b,01,NRCB1_FULL,jw09263_20260807t165602_pool.csv,jw09263-o004_20260807t165602_image2_00083_asn.json,73.88734063133597,61259.48637692952,f,61259.48457504659,61259.48277316366,GO,5105,29,f,/Date(1786130183400)/,61259.80304861111,/Date(1786102749080)/,61259.485521759256,/Date(1786102437714)/,61259.48191797454,NRCB1,0,0,311.366,311.366,311.366,OK,NRC_IMAGE,2,61259.485521759256,61259.48371987268,1,PRIME,61259.48191798611,1,4,N4EL000120,1,65.1921479816216,14.02078819274902,1,268.2827646386319,/Date(1786102258265)/,61259.47984104167,/Date(1786102170201)/,61259.47882175926,0.0281758141,0.01180070638656616,0.0236315783,73.76568631734699,61259.48637552148,f,61259.484573638554,61259.482771755625,NIRCAM,f,,0.0,,,0.0,4,4,6,1,1,0,1,2,0.0,V09263004003P0000000002101,4,Deep-epoch8 NIRCam,STSCI,FINEGUIDE,"Shen, Yue",NRCALL_FULL,PRDOPSSOC-073,9263,65.19916666666667,268.4625,61256.08459082176,SHALLOW4,486,,2026_1b,1,-2,FULL,,2048,2048,1,1,65.19916666666667,268.46250000000003,,f,NEXUS-Center,FIXED,0.1,0.1,JWST,NIRCam Imaging,10.73677,53.684,UTC,NEXUS: the North ecliptic pole EXtragalactic Unified Survey,10,f,3,09263004003,/Date(1786103469656)/,61259.493861759256,02,SUCCESSFUL,PRIME_TARGETED_FIXED,/Date(1786101815897)/,61259.474721018516,124.7535229,-0.8356385,t,ImageModel,f,/Date(1786102437714)/,61259.48191797454,,0.005498377387826611,2026219T153222097_002_osf.xml,1,,FULLBOX,f,CALCULATED_TRACK_TR_202111,11.3,134.0285057276874,65.19541560997295,268.4870297909923,f,Unidentified,High Latitude Field,GSC32,0.06218139873550401,0.6048843318983834,268.419,POLYGON ICRS 268.477789 65.179167 268.506774 65.191589 268.477094 65.203902 268.447725 65.191372,2.0.1,RELEASE,jwst_1535.pmap,13.1.13,,,,,,,,,117573120,1ce73a333241a7aa2ad8745ced190aca,/Date(1786130224851)/,61259.80352835648,/Date(1786130232557)/,61259.8036175463,68,/Date(1786130225000)/,61259.80353009259,False,False,False,8017337,"GO-9263 Shen, Yue",F200W-CLEAR,NIRCAM-F200W,2,1,4,SHORT,0,0,0,0,0,0,NULL,NULL,NULL,0,0,0,0,0,0,B,f,CLEAR,IMAGING,2TIGHTGAPS,,,,,POLYGON ICRS  268.448149482 65.191210074 268.478114848 65.178969060 268.507181866 65.191350684 268.477602422 65.203704908,268.47731300089896,65.19151626297135,JWST,IR,JWST,CAOM,F200W,,"Shen, Yue",9263,NIRCAM,POLYGON ICRS 268.477789 65.179167 268.506774 65.191589 268.477094 65.203902 268.447725 65.191372,61259.48191798611,61259.485521759256,311.366,NEXUS: the North ecliptic pole EXtragalactic Unified Survey,61259.80353009259,GO,NC.F200W,2026-08-07 19:17:05.000,2026-08-07 11:33:57.714,mast:JWST/product/jw09263004003_02101_00001_nrcb1_rate.fits,mast:JWST/product/jw09263004003_02101_00001_nrcb1_rate.fits
249923696,jw09263004004_02201_00001_mirimage_cal.fits,jw09263004004_02201_00001,2b,01,MIRIM_FULL,jw09263_20260807t165602_pool.csv,jw09263-o004_20260807t165602_image2_00046_asn.json,73.88351031113416,61259.50837316972,f,61259.50652635633,61259.504679542944,GO,5105,7,f,/Date(1786130021122)/,61259.801170405095,/Date(1786104649559)/,61259.50751805556,/Date(1786104330429)/,61259.5038244213,MIRIMAGE,0,0,319.13,319.13,159.565,OK,MIR_IMAGE,1,61259.50751804398,61259.50567122685,1,PARALLEL_COORDINATED,61259.50382440972,1,1,N4EA001703,0,65.267645194355,15.18353366851807,1,268.4175859282936,/Date(1786104174167)/,61259.50201581018,/Date(1786103933527)/,61259.499230625,0.0812841058,0.02464547008275986,0.07224679,73.76185851171613,61259.50837176172,f,61259.50652494832,61259.50467813494,MIRI,f,OFF,0.0,,,0.0,4,1,57,2,1,0,1,1,0.0,V09263004004P0926300402201,4,Deep-epoch8 NIRCam,STSCI,FINEGUIDE,"Shen, Yue",MIRIM_ILLUM,PRDOPSSOC-073,9263,65.19916666666667,268.4625,61256.08459082176,FASTR1,493,,2026_1b,2,2,FULL,,1032,1024,1,1,65.19916666666667,268.46250000000003,,f,NEXUS-Center,FIXED,0.1,0.1,JWST,NIRCam Imaging,2.77504,2.775,UTC,NEXUS: the North ecliptic pole EXtragalactic Unified Survey,10,f,4,09263004004,/Date(1786105371222)/,61259.51587063658,02,SUCCESSFUL,PRIME_TARGETED_FIXED,/Date(1786103473752)/,61259.49390917824,-633.990462,-70.975278,f,ImageModel,f,/Date(1786104330429)/,61259.5038244213,,0.0246778387636399,2026219T154532445_001_osf.xml,1,,NONE,f,CALCULATED_TRACK_TR_202111,11.3,134.1508767824674,65.30344065635649,268.82104479804724,f,Unidentified,High Latitude Field,GSC32,0.25762726752915704,0.0,310.804,POLYGON ICRS 268.816451 65.281262 268.852851 65.294694 268.804146 65.318452 268.767208 65.304934 POLYGON ICRS 268.796805 65.274316 268.811765 65.279721 268.798670 65.285989 268.783681 65.280563,2.0.1,RELEASE,jwst_1535.pmap,13.1.13,OPEN,,,,,,A,A,29721600,899967e3120da9f28c77385b033a6e6c,/Date(1786130053186)/,61259.80154150463,/Date(1786130055314)/,61259.80156612268,61,/Date(1786130053000)/,61259.80153935185,False,False,False,8017517,"GO-9263 Shen, Yue",F1000W,MIRI-F1000W,,,,,,,,,,,,,,,,,,,,,,,,,,,,,POLYGON ICRS  268.748774967 65.297307532 268.797755545 65.273663800 268.854657588 65.294179940 268.806133866 65.318070211,268.8101105354905,65.29985441975694,JWST,IR,JWST,CAOM,F1000W,,"Shen, Yue",9263,MIRI,POLYGON ICRS 268.816451 65.281262 268.852851 65.294694 268.804146 65.318452 268.767208 65.304934 POLYGON ICRS 268.796805 65.274316 268.811765 65.279721 268.798670 65.285989 268.783681 65.280563,61259.50382440972,61259.50751804398,319.13,NEXUS: the North ecliptic pole EXtragalactic Unified Survey,61259.80153935185,GO,MI.F1000W,2026-08-07 19:14:13.000,2026-08-07 12:05:30.429,mast:JWST/product/jw09263004004_02201_00001_mirimage_rate.fits,mast:JWST/product/jw09263004004_02201_00001_mirimage_rate.fits
249923850,jw09263004004_02101_00001_nrca1_cal.fits,jw09263004004_02101_00001,2b,01,NRCA1_FULL,jw09263_20260807t165602_pool.csv,jw09263-o004_20260807t165602_image2_00066_asn.json,73.8834876799956,61259.5084124289,f,61259.50661054597,61259.50480866305,GO,5105,29,f,/Date(1786130100401)/,61259.80208796296,/Date(1786104652951)/,61259.50755729167,/Date(1786104341585)/,61259.503953541665,NRCA1,0,0,311.366,311.366,311.366,OK,NRC_IMAGE,2,61259.50755730324,61259.50575541666,1,PRIME,61259.50395353009,-1,4,N4EA001703,1,65.267645194355,15.18353366851807,1,268.4175859282936,/Date(1786104174167)/,61259.50201581018,/Date(1786103933527)/,61259.499230625,0.0812841058,0.02464547008275986,0.07224679,73.76183588057756,61259.5084110209,f,61259.50660913797,61259.50480725504,NIRCAM,f,,0.0,,,0.0,4,4,6,1,1,0,1,2,0.0,V09263004004P0000000002101,4,Deep-epoch8 NIRCam,STSCI,FINEGUIDE,"Shen, Yue",NRCALL_FULL,PRDOPSSOC-073,9263,65.19916666666667,268.4625,61256.08459082176,SHALLOW4,481,,2026_1b,1,2,FULL,,2048,2048,1,1,65.19916666666667,268.46250000000003,,f,NEXUS-Center,FIXED,0.1,0.1,JWST,NIRCam Imaging,10.73677,53.684,UTC,NEXUS: the North ecliptic pole EXtragalactic Unified Survey,10,f,4,09263004004,/Date(1786105371222)/,61259.51587063658,02,SUCCESSFUL,PRIME_TARGETED_FIXED,/Date(1786103473752)/,61259.49390917824,-174.3536471,-5.1640934,t,ImageModel,f,/Date(1786104341585)/,61259.503953541665,,0.030934018718381435,2026219T154532445_001_osf.xml,1,,FULLBOX,f,CALCULATED_TRACK_TR_202111,11.3,134.1508767824674,65.21934317022017,268.4816738469253,f,Unidentified,High Latitude Field,GSC32,0.0699818307512626,0.6039961023361244,268.419,POLYGON ICRS 268.472468 65.203025 268.501470 65.215747 268.470849 65.228145 268.441515 65.215216,2.0.1,RELEASE,jwst_1535.pmap,13.1.13,,,,,,,,,117570240,833f66a041775d1cb89394ef59e35970,/Date(1786130139765)/,61259.80254358796,/Date(1786130144064)/,61259.80259332176,68,/Date(1786130140000)/,61259.8025462963,False,False,False,8017493,"GO-9263 Shen, Yue",F200W-CLEAR,NIRCAM-F200W,2,1,4,SHORT,0,0,0,0,0,0,NULL,NULL,NULL,0,0,0,0,0,0,A,f,CLEAR,IMAGING,2TIGHTGAPS,,,,,POLYGON ICRS  268.442094656 65.214942446 268.473044439 65.202741733 268.502092768 65.215449931 268.471475167 65.227863727,268.47154564262195,65.21554999053009,JWST,IR,JWST,CAOM,F200W,,"Shen, Yue",9263,NIRCAM,POLYGON ICRS 268.472468 65.203025 268.501470 65.215747 268.470849 65.228145 268.441515 65.215216,61259.50395353009,61259.50755730324,311.366,NEXUS: the North ecliptic pole EXtragalactic Unified Survey,61259.8025462963,GO,NC.F200W,2026-08-07 19:15:40.000,2026-08-07 12:05:41.585,mast:JWST/product/jw09263004004_02101_00001_nrca1_rate.fits,mast:JWST/product/jw09263004004_02101_00001_nrca1_rate.fits
249923802,jw09263004004_02101_00001_nrcb1_cal.fits,jw09263004004_02101_00001,2b,01,NRCB1_FULL,jw09263_20260807t165602_pool.csv,jw09263-o004_20260807t165602_image2_00061_asn.json,73.8834876799956,61259.5084124289,f,61259.50661054597,61259.50480866305,GO,5105,29,f,/Date(1786130092806)/,61259.802000069445,/Date(1786104652951)/,61259.50755729167,/Date(1786104341585)/,61259.503953541665,NRCB1,0,0,311.366,311.366,311.366,OK,NRC_IMAGE,2,61259.50755730324,61259.50575541666,1,PRIME,61259.50395353009,1,4,N4EA001703,1,65.267645194355,15.18353366851807,1,268.4175859282936,/Date(1786104174167)/,61259.50201581018,/Date(1786103933527)/,61259.499230625,0.0812841058,0.02464547008275986,0.07224679,73.76183588057756,61259.5084110209,f,61259.50660913797,61259.50480725504,NIRCAM,f,,0.0,,,0.0,4,4,6,1,1,0,1,2,0.0,V09263004004P0000000002101,4,Deep-epoch8 NIRCam,STSCI,FINEGUIDE,"Shen, Yue",NRCALL_FULL,PRDOPSSOC-073,9263,65.19916666666667,268.4625,61256.08459082176,SHALLOW4,486,,2026_1b,1,-2,FULL,,2048,2048,1,1,65.19916666666667,268.46250000000003,,f,NEXUS-Center,FIXED,0.1,0.1,JWST,NIRCam Imaging,10.73677,53.684,UTC,NEXUS: the North ecliptic pole EXtragalactic Unified Survey,10,f,4,09263004004,/Date(1786105371222)/,61259.51587063658,02,SUCCESSFUL,PRIME_TARGETED_FIXED,/Date(1786103473752)/,61259.49390917824,-174.3536471,-5.1640934,t,ImageModel,f,/Date(1786104341585)/,61259.503953541665,,0.030934018718381435,2026219T154532445_001_osf.xml,1,,FULLBOX,f,CALCULATED_TRACK_TR_202111,11.3,134.1508767824674,65.25413906014084,268.62731443028025,f,Unidentified,High Latitude Field,GSC32,0.0629204057313035,0.5862315110909443,268.419,POLYGON ICRS 268.618553 65.237575 268.647602 65.249972 268.617984 65.262311 268.588551 65.249807,2.0.1,RELEASE,jwst_1535.pmap,13.1.13,,,,,,,,,117573120,bd1bed8da499d19a3199d5a23c092579,/Date(1786130121145)/,61259.8023280787,/Date(1786130126436)/,61259.80238930556,68,/Date(1786130121000)/,61259.80232638889,False,False,False,8017493,"GO-9263 Shen, Yue",F200W-CLEAR,NIRCAM-F200W,2,1,4,SHORT,0,0,0,0,0,0,NULL,NULL,NULL,0,0,0,0,0,0,B,f,CLEAR,IMAGING,2TIGHTGAPS,,,,,POLYGON ICRS  268.588328719 65.249968350 268.618295260 65.237699245 268.647492942 65.250053547 268.617913877 65.262435515,268.6181400939211,65.24992498670353,JWST,IR,JWST,CAOM,F200W,,"Shen, Yue",9263,NIRCAM,POLYGON ICRS 268.618553 65.237575 268.647602 65.249972 268.617984 65.262311 268.588551 65.249807,61259.50395353009,61259.50755730324,311.366,NEXUS: the North ecliptic pole EXtragalactic Unified Survey,61259.80232638889,GO,NC.F200W,2026-08-07 19:15:21.000,2026-08-07 12:05:41.585,mast:JWST/product/jw09263004004_02101_00001_nrcb1_rate.fits,mast:JWST/product/jw09263004004_02101_00001_nrcb1_rate.fits
249923844,jw09263004004_02101_00001_nrcalong_cal.fits,jw09263004004_02101_00001,2b,01,NRCA5_FULL,jw09263_20260807t165602_pool.csv,jw09263-o004_20260807t165602_image2_00062_asn.json,73.8834876799956,61259.5084124289,f,61259.50661054597,61259.50480866305,GO,5105,29,f,/Date(1786130105501)/,61259.80214699074,/Date(1786104652951)/,61259.50755729167,/Date(1786104341585)/,61259.503953541665,NRCALONG,0,0,311.366,311.366,311.366,OK,NRC_IMAGE,2,61259.50755730324,61259.50575541666,1,PRIME,61259.50395353009,-1,4,N4EA001703,1,65.267645194355,15.18353366851807,1,268.4175859282936,/Date(1786104174167)/,61259.50201581018,/Date(1786103933527)/,61259.499230625,0.0812841058,0.02464547008275986,0.07224679,73.76183588057756,61259.5084110209,f,61259.50660913797,61259.50480725504,NIRCAM,f,,0.0,,,0.0,4,4,6,1,1,0,1,2,0.0,V09263004004P0000000002101,4,Deep-epoch8 NIRCam,STSCI,FINEGUIDE,"Shen, Yue",NRCALL_FULL,PRDOPSSOC-073,9263,65.19916666666667,268.4625,61256.08459082176,SHALLOW4,485,,2026_1b,1,2,FULL,,2048,2048,1,1,65.19916666666667,268.46250000000003,,f,NEXUS-Center,FIXED,0.1,0.1,JWST,NIRCam Imaging,10.73677,53.684,UTC,NEXUS: the North ecliptic pole EXtragalactic Unified Survey,10,f,4,09263004004,/Date(1786105371222)/,61259.51587063658,02,SUCCESSFUL,PRIME_TARGETED_FIXED,/Date(1786103473752)/,61259.49390917824,-174.3536471,-5.1640934,t,ImageModel,f,/Date(1786104341585)/,61259.503953541665,,0.030934018718381435,2026219T154532445_001_osf.xml,1,,FULLBOX,f,CALCULATED_TRACK_TR_202111,11.3,134.1508767824674,65.21965370165191,268.51383708132096,f,Unidentified,High Latitude Field,GSC32,0.13474087167644225,0.6945955176865432,268.419,POLYGON ICRS 268.505810 65.190371 268.564664 65.215747 268.503502 65.241197 268.443685 65.215023,2.0.1,RELEASE,jwst_1535.pmap,13.1.13,,,,,,,,,117573120,d15ed6b4889b4ea62b2226e735c5371e,/Date(1786130139084)/,61259.80253568287,/Date(1786130143732)/,61259.80258950232,68,/Date(1786130139000)/,61259.80253472222,False,False,False,8017493,"GO-9263 Shen, Yue",F444W-CLEAR,NIRCAM-F444W,2,1,4,LONG,0,0,0,0,0,0,NULL,NULL,NULL,0,0,0,0,0,0,A,f,CLEAR,IMAGING,2TIGHTGAPS,,,,,POLYGON ICRS  268.443674945 65.215033827 268.505759559 65.190357404 268.564731239 65.215689419 268.503609785 65.241187566,268.5043290057384,65.21565000361348,JWST,IR,JWST,CAOM,F444W,,"Shen, Yue",9263,NIRCAM,POLYGON ICRS 268.505810 65.190371 268.564664 65.215747 268.503502 65.241197 268.443685 65.215023,61259.50395353009,61259.50755730324,311.366,NEXUS: the North ecliptic pole EXtragalactic Unified Survey,61259.80253472222,GO,NC.F444W,2026-08-07 19:15:39.000,2026-08-07 12:05:41.585,mast:JWST/product/jw09263004004_02101_00001_nrcalong_rate.fits,mast:JWST/product/jw09263004004_02101_00001_nrcalong_rate.fits
249923761,jw09263004004_02101_00001_nrcblong_cal.fits,jw09263004004_02101_00001,2b,01,NRCB5_FULL,jw09263_20260807t165602_pool.csv,jw09263-o004_20260807t165602_image2_00057_asn.json,73.8834876799956,61259.5084124289,f,61259.50661054597,61259.50480866305,GO,5105,29,f,/Date(1786130059971)/,61259.80162002315,/Date(1786104652951)/,61259.50755729167,/Date(1786104341585)/,61259.503953541665,NRCBLONG,0,0,311.366,311.366,311.366,OK,NRC_IMAGE,2,61259.50755730324,61259.50575541666,1,PRIME,61259.50395353009,1,4,N4EA001703,1,65.267645194355,15.18353366851807,1,268.4175859282936,/Date(1786104174167)/,61259.50201581018,/Date(1786103933527)/,61259.499230625,0.0812841058,0.02464547008275986,0.07224679,73.76183588057756,61259.5084110209,f,61259.50660913797,61259.50480725504,NIRCAM,f,,0.0,,,0.0,4,4,6,1,1,0,1,2,0.0,V09263004004P0000000002101,4,Deep-epoch8 NIRCam,STSCI,FINEGUIDE,"Shen, Yue",NRCALL_FULL,PRDOPSSOC-073,9263,65.19916666666667,268.4625,61256.08459082176,SHALLOW4,490,,2026_1b,1,-2,FULL,,2048,2048,1,1,65.19916666666667,268.46250000000003,,f,NEXUS-Center,FIXED,0.1,0.1,JWST,NIRCam Imaging,10.73677,53.684,UTC,NEXUS: the North ecliptic pole EXtragalactic Unified Survey,10,f,4,09263004004,/Date(1786105371222)/,61259.51587063658,02,SUCCESSFUL,PRIME_TARGETED_FIXED,/Date(1786103473752)/,61259.49390917824,-174.3536471,-5.1640934,t,ImageModel,f,/Date(1786104341585)/,61259.503953541665,,0.030934018718381435,2026219T154532445_001_osf.xml,1,,FULLBOX,f,CALCULATED_TRACK_TR_202111,11.3,134.1508767824674,65.2541086852476,268.59602529673197,f,Unidentified,High Latitude Field,GSC32,0.12425088054616339,0.6661721716942549,268.419,POLYGON ICRS 268.587856 65.224750 268.646610 65.250241 268.585903 65.275582 268.525245 65.249658,2.0.1,RELEASE,jwst_1535.pmap,13.1.13,,,,,,,,,117573120,dea310debb251f868efb443d20248967,/Date(1786130094849)/,61259.80202372685,/Date(1786130101256)/,61259.80209787037,68,/Date(1786130095000)/,61259.80202546297,False,False,False,8017493,"GO-9263 Shen, Yue",F444W-CLEAR,NIRCAM-F444W,2,1,4,LONG,0,0,0,0,0,0,NULL,NULL,NULL,0,0,0,0,0,0,B,f,CLEAR,IMAGING,2TIGHTGAPS,,,,,POLYGON ICRS  268.525306221 65.249687995 268.587877842 65.224721017 268.646908989 65.250132789 268.586247753 65.275555851,268.58624211970914,65.25009229592654,JWST,IR,JWST,CAOM,F444W,,"Shen, Yue",9263,NIRCAM,POLYGON ICRS 268.587856 65.224750 268.646610 65.250241 268.585903 65.275582 268.525245 65.249658,61259.50395353009,61259.50755730324,311.366,NEXUS: the North ecliptic pole EXtragalactic Unified Survey,61259.80202546297,GO,NC.F444W,2026-08-07 19:14:55.000,2026-08-07 12:05:41.585,mast:JWST/product/jw09263004004_02101_00001_nrcblong_rate.fits,mast:JWST/product/jw09263004004_02101_00001_nrcblong_rate.fits
249923495,jw09263004005_02201_00001_mirimage_cal.fits,jw09263004005_02201_00001,2b,01,MIRIM_FULL,jw09263_20260807t165602_pool.csv,jw09263-o004_20260807t165602_image2_00024_asn.json,73.880150844343,61259.527580515096,f,61259.52573370171,61259.52388688832,GO,5105,7,f,/Date(1786129888668)/,61259.799637337965,/Date(1786106309077)/,61259.52672541667,/Date(1786105989947)/,61259.52303178241,MIRIMAGE,0,0,319.13,319.13,159.565,OK,MIR_IMAGE,2,61259.52672542824,61259.52487861111,1,PARALLEL_COORDINATED,61259.52303179398,1,1,N4EA001689,0,65.25615621241563,14.8911247253418,1,268.2860423665797,/Date(1786105818710)/,61259.52104988426,/Date(1786105730646)/,61259.520030625,0.03413504,0.01908608712255955,0.0320691355,73.75850155949593,61259.527579107125,f,61259.52573229373,61259.52388548034,MIRI,f,OFF,0.0,,,0.0,4,1,57,2,1,0,1,1,0.0,V09263004005P0926300402201,4,Deep-epoch8 NIRCam,STSCI,FINEGUIDE,"Shen, Yue",MIRIM_ILLUM,PRDOPSSOC-073,9263,65.19916666666667,268.4625,61256.08459082176,FASTR1,493,,2026_1b,2,2,FULL,,1032,1024,1,1,65.19916666666667,268.46250000000003,,f,NEXUS-Center,FIXED,0.1,0.1,JWST,NIRCam Imaging,2.77504,2.775,UTC,NEXUS: the North ecliptic pole EXtragalactic Unified Survey,10,f,5,09263004005,/Date(1786107038292)/,61259.53516542824,02,SUCCESSFUL,PRIME_TARGETED_FIXED,/Date(1786105375318)/,61259.51591800926,-624.9249649,56.0845553,f,ImageModel,f,/Date(1786105989947)/,61259.52303178241,,0.015379503399019728,2026219T154137264_002_osf.xml,1,,NONE,f,CALCULATED_TRACK_TR_202111,11.3,134.0314397277176,65.32857042398811,268.7613848507681,f,Unidentified,High Latitude Field,GSC32,0.2662484266772058,0.0,310.804,POLYGON ICRS 268.756172 65.306498 268.792505 65.319961 268.743682 65.343677 268.706811 65.330127 POLYGON ICRS 268.736560 65.299535 268.751493 65.304953 268.738367 65.311209 268.723405 65.305770,2.0.1,RELEASE,jwst_1535.pmap,13.1.13,OPEN,,,,,,A,A,29721600,362e811ad59f6c861b6615a63f818b6b,/Date(1786129908328)/,61259.79986488426,/Date(1786129909767)/,61259.79988155093,61,/Date(1786129908000)/,61259.79986111111,False,False,False,8017665,"GO-9263 Shen, Yue",F1000W,MIRI-F1000W,,,,,,,,,,,,,,,,,,,,,,,,,,,,,POLYGON ICRS  268.689063253 65.322407183 268.738144445 65.298782980 268.795053982 65.319321761 268.746429408 65.343192707,268.7497388714715,65.32508468066945,JWST,IR,JWST,CAOM,F1000W,,"Shen, Yue",9263,MIRI,POLYGON ICRS 268.756172 65.306498 268.792505 65.319961 268.743682 65.343677 268.706811 65.330127 POLYGON ICRS 268.736560 65.299535 268.751493 65.304953 268.738367 65.311209 268.723405 65.305770,61259.52303179398,61259.52672542824,319.13,NEXUS: the North ecliptic pole EXtragalactic Unified Survey,61259.79986111111,GO,MI.F1000W,2026-08-07 19:11:48.000,2026-08-07 12:33:09.947,mast:JWST/product/jw09263004005_02201_00001_mirimage_rate.fits,mast:JWST/product/jw09263004005_02201_00001_mirimage_rate.fits
249923612,jw09263004005_02101_00001_nrcblong_cal.fits,jw09263004005_02101_00001,2b,01,NRCB5_FULL,jw09263_20260807t165602_pool.csv,jw09263-o004_20260807t165602_image2_00035_asn.json,73.88013890013099,61259.527556811445,f,61259.525754928516,61259.52395304559,GO,5105,29,f,/Date(1786129959672)/,61259.80045917824,/Date(1786106307029)/,61259.52670173611,/Date(1786105995663)/,61259.52309795139,NRCBLONG,0,0,311.366,311.366,311.366,OK,NRC_IMAGE,1,61259.526701724535,61259.52489983796,1,PRIME,61259.52309795139,1,4,N4EA001689,1,65.25615621241563,14.8911247253418,1,268.2860423665797,/Date(1786105818710)/,61259.52104988426,/Date(1786105730646)/,61259.520030625,0.03413504,0.01908608712255955,0.0320691355,73.7584896152839,61259.52755540347,f,61259.52575352054,61259.52395163761,NIRCAM,f,,0.0,,,0.0,4,4,6,1,1,0,1,2,0.0,V09263004005P0000000002101,4,Deep-epoch8 NIRCam,STSCI,FINEGUIDE,"Shen, Yue",NRCALL_FULL,PRDOPSSOC-073,9263,65.19916666666667,268.4625,61256.08459082176,SHALLOW4,490,,2026_1b,1,-2,FULL,,2048,2048,1,1,65.19916666666667,268.46250000000003,,f,NEXUS-Center,FIXED,0.1,0.1,JWST,NIRCam Imaging,10.73677,53.684,UTC,NEXUS: the North ecliptic pole EXtragalactic Unified Survey,10,f,5,09263004005,/Date(1786107038292)/,61259.53516542824,02,SUCCESSFUL,PRIME_TARGETED_FIXED,/Date(1786105375318)/,61259.51591800926,-176.1966295,122.2054002,t,ImageModel,f,/Date(1786105995663)/,61259.52309795139,,0.015379503399019728,2026219T154137264_002_osf.xml,1,,FULLBOX,f,CALCULATED_TRACK_TR_202111,11.3,134.0314397277176,65.27914873274948,268.5362639393867,f,Unidentified,High Latitude Field,GSC32,0.12428640972865375,0.7017013541846152,268.419,POLYGON ICRS 268.527960 65.249829 268.586586 65.275371 268.525754 65.300659 268.465225 65.274683,2.0.1,RELEASE,jwst_1535.pmap,13.1.13,,,,,,,,,117573120,99264e83136ce38e72b3293d0e865697,/Date(1786129993967)/,61259.80085608796,/Date(1786129998123)/,61259.80090420139,68,/Date(1786129994000)/,61259.80085648148,False,False,False,8017631,"GO-9263 Shen, Yue",F444W-CLEAR,NIRCAM-F444W,2,1,4,LONG,0,0,0,0,0,0,NULL,NULL,NULL,0,0,0,0,0,0,B,f,CLEAR,IMAGING,2TIGHTGAPS,,,,,POLYGON ICRS  268.465491058 65.274698414 268.528178990 65.249756501 268.587208129 65.275191872 268.526431178 65.300590660,268.5262196062179,65.2751698512873,JWST,IR,JWST,CAOM,F444W,,"Shen, Yue",9263,NIRCAM,POLYGON ICRS 268.527960 65.249829 268.586586 65.275371 268.525754 65.300659 268.465225 65.274683,61259.52309795139,61259.526701724535,311.366,NEXUS: the North ecliptic pole EXtragalactic Unified Survey,61259.80085648148,GO,NC.F444W,2026-08-07 19:13:14.000,2026-08-07 12:33:15.663,mast:JWST/product/jw09263004005_02101_00001_nrcblong_rate.fits,mast:JWST/product/jw09263004005_02101_00001_nrcblong_rate.fits
249923640,jw09263004005_02101_00001_nrcb1_cal.fits,jw09263004005_02101_00001,2b,01,NRCB1_FULL,jw09263_20260807t165602_pool.csv,jw09263-o004_20260807t165602_image2_00039_asn.json,73.88013890013099,61259.527556811445,f,61259.525754928516,61259.52395304559,GO,5105,29,f,/Date(1786129979570)/,61259.80068946759,/Date(1786106307029)/,61259.52670173611,/Date(1786105995663)/,61259.52309795139,NRCB1,0,0,311.366,311.366,311.366,OK,NRC_IMAGE,1,61259.526701724535,61259.52489983796,1,PRIME,61259.52309795139,1,4,N4EA001689,1,65.25615621241563,14.8911247253418,1,268.2860423665797,/Date(1786105818710)/,61259.52104988426,/Date(1786105730646)/,61259.520030625,0.03413504,0.01908608712255955,0.0320691355,73.7584896152839,61259.52755540347,f,61259.52575352054,61259.52395163761,NIRCAM,f,,0.0,,,0.0,4,4,6,1,1,0,1,2,0.0,V09263004005P0000000002101,4,Deep-epoch8 NIRCam,STSCI,FINEGUIDE,"Shen, Yue",NRCALL_FULL,PRDOPSSOC-073,9263,65.19916666666667,268.4625,61256.08459082176,SHALLOW4,486,,2026_1b,1,-2,FULL,,2048,2048,1,1,65.19916666666667,268.46250000000003,,f,NEXUS-Center,FIXED,0.1,0.1,JWST,NIRCam Imaging,10.73677,53.684,UTC,NEXUS: the North ecliptic pole EXtragalactic Unified Survey,10,f,5,09263004005,/Date(1786107038292)/,61259.53516542824,02,SUCCESSFUL,PRIME_TARGETED_FIXED,/Date(1786105375318)/,61259.51591800926,-176.1966295,122.2054002,t,ImageModel,f,/Date(1786105995663)/,61259.52309795139,,0.015379503399019728,2026219T154137264_002_osf.xml,1,,FULLBOX,f,CALCULATED_TRACK_TR_202111,11.3,134.0314397277176,65.27919162394194,268.5675826952978,f,Unidentified,High Latitude Field,GSC32,0.06770263369450599,0.6173195457700096,268.419,POLYGON ICRS 268.558928 65.262821 268.587915 65.275243 268.558236 65.287557 268.528865 65.275027,2.0.1,RELEASE,jwst_1535.pmap,13.1.13,,,,,,,,,117573120,b9b35133f71a2292b6a8b32cce29d8d7,/Date(1786130011516)/,61259.801059212965,/Date(1786130016333)/,61259.80111496528,68,/Date(1786130012000)/,61259.80106481481,False,False,False,8017631,"GO-9263 Shen, Yue",F200W-CLEAR,NIRCAM-F200W,2,1,4,SHORT,0,0,0,0,0,0,NULL,NULL,NULL,0,0,0,0,0,0,B,f,CLEAR,IMAGING,2TIGHTGAPS,,,,,POLYGON ICRS  268.528572652 65.275004003 268.558595629 65.262746892 268.587792816 65.275112863 268.558157385 65.287482999,268.5584535030425,65.27517076407548,JWST,IR,JWST,CAOM,F200W,,"Shen, Yue",9263,NIRCAM,POLYGON ICRS 268.558928 65.262821 268.587915 65.275243 268.558236 65.287557 268.528865 65.275027,61259.52309795139,61259.526701724535,311.366,NEXUS: the North ecliptic pole EXtragalactic Unified Survey,61259.80106481481,GO,NC.F200W,2026-08-07 19:13:32.000,2026-08-07 12:33:15.663,mast:JWST/product/jw09263004005_02101_00001_nrcb1_rate.fits,mast:JWST/product/jw09263004005_02101_00001_nrcb1_rate.fits
249923652,jw09263004005_02101_00001_nrcalong_cal.fits,jw09263004005_02101_00001,2b,01,NRCA5_FULL,jw09263_20260807t165602_pool.csv,jw09263-o004_20260807t165602_image2_00040_asn.json,73.88013890013099,61259.52755755218,f,61259.52575566926,61259.52395378633,GO,5105,29,f,/Date(1786129982366)/,61259.8007218287,/Date(1786106307093)/,61259.52670246528,/Date(1786105995727)/,61259.523098680555,NRCALONG,0,0,311.366,311.366,311.366,OK,NRC_IMAGE,1,61259.52670246528,61259.524900578705,1,PRIME,61259.52309869213,-1,4,N4EA001689,1,65.25615621241563,14.8911247253418,1,268.2860423665797,/Date(1786105818710)/,61259.52104988426,/Date(1786105730646)/,61259.520030625,0.03413504,0.01908608712255955,0.0320691355,73.7584896152839,61259.52755614421,f,61259.52575426128,61259.52395237835,NIRCAM,f,,0.0,,,0.0,4,4,6,1,1,0,1,2,0.0,V09263004005P0000000002101,4,Deep-epoch8 NIRCam,STSCI,FINEGUIDE,"Shen, Yue",NRCALL_FULL,PRDOPSSOC-073,9263,65.19916666666667,268.4625,61256.08459082176,SHALLOW4,485,,2026_1b,1,2,FULL,,2048,2048,1,1,65.19916666666667,268.46250000000003,,f,NEXUS-Center,FIXED,0.1,0.1,JWST,NIRCam Imaging,10.73677,53.684,UTC,NEXUS: the North ecliptic pole EXtragalactic Unified Survey,10,f,5,09263004005,/Date(1786107038292)/,61259.53516542824,02,SUCCESSFUL,PRIME_TARGETED_FIXED,/Date(1786105375318)/,61259.51591800926,-176.1966295,122.2054002,t,ImageModel,f,/Date(1786105995727)/,61259.523098680555,,0.015379503399019728,2026219T154137264_002_osf.xml,1,,FULLBOX,f,CALCULATED_TRACK_TR_202111,11.3,134.0314397277176,65.24466085247334,268.45407657977455,f,Unidentified,High Latitude Field,GSC32,0.13353287947177,0.6599545647584418,268.419,POLYGON ICRS 268.445995 65.215340 268.504723 65.240768 268.443433 65.266164 268.383747 65.239938,2.0.1,RELEASE,jwst_1535.pmap,13.1.13,,,,,,,,,117573120,e60fc7813a85fc799bea89c1054ca1fc,/Date(1786130013554)/,61259.80108278935,/Date(1786130017805)/,61259.80113201389,68,/Date(1786130014000)/,61259.801087962966,False,False,False,8017631,"GO-9263 Shen, Yue",F444W-CLEAR,NIRCAM-F444W,2,1,4,LONG,0,0,0,0,0,0,NULL,NULL,NULL,0,0,0,0,0,0,A,f,CLEAR,IMAGING,2TIGHTGAPS,,,,,POLYGON ICRS  268.383861803 65.240011529 268.446061373 65.215360016 268.505031068 65.240715642 268.443793521 65.266189293,268.4443880197555,65.240617858945,JWST,IR,JWST,CAOM,F444W,,"Shen, Yue",9263,NIRCAM,POLYGON ICRS 268.445995 65.215340 268.504723 65.240768 268.443433 65.266164 268.383747 65.239938,61259.52309869213,61259.52670246528,311.366,NEXUS: the North ecliptic pole EXtragalactic Unified Survey,61259.801087962966,GO,NC.F444W,2026-08-07 19:13:34.000,2026-08-07 12:33:15.727,mast:JWST/product/jw09263004005_02101_00001_nrcalong_rate.fits,mast:JWST/product/jw09263004005_02101_00001_nrcalong_rate.fits
249923688,jw09263004005_02101_00001_nrca1_cal.fits,jw09263004005_02101_00001,2b,01,NRCA1_FULL,jw09263_20260807t165602_pool.csv,jw09263-o004_20260807t165602_image2_00044_asn.json,73.88013890013099,61259.52755755218,f,61259.52575566926,61259.52395378633,GO,5105,29,f,/Date(1786130003821)/,61259.80097013889,/Date(1786106307093)/,61259.52670246528,/Date(1786105995727)/,61259.523098680555,NRCA1,0,0,311.366,311.366,311.366,OK,NRC_IMAGE,1,61259.52670246528,61259.524900578705,1,PRIME,61259.52309869213,-1,4,N4EA001689,1,65.25615621241563,14.8911247253418,1,268.2860423665797,/Date(1786105818710)/,61259.52104988426,/Date(1786105730646)/,61259.520030625,0.03413504,0.01908608712255955,0.0320691355,73.7584896152839,61259.52755614421,f,61259.52575426128,61259.52395237835,NIRCAM,f,,0.0,,,0.0,4,4,6,1,1,0,1,2,0.0,V09263004005P0000000002101,4,Deep-epoch8 NIRCam,STSCI,FINEGUIDE,"Shen, Yue",NRCALL_FULL,PRDOPSSOC-073,9263,65.19916666666667,268.4625,61256.08459082176,SHALLOW4,481,,2026_1b,1,2,FULL,,2048,2048,1,1,65.19916666666667,268.46250000000003,,f,NEXUS-Center,FIXED,0.1,0.1,JWST,NIRCam Imaging,10.73677,53.684,UTC,NEXUS: the North ecliptic pole EXtragalactic Unified Survey,10,f,5,09263004005,/Date(1786107038292)/,61259.53516542824,02,SUCCESSFUL,PRIME_TARGETED_FIXED,/Date(1786105375318)/,61259.51591800926,-176.1966295,122.2054002,t,ImageModel,f,/Date(1786105995727)/,61259.523098680555,,0.015379503399019728,2026219T154137264_002_osf.xml,1,,FULLBOX,f,CALCULATED_TRACK_TR_202111,11.3,134.0314397277176,65.2443374272886,268.42188363751836,f,Unidentified,High Latitude Field,GSC32,0.06820981277455589,0.53649065560444,268.419,POLYGON ICRS 268.412086 65.227751 268.441024 65.240498 268.410341 65.252869 268.381071 65.239915,2.0.1,RELEASE,jwst_1535.pmap,13.1.13,,,,,,,,,117570240,3ac1f06751023edc618fa1fe6b624ab5,/Date(1786130035367)/,61259.80133525463,/Date(1786130040461)/,61259.80139421296,68,/Date(1786130035000)/,61259.80133101852,False,False,False,8017631,"GO-9263 Shen, Yue",F200W-CLEAR,NIRCAM-F200W,2,1,4,SHORT,0,0,0,0,0,0,NULL,NULL,NULL,0,0,0,0,0,0,A,f,CLEAR,IMAGING,2TIGHTGAPS,,,,,POLYGON ICRS  268.382280230 65.239919514 268.413287112 65.227731223 268.442333885 65.240451062 268.411658970 65.252852576,268.4111004755204,65.24027493899492,JWST,IR,JWST,CAOM,F200W,,"Shen, Yue",9263,NIRCAM,POLYGON ICRS 268.412086 65.227751 268.441024 65.240498 268.410341 65.252869 268.381071 65.239915,61259.52309869213,61259.52670246528,311.366,NEXUS: the North ecliptic pole EXtragalactic Unified Survey,61259.80133101852,GO,NC.F200W,2026-08-07 19:13:55.000,2026-08-07 12:33:15.727,mast:JWST/product/jw09263004005_02101_00001_nrca1_rate.fits,mast:JWST/product/jw09263004005_02101_00001_nrca1_rate.fits
249923359,jw09263004006_02201_00001_mirimage_cal.fits,jw09263004006_02201_00001,2b,01,MIRIM_FULL,jw09263_20260807t165602_pool.csv,jw09263-o004_20260807t165602_image2_00002_asn.json,73.8766675349325,61259.54749378497,f,61259.54564697158,61259.543800158186,GO,5105,7,f,/Date(1786129785758)/,61259.79844625,/Date(1786108029587)/,61259.54663872685,/Date(1786107710457)/,61259.542945092595,MIRIMAGE,0,0,319.13,319.13,159.565,OK,MIR_IMAGE,1,61259.54663873843,61259.5447919213,1,PARALLEL_COORDINATED,61259.542945104164,1,1,N4EL000109,0,65.22286038129515,14.01430797576904,1,268.2178290394508,/Date(1786107549268)/,61259.54107946759,/Date(1786107461204)/,61259.54006021991,0.022048261,0.01180117484182119,0.01902886,73.75502076465636,61259.54749237702,f,61259.54564556363,61259.54379875024,MIRI,f,OFF,0.0,,,0.0,4,1,57,2,1,0,1,1,0.0,V09263004006P0926300402201,4,Deep-epoch8 NIRCam,STSCI,FINEGUIDE,"Shen, Yue",MIRIM_ILLUM,PRDOPSSOC-073,9263,65.19916666666667,268.4625,61256.08459082176,FASTR1,493,,2026_1b,2,2,FULL,,1032,1024,1,1,65.19916666666667,268.46250000000003,,f,NEXUS-Center,FIXED,0.1,0.1,JWST,NIRCam Imaging,2.77504,2.775,UTC,NEXUS: the North ecliptic pole EXtragalactic Unified Survey,10,f,6,09263004006,/Date(1786108765779)/,61259.55515949074,02,SUCCESSFUL,PRIME_TARGETED_FIXED,/Date(1786107042388)/,61259.535212800925,-326.5453791,34.796218,f,ImageModel,f,/Date(1786107710457)/,61259.542945092595,,-0.12026614501612258,2026219T154918781_001_osf.xml,1,,NONE,f,CALCULATED_TRACK_TR_202111,11.3,133.9695331751231,65.26997383732926,268.62039891404186,f,Unidentified,High Latitude Field,GSC32,0.256567060255287,0.0,310.804,POLYGON ICRS 268.616497 65.247592 268.652796 65.261072 268.603912 65.284766 268.567075 65.271199 POLYGON ICRS 268.596903 65.240621 268.611822 65.246045 268.598680 65.252296 268.583732 65.246850,2.0.1,RELEASE,jwst_1535.pmap,13.1.13,OPEN,,,,,,A,A,29721600,341cd4a4b036c28e66a8345a8f4019c2,/Date(1786129803560)/,61259.798652314814,/Date(1786129804808)/,61259.79866673611,61,/Date(1786129804000)/,61259.79865740741,False,False,False,8017785,"GO-9263 Shen, Yue",F1000W,MIRI-F1000W,,,,,,,,,,,,,,,,,,,,,,,,,,,,,POLYGON ICRS  268.548274597 65.263741824 268.597372819 65.240163517 268.654046148 65.260755442 268.605401876 65.284580868,268.6100163176407,65.2661761385532,JWST,IR,JWST,CAOM,F1000W,,"Shen, Yue",9263,MIRI,POLYGON ICRS 268.616497 65.247592 268.652796 65.261072 268.603912 65.284766 268.567075 65.271199 POLYGON ICRS 268.596903 65.240621 268.611822 65.246045 268.598680 65.252296 268.583732 65.246850,61259.542945104164,61259.54663873843,319.13,NEXUS: the North ecliptic pole EXtragalactic Unified Survey,61259.79865740741,GO,MI.F1000W,2026-08-07 19:10:04.000,2026-08-07 13:01:50.457,mast:JWST/product/jw09263004006_02201_00001_mirimage_rate.fits,mast:JWST/product/jw09263004006_02201_00001_mirimage_rate.fits
249923444,jw09263004006_02101_00001_nrcblong_cal.fits,jw09263004006_02101_00001,2b,01,NRCB5_FULL,jw09263_20260807t165602_pool.csv,jw09263-o004_20260807t165602_image2_00013_asn.json,73.87663233093917,61259.547602673636,f,61259.54580079071,61259.54399890778,GO,5105,29,f,/Date(1786129844973)/,61259.799131631946,/Date(1786108038995)/,61259.54674763889,/Date(1786107727629)/,61259.54314386574,NRCBLONG,0,0,311.366,311.366,311.366,OK,NRC_IMAGE,2,61259.54674762731,61259.54494574074,1,PRIME,61259.543143854164,1,4,N4EL000109,1,65.22286038129515,14.01430797576904,1,268.2178290394508,/Date(1786107549268)/,61259.54107946759,/Date(1786107461204)/,61259.54006021991,0.022048261,0.01180117484182119,0.01902886,73.75498556066304,61259.54760126569,f,61259.54579938276,61259.54399749983,NIRCAM,f,,0.0,,,0.0,4,4,6,1,1,0,1,2,0.0,V09263004006P0000000002101,4,Deep-epoch8 NIRCam,STSCI,FINEGUIDE,"Shen, Yue",NRCALL_FULL,PRDOPSSOC-073,9263,65.19916666666667,268.4625,61256.08459082176,SHALLOW4,490,,2026_1b,1,-2,FULL,,2048,2048,1,1,65.19916666666667,268.46250000000003,,f,NEXUS-Center,FIXED,0.1,0.1,JWST,NIRCam Imaging,10.73677,53.684,UTC,NEXUS: the North ecliptic pole EXtragalactic Unified Survey,10,f,6,09263004006,/Date(1786108765779)/,61259.55515949074,02,SUCCESSFUL,PRIME_TARGETED_FIXED,/Date(1786107042388)/,61259.535212800925,122.9100986,126.533871,t,ImageModel,f,/Date(1786107727629)/,61259.54314386574,,-0.11968713598664533,2026219T154918781_001_osf.xml,1,,FULLBOX,f,CALCULATED_TRACK_TR_202111,11.3,133.9695331751231,65.22034232495332,268.3960422937956,f,Unidentified,High Latitude Field,GSC32,0.12582926447829765,0.6501840395735928,268.419,POLYGON ICRS 268.388191 65.190920 268.446752 65.216489 268.385854 65.241749 268.325392 65.215745,2.0.1,RELEASE,jwst_1535.pmap,13.1.13,,,,,,,,,117573120,0b788fb3309ee23f0c5cf1f13e0641fa,/Date(1786129869807)/,61259.79941905093,/Date(1786129873674)/,61259.79946380787,68,/Date(1786129870000)/,61259.799421296295,False,False,False,8017771,"GO-9263 Shen, Yue",F444W-CLEAR,NIRCAM-F444W,2,1,4,LONG,0,0,0,0,0,0,NULL,NULL,NULL,0,0,0,0,0,0,B,f,CLEAR,IMAGING,2TIGHTGAPS,,,,,POLYGON ICRS  268.325454161 65.215824955 268.388134719 65.190941413 268.446897618 65.216431684 268.386120981 65.241773812,268.3863855901699,65.21626003776439,JWST,IR,JWST,CAOM,F444W,,"Shen, Yue",9263,NIRCAM,POLYGON ICRS 268.388191 65.190920 268.446752 65.216489 268.385854 65.241749 268.325392 65.215745,61259.543143854164,61259.54674762731,311.366,NEXUS: the North ecliptic pole EXtragalactic Unified Survey,61259.799421296295,GO,NC.F444W,2026-08-07 19:11:10.000,2026-08-07 13:02:07.629,mast:JWST/product/jw09263004006_02101_00001_nrcblong_rate.fits,mast:JWST/product/jw09263004006_02101_00001_nrcblong_rate.fits
249923477,jw09263004006_02101_00001_nrcalong_cal.fits,jw09263004006_02101_00001,2b,01,NRCA5_FULL,jw09263_20260807t165602_pool.csv,jw09263-o004_20260807t165602_image2_00018_asn.json,73.87663233093917,61259.547602673636,f,61259.54580079071,61259.54399890778,GO,5105,29,f,/Date(1786129855508)/,61259.79925354166,/Date(1786108038995)/,61259.54674763889,/Date(1786107727629)/,61259.54314386574,NRCALONG,0,0,311.366,311.366,311.366,OK,NRC_IMAGE,2,61259.54674762731,61259.54494574074,1,PRIME,61259.543143854164,-1,4,N4EL000109,1,65.22286038129515,14.01430797576904,1,268.2178290394508,/Date(1786107549268)/,61259.54107946759,/Date(1786107461204)/,61259.54006021991,0.022048261,0.01180117484182119,0.01902886,73.75498556066304,61259.54760126569,f,61259.54579938276,61259.54399749983,NIRCAM,f,,0.0,,,0.0,4,4,6,1,1,0,1,2,0.0,V09263004006P0000000002101,4,Deep-epoch8 NIRCam,STSCI,FINEGUIDE,"Shen, Yue",NRCALL_FULL,PRDOPSSOC-073,9263,65.19916666666667,268.4625,61256.08459082176,SHALLOW4,485,,2026_1b,1,2,FULL,,2048,2048,1,1,65.19916666666667,268.46250000000003,,f,NEXUS-Center,FIXED,0.1,0.1,JWST,NIRCam Imaging,10.73677,53.684,UTC,NEXUS: the North ecliptic pole EXtragalactic Unified Survey,10,f,6,09263004006,/Date(1786108765779)/,61259.55515949074,02,SUCCESSFUL,PRIME_TARGETED_FIXED,/Date(1786107042388)/,61259.535212800925,122.9100986,126.533871,t,ImageModel,f,/Date(1786107727629)/,61259.54314386574,,-0.11968713598664533,2026219T154918781_001_osf.xml,1,,FULLBOX,f,CALCULATED_TRACK_TR_202111,11.3,133.9695331751231,65.18577808420625,268.31422063498474,f,Unidentified,High Latitude Field,GSC32,0.13301415340741074,0.675942696879104,268.419,POLYGON ICRS 268.306528 65.156305 268.365190 65.181760 268.303835 65.207129 268.244217 65.180875,2.0.1,RELEASE,jwst_1535.pmap,13.1.13,,,,,,,,,117573120,f04b343880d145be1efc5256b0e6386f,/Date(1786129894496)/,61259.79970481482,/Date(1786129899212)/,61259.799759409725,68,/Date(1786129895000)/,61259.79971064815,False,False,False,8017771,"GO-9263 Shen, Yue",F444W-CLEAR,NIRCAM-F444W,2,1,4,LONG,0,0,0,0,0,0,NULL,NULL,NULL,0,0,0,0,0,0,A,f,CLEAR,IMAGING,2TIGHTGAPS,,,,,POLYGON ICRS  268.244190280 65.181062339 268.306381520 65.156468651 268.365086130 65.181879035 268.303850051 65.207295688,268.30485584173397,65.18158261655302,JWST,IR,JWST,CAOM,F444W,,"Shen, Yue",9263,NIRCAM,POLYGON ICRS 268.306528 65.156305 268.365190 65.181760 268.303835 65.207129 268.244217 65.180875,61259.543143854164,61259.54674762731,311.366,NEXUS: the North ecliptic pole EXtragalactic Unified Survey,61259.79971064815,GO,NC.F444W,2026-08-07 19:11:35.000,2026-08-07 13:02:07.629,mast:JWST/product/jw09263004006_02101_00001_nrcalong_rate.fits,mast:JWST/product/jw09263004006_02101_00001_nrcalong_rate.fits
249923509,jw09263004006_02101_00001_nrca1_cal.fits,jw09263004006_02101_00001,2b,01,NRCA1_FULL,jw09263_20260807t165602_pool.csv,jw09263-o004_20260807t165602_image2_00022_asn.json,73.87663233093917,61259.547602673636,f,61259.54580079071,61259.54399890778,GO,5105,29,f,/Date(1786129877986)/,61259.79951372685,/Date(1786108038995)/,61259.54674763889,/Date(1786107727629)/,61259.54314386574,NRCA1,0,0,311.366,311.366,311.366,OK,NRC_IMAGE,2,61259.54674762731,61259.54494574074,1,PRIME,61259.543143854164,-1,4,N4EL000109,1,65.22286038129515,14.01430797576904,1,268.2178290394508,/Date(1786107549268)/,61259.54107946759,/Date(1786107461204)/,61259.54006021991,0.022048261,0.01180117484182119,0.01902886,73.75498556066304,61259.54760126569,f,61259.54579938276,61259.54399749983,NIRCAM,f,,0.0,,,0.0,4,4,6,1,1,0,1,2,0.0,V09263004006P0000000002101,4,Deep-epoch8 NIRCam,STSCI,FINEGUIDE,"Shen, Yue",NRCALL_FULL,PRDOPSSOC-073,9263,65.19916666666667,268.4625,61256.08459082176,SHALLOW4,481,,2026_1b,1,2,FULL,,2048,2048,1,1,65.19916666666667,268.46250000000003,,f,NEXUS-Center,FIXED,0.1,0.1,JWST,NIRCam Imaging,10.73677,53.684,UTC,NEXUS: the North ecliptic pole EXtragalactic Unified Survey,10,f,6,09263004006,/Date(1786108765779)/,61259.55515949074,02,SUCCESSFUL,PRIME_TARGETED_FIXED,/Date(1786107042388)/,61259.535212800925,122.9100986,126.533871,t,ImageModel,f,/Date(1786107727629)/,61259.54314386574,,-0.11968713598664533,2026219T154918781_001_osf.xml,1,,FULLBOX,f,CALCULATED_TRACK_TR_202111,11.3,133.9695331751231,65.18542475076764,268.28210106659947,f,Unidentified,High Latitude Field,GSC32,0.06442329015064574,0.5675786902835052,268.419,POLYGON ICRS 268.273791 65.168204 268.302697 65.180964 268.271982 65.193322 268.242746 65.180354,2.0.1,RELEASE,jwst_1535.pmap,13.1.13,,,,,,,,,117570240,02d5ca5d0ca51b41d9adcc593fb2954f,/Date(1786129910097)/,61259.79988537037,/Date(1786129914368)/,61259.79993479167,68,/Date(1786129910000)/,61259.79988425926,False,False,False,8017771,"GO-9263 Shen, Yue",F200W-CLEAR,NIRCAM-F200W,2,1,4,SHORT,0,0,0,0,0,0,NULL,NULL,NULL,0,0,0,0,0,0,A,f,CLEAR,IMAGING,2TIGHTGAPS,,,,,POLYGON ICRS  268.242612711 65.180968857 268.273614880 65.168809382 268.302529828 65.181556167 268.271857670 65.193929157,268.2727740454073,65.18072774873421,JWST,IR,JWST,CAOM,F200W,,"Shen, Yue",9263,NIRCAM,POLYGON ICRS 268.273791 65.168204 268.302697 65.180964 268.271982 65.193322 268.242746 65.180354,61259.543143854164,61259.54674762731,311.366,NEXUS: the North ecliptic pole EXtragalactic Unified Survey,61259.79988425926,GO,NC.F200W,2026-08-07 19:11:50.000,2026-08-07 13:02:07.629,mast:JWST/product/jw09263004006_02101_00001_nrca1_rate.fits,mast:JWST/product/jw09263004006_02101_00001_nrca1_rate.fits
249923489,jw09263004006_02101_00001_nrcb1_cal.fits,jw09263004006_02101_00001,2b,01,NRCB1_FULL,jw09263_20260807t165602_pool.csv,jw09263-o004_20260807t165602_image2_00017_asn.json,73.87663233093917,61259.547602673636,f,61259.54580079071,61259.54399890778,GO,5105,29,f,/Date(1786129854974)/,61259.799247372684,/Date(1786108038995)/,61259.54674763889,/Date(1786107727629)/,61259.54314386574,NRCB1,0,0,311.366,311.366,311.366,OK,NRC_IMAGE,2,61259.54674762731,61259.54494574074,1,PRIME,61259.543143854164,1,4,N4EL000109,1,65.22286038129515,14.01430797576904,1,268.2178290394508,/Date(1786107549268)/,61259.54107946759,/Date(1786107461204)/,61259.54006021991,0.022048261,0.01180117484182119,0.01902886,73.75498556066304,61259.54760126569,f,61259.54579938276,61259.54399749983,NIRCAM,f,,0.0,,,0.0,4,4,6,1,1,0,1,2,0.0,V09263004006P0000000002101,4,Deep-epoch8 NIRCam,STSCI,FINEGUIDE,"Shen, Yue",NRCALL_FULL,PRDOPSSOC-073,9263,65.19916666666667,268.4625,61256.08459082176,SHALLOW4,486,,2026_1b,1,-2,FULL,,2048,2048,1,1,65.19916666666667,268.46250000000003,,f,NEXUS-Center,FIXED,0.1,0.1,JWST,NIRCam Imaging,10.73677,53.684,UTC,NEXUS: the North ecliptic pole EXtragalactic Unified Survey,10,f,6,09263004006,/Date(1786108765779)/,61259.55515949074,02,SUCCESSFUL,PRIME_TARGETED_FIXED,/Date(1786107042388)/,61259.535212800925,122.9100986,126.533871,t,ImageModel,f,/Date(1786107727629)/,61259.54314386574,,-0.11968713598664533,2026219T154918781_001_osf.xml,1,,FULLBOX,f,CALCULATED_TRACK_TR_202111,11.3,133.9695331751231,65.2204143766588,268.42729111761884,f,Unidentified,High Latitude Field,GSC32,0.06139709203202931,0.5356024260421809,268.419,POLYGON ICRS 268.418339 65.204256 268.447294 65.216691 268.417584 65.228991 268.388245 65.216448,2.0.1,RELEASE,jwst_1535.pmap,13.1.13,,,,,,,,,117573120,dfa36d02de29b93fddf6536d58d6cb51,/Date(1786129894066)/,61259.79969983796,/Date(1786129899880)/,61259.79976712963,68,/Date(1786129894000)/,61259.79969907407,False,False,False,8017771,"GO-9263 Shen, Yue",F200W-CLEAR,NIRCAM-F200W,2,1,4,SHORT,0,0,0,0,0,0,NULL,NULL,NULL,0,0,0,0,0,0,B,f,CLEAR,IMAGING,2TIGHTGAPS,,,,,POLYGON ICRS  268.388393628 65.216189215 268.418414845 65.203960086 268.447481429 65.216353220 268.417846204 65.228695719,268.4178329586832,65.21660523439786,JWST,IR,JWST,CAOM,F200W,,"Shen, Yue",9263,NIRCAM,POLYGON ICRS 268.418339 65.204256 268.447294 65.216691 268.417584 65.228991 268.388245 65.216448,61259.543143854164,61259.54674762731,311.366,NEXUS: the North ecliptic pole EXtragalactic Unified Survey,61259.79969907407,GO,NC.F200W,2026-08-07 19:11:34.000,2026-08-07 13:02:07.629,mast:JWST/product/jw09263004006_02101_00001_nrcb1_rate.fits,mast:JWST/product/jw09263004006_02101_00001_nrcb1_rate.fits
249928207,jw09263005001_03201_00001_nrcb1_cal.fits,jw09263005001_03201_00001,2b,01,NRCB1_FULL,jw09263_20260807t165602_pool.csv,jw09263-o005_20260807t165602_image2_00093_asn.json,73.8663678523153,61259.59854768388,f,61259.59432257671,61259.59009746953,GO,5105,27,f,/Date(1786196627787)/,61260.57208085648,/Date(1786112440655)/,61259.59769277778,/Date(1786111710555)/,61259.589242546295,NRCB1,0,0,730.1,730.1,730.1,OK,NRC_IMAGE,5,61259.597692766205,61259.59346765046,1,PARALLEL_COORDINATED,61259.58924253472,1,8,N4EA000153,2,65.35758269040016,13.29163360595703,1,268.4538985972368,/Date(1786109659730)/,61259.56550613426,/Date(1786109403730)/,61259.5625431713,0.0171487015,0.009754568338394165,0.0172716454,73.74468399211764,61259.59854627552,f,61259.59432116834,61259.590096061154,NIRCAM,f,,0.0,,,0.0,10,8,7,1,1,0,1,1,0.0,V09263005001P0926300503201,5,Deep-epoch8 NIRSpec MOS,STSCI,FINEGUIDE,"Shen, Yue",NRCALL_FULL,PRDOPSSOC-073,9263,65.19850833333334,268.46013999999997,61256.08459082176,MEDIUM8,486,,2026_1b,2,-2,FULL,,2048,2048,1,1,65.19850833333334,268.46014,,f,msa_catalog_deep_ep8,FIXED,0.1,0.1,JWST,NIRSpec MultiObject Spectroscopy,10.73677,107.368,UTC,NEXUS: the North ecliptic pole EXtragalactic Unified Survey,10,f,1,09263005001,/Date(1786113505870)/,61259.610021643515,03,SUCCESSFUL,PRIME_TARGETED_FIXED,/Date(1786108769875)/,61259.55520689815,-379.1746709,227.3959271,t,ImageModel,f,/Date(1786111710555)/,61259.589242546295,,0.006617420302692156,2026219T160223648_002_osf.xml,1,,NONE,f,CALCULATED_TRACK_TR_202111,11.3,133.9197609288609,65.33960757956876,268.6076525163076,f,,,GSC32,0.07911201644085311,0.5943736154116518,644.206,POLYGON ICRS 268.600202 65.323013 268.629131 65.335459 268.599396 65.347748 268.570084 65.335195,2.0.1,RELEASE,jwst_1535.pmap,13.1.13,,,,,,,,,117573120,33dd871e66ba6e7445f3b42f32dcb6d0,/Date(1786196663844)/,61260.57249818287,/Date(1786196670563)/,61260.57257596065,68,/Date(1786196664000)/,61260.5725,False,False,False,8017980,"GO-9263 Shen, Yue",F150W-CLEAR,NIRCAM-F150W,,,4,SHORT,0,0,0,0,0,0,NULL,NULL,NULL,0,0,0,0,0,0,B,f,CLEAR,,,,,,,POLYGON ICRS  268.568518259 65.335368583 268.598733183 65.323164369 268.627872334 65.335581824 268.598044824 65.347899809,268.59967076161007,65.33536237871071,JWST,IR,JWST,CAOM,F150W,,"Shen, Yue",9263,NIRCAM,POLYGON ICRS 268.600202 65.323013 268.629131 65.335459 268.599396 65.347748 268.570084 65.335195,61259.58924253472,61259.597692766205,730.1,NEXUS: the North ecliptic pole EXtragalactic Unified Survey,61260.5725,GO,NC.F150W,2026-08-08 13:44:24.000,2026-08-07 14:08:30.555,mast:JWST/product/jw09263005001_03201_00001_nrcb1_rate.fits,mast:JWST/product/jw09263005001_03201_00001_nrcb1_rate.fits
249928213,jw09263005001_03201_00001_nrcblong_cal.fits,jw09263005001_03201_00001,2b,01,NRCB5_FULL,jw09263_20260807t165602_pool.csv,jw09263-o005_20260807t165602_image2_00089_asn.json,73.8663678523153,61259.59854768388,f,61259.59432257671,61259.59009746953,GO,5105,27,f,/Date(1786196626065)/,61260.572060949075,/Date(1786112440655)/,61259.59769277778,/Date(1786111710555)/,61259.589242546295,NRCBLONG,0,0,730.1,730.1,730.1,OK,NRC_IMAGE,5,61259.597692766205,61259.59346765046,1,PARALLEL_COORDINATED,61259.58924253472,1,8,N4EA000153,2,65.35758269040016,13.29163360595703,1,268.4538985972368,/Date(1786109659730)/,61259.56550613426,/Date(1786109403730)/,61259.5625431713,0.0171487015,0.009754568338394165,0.0172716454,73.74468399211764,61259.59854627552,f,61259.59432116834,61259.590096061154,NIRCAM,f,,0.0,,,0.0,10,8,7,1,1,0,1,1,0.0,V09263005001P0926300503201,5,Deep-epoch8 NIRSpec MOS,STSCI,FINEGUIDE,"Shen, Yue",NRCALL_FULL,PRDOPSSOC-073,9263,65.19850833333334,268.46013999999997,61256.08459082176,MEDIUM8,490,,2026_1b,2,-2,FULL,,2048,2048,1,1,65.19850833333334,268.46014,,f,msa_catalog_deep_ep8,FIXED,0.1,0.1,JWST,NIRSpec MultiObject Spectroscopy,10.73677,107.368,UTC,NEXUS: the North ecliptic pole EXtragalactic Unified Survey,10,f,1,09263005001,/Date(1786113505870)/,61259.610021643515,03,SUCCESSFUL,PRIME_TARGETED_FIXED,/Date(1786108769875)/,61259.55520689815,-379.1746709,227.3959271,t,ImageModel,f,/Date(1786111710555)/,61259.589242546295,,0.006617420302692156,2026219T160223648_002_osf.xml,1,,NONE,f,CALCULATED_TRACK_TR_202111,11.3,133.9197609288609,65.33950969784284,268.57626259105973,f,,,GSC32,0.13627773087654088,0.7091032672034402,644.206,POLYGON ICRS 268.568482 65.310099 268.626988 65.335688 268.566039 65.360926 268.505633 65.334900,2.0.1,RELEASE,jwst_1535.pmap,13.1.13,,,,,,,,,117573120,11071ab4b1a4e4dd970496328b826167,/Date(1786196664260)/,61260.57250300926,/Date(1786196671412)/,61260.57258579861,68,/Date(1786196664000)/,61260.5725,False,False,False,8017980,"GO-9263 Shen, Yue",F277W-CLEAR,NIRCAM-F277W,,,4,LONG,0,0,0,0,0,0,NULL,NULL,NULL,0,0,0,0,0,0,B,f,CLEAR,,,,,,,POLYGON ICRS  268.505350828 65.334945420 268.568432269 65.310114585 268.627338230 65.335653343 268.566166364 65.360944522,268.5666237658261,65.3354375883576,JWST,IR,JWST,CAOM,F277W,,"Shen, Yue",9263,NIRCAM,POLYGON ICRS 268.568482 65.310099 268.626988 65.335688 268.566039 65.360926 268.505633 65.334900,61259.58924253472,61259.597692766205,730.1,NEXUS: the North ecliptic pole EXtragalactic Unified Survey,61260.5725,GO,NC.F277W,2026-08-08 13:44:24.000,2026-08-07 14:08:30.555,mast:JWST/product/jw09263005001_03201_00001_nrcblong_rate.fits,mast:JWST/product/jw09263005001_03201_00001_nrcblong_rate.fits
249928241,jw09263005001_03201_00001_nrca1_cal.fits,jw09263005001_03201_00001,2b,01,NRCA1_FULL,jw09263_20260807t165602_pool.csv,jw09263-o005_20260807t165602_image2_00098_asn.json,73.8663678523153,61259.59854842462,f,61259.594323317455,61259.590098210276,GO,5105,27,f,/Date(1786196647585)/,61260.57231002315,/Date(1786112440719)/,61259.59769351852,/Date(1786111710619)/,61259.58924328704,NRCA1,0,0,730.1,730.1,730.1,OK,NRC_IMAGE,5,61259.59769350694,61259.593468391206,1,PARALLEL_COORDINATED,61259.58924327546,-1,8,N4EA000153,2,65.35758269040016,13.29163360595703,1,268.4538985972368,/Date(1786109659730)/,61259.56550613426,/Date(1786109403730)/,61259.5625431713,0.0171487015,0.009754568338394165,0.0172716454,73.74468399211764,61259.598547016256,f,61259.59432190908,61259.5900968019,NIRCAM,f,,0.0,,,0.0,10,8,7,1,1,0,1,1,0.0,V09263005001P0926300503201,5,Deep-epoch8 NIRSpec MOS,STSCI,FINEGUIDE,"Shen, Yue",NRCALL_FULL,PRDOPSSOC-073,9263,65.19850833333334,268.46013999999997,61256.08459082176,MEDIUM8,481,,2026_1b,2,2,FULL,,2048,2048,1,1,65.19850833333334,268.46014,,f,msa_catalog_deep_ep8,FIXED,0.1,0.1,JWST,NIRSpec MultiObject Spectroscopy,10.73677,107.368,UTC,NEXUS: the North ecliptic pole EXtragalactic Unified Survey,10,f,1,09263005001,/Date(1786113505870)/,61259.610021643515,03,SUCCESSFUL,PRIME_TARGETED_FIXED,/Date(1786108769875)/,61259.55520689815,-379.1746709,227.3959271,t,ImageModel,f,/Date(1786111710619)/,61259.58924328704,,0.006617420302692156,2026219T160223648_002_osf.xml,1,,NONE,f,CALCULATED_TRACK_TR_202111,11.3,133.9197609288609,65.30449771571205,268.4619716610341,f,,,GSC32,0.08315124037522595,0.5877118936947092,644.206,POLYGON ICRS 268.451254 65.288104 268.480133 65.300874 268.449394 65.313221 268.420184 65.300242,2.0.1,RELEASE,jwst_1535.pmap,13.1.13,,,,,,,,,117570240,df72051d1e5b2433dc191dcd72bac894,/Date(1786196688329)/,61260.57278159722,/Date(1786196693011)/,61260.57283576389,68,/Date(1786196688000)/,61260.57277777778,False,False,False,8017980,"GO-9263 Shen, Yue",F150W-CLEAR,NIRCAM-F150W,,,4,SHORT,0,0,0,0,0,0,NULL,NULL,NULL,0,0,0,0,0,0,A,f,CLEAR,,,,,,,POLYGON ICRS  268.422394709 65.300015774 268.453590134 65.287882985 268.482574306 65.300652955 268.451708460 65.312999433,268.45021113218576,65.30062705836419,JWST,IR,JWST,CAOM,F150W,,"Shen, Yue",9263,NIRCAM,POLYGON ICRS 268.451254 65.288104 268.480133 65.300874 268.449394 65.313221 268.420184 65.300242,61259.58924327546,61259.59769350694,730.1,NEXUS: the North ecliptic pole EXtragalactic Unified Survey,61260.57277777778,GO,NC.F150W,2026-08-08 13:44:48.000,2026-08-07 14:08:30.619,mast:JWST/product/jw09263005001_03201_00001_nrca1_rate.fits,mast:JWST/product/jw09263005001_03201_00001_nrca1_rate.fits
249928219,jw09263005001_03201_00001_nrcalong_cal.fits,jw09263005001_03201_00001,2b,01,NRCA5_FULL,jw09263_20260807t165602_pool.csv,jw09263-o005_20260807t165602_image2_00094_asn.json,73.8663678523153,61259.59854842462,f,61259.594323317455,61259.590098210276,GO,5105,27,f,/Date(1786196627713)/,61260.572080011574,/Date(1786112440719)/,61259.59769351852,/Date(1786111710619)/,61259.58924328704,NRCALONG,0,0,730.1,730.1,730.1,OK,NRC_IMAGE,5,61259.59769350694,61259.593468391206,1,PARALLEL_COORDINATED,61259.58924327546,-1,8,N4EA000153,2,65.35758269040016,13.29163360595703,1,268.4538985972368,/Date(1786109659730)/,61259.56550613426,/Date(1786109403730)/,61259.5625431713,0.0171487015,0.009754568338394165,0.0172716454,73.74468399211764,61259.598547016256,f,61259.59432190908,61259.5900968019,NIRCAM,f,,0.0,,,0.0,10,8,7,1,1,0,1,1,0.0,V09263005001P0926300503201,5,Deep-epoch8 NIRSpec MOS,STSCI,FINEGUIDE,"Shen, Yue",NRCALL_FULL,PRDOPSSOC-073,9263,65.19850833333334,268.46013999999997,61256.08459082176,MEDIUM8,485,,2026_1b,2,2,FULL,,2048,2048,1,1,65.19850833333334,268.46014,,f,msa_catalog_deep_ep8,FIXED,0.1,0.1,JWST,NIRSpec MultiObject Spectroscopy,10.73677,107.368,UTC,NEXUS: the North ecliptic pole EXtragalactic Unified Survey,10,f,1,09263005001,/Date(1786113505870)/,61259.610021643515,03,SUCCESSFUL,PRIME_TARGETED_FIXED,/Date(1786108769875)/,61259.55520689815,-379.1746709,227.3959271,t,ImageModel,f,/Date(1786111710619)/,61259.58924328704,,0.006617420302692156,2026219T160223648_002_osf.xml,1,,NONE,f,CALCULATED_TRACK_TR_202111,11.3,133.9197609288609,65.30487773096989,268.49423459046085,f,,,GSC32,0.15100309663619146,0.7183556584769715,644.206,POLYGON ICRS 268.486460 65.275570 268.545068 65.301045 268.483662 65.326392 268.424099 65.300116,2.0.1,RELEASE,jwst_1535.pmap,13.1.13,,,,,,,,,117573120,8dd8447d3c9f4bedb7ddf531f55d1054,/Date(1786196664381)/,61260.57250439815,/Date(1786196672571)/,61260.572599189814,68,/Date(1786196664000)/,61260.5725,False,False,False,8017980,"GO-9263 Shen, Yue",F277W-CLEAR,NIRCAM-F277W,,,4,LONG,0,0,0,0,0,0,NULL,NULL,NULL,0,0,0,0,0,0,A,f,CLEAR,,,,,,,POLYGON ICRS  268.423877228 65.300119847 268.486464890 65.275578222 268.545315096 65.301036683 268.483681689 65.326401873,268.48473538721174,65.30084622175147,JWST,IR,JWST,CAOM,F277W,,"Shen, Yue",9263,NIRCAM,POLYGON ICRS 268.486460 65.275570 268.545068 65.301045 268.483662 65.326392 268.424099 65.300116,61259.58924327546,61259.59769350694,730.1,NEXUS: the North ecliptic pole EXtragalactic Unified Survey,61260.5725,GO,NC.F277W,2026-08-08 13:44:24.000,2026-08-07 14:08:30.619,mast:JWST/product/jw09263005001_03201_00001_nrcalong_rate.fits,mast:JWST/product/jw09263005001_03201_00001_nrcalong_rate.fits
249928021,jw09263005002_03201_00001_nrcalong_cal.fits,jw09263005002_03201_00001,2b,01,NRCA5_FULL,jw09263_20260807t165602_pool.csv,jw09263-o005_20260807t165602_image2_00068_asn.json,73.85651073418558,61259.6548089934,f,61259.65058388623,61259.64635877906,GO,5105,27,f,/Date(1786196492548)/,61260.57051557871,/Date(1786117301642)/,61259.65395420139,/Date(1786116571542)/,61259.64550396991,NRCALONG,0,0,730.1,730.1,730.1,OK,NRC_IMAGE,5,61259.65395418982,61259.64972907407,1,PARALLEL_COORDINATED,61259.64550395833,-1,8,N4EA001937,2,65.34681752207521,15.82899475097656,1,268.6306425594016,/Date(1786114022989)/,61259.616006828706,/Date(1786113933902)/,61259.614975729164,0.143882737,0.04342102259397507,0.138503045,73.73483378905803,61259.65480758512,f,61259.65058247794,61259.64635737076,NIRCAM,f,,0.0,,,0.0,10,8,7,1,1,0,1,1,0.0,V09263005002P0926300503201,5,Deep-epoch8 NIRSpec MOS,STSCI,FINEGUIDE,"Shen, Yue",NRCALL_FULL,PRDOPSSOC-073,9263,65.19850833333334,268.46013999999997,61256.08459082176,MEDIUM8,485,,2026_1b,2,2,FULL,,2048,2048,1,1,65.19850833333334,268.46014,,f,msa_catalog_deep_ep8,FIXED,0.1,0.1,JWST,NIRSpec MultiObject Spectroscopy,10.73677,107.368,UTC,NEXUS: the North ecliptic pole EXtragalactic Unified Survey,10,f,2,09263005002,/Date(1786118380105)/,61259.66643641204,03,SUCCESSFUL,PRIME_TARGETED_FIXED,/Date(1786113509966)/,61259.61006905093,-549.6606716,39.1517453,t,ImageModel,f,/Date(1786116571542)/,61259.64550396991,,-0.00786609786531276,2026219T162603908_001_osf.xml,1,,NONE,f,CALCULATED_TRACK_TR_202111,11.3,134.0802994078815,65.30267623355788,268.6629790915432,f,,,GSC32,0.15289317512554843,0.7246472845429728,644.206,POLYGON ICRS 268.655067 65.273260 268.713845 65.298666 268.652609 65.324085 268.592871 65.297880,2.0.1,RELEASE,jwst_1535.pmap,13.1.13,,,,,,,,,117573120,4bac668ec6f728338077154071a3548d,/Date(1786196524315)/,61260.57088328704,/Date(1786196530804)/,61260.57095836806,68,/Date(1786196524000)/,61260.57087962963,False,False,False,8018186,"GO-9263 Shen, Yue",F277W-CLEAR,NIRCAM-F277W,,,4,LONG,0,0,0,0,0,0,NULL,NULL,NULL,0,0,0,0,0,0,A,f,CLEAR,,,,,,,POLYGON ICRS  268.592606131 65.297992577 268.655032908 65.273381703 268.714039286 65.298774887 268.652572372 65.324208262,268.6535116120727,65.29853825226706,JWST,IR,JWST,CAOM,F277W,,"Shen, Yue",9263,NIRCAM,POLYGON ICRS 268.655067 65.273260 268.713845 65.298666 268.652609 65.324085 268.592871 65.297880,61259.64550395833,61259.65395418982,730.1,NEXUS: the North ecliptic pole EXtragalactic Unified Survey,61260.57087962963,GO,NC.F277W,2026-08-08 13:42:04.000,2026-08-07 15:29:31.542,mast:JWST/product/jw09263005002_03201_00001_nrcalong_rate.fits,mast:JWST/product/jw09263005002_03201_00001_nrcalong_rate.fits
249927986,jw09263005002_03201_00001_nrcblong_cal.fits,jw09263005002_03201_00001,2b,01,NRCB5_FULL,jw09263_20260807t165602_pool.csv,jw09263-o005_20260807t165602_image2_00063_asn.json,73.85651073418558,61259.6548089934,f,61259.65058388623,61259.64635877906,GO,5105,27,f,/Date(1786196469418)/,61260.57024787037,/Date(1786117301642)/,61259.65395420139,/Date(1786116571542)/,61259.64550396991,NRCBLONG,0,0,730.1,730.1,730.1,OK,NRC_IMAGE,5,61259.65395418982,61259.64972907407,1,PARALLEL_COORDINATED,61259.64550395833,1,8,N4EA001937,2,65.34681752207521,15.82899475097656,1,268.6306425594016,/Date(1786114022989)/,61259.616006828706,/Date(1786113933902)/,61259.614975729164,0.143882737,0.04342102259397507,0.138503045,73.73483378905803,61259.65480758512,f,61259.65058247794,61259.64635737076,NIRCAM,f,,0.0,,,0.0,10,8,7,1,1,0,1,1,0.0,V09263005002P0926300503201,5,Deep-epoch8 NIRSpec MOS,STSCI,FINEGUIDE,"Shen, Yue",NRCALL_FULL,PRDOPSSOC-073,9263,65.19850833333334,268.46013999999997,61256.08459082176,MEDIUM8,490,,2026_1b,2,-2,FULL,,2048,2048,1,1,65.19850833333334,268.46014,,f,msa_catalog_deep_ep8,FIXED,0.1,0.1,JWST,NIRSpec MultiObject Spectroscopy,10.73677,107.368,UTC,NEXUS: the North ecliptic pole EXtragalactic Unified Survey,10,f,2,09263005002,/Date(1786118380105)/,61259.66643641204,03,SUCCESSFUL,PRIME_TARGETED_FIXED,/Date(1786113509966)/,61259.61006905093,-549.6606716,39.1517453,t,ImageModel,f,/Date(1786116571542)/,61259.64550396991,,-0.00786609786531276,2026219T162603908_001_osf.xml,1,,NONE,f,CALCULATED_TRACK_TR_202111,11.3,134.0802994078815,65.33721721685602,268.74521983607394,f,,,GSC32,0.13618964811161688,0.6820862846847286,644.206,POLYGON ICRS 268.737311 65.307586 268.795988 65.333106 268.735208 65.358416 268.674628 65.332461,2.0.1,RELEASE,jwst_1535.pmap,13.1.13,,,,,,,,,117573120,118413545c86d73076b278ce1de7f9ef,/Date(1786196503934)/,61260.57064737268,/Date(1786196512400)/,61260.57074537037,68,/Date(1786196504000)/,61260.57064814815,False,False,False,8018186,"GO-9263 Shen, Yue",F277W-CLEAR,NIRCAM-F277W,,,4,LONG,0,0,0,0,0,0,NULL,NULL,NULL,0,0,0,0,0,0,B,f,CLEAR,,,,,,,POLYGON ICRS  268.674293936 65.332727774 268.737211984 65.307827148 268.796274827 65.333300569 268.735269578 65.358659420,268.73562223749485,65.33292679876551,JWST,IR,JWST,CAOM,F277W,,"Shen, Yue",9263,NIRCAM,POLYGON ICRS 268.737311 65.307586 268.795988 65.333106 268.735208 65.358416 268.674628 65.332461,61259.64550395833,61259.65395418982,730.1,NEXUS: the North ecliptic pole EXtragalactic Unified Survey,61260.57064814815,GO,NC.F277W,2026-08-08 13:41:44.000,2026-08-07 15:29:31.542,mast:JWST/product/jw09263005002_03201_00001_nrcblong_rate.fits,mast:JWST/product/jw09263005002_03201_00001_nrcblong_rate.fits
249928009,jw09263005002_03201_00001_nrcb1_cal.fits,jw09263005002_03201_00001,2b,01,NRCB1_FULL,jw09263_20260807t165602_pool.csv,jw09263-o005_20260807t165602_image2_00067_asn.json,73.85651073418558,61259.6548089934,f,61259.65058388623,61259.64635877906,GO,5105,27,f,/Date(1786196482935)/,61260.57040435185,/Date(1786117301642)/,61259.65395420139,/Date(1786116571542)/,61259.64550396991,NRCB1,0,0,730.1,730.1,730.1,OK,NRC_IMAGE,5,61259.65395418982,61259.64972907407,1,PARALLEL_COORDINATED,61259.64550395833,1,8,N4EA001937,2,65.34681752207521,15.82899475097656,1,268.6306425594016,/Date(1786114022989)/,61259.616006828706,/Date(1786113933902)/,61259.614975729164,0.143882737,0.04342102259397507,0.138503045,73.73483378905803,61259.65480758512,f,61259.65058247794,61259.64635737076,NIRCAM,f,,0.0,,,0.0,10,8,7,1,1,0,1,1,0.0,V09263005002P0926300503201,5,Deep-epoch8 NIRSpec MOS,STSCI,FINEGUIDE,"Shen, Yue",NRCALL_FULL,PRDOPSSOC-073,9263,65.19850833333334,268.46013999999997,61256.08459082176,MEDIUM8,486,,2026_1b,2,-2,FULL,,2048,2048,1,1,65.19850833333334,268.46014,,f,msa_catalog_deep_ep8,FIXED,0.1,0.1,JWST,NIRSpec MultiObject Spectroscopy,10.73677,107.368,UTC,NEXUS: the North ecliptic pole EXtragalactic Unified Survey,10,f,2,09263005002,/Date(1786118380105)/,61259.66643641204,03,SUCCESSFUL,PRIME_TARGETED_FIXED,/Date(1786113509966)/,61259.61006905093,-549.6606716,39.1517453,t,ImageModel,f,/Date(1786116571542)/,61259.64550396991,,-0.00786609786531276,2026219T162603908_001_osf.xml,1,,NONE,f,CALCULATED_TRACK_TR_202111,11.3,134.0802994078815,65.33728033021035,268.77660751481926,f,,,GSC32,0.08235368424744755,0.651738441307546,644.206,POLYGON ICRS 268.769083 65.320067 268.798094 65.332479 268.768441 65.344803 268.739046 65.332284,2.0.1,RELEASE,jwst_1535.pmap,13.1.13,,,,,,,,,117573120,0fecc0ccf3e534456c1e7f1d7df4c939,/Date(1786196522880)/,61260.57086666667,/Date(1786196528012)/,61260.57092607639,68,/Date(1786196523000)/,61260.570868055554,False,False,False,8018186,"GO-9263 Shen, Yue",F150W-CLEAR,NIRCAM-F150W,,,4,SHORT,0,0,0,0,0,0,NULL,NULL,NULL,0,0,0,0,0,0,B,f,CLEAR,,,,,,,POLYGON ICRS  268.737458431 65.333080964 268.767593021 65.320843324 268.796808423 65.333228459 268.767062046 65.345579441,268.76863354267704,65.33241695380293,JWST,IR,JWST,CAOM,F150W,,"Shen, Yue",9263,NIRCAM,POLYGON ICRS 268.769083 65.320067 268.798094 65.332479 268.768441 65.344803 268.739046 65.332284,61259.64550395833,61259.65395418982,730.1,NEXUS: the North ecliptic pole EXtragalactic Unified Survey,61260.570868055554,GO,NC.F150W,2026-08-08 13:42:03.000,2026-08-07 15:29:31.542,mast:JWST/product/jw09263005002_03201_00001_nrcb1_rate.fits,mast:JWST/product/jw09263005002_03201_00001_nrcb1_rate.fits
249928051,jw09263005002_03201_00001_nrca1_cal.fits,jw09263005002_03201_00001,2b,01,NRCA1_FULL,jw09263_20260807t165602_pool.csv,jw09263-o005_20260807t165602_image2_00072_asn.json,73.85651073418558,61259.6548089934,f,61259.65058388623,61259.64635877906,GO,5105,27,f,/Date(1786196506235)/,61260.570674027775,/Date(1786117301642)/,61259.65395420139,/Date(1786116571542)/,61259.64550396991,NRCA1,0,0,730.1,730.1,730.1,OK,NRC_IMAGE,5,61259.65395418982,61259.64972907407,1,PARALLEL_COORDINATED,61259.64550395833,-1,8,N4EA001937,2,65.34681752207521,15.82899475097656,1,268.6306425594016,/Date(1786114022989)/,61259.616006828706,/Date(1786113933902)/,61259.614975729164,0.143882737,0.04342102259397507,0.138503045,73.73483378905803,61259.65480758512,f,61259.65058247794,61259.64635737076,NIRCAM,f,,0.0,,,0.0,10,8,7,1,1,0,1,1,0.0,V09263005002P0926300503201,5,Deep-epoch8 NIRSpec MOS,STSCI,FINEGUIDE,"Shen, Yue",NRCALL_FULL,PRDOPSSOC-073,9263,65.19850833333334,268.46013999999997,61256.08459082176,MEDIUM8,481,,2026_1b,2,2,FULL,,2048,2048,1,1,65.19850833333334,268.46014,,f,msa_catalog_deep_ep8,FIXED,0.1,0.1,JWST,NIRSpec MultiObject Spectroscopy,10.73677,107.368,UTC,NEXUS: the North ecliptic pole EXtragalactic Unified Survey,10,f,2,09263005002,/Date(1786118380105)/,61259.66643641204,03,SUCCESSFUL,PRIME_TARGETED_FIXED,/Date(1786113509966)/,61259.61006905093,-549.6606716,39.1517453,t,ImageModel,f,/Date(1786116571542)/,61259.64550396991,,-0.00786609786531276,2026219T162603908_001_osf.xml,1,,NONE,f,CALCULATED_TRACK_TR_202111,11.3,134.0802994078815,65.30233195724702,268.63071654037225,f,,,GSC32,0.0813277791030384,0.619540119675657,644.206,POLYGON ICRS 268.619986 65.286436 268.648949 65.299173 268.618293 65.311556 268.588997 65.298611,2.0.1,RELEASE,jwst_1535.pmap,13.1.13,,,,,,,,,117570240,d3bf917645f850b0d4e8f96cb330ae25,/Date(1786196542990)/,61260.57109942129,/Date(1786196582213)/,61260.5715533912,68,/Date(1786196543000)/,61260.57109953704,False,False,False,8018186,"GO-9263 Shen, Yue",F150W-CLEAR,NIRCAM-F150W,,,4,SHORT,0,0,0,0,0,0,NULL,NULL,NULL,0,0,0,0,0,0,A,f,CLEAR,,,,,,,POLYGON ICRS  268.591123079 65.297890147 268.622238929 65.285722841 268.651301581 65.298460661 268.620516751 65.310841288,268.6190262001052,65.29896079150753,JWST,IR,JWST,CAOM,F150W,,"Shen, Yue",9263,NIRCAM,POLYGON ICRS 268.619986 65.286436 268.648949 65.299173 268.618293 65.311556 268.588997 65.298611,61259.64550395833,61259.65395418982,730.1,NEXUS: the North ecliptic pole EXtragalactic Unified Survey,61260.57109953704,GO,NC.F150W,2026-08-08 13:42:23.000,2026-08-07 15:29:31.542,mast:JWST/product/jw09263005002_03201_00001_nrca1_rate.fits,mast:JWST/product/jw09263005002_03201_00001_nrca1_rate.fits
249927799,jw09263005003_03201_00001_nrcblong_cal.fits,jw09263005003_03201_00001,2b,01,NRCB5_FULL,jw09263_20260807t165602_pool.csv,jw09263-o005_20260807t165602_image2_00037_asn.json,73.8472904311493,61259.707412544085,f,61259.70318743692,61259.69896232975,GO,5105,27,f,/Date(1786196297673)/,61260.56826010417,/Date(1786121846598)/,61259.70655782407,/Date(1786121116498)/,61259.698107592594,NRCBLONG,0,0,730.1,730.1,730.1,OK,NRC_IMAGE,5,61259.706557847225,61259.70233273148,1,PARALLEL_COORDINATED,61259.69810761574,1,8,N4EA000181,2,65.28730526016179,13.31707763671875,1,268.6228051381069,/Date(1786118886985)/,61259.6723030787,/Date(1786118799945)/,61259.671295671295,0.0228721686,0.009745185263454914,0.0204862263,73.72562040109187,61259.70741113588,f,61259.7031860287,61259.69896092153,NIRCAM,f,,0.0,,,0.0,10,8,7,1,1,0,1,1,0.0,V09263005003P0926300503201,5,Deep-epoch8 NIRSpec MOS,STSCI,FINEGUIDE,"Shen, Yue",NRCALL_FULL,PRDOPSSOC-073,9263,65.19850833333334,268.46013999999997,61256.08459082176,MEDIUM8,490,,2026_1b,2,-2,FULL,,2048,2048,1,1,65.19850833333334,268.46014,,f,msa_catalog_deep_ep8,FIXED,0.1,0.1,JWST,NIRSpec MultiObject Spectroscopy,10.73677,107.368,UTC,NEXUS: the North ecliptic pole EXtragalactic Unified Survey,10,f,3,09263005003,/Date(1786122906181)/,61259.71882152778,03,SUCCESSFUL,PRIME_TARGETED_FIXED,/Date(1786118384201)/,61259.666483796296,-368.3489587,-111.0901995,t,ImageModel,f,/Date(1786121116498)/,61259.698107592594,,0.0,2026220T111544748_003_osf.xml,1,,NONE,f,CALCULATED_TRACK_TR_202111,11.3,134.0731451644784,65.27201359342709,268.7330457122175,f,,,GSC32,0.13940503912699448,0.6980003976752026,644.206,POLYGON ICRS 268.725180 65.242389 268.783849 65.267913 268.723062 65.293219 268.662490 65.267261,2.0.1,RELEASE,jwst_1535.pmap,13.1.13,,,,,,,,,117573120,8c3c991d1c431efc2e74604622650018,/Date(1786196337354)/,61260.56871936343,/Date(1786196342880)/,61260.568783333336,68,/Date(1786196337000)/,61260.568715277775,False,False,False,8018457,"GO-9263 Shen, Yue",F277W-CLEAR,NIRCAM-F277W,,,4,LONG,0,0,0,0,0,0,NULL,NULL,NULL,0,0,0,0,0,0,B,f,CLEAR,,,,,,,POLYGON ICRS  268.662305734 65.267514371 268.725081237 65.242619432 268.783984851 65.268098258 268.723117152 65.293451521,268.72348372431964,65.26772994688422,JWST,IR,JWST,CAOM,F277W,,"Shen, Yue",9263,NIRCAM,POLYGON ICRS 268.725180 65.242389 268.783849 65.267913 268.723062 65.293219 268.662490 65.267261,61259.69810761574,61259.706557847225,730.1,NEXUS: the North ecliptic pole EXtragalactic Unified Survey,61260.568715277775,GO,NC.F277W,2026-08-08 13:38:57.000,2026-08-07 16:45:16.498,mast:JWST/product/jw09263005003_03201_00001_nrcblong_rate.fits,mast:JWST/product/jw09263005003_03201_00001_nrcblong_rate.fits
249927832,jw09263005003_03201_00001_nrcb1_cal.fits,jw09263005003_03201_00001,2b,01,NRCB1_FULL,jw09263_20260807t165602_pool.csv,jw09263-o005_20260807t165602_image2_00041_asn.json,73.8472904311493,61259.707412544085,f,61259.70318743692,61259.69896232975,GO,5105,27,f,/Date(1786196326421)/,61260.56859282407,/Date(1786121846598)/,61259.70655782407,/Date(1786121116498)/,61259.698107592594,NRCB1,0,0,730.1,730.1,730.1,OK,NRC_IMAGE,5,61259.706557847225,61259.70233273148,1,PARALLEL_COORDINATED,61259.69810761574,1,8,N4EA000181,2,65.28730526016179,13.31707763671875,1,268.6228051381069,/Date(1786118886985)/,61259.6723030787,/Date(1786118799945)/,61259.671295671295,0.0228721686,0.009745185263454914,0.0204862263,73.72562040109187,61259.70741113588,f,61259.7031860287,61259.69896092153,NIRCAM,f,,0.0,,,0.0,10,8,7,1,1,0,1,1,0.0,V09263005003P0926300503201,5,Deep-epoch8 NIRSpec MOS,STSCI,FINEGUIDE,"Shen, Yue",NRCALL_FULL,PRDOPSSOC-073,9263,65.19850833333334,268.46013999999997,61256.08459082176,MEDIUM8,486,,2026_1b,2,-2,FULL,,2048,2048,1,1,65.19850833333334,268.46014,,f,msa_catalog_deep_ep8,FIXED,0.1,0.1,JWST,NIRSpec MultiObject Spectroscopy,10.73677,107.368,UTC,NEXUS: the North ecliptic pole EXtragalactic Unified Survey,10,f,3,09263005003,/Date(1786122906181)/,61259.71882152778,03,SUCCESSFUL,PRIME_TARGETED_FIXED,/Date(1786118384201)/,61259.666483796296,-368.3489587,-111.0901995,t,ImageModel,f,/Date(1786121116498)/,61259.698107592594,,0.0,2026220T111544748_003_osf.xml,1,,NONE,f,CALCULATED_TRACK_TR_202111,11.3,134.0731451644784,65.27207957860449,268.76435578070675,f,,,GSC32,0.08075598132233416,0.6051063892889481,644.206,POLYGON ICRS 268.756076 65.254902 268.785084 65.267315 268.755427 65.279637 268.726036 65.267117,2.0.1,RELEASE,jwst_1535.pmap,13.1.13,,,,,,,,,117573120,922096388f095af587bacd0393130749,/Date(1786196356832)/,61260.56894482639,/Date(1786196361475)/,61260.56899856481,68,/Date(1786196357000)/,61260.56894675926,False,False,False,8018457,"GO-9263 Shen, Yue",F150W-CLEAR,NIRCAM-F150W,,,4,SHORT,0,0,0,0,0,0,NULL,NULL,NULL,0,0,0,0,0,0,B,f,CLEAR,,,,,,,POLYGON ICRS  268.725313932 65.267873267 268.755380462 65.255638379 268.784517170 65.268026197 268.754837827 65.280374445,268.755623371077,65.26725145107042,JWST,IR,JWST,CAOM,F150W,,"Shen, Yue",9263,NIRCAM,POLYGON ICRS 268.756076 65.254902 268.785084 65.267315 268.755427 65.279637 268.726036 65.267117,61259.69810761574,61259.706557847225,730.1,NEXUS: the North ecliptic pole EXtragalactic Unified Survey,61260.56894675926,GO,NC.F150W,2026-08-08 13:39:17.000,2026-08-07 16:45:16.498,mast:JWST/product/jw09263005003_03201_00001_nrcb1_rate.fits,mast:JWST/product/jw09263005003_03201_00001_nrcb1_rate.fits
249927863,jw09263005003_03201_00001_nrca1_cal.fits,jw09263005003_03201_00001,2b,01,NRCA1_FULL,jw09263_20260807t165602_pool.csv,jw09263-o005_20260807t165602_image2_00046_asn.json,73.8472904311493,61259.70741328482,f,61259.70318817766,61259.69896307049,GO,5105,27,f,/Date(1786196357541)/,61260.56895300926,/Date(1786121846662)/,61259.70655859954,/Date(1786121116562)/,61259.69810836806,NRCA1,0,0,730.1,730.1,730.1,OK,NRC_IMAGE,5,61259.70655858796,61259.702333472225,1,PARALLEL_COORDINATED,61259.69810835648,-1,8,N4EA000181,2,65.28730526016179,13.31707763671875,1,268.6228051381069,/Date(1786118886985)/,61259.6723030787,/Date(1786118799945)/,61259.671295671295,0.0228721686,0.009745185263454914,0.0204862263,73.72561977244914,61259.70741187661,f,61259.703186769446,61259.69896166227,NIRCAM,f,,0.0,,,0.0,10,8,7,1,1,0,1,1,0.0,V09263005003P0926300503201,5,Deep-epoch8 NIRSpec MOS,STSCI,FINEGUIDE,"Shen, Yue",NRCALL_FULL,PRDOPSSOC-073,9263,65.19850833333334,268.46013999999997,61256.08459082176,MEDIUM8,481,,2026_1b,2,2,FULL,,2048,2048,1,1,65.19850833333334,268.46014,,f,msa_catalog_deep_ep8,FIXED,0.1,0.1,JWST,NIRSpec MultiObject Spectroscopy,10.73677,107.368,UTC,NEXUS: the North ecliptic pole EXtragalactic Unified Survey,10,f,3,09263005003,/Date(1786122906181)/,61259.71882152778,03,SUCCESSFUL,PRIME_TARGETED_FIXED,/Date(1786118384201)/,61259.666483796296,-368.3489587,-111.0901995,t,ImageModel,f,/Date(1786121116562)/,61259.69810836806,,0.0,2026220T111544748_003_osf.xml,1,,NONE,f,CALCULATED_TRACK_TR_202111,11.3,134.0731451644784,65.23711802058428,268.61884319547244,f,,,GSC32,0.08193436587493111,0.5729080676570592,644.206,POLYGON ICRS 268.609422 65.221186 268.638382 65.233924 268.607722 65.246305 268.578430 65.233359,2.0.1,RELEASE,jwst_1535.pmap,13.1.13,,,,,,,,,117570240,a5498aa4cb0e06fd79cdc1fc68258911,/Date(1786196392835)/,61260.56936152778,/Date(1786196397540)/,61260.56941597222,68,/Date(1786196393000)/,61260.56936342592,False,False,False,8018457,"GO-9263 Shen, Yue",F150W-CLEAR,NIRCAM-F150W,,,4,SHORT,0,0,0,0,0,0,NULL,NULL,NULL,0,0,0,0,0,0,A,f,CLEAR,,,,,,,POLYGON ICRS  268.579357998 65.232669350 268.610403217 65.220504796 268.639387695 65.233245200 268.608672566 65.245623088,268.6084590239328,65.23371029009633,JWST,IR,JWST,CAOM,F150W,,"Shen, Yue",9263,NIRCAM,POLYGON ICRS 268.609422 65.221186 268.638382 65.233924 268.607722 65.246305 268.578430 65.233359,61259.69810835648,61259.70655858796,730.1,NEXUS: the North ecliptic pole EXtragalactic Unified Survey,61260.56936342592,GO,NC.F150W,2026-08-08 13:39:53.000,2026-08-07 16:45:16.562,mast:JWST/product/jw09263005003_03201_00001_nrca1_rate.fits,mast:JWST/product/jw09263005003_03201_00001_nrca1_rate.fits
249927825,jw09263005003_03201_00001_nrcalong_cal.fits,jw09263005003_03201_00001,2b,01,NRCA5_FULL,jw09263_20260807t165602_pool.csv,jw09263-o005_20260807t165602_image2_00042_asn.json,73.8472904311493,61259.70741328482,f,61259.70318817766,61259.69896307049,GO,5105,27,f,/Date(1786196322951)/,61260.56855266204,/Date(1786121846662)/,61259.70655859954,/Date(1786121116562)/,61259.69810836806,NRCALONG,0,0,730.1,730.1,730.1,OK,NRC_IMAGE,5,61259.70655858796,61259.702333472225,1,PARALLEL_COORDINATED,61259.69810835648,-1,8,N4EA000181,2,65.28730526016179,13.31707763671875,1,268.6228051381069,/Date(1786118886985)/,61259.6723030787,/Date(1786118799945)/,61259.671295671295,0.0228721686,0.009745185263454914,0.0204862263,73.72561977244914,61259.70741187661,f,61259.703186769446,61259.69896166227,NIRCAM,f,,0.0,,,0.0,10,8,7,1,1,0,1,1,0.0,V09263005003P0926300503201,5,Deep-epoch8 NIRSpec MOS,STSCI,FINEGUIDE,"Shen, Yue",NRCALL_FULL,PRDOPSSOC-073,9263,65.19850833333334,268.46013999999997,61256.08459082176,MEDIUM8,485,,2026_1b,2,2,FULL,,2048,2048,1,1,65.19850833333334,268.46014,,f,msa_catalog_deep_ep8,FIXED,0.1,0.1,JWST,NIRSpec MultiObject Spectroscopy,10.73677,107.368,UTC,NEXUS: the North ecliptic pole EXtragalactic Unified Survey,10,f,3,09263005003,/Date(1786122906181)/,61259.71882152778,03,SUCCESSFUL,PRIME_TARGETED_FIXED,/Date(1786118384201)/,61259.666483796296,-368.3489587,-111.0901995,t,ImageModel,f,/Date(1786121116562)/,61259.69810836806,,0.0,2026220T111544748_003_osf.xml,1,,NONE,f,CALCULATED_TRACK_TR_202111,11.3,134.0731451644784,65.23746517587772,268.6510259461644,f,,,GSC32,0.1533324786632157,0.6613609282320185,644.206,POLYGON ICRS 268.643181 65.208051 268.701952 65.233461 268.640708 65.258876 268.580978 65.232668,2.0.1,RELEASE,jwst_1535.pmap,13.1.13,,,,,,,,,117573120,02dab1a604d3c7ad98c6cd7e910e9f40,/Date(1786196352433)/,61260.56889390046,/Date(1786196359753)/,61260.56897862269,68,/Date(1786196352000)/,61260.56888888889,False,False,False,8018457,"GO-9263 Shen, Yue",F277W-CLEAR,NIRCAM-F277W,,,4,LONG,0,0,0,0,0,0,NULL,NULL,NULL,0,0,0,0,0,0,A,f,CLEAR,,,,,,,POLYGON ICRS  268.580837341 65.232771911 268.643122603 65.208166579 268.701970419 65.233565066 268.640642207 65.258992913,268.64161841495803,65.23332941019883,JWST,IR,JWST,CAOM,F277W,,"Shen, Yue",9263,NIRCAM,POLYGON ICRS 268.643181 65.208051 268.701952 65.233461 268.640708 65.258876 268.580978 65.232668,61259.69810835648,61259.70655858796,730.1,NEXUS: the North ecliptic pole EXtragalactic Unified Survey,61260.56888888889,GO,NC.F277W,2026-08-08 13:39:12.000,2026-08-07 16:45:16.562,mast:JWST/product/jw09263005003_03201_00001_nrcalong_rate.fits,mast:JWST/product/jw09263005003_03201_00001_nrcalong_rate.fits
249927652,jw09263005004_03201_00001_nrcb1_cal.fits,jw09263005004_03201_00001,2b,01,NRCB1_FULL,jw09263_20260807t165602_pool.csv,jw09263-o005_20260807t165602_image2_00015_asn.json,73.83744462858886,61259.763560520405,f,61259.75933541324,61259.75511030607,GO,5105,27,f,/Date(1786196177426)/,61260.56686835648,/Date(1786126697793)/,61259.7627059375,/Date(1786125967693)/,61259.754255706015,NRCB1,0,0,730.1,730.1,730.1,OK,NRC_IMAGE,5,61259.7627059375,61259.75848082176,1,PARALLEL_COORDINATED,61259.754255706015,1,8,N4EA001834,2,65.30702246088595,14.38311386108398,1,268.4096667860303,/Date(1786123408964)/,61259.724640775465,/Date(1786123320900)/,61259.72362152778,0.0440656021,0.01475176401436329,0.0444754027,73.71578151360154,61259.763559112274,f,61259.7593340051,61259.75510889793,NIRCAM,f,,0.0,,,0.0,10,8,7,1,1,0,1,1,0.0,V09263005004P0926300503201,5,Deep-epoch8 NIRSpec MOS,STSCI,FINEGUIDE,"Shen, Yue",NRCALL_FULL,PRDOPSSOC-073,9263,65.19850833333334,268.46013999999997,61256.08459082176,MEDIUM8,486,,2026_1b,2,-2,FULL,,2048,2048,1,1,65.19850833333334,268.46014,,f,msa_catalog_deep_ep8,FIXED,0.1,0.1,JWST,NIRSpec MultiObject Spectroscopy,10.73677,107.368,UTC,NEXUS: the North ecliptic pole EXtragalactic Unified Survey,10,f,4,09263005004,/Date(1786127764032)/,61259.77504667824,03,SUCCESSFUL,PRIME_TARGETED_FIXED,/Date(1786122910277)/,61259.71886893518,-224.8073248,58.3176212,t,ImageModel,f,/Date(1786125967693)/,61259.754255706015,,0.0,2026220T114100687_001_osf.xml,1,,NONE,f,CALCULATED_TRACK_TR_202111,11.3,133.8795923543552,65.27615649427528,268.61722837101524,f,,,GSC32,0.0816975046583287,0.6354542326661309,644.206,POLYGON ICRS 268.608932 65.259569 268.637840 65.272023 268.608084 65.284304 268.578793 65.271741,2.0.1,RELEASE,jwst_1535.pmap,13.1.13,,,,,,,,,117573120,106100f726b73a84f81dc90c3d1ebb35,/Date(1786196213219)/,61260.56728263889,/Date(1786196218824)/,61260.567347488424,68,/Date(1786196213000)/,61260.56728009259,False,False,False,8018678,"GO-9263 Shen, Yue",F150W-CLEAR,NIRCAM-F150W,,,4,SHORT,0,0,0,0,0,0,NULL,NULL,NULL,0,0,0,0,0,0,B,f,CLEAR,,,,,,,POLYGON ICRS  268.578213451 65.271908782 268.608351516 65.259702757 268.637424809 65.272118479 268.607673273 65.284438236,268.60837972107004,65.27191802555042,JWST,IR,JWST,CAOM,F150W,,"Shen, Yue",9263,NIRCAM,POLYGON ICRS 268.608932 65.259569 268.637840 65.272023 268.608084 65.284304 268.578793 65.271741,61259.754255706015,61259.7627059375,730.1,NEXUS: the North ecliptic pole EXtragalactic Unified Survey,61260.56728009259,GO,NC.F150W,2026-08-08 13:36:53.000,2026-08-07 18:06:07.693,mast:JWST/product/jw09263005004_03201_00001_nrcb1_rate.fits,mast:JWST/product/jw09263005004_03201_00001_nrcb1_rate.fits
249927621,jw09263005004_03201_00001_nrcblong_cal.fits,jw09263005004_03201_00001,2b,01,NRCB5_FULL,jw09263_20260807t165602_pool.csv,jw09263-o005_20260807t165602_image2_00011_asn.json,73.83744462858886,61259.763560520405,f,61259.75933541324,61259.75511030607,GO,5105,27,f,/Date(1786196159807)/,61260.5666644213,/Date(1786126697793)/,61259.7627059375,/Date(1786125967693)/,61259.754255706015,NRCBLONG,0,0,730.1,730.1,730.1,OK,NRC_IMAGE,5,61259.7627059375,61259.75848082176,1,PARALLEL_COORDINATED,61259.754255706015,1,8,N4EA001834,2,65.30702246088595,14.38311386108398,1,268.4096667860303,/Date(1786123408964)/,61259.724640775465,/Date(1786123320900)/,61259.72362152778,0.0440656021,0.01475176401436329,0.0444754027,73.71578151360154,61259.763559112274,f,61259.7593340051,61259.75510889793,NIRCAM,f,,0.0,,,0.0,10,8,7,1,1,0,1,1,0.0,V09263005004P0926300503201,5,Deep-epoch8 NIRSpec MOS,STSCI,FINEGUIDE,"Shen, Yue",NRCALL_FULL,PRDOPSSOC-073,9263,65.19850833333334,268.46013999999997,61256.08459082176,MEDIUM8,490,,2026_1b,2,-2,FULL,,2048,2048,1,1,65.19850833333334,268.46014,,f,msa_catalog_deep_ep8,FIXED,0.1,0.1,JWST,NIRSpec MultiObject Spectroscopy,10.73677,107.368,UTC,NEXUS: the North ecliptic pole EXtragalactic Unified Survey,10,f,4,09263005004,/Date(1786127764032)/,61259.77504667824,03,SUCCESSFUL,PRIME_TARGETED_FIXED,/Date(1786122910277)/,61259.71886893518,-224.8073248,58.3176212,t,ImageModel,f,/Date(1786125967693)/,61259.754255706015,,0.0,2026220T114100687_001_osf.xml,1,,NONE,f,CALCULATED_TRACK_TR_202111,11.3,133.8795923543552,65.27606048512709,268.58591392374245,f,,,GSC32,0.14257527847295726,0.6654319803923723,644.206,POLYGON ICRS 268.578082 65.246667 268.636546 65.272274 268.575555 65.297494 268.515192 65.271450,2.0.1,RELEASE,jwst_1535.pmap,13.1.13,,,,,,,,,117573120,4896075c8f6159a84ca27879cf8fd8fd,/Date(1786196186018)/,61260.56696777778,/Date(1786196191167)/,61260.56702738426,68,/Date(1786196186000)/,61260.56696759259,False,False,False,8018678,"GO-9263 Shen, Yue",F277W-CLEAR,NIRCAM-F277W,,,4,LONG,0,0,0,0,0,0,NULL,NULL,NULL,0,0,0,0,0,0,B,f,CLEAR,,,,,,,POLYGON ICRS  268.515197823 65.271489466 268.578118952 65.246654792 268.636892012 65.272190029 268.575876059 65.297484861,268.5761819869282,65.2720054937612,JWST,IR,JWST,CAOM,F277W,,"Shen, Yue",9263,NIRCAM,POLYGON ICRS 268.578082 65.246667 268.636546 65.272274 268.575555 65.297494 268.515192 65.271450,61259.754255706015,61259.7627059375,730.1,NEXUS: the North ecliptic pole EXtragalactic Unified Survey,61260.56696759259,GO,NC.F277W,2026-08-08 13:36:26.000,2026-08-07 18:06:07.693,mast:JWST/product/jw09263005004_03201_00001_nrcblong_rate.fits,mast:JWST/product/jw09263005004_03201_00001_nrcblong_rate.fits
249927646,jw09263005004_03201_00001_nrcalong_cal.fits,jw09263005004_03201_00001,2b,01,NRCA5_FULL,jw09263_20260807t165602_pool.csv,jw09263-o005_20260807t165602_image2_00016_asn.json,73.83744462858886,61259.763560520405,f,61259.75933541324,61259.75511030607,GO,5105,27,f,/Date(1786196169491)/,61260.56677650463,/Date(1786126697793)/,61259.7627059375,/Date(1786125967693)/,61259.754255706015,NRCALONG,0,0,730.1,730.1,730.1,OK,NRC_IMAGE,5,61259.7627059375,61259.75848082176,1,PARALLEL_COORDINATED,61259.754255706015,-1,8,N4EA001834,2,65.30702246088595,14.38311386108398,1,268.4096667860303,/Date(1786123408964)/,61259.724640775465,/Date(1786123320900)/,61259.72362152778,0.0440656021,0.01475176401436329,0.0444754027,73.71578151360154,61259.763559112274,f,61259.7593340051,61259.75510889793,NIRCAM,f,,0.0,,,0.0,10,8,7,1,1,0,1,1,0.0,V09263005004P0926300503201,5,Deep-epoch8 NIRSpec MOS,STSCI,FINEGUIDE,"Shen, Yue",NRCALL_FULL,PRDOPSSOC-073,9263,65.19850833333334,268.46013999999997,61256.08459082176,MEDIUM8,485,,2026_1b,2,2,FULL,,2048,2048,1,1,65.19850833333334,268.46014,,f,msa_catalog_deep_ep8,FIXED,0.1,0.1,JWST,NIRSpec MultiObject Spectroscopy,10.73677,107.368,UTC,NEXUS: the North ecliptic pole EXtragalactic Unified Survey,10,f,4,09263005004,/Date(1786127764032)/,61259.77504667824,03,SUCCESSFUL,PRIME_TARGETED_FIXED,/Date(1786122910277)/,61259.71886893518,-224.8073248,58.3176212,t,ImageModel,f,/Date(1786125967693)/,61259.754255706015,,0.0,2026220T114100687_001_osf.xml,1,,NONE,f,CALCULATED_TRACK_TR_202111,11.3,133.8795923543552,65.24143349903763,268.50407104162576,f,,,GSC32,0.15243277613577752,0.6509982500056635,644.206,POLYGON ICRS 268.496347 65.212120 268.554912 65.237613 268.493464 65.262941 268.433945 65.236648,2.0.1,RELEASE,jwst_1535.pmap,13.1.13,,,,,,,,,117573120,75cca6215b47c08f09cbce5c190b7e87,/Date(1786196212439)/,61260.56727361111,/Date(1786196217872)/,61260.567336493055,68,/Date(1786196212000)/,61260.56726851852,False,False,False,8018678,"GO-9263 Shen, Yue",F277W-CLEAR,NIRCAM-F277W,,,4,LONG,0,0,0,0,0,0,NULL,NULL,NULL,0,0,0,0,0,0,A,f,CLEAR,,,,,,,POLYGON ICRS  268.433907624 65.236668968 268.496336316 65.212123436 268.555054169 65.237578287 268.493577772 65.262947254,268.49458001154113,65.23739583852458,JWST,IR,JWST,CAOM,F277W,,"Shen, Yue",9263,NIRCAM,POLYGON ICRS 268.496347 65.212120 268.554912 65.237613 268.493464 65.262941 268.433945 65.236648,61259.754255706015,61259.7627059375,730.1,NEXUS: the North ecliptic pole EXtragalactic Unified Survey,61260.56726851852,GO,NC.F277W,2026-08-08 13:36:52.000,2026-08-07 18:06:07.693,mast:JWST/product/jw09263005004_03201_00001_nrcalong_rate.fits,mast:JWST/product/jw09263005004_03201_00001_nrcalong_rate.fits
249927681,jw09263005004_03201_00001_nrca1_cal.fits,jw09263005004_03201_00001,2b,01,NRCA1_FULL,jw09263_20260807t165602_pool.csv,jw09263-o005_20260807t165602_image2_00020_asn.json,73.83744462858886,61259.76356126115,f,61259.75933615398,61259.75511104681,GO,5105,27,f,/Date(1786196196753)/,61260.56709204861,/Date(1786126697857)/,61259.76270666667,/Date(1786125967757)/,61259.75425643518,NRCA1,0,0,730.1,730.1,730.1,OK,NRC_IMAGE,5,61259.762706678244,61259.7584815625,1,PARALLEL_COORDINATED,61259.75425644676,-1,8,N4EA001834,2,65.30702246088595,14.38311386108398,1,268.4096667860303,/Date(1786123408964)/,61259.724640775465,/Date(1786123320900)/,61259.72362152778,0.0440656021,0.01475176401436329,0.0444754027,73.71578151360154,61259.76355985302,f,61259.759334745846,61259.755109638674,NIRCAM,f,,0.0,,,0.0,10,8,7,1,1,0,1,1,0.0,V09263005004P0926300503201,5,Deep-epoch8 NIRSpec MOS,STSCI,FINEGUIDE,"Shen, Yue",NRCALL_FULL,PRDOPSSOC-073,9263,65.19850833333334,268.46013999999997,61256.08459082176,MEDIUM8,481,,2026_1b,2,2,FULL,,2048,2048,1,1,65.19850833333334,268.46014,,f,msa_catalog_deep_ep8,FIXED,0.1,0.1,JWST,NIRSpec MultiObject Spectroscopy,10.73677,107.368,UTC,NEXUS: the North ecliptic pole EXtragalactic Unified Survey,10,f,4,09263005004,/Date(1786127764032)/,61259.77504667824,03,SUCCESSFUL,PRIME_TARGETED_FIXED,/Date(1786122910277)/,61259.71886893518,-224.8073248,58.3176212,t,ImageModel,f,/Date(1786125967757)/,61259.75425643518,,0.0,2026220T114100687_001_osf.xml,1,,NONE,f,CALCULATED_TRACK_TR_202111,11.3,133.8795923543552,65.24105547925909,268.4718854566628,f,,,GSC32,0.08200098309210054,0.5936334241097693,644.206,POLYGON ICRS 268.462410 65.224682 268.491267 65.237461 268.460507 65.249798 268.431320 65.236811,2.0.1,RELEASE,jwst_1535.pmap,13.1.13,,,,,,,,,117570240,d21ab3bd68150003e622e95e05f6cbc2,/Date(1786196235997)/,61260.56754625,/Date(1786196240280)/,61260.56759583333,68,/Date(1786196236000)/,61260.5675462963,False,False,False,8018678,"GO-9263 Shen, Yue",F150W-CLEAR,NIRCAM-F150W,,,4,SHORT,0,0,0,0,0,0,NULL,NULL,NULL,0,0,0,0,0,0,A,f,CLEAR,,,,,,,POLYGON ICRS  268.432428625 65.236564989 268.463544805 65.224430241 268.492463927 65.237198408 268.461676621 65.249546805,268.4613459206653,65.23720470900572,JWST,IR,JWST,CAOM,F150W,,"Shen, Yue",9263,NIRCAM,POLYGON ICRS 268.462410 65.224682 268.491267 65.237461 268.460507 65.249798 268.431320 65.236811,61259.75425644676,61259.762706678244,730.1,NEXUS: the North ecliptic pole EXtragalactic Unified Survey,61260.5675462963,GO,NC.F150W,2026-08-08 13:37:16.000,2026-08-07 18:06:07.757,mast:JWST/product/jw09263005004_03201_00001_nrca1_rate.fits,mast:JWST/product/jw09263005004_03201_00001_nrca1_rate.fits
249937220,jw12636013001_03104_00001_nrcalong_rate.fits,jw12636013001_03104_00001,2a,04,NRCA5_FULL,,,379.49590352363884,61260.744288222304,f,61260.743728971705,61260.74316972111,CAL,,33,f,/Date(1786244114970)/,61261.121701041666,/Date(1786211126999)/,61260.739895833336,/Date(1786211030368)/,61260.73877738426,NRCALONG,0,0,96.631,85.894,42.947,OK,NRC_IMAGE,3,61260.73989582176,61260.739336614584,1,PRIME,61260.73877740741,-1,1,NB8W000718,0,5.754638052219127,14.37015724182129,1,6.145577824949573,/Date(1786210114968)/,61260.72818247685,/Date(1786209875352)/,61260.72540917824,0.03460959,0.01504907105118036,0.0519987457,380.6293488945812,61260.74430134085,f,61260.74374209027,61260.74318283969,NIRCAM,f,,0.006879884955189809,/Date(1435838400000)/,57205,0.0143333915957016,6,1,4,2,1,0,1,1,0.0,V12636013001P0000000003104,13,,STSCI,FINEGUIDE,"Beck, Tracy",NRCA1_FP6,PRDOPSSOC-073,12636,5.712011111111111,6.116559583333333,61260.73633878472,RAPID,485,,2026_1b,1,2,FULL,OTE,2048,2048,1,1,5.712032329135373,6.116604009055232,,f,2MASS-00242795+0542431,FIXED,0.1,0.1,JWST,WFSC NIRCam Fine Phasing,10.73677,10.737,UTC,JWST Routine Wavefront Sensing and Control for Cycle 5,10,f,1,12636013001,/Date(1786211471766)/,61260.74388618056,03,SUCCESSFUL,PRIME_WFSC_ROUTINE,/Date(1786208910745)/,61260.71424474537,0.0,0.0,f,ImageModel,f,/Date(1786211030368)/,61260.73877738426,,-0.6681063291805218,2026220T180138433_001_osf.xml,1,,NONE,f,CALCULATED_TRACK_TR_202111,11.3,244.4259233821466,5.709720690068178,6.11869035161059,f,Calibration,Focus test,GSC32,0.0918005161996563,0.5107224848035706,64.421,POLYGON ICRS  6.123735063 5.732604079 6.139672758 5.699997972 6.106747244 5.684750045 6.091419878 5.716700069,2.0.1,RELEASE,jwst_1535.pmap,13.1.13,,,,,,,,,83969280,b60a236f3278c55004353e24373ed7c1,/Date(1786244142272)/,61261.12201704861,/Date(1786244147560)/,61261.12207824074,67,/Date(1786244142000)/,61261.12201388889,False,False,False,8021195,"CAL-12636 Beck, Tracy",F356W-CLEAR,NIRCAM-F356W,,,4,LONG,0,0,0,0,0,0,NULL,NULL,NULL,0,0,0,0,0,0,A,f,CLEAR,,,,,,,POLYGON ICRS  6.123735063 5.732604079 6.139672758 5.699997972 6.106747244 5.684750045 6.091419878 5.716700069,6.115468034788579,5.708524392425854,JWST,IR,JWST,CAOM,F356W,,"Beck, Tracy",12636,NIRCAM,POLYGON ICRS  6.123735063 5.732604079 6.139672758 5.699997972 6.106747244 5.684750045 6.091419878 5.716700069,61260.73877740741,61260.73989582176,85.894,JWST Routine Wavefront Sensing and Control for Cycle 5,61261.12201388889,CAL,NC.F356W,2026-08-09 02:55:42.000,2026-08-08 17:43:50.368,mast:JWST/product/jw12636013001_03104_00001_nrcalong_rate.fits,mast:JWST/product/jw12636013001_03104_00001_nrcalong_rate.fits
249937184,jw12636013001_03104_00001_nrca1_rate.fits,jw12636013001_03104_00001,2a,04,NRCA1_FP6,,,379.49590352363884,61260.744288222304,f,61260.743728971705,61260.74316972111,CAL,,33,f,/Date(1786244094758)/,61261.121467083336,/Date(1786211126999)/,61260.739895833336,/Date(1786211030368)/,61260.73877738426,NRCA1,0,0,96.631,85.894,42.947,OK,NRC_IMAGE,3,61260.73989582176,61260.739336614584,1,PRIME,61260.73877740741,-1,1,NB8W000718,0,5.754638052219127,14.37015724182129,1,6.145577824949573,/Date(1786210114968)/,61260.72818247685,/Date(1786209875352)/,61260.72540917824,0.03460959,0.01504907105118036,0.0519987457,380.6293488945812,61260.74430134085,f,61260.74374209027,61260.74318283969,NIRCAM,f,,0.006879884955189809,/Date(1435838400000)/,57205,0.0143333915957016,6,1,4,2,1,0,1,1,0.0,V12636013001P0000000003104,13,,STSCI,FINEGUIDE,"Beck, Tracy",NRCA1_FP6,PRDOPSSOC-073,12636,5.712011111111111,6.116559583333333,61256.08459082176,RAPID,481,,2026_1b,1,2,FULL,OTE,2048,2048,1,1,5.712032329135373,6.116604009055232,,f,2MASS-00242795+0542431,FIXED,0.1,0.1,JWST,WFSC NIRCam Fine Phasing,10.73677,10.737,UTC,JWST Routine Wavefront Sensing and Control for Cycle 5,10,f,1,12636013001,/Date(1786211471766)/,61260.74388618056,03,SUCCESSFUL,PRIME_WFSC_ROUTINE,/Date(1786208910745)/,61260.71424474537,0.0,0.0,f,ImageModel,f,/Date(1786211030368)/,61260.73877738426,,-0.6681063291805218,2026220T180138433_001_osf.xml,1,,NONE,f,CALCULATED_TRACK_TR_202111,11.3,244.4259233821466,5.713248009348894,6.119939623327629,f,Calibration,Focus test,GSC32,0.036975567722264305,0.38119141981715776,64.421,POLYGON ICRS  6.123855914 5.733221656 6.131759731 5.717199256 6.115598349 5.709446510 6.107841302 5.725265912,2.0.1,RELEASE,jwst_1535.pmap,13.1.13,,,,,,,,,83969280,f20567d757e4cb3ecb9768eb78800119,/Date(1786244121645)/,61261.12177831018,/Date(1786244127977)/,61261.12185157408,67,/Date(1786244122000)/,61261.121782407405,False,False,False,8021195,"CAL-12636 Beck, Tracy",F212N-WLM8,NIRCAM-F212N-WLM8,,,4,SHORT,0,0,0,0,0,0,NULL,NULL,NULL,0,0,0,0,0,0,A,f,WLM8,,,,,,,POLYGON ICRS  6.123855914 5.733221656 6.131759731 5.717199256 6.115598349 5.709446510 6.107841302 5.725265912,6.119784008668165,5.7212893176473925,JWST,IR,JWST,CAOM,F212N,,"Beck, Tracy",12636,NIRCAM,POLYGON ICRS  6.123855914 5.733221656 6.131759731 5.717199256 6.115598349 5.709446510 6.107841302 5.725265912,61260.73877740741,61260.73989582176,85.894,JWST Routine Wavefront Sensing and Control for Cycle 5,61261.121782407405,CAL,NC.F212N.WLM8,2026-08-09 02:55:22.000,2026-08-08 17:43:50.368,mast:JWST/product/jw12636013001_03104_00001_nrca1_rate.fits,mast:JWST/product/jw12636013001_03104_00001_nrca1_rate.fits
249937258,jw12636013001_03105_00001_nrcalong_rateints.fits,jw12636013001_03105_00001,2a,05,NRCA5_FULL,,,379.5159163651988,61260.74727140532,f,61260.74671215472,61260.746152904125,CAL,,33,f,/Date(1786244143395)/,61261.122030046296,/Date(1786211384726)/,61260.74287877315,/Date(1786211288095)/,61260.74176037037,NRCALONG,0,0,96.631,85.894,42.947,OK,NRC_IMAGE,4,61260.74287877315,61260.74231956597,1,PRIME,61260.7417603588,-1,1,NB8W000718,0,5.754638052219127,14.37015724182129,1,6.145577824949573,/Date(1786210114968)/,61260.72818247685,/Date(1786209875352)/,61260.72540917824,0.03460959,0.01504907105118036,0.0519987457,380.6493523065001,61260.74728452375,f,61260.74672527317,61260.746166022596,NIRCAM,f,,0.006879884955189809,/Date(1435838400000)/,57205,0.0143333915957016,6,1,4,2,1,0,1,1,0.0,V12636013001P0000000003105,13,,STSCI,FINEGUIDE,"Beck, Tracy",NRCA1_FP6,PRDOPSSOC-073,12636,5.712011111111111,6.116559583333333,61260.742878032404,RAPID,485,,2026_1b,1,2,FULL,OTE,2048,2048,1,1,5.71203232915098,6.116604009087911,,f,2MASS-00242795+0542431,FIXED,0.1,0.1,JWST,WFSC NIRCam Fine Phasing,10.73677,10.737,UTC,JWST Routine Wavefront Sensing and Control for Cycle 5,10,f,1,12636013001,/Date(1786211471766)/,61260.74388618056,03,SUCCESSFUL,PRIME_WFSC_ROUTINE,/Date(1786208910745)/,61260.71424474537,0.0,0.0,f,CubeModel,f,/Date(1786211288095)/,61260.74176037037,,-0.6294999300904275,2026220T180138433_001_osf.xml,1,,NONE,f,CALCULATED_TRACK_TR_202111,11.3,244.4259233821466,5.709720770396278,6.1186905653673085,f,Calibration,Focus test,GSC32,0.09706687921324673,0.41820029552756144,64.421,POLYGON ICRS  6.123735071 5.732604060 6.139672762 5.699997951 6.106747247 5.684750027 6.091419884 5.716700053,2.0.1,RELEASE,jwst_1535.pmap,13.1.13,,,,,,,,,167855040,efb6b2cb985a49294b01ed5efcde0823,/Date(1786244174103)/,61261.12238545139,/Date(1786244181219)/,61261.122467824076,67,/Date(1786244174000)/,61261.12238425926,False,False,False,8021211,"CAL-12636 Beck, Tracy",F356W-CLEAR,NIRCAM-F356W,,,4,LONG,0,0,0,0,0,0,NULL,NULL,NULL,0,0,0,0,0,0,A,f,CLEAR,,,,,,,POLYGON ICRS  6.123735071 5.732604060 6.139672762 5.699997951 6.106747247 5.684750027 6.091419884 5.716700053,6.115468039975396,5.708524373961804,JWST,IR,JWST,CAOM,F356W,,"Beck, Tracy",12636,NIRCAM,POLYGON ICRS  6.123735071 5.732604060 6.139672762 5.699997951 6.106747247 5.684750027 6.091419884 5.716700053,61260.7417603588,61260.74287877315,85.894,JWST Routine Wavefront Sensing and Control for Cycle 5,61261.12238425926,CAL,NC.F356W,2026-08-09 02:56:14.000,2026-08-08 17:48:08.095,mast:JWST/product/jw12636013001_03105_00001_nrcalong_rate.fits,mast:JWST/product/jw12636013001_03105_00001_nrcalong_rate.fits
