ArchiveFileID,filename,fileSetName,productLevel,act_id,apername,asnpool,asntable,bartdelt,bendtime,bkgdtarg,bkglevel,bkgsub,bmidtime,bstrtime,category,cont_id,datamode,dataprob,date,date_mjd,date_end,date_end_mjd,date_obs,date_obs_mjd,detector,drpfrms1,drpfrms3,duration,effexptm,effinttm,eng_qual,exp_type,expcount,expend,expmid,exposure,expripar,expstart,fastaxis,filter,frmdivsr,gainfact,gdstarid,groupgap,gs_dec,gs_mag,gs_order,gs_ra,gsendtim,gsendtim_mjd,gsstrttm,gsstrttm_mjd,gs_udec,gs_umag,gs_ura,helidelt,hendtime,hga_move,hmidtime,hstrtime,instrume,intarget,is_psf,lamp,mu_dec,mu_epoch,mu_epoch_mjd,mu_ra,nexposur,nextend,nframes,ngroups,nints,nresets,nrststrt,nsamples,numdthpt,nwfsest,obs_id,observtn,obslabel,origin,pcs_mode,pi_name,pps_aper,prd_ver,program,prop_dec,prop_ra,pwfseet,readpatt,sca_num,scicat,sdp_ver,selfref,seq_id,slowaxis,subarray,subcat,subsize1,subsize2,substrt1,substrt2,targ_dec,targ_ra,targname,targoopp,targprop,targtype,targudec,targura,telescop,template,tframe,tgroup,timesys,title,tsample,tsovisit,visit,visit_id,visitend,visitend_mjd,visitgrp,visitsta,visitype,vststart,vststart_mjd,xoffset,yoffset,zerofram,errtype,rois,roiw,wpower,wtype,datamodl,exp_only,exsegnum,exsegtot,intstart,intend,date_beg,date_beg_mjd,obsfoldr,sctarate,opmode,osf_file,expsteng,expsteng_mjd,masterbg,scatfile,srctyapt,tcatfile,patt_num,pattsize,patttype,pridtpts,subpxpts,crowdfld,engqlptg,oss_ver,noutputs,gs_v3_pa,dirimage,pixfrac,pxsclrt,segmfile,va_dec,va_ra,compress,bkgmeth,targcat,targdesc,gsc_ver,primecrs,extncrs,tmeasure,mstr_rd1,mstr_sk1,mstr_rd2,mstr_sk2,mstr_rpt,mstr_ilv,sstr_stp,sstr_nst,bkgd_scl,mtshadow,sub_shrt,sub_long,s_region,cal_ver,cal_vcs,crds_ctx,crds_ver,fcsrlpos,focuspos,fxd_slit,grating,gwa_pxav,gwa_pyav,gwa_tilt,gwa_xp_v,gwa_xtil,gwa_yp_v,gwa_ytil,is_imprt,msaconid,msametfl,msametid,msastate,preimage,rma_pos,subpxpat,nrs_norm,nrs_ref,pattstrt,dithpnts,nod_type,spat_num,spec_num,ppsdbver,msacfg10,hybridff,fileSize,checksum,ingestStartDate,ingestStartDate_mjd,ingestCompletionDate,ingestCompletionDate_mjd,FileTypeID,publicReleaseDate,publicReleaseDate_mjd,isRestricted,isItar,isStale,FileSetId,dataURI,prog_pi,filter-pupil,inst-mode,release,observed
245129410,jw07965001001_02101_00001_nrs1_rate.fits,jw07965001001_02101_00001,2b,01,NRS_FULL_IFU,jw07965_20260722t125028_pool.csv,jw07965-c1002_20260722t125028_spec2_00024_asn.json,116.07958248350769,60943.43053381783,f,,,60943.424455725944,60943.41837763406,GO,,58,f,/Date(1784747013572)/,61243.79413857639,/Date(1758795482148)/,60943.42919150463,/Date(1758794431748)/,60943.41703409722,NRS1,0,0,1050.4,875.333,72.944,OK,NRS_IFU,1,60943.42919152778,60943.42311282407,1,PRIME,60943.41703412037,2,F290LP,1,1.0,S9T8050511,0,-25.09628668962992,12.5869836807251,1,278.0765938271626,/Date(1758794162725)/,60943.413920439816,/Date(1758793816613)/,60943.409914502314,0.02707409,0.001901076291687787,0.02967572,113.60218820627779,60943.43050514416,f,60943.42442705234,60943.41834896051,NIRSPEC,f,,NONE,0,/Date(946684800000)/,51544,0,24,,1,5,12,1,1,1,4,60943.94239681713,V07965001001P0000000002101,1,NIRSpec IFU,STSCI,FINEGUIDE,"Peeters, Els",NRS_FULL_IFU,PRDOPSSOC-073,7965,-25.128919444444445,278.1445708333333,60939.53320265046,NRSIRS2RAPID,491,"Gas, Dust and the ISM",2026_1b,,1,1,FULL,,2048,2048,1,1,-25.12891944444442,278.1445708333334,NGC 6644,f,NGC-6644,FIXED,0.1,0.1,JWST,NIRSpec IFU Spectroscopy,14.58889,14.589,UTC,Probing the chemical evolution of the carriers of the Aromatic Infrared Band emission.,10,f,1,07965001001,/Date(1758808609303)/,60943.581126192126,02,SUCCESSFUL,PRIME_TARGETED_FIXED,/Date(1758790671912)/,60943.37351751157,-0.2328004,-0.0774004,f,,,,,,IFUImageModel,f,,,,,/Date(1758794431748)/,60943.41703409722,,0.0,IFU,2025268T122604118_002_osf.xml,,,,,EXTENDED,,1,,4-POINT-DITHER,,,t,CALCULATED_TRACK_TR_202111,11.0,5,86.47219492623924,,,,,-25.129152295501687,278.1450793266069,f,,Star,Planetary nebulae nuclei,GSC32,0.071835874146583,0.3898331977735638,700.267,,,,,,,,,,,,,POLYGON ICRS  278.143849638 -25.129620196 278.145309567 -25.129620196 278.145309567 -25.128327808 278.143849638 -25.128327808,2.0.1,RELEASE,jwst_1535.pmap,13.1.13,,3,,G395H,159.25187,72.33523,36.16092,159.309052,0.317886323,72.3123572,0.144390091,f,,,,,,,,16,4,,,,,,,,,203054400,f001534552ab66eba992b290d359ec31,/Date(1784747785134)/,61243.80306866898,/Date(1784748201813)/,61243.80789135417,86,/Date(1790418313000)/,61309.43417824074,False,False,False,6729295,mast:JWST/product/jw07965001001_02101_00001_nrs1_cal.fits,"GO-7965 Peeters, Els",F290LP,NIRSPEC-F290LP,2026-09-26 10:25:13.000,2025-09-25 10:00:31.748
245129389,jw07965001001_02101_00002_nrs1_rate.fits,jw07965001001_02101_00002,2b,01,NRS_FULL_IFU,jw07965_20260722t125028_pool.csv,jw07965-c1002_20260722t125028_spec2_00022_asn.json,115.96652045845985,60943.44353397912,f,,,60943.43745588725,60943.43137779537,GO,,58,f,/Date(1784746995510)/,61243.793929513886,/Date(1758796605475)/,60943.44219300926,/Date(1758795555075)/,60943.43003560185,NRS1,0,0,1050.4,875.333,72.944,OK,NRS_IFU,1,60943.44219299768,60943.43611429398,2,PRIME,60943.430035590274,2,F290LP,1,1.0,S9T8050511,0,-25.09628668962992,12.5869836807251,1,278.0765938271626,/Date(1758794162725)/,60943.413920439816,/Date(1758793816613)/,60943.409914502314,0.02707409,0.001901076291687787,0.02967572,113.48911486566067,60943.443505305324,f,60943.43742721352,60943.431349121696,NIRSPEC,f,,NONE,0,/Date(946684800000)/,51544,0,24,,1,5,12,1,1,1,4,60943.94239681713,V07965001001P0000000002101,1,NIRSpec IFU,STSCI,FINEGUIDE,"Peeters, Els",NRS_FULL_IFU,PRDOPSSOC-073,7965,-25.128919444444445,278.1445708333333,60939.53320265046,NRSIRS2RAPID,491,"Gas, Dust and the ISM",2026_1b,,1,1,FULL,,2048,2048,1,1,-25.12891944444442,278.1445708333334,NGC 6644,f,NGC-6644,FIXED,0.1,0.1,JWST,NIRSpec IFU Spectroscopy,14.58889,14.589,UTC,Probing the chemical evolution of the carriers of the Aromatic Infrared Band emission.,10,f,1,07965001001,/Date(1758808609303)/,60943.581126192126,02,SUCCESSFUL,PRIME_TARGETED_FIXED,/Date(1758790671912)/,60943.37351751157,0.1292004,0.1855004,f,,,,,,IFUImageModel,f,,,,,/Date(1758795555075)/,60943.43003560185,,0.0,IFU,2025268T123445196_001_osf.xml,,,,,EXTENDED,,2,,4-POINT-DITHER,,,t,CALCULATED_TRACK_TR_202111,11.0,5,86.47219492623924,,,,,-25.129030424384595,278.14505691038187,f,,Star,Planetary nebulae nuclei,GSC32,0.06980806058681065,0.40413275611984295,700.267,,,,,,,,,,,,,POLYGON ICRS  278.143828653 -25.129498244 278.145288583 -25.129498244 278.145288583 -25.128205857 278.143828653 -25.128205857,2.0.1,RELEASE,jwst_1535.pmap,13.1.13,,3,,G395H,159.25187,72.33523,36.16092,159.309052,0.317886323,72.3123572,0.144390091,f,,,,,,,,16,4,,,,,,,,,203054400,f24164fb46b3f3b9665ef342d8b434c4,/Date(1784747780229)/,61243.8030119213,/Date(1784748192634)/,61243.80778510417,86,/Date(1790418303000)/,61309.4340625,False,False,False,6729482,mast:JWST/product/jw07965001001_02101_00002_nrs1_cal.fits,"GO-7965 Peeters, Els",F290LP,NIRSPEC-F290LP,2026-09-26 10:25:03.000,2025-09-25 10:19:15.075
245129329,jw07965001001_02101_00003_nrs1_rate.fits,jw07965001001_02101_00003,2b,01,NRS_FULL_IFU,jw07965_20260722t125028_pool.csv,jw07965-c1002_20260722t125028_spec2_00020_asn.json,115.85344963241369,60943.456534881065,f,,,60943.4504567892,60943.444378697335,GO,,58,f,/Date(1784746966907)/,61243.793598449076,/Date(1758797728866)/,60943.455195208335,/Date(1758796678466)/,60943.44303780093,NRS1,0,0,1050.4,875.333,72.944,OK,NRS_IFU,1,60943.455195208335,60943.44911650463,3,PRIME,60943.44303780093,2,F290LP,1,1.0,S9T8050511,0,-25.09628668962992,12.5869836807251,1,278.0765938271626,/Date(1758794162725)/,60943.413920439816,/Date(1758793816613)/,60943.409914502314,0.02707409,0.001901076291687787,0.02967572,113.37603272404522,60943.45650620713,f,60943.45042811533,60943.44435002353,NIRSPEC,f,,NONE,0,/Date(946684800000)/,51544,0,24,,1,5,12,1,1,1,4,60943.94239681713,V07965001001P0000000002101,1,NIRSpec IFU,STSCI,FINEGUIDE,"Peeters, Els",NRS_FULL_IFU,PRDOPSSOC-073,7965,-25.128919444444445,278.1445708333333,60939.53320265046,NRSIRS2RAPID,491,"Gas, Dust and the ISM",2026_1b,,1,1,FULL,,2048,2048,1,1,-25.12891944444442,278.1445708333334,NGC 6644,f,NGC-6644,FIXED,0.1,0.1,JWST,NIRSpec IFU Spectroscopy,14.58889,14.589,UTC,Probing the chemical evolution of the carriers of the Aromatic Infrared Band emission.,10,f,1,07965001001,/Date(1758808609303)/,60943.581126192126,02,SUCCESSFUL,PRIME_TARGETED_FIXED,/Date(1758790671912)/,60943.37351751157,-0.0259002,-0.1333002,f,,,,,,IFUImageModel,f,,,,,/Date(1758796678466)/,60943.44303780093,,0.0,IFU,2025268T123021989_003_osf.xml,,,,,EXTENDED,,3,,4-POINT-DITHER,,,t,CALCULATED_TRACK_TR_202111,11.0,5,86.47219492623924,,,,,-25.129123387978517,278.1450192065581,f,,Star,Planetary nebulae nuclei,GSC32,0.0679804408438862,0.3585103556817141,700.267,,,,,,,,,,,,,POLYGON ICRS  278.143792381 -25.129591106 278.145252312 -25.129591106 278.145252312 -25.128298719 278.143792381 -25.128298719,2.0.1,RELEASE,jwst_1535.pmap,13.1.13,,3,,G395H,159.25187,72.33523,36.16092,159.309052,0.317886323,72.3123572,0.144390091,f,,,,,,,,16,4,,,,,,,,,203054400,c53e0fcb1eb0c1c576b3f761df0f7975,/Date(1784747763443)/,61243.802817627315,/Date(1784748159837)/,61243.80740550926,86,/Date(1790418292000)/,61309.43393518519,False,False,False,6729880,mast:JWST/product/jw07965001001_02101_00003_nrs1_cal.fits,"GO-7965 Peeters, Els",F290LP,NIRSPEC-F290LP,2026-09-26 10:24:52.000,2025-09-25 10:37:58.466
245129125,jw07965001001_02101_00004_nrs1_rate.fits,jw07965001001_02101_00004,2b,01,NRS_FULL_IFU,jw07965_20260722t125028_pool.csv,jw07965-c1002_20260722t125028_spec2_00018_asn.json,115.74038383550942,60943.46953504231,f,,,60943.46345695046,60943.457378858606,GO,,58,f,/Date(1784746893976)/,61243.79275435185,/Date(1758798852193)/,60943.46819667824,/Date(1758797801793)/,60943.45603927083,NRS1,0,0,1050.4,875.333,72.944,OK,NRS_IFU,1,60943.46819667824,60943.46211797454,4,PRIME,60943.45603927083,2,F290LP,1,1.0,S9T8050511,0,-25.09628668962992,12.5869836807251,1,278.0765938271626,/Date(1758794162725)/,60943.413920439816,/Date(1758793816613)/,60943.409914502314,0.02707409,0.001901076291687787,0.02967572,113.26295498292893,60943.46950636824,f,60943.46342827645,60943.45735018466,NIRSPEC,f,,NONE,0,/Date(946684800000)/,51544,0,24,,1,5,12,1,1,1,4,60943.94239681713,V07965001001P0000000002101,1,NIRSpec IFU,STSCI,FINEGUIDE,"Peeters, Els",NRS_FULL_IFU,PRDOPSSOC-073,7965,-25.128919444444445,278.1445708333333,60939.53320265046,NRSIRS2RAPID,491,"Gas, Dust and the ISM",2026_1b,,1,1,FULL,,2048,2048,1,1,-25.12891944444442,278.1445708333334,NGC 6644,f,NGC-6644,FIXED,0.1,0.1,JWST,NIRSpec IFU Spectroscopy,14.58889,14.589,UTC,Probing the chemical evolution of the carriers of the Aromatic Infrared Band emission.,10,f,1,07965001001,/Date(1758808609303)/,60943.581126192126,02,SUCCESSFUL,PRIME_TARGETED_FIXED,/Date(1758790671912)/,60943.37351751157,-0.0775997,0.2415001,f,,,,,,IFUImageModel,f,,,,,/Date(1758797801793)/,60943.45603927083,,0.002105010731615705,IFU,2025268T123021989_003_osf.xml,,,,,EXTENDED,,4,,4-POINT-DITHER,,,t,CALCULATED_TRACK_TR_202111,11.0,5,86.47219492623924,,,,,-25.129060594280446,278.14511082856677,f,,Star,Planetary nebulae nuclei,GSC32,0.0673359393212789,0.3557866302824228,700.267,,,,,,,,,,,,,POLYGON ICRS  278.143885423 -25.129528227 278.145345353 -25.129528227 278.145345353 -25.128235840 278.143885423 -25.128235840,2.0.1,RELEASE,jwst_1535.pmap,13.1.13,,3,,G395H,159.25187,72.33523,36.16092,159.309052,0.317886323,72.3123572,0.144390091,f,,,,,,,,16,4,,,,,,,,,203054400,7c19a29d6522f44368fc42d494819fa3,/Date(1784747681297)/,61243.80186685185,/Date(1784748103619)/,61243.806754861114,86,/Date(1790418309000)/,61309.43413194444,False,False,False,6730043,mast:JWST/product/jw07965001001_02101_00004_nrs1_cal.fits,"GO-7965 Peeters, Els",F290LP,NIRSPEC-F290LP,2026-09-26 10:25:09.000,2025-09-25 10:56:41.793
245128766,jw07965001001_02105_00001_nrs1_rate.fits,jw07965001001_02105_00001,2b,05,NRS_FULL_IFU,jw07965_20260722t125028_pool.csv,jw07965-c1002_20260722t125028_spec2_00016_asn.json,115.12737292796373,60943.529883712385,f,,,60943.528870695154,60943.52785767793,GO,,58,f,/Date(1784746810250)/,61243.79178530093,/Date(1758804066843)/,60943.52855142361,/Date(1758803891776)/,60943.52652518519,NRS1,0,0,175.067,145.889,72.945,OK,NRS_IFU,9,60943.52855142361,60943.5275383044,1,PRIME,60943.52652518519,2,F100LP,1,1.0,S9T8050511,0,-25.09628668962992,12.5869836807251,1,278.0765938271626,/Date(1758794162725)/,60943.413920439816,/Date(1758793816613)/,60943.409914502314,0.02707409,0.001901076291687787,0.02967572,112.64988121110946,60943.52985503769,f,60943.528842020474,60943.52782900326,NIRSPEC,f,,NONE,0,/Date(946684800000)/,51544,0,24,,1,5,2,1,1,1,4,60943.94239681713,V07965001001P0000000002105,1,NIRSpec IFU,STSCI,FINEGUIDE,"Peeters, Els",NRS_FULL_IFU,PRDOPSSOC-073,7965,-25.128919444444445,278.1445708333333,60939.53320265046,NRSIRS2RAPID,491,"Gas, Dust and the ISM",2026_1b,,1,1,FULL,,2048,2048,1,1,-25.12891944444442,278.1445708333334,NGC 6644,f,NGC-6644,FIXED,0.1,0.1,JWST,NIRSpec IFU Spectroscopy,14.58889,14.589,UTC,Probing the chemical evolution of the carriers of the Aromatic Infrared Band emission.,10,f,1,07965001001,/Date(1758808609303)/,60943.581126192126,02,SUCCESSFUL,PRIME_TARGETED_FIXED,/Date(1758790671912)/,60943.37351751157,-0.2328004,-0.0774004,f,,,,,,IFUImageModel,f,,,,,/Date(1758803891776)/,60943.52652518519,,-0.04799642207272254,IFU,2025268T131529905_002_osf.xml,,,,,EXTENDED,,1,,4-POINT-DITHER,,,t,CALCULATED_TRACK_TR_202111,11.0,5,86.47219492623924,,,,,-25.129153727037085,278.1450672261893,f,,Star,Planetary nebulae nuclei,GSC32,0.07867004163907973,0.3717885170032591,116.711,,,,,,,,,,,,,POLYGON ICRS  278.143847111 -25.129626617 278.145307105 -25.129626617 278.145307105 -25.128334301 278.143847111 -25.128334301,2.0.1,RELEASE,jwst_1535.pmap,13.1.13,,3,,G140H,179.5972256,66.7542668,36.14613,179.5857892,0.3584889,66.7428304,0.1332586,f,,,,,,,,16,4,,,,,,,,,203054400,73c4a5511682c2709ec1ac749c4a22ad,/Date(1784747500495)/,61243.799774259256,/Date(1784748000416)/,61243.80556037037,86,/Date(1790418275000)/,61309.43373842593,False,False,False,6730718,mast:JWST/product/jw07965001001_02105_00001_nrs1_cal.fits,"GO-7965 Peeters, Els",F100LP,NIRSPEC-F100LP,2026-09-26 10:24:35.000,2025-09-25 12:38:11.776
245128757,jw07965001001_02105_00002_nrs1_rate.fits,jw07965001001_02105_00002,2b,05,NRS_FULL_IFU,jw07965_20260722t125028_pool.csv,jw07965-c1002_20260722t125028_spec2_00014_asn.json,115.10240826755762,60943.532753793814,f,,,60943.53174077658,60943.53072775935,GO,,58,f,/Date(1784746811069)/,61243.791794791665,/Date(1758804314843)/,60943.53142179398,/Date(1758804139776)/,60943.52939555555,NRS1,0,0,175.067,145.889,72.945,OK,NRS_IFU,9,60943.53142179398,60943.53040867477,2,PRIME,60943.52939555555,2,F100LP,1,1.0,S9T8050511,0,-25.09628668962992,12.5869836807251,1,278.0765938271626,/Date(1758794162725)/,60943.413920439816,/Date(1758793816613)/,60943.409914502314,0.02707409,0.001901076291687787,0.02967572,112.6249140361324,60943.53272511909,f,60943.531712101874,60943.53069908465,NIRSPEC,f,,NONE,0,/Date(946684800000)/,51544,0,24,,1,5,2,1,1,1,4,60943.94239681713,V07965001001P0000000002105,1,NIRSpec IFU,STSCI,FINEGUIDE,"Peeters, Els",NRS_FULL_IFU,PRDOPSSOC-073,7965,-25.128919444444445,278.1445708333333,60939.53320265046,NRSIRS2RAPID,491,"Gas, Dust and the ISM",2026_1b,,1,1,FULL,,2048,2048,1,1,-25.12891944444442,278.1445708333334,NGC 6644,f,NGC-6644,FIXED,0.1,0.1,JWST,NIRSpec IFU Spectroscopy,14.58889,14.589,UTC,Probing the chemical evolution of the carriers of the Aromatic Infrared Band emission.,10,f,1,07965001001,/Date(1758808609303)/,60943.581126192126,02,SUCCESSFUL,PRIME_TARGETED_FIXED,/Date(1758790671912)/,60943.37351751157,0.1292004,0.1855004,f,,,,,,IFUImageModel,f,,,,,/Date(1758804139776)/,60943.52939555555,,-0.20664981218764006,IFU,2025268T131529905_002_osf.xml,,,,,EXTENDED,,2,,4-POINT-DITHER,,,t,CALCULATED_TRACK_TR_202111,11.0,5,86.47219492623924,,,,,-25.129030930011417,278.1450464607208,f,,Star,Planetary nebulae nuclei,GSC32,0.0757386321780925,0.375874105102196,116.711,,,,,,,,,,,,,POLYGON ICRS  278.143826665 -25.129503812 278.145286657 -25.129503812 278.145286657 -25.128211495 278.143826665 -25.128211495,2.0.1,RELEASE,jwst_1535.pmap,13.1.13,,3,,G140H,179.5972256,66.7542668,36.14613,179.5857892,0.3584889,66.7428304,0.1332586,f,,,,,,,,16,4,,,,,,,,,203054400,d5d63cc1872061b4ed9eba0fc058b6ef,/Date(1784747500573)/,61243.799775150466,/Date(1784747996552)/,61243.805515659726,86,/Date(1790418310000)/,61309.43414351852,False,False,False,6730775,mast:JWST/product/jw07965001001_02105_00002_nrs1_cal.fits,"GO-7965 Peeters, Els",F100LP,NIRSPEC-F100LP,2026-09-26 10:25:10.000,2025-09-25 12:42:19.776
245128965,jw07965001001_02105_00003_nrs1_rate.fits,jw07965001001_02105_00003,2b,05,NRS_FULL_IFU,jw07965_20260722t125028_pool.csv,jw07965-c1002_20260722t125028_spec2_00012_asn.json,115.07744360715151,60943.535623875236,f,,,60943.534610858005,60943.53359784078,GO,,58,f,/Date(1784746814101)/,61243.79182986111,/Date(1758804562843)/,60943.53429216435,/Date(1758804387776)/,60943.532265925925,NRS1,0,0,175.067,145.889,72.945,OK,NRS_IFU,9,60943.53429216435,60943.533279045136,3,PRIME,60943.532265925925,2,F100LP,1,1.0,S9T8050511,0,-25.09628668962992,12.5869836807251,1,278.0765938271626,/Date(1758794162725)/,60943.413920439816,/Date(1758793816613)/,60943.409914502314,0.02707409,0.001901076291687787,0.02967572,112.59994686115533,60943.53559520049,f,60943.53458218327,60943.53356916605,NIRSPEC,f,,NONE,0,/Date(946684800000)/,51544,0,24,,1,5,2,1,1,1,4,60943.94239681713,V07965001001P0000000002105,1,NIRSpec IFU,STSCI,FINEGUIDE,"Peeters, Els",NRS_FULL_IFU,PRDOPSSOC-073,7965,-25.128919444444445,278.1445708333333,60939.53320265046,NRSIRS2RAPID,491,"Gas, Dust and the ISM",2026_1b,,1,1,FULL,,2048,2048,1,1,-25.12891944444442,278.1445708333334,NGC 6644,f,NGC-6644,FIXED,0.1,0.1,JWST,NIRSpec IFU Spectroscopy,14.58889,14.589,UTC,Probing the chemical evolution of the carriers of the Aromatic Infrared Band emission.,10,f,1,07965001001,/Date(1758808609303)/,60943.581126192126,02,SUCCESSFUL,PRIME_TARGETED_FIXED,/Date(1758790671912)/,60943.37351751157,-0.0259002,-0.1333002,f,,,,,,IFUImageModel,f,,,,,/Date(1758804387776)/,60943.532265925925,,-0.07494719970988256,IFU,2025268T131529905_002_osf.xml,,,,,EXTENDED,,3,,4-POINT-DITHER,,,t,CALCULATED_TRACK_TR_202111,11.0,5,86.47219492623924,,,,,-25.129123780032323,278.1450098909871,f,,Star,Planetary nebulae nuclei,GSC32,0.08208355049574152,0.3656601348548537,116.711,,,,,,,,,,,,,POLYGON ICRS  278.143790413 -25.129596632 278.145250407 -25.129596632 278.145250407 -25.128304316 278.143790413 -25.128304316,2.0.1,RELEASE,jwst_1535.pmap,13.1.13,,3,,G140H,179.5972256,66.7542668,36.14613,179.5857892,0.3584889,66.7428304,0.1332586,f,,,,,,,,16,4,,,,,,,,,203054400,cb9a9fc12f2c7aac4ef5f77fc54f7faf,/Date(1784747635794)/,61243.80134019676,/Date(1784748065120)/,61243.80630925926,86,/Date(1790418292000)/,61309.43393518519,False,False,False,6730788,mast:JWST/product/jw07965001001_02105_00003_nrs1_cal.fits,"GO-7965 Peeters, Els",F100LP,NIRSPEC-F100LP,2026-09-26 10:24:52.000,2025-09-25 12:46:27.776
245128748,jw07965001001_02105_00004_nrs1_rate.fits,jw07965001001_02105_00004,2b,05,NRS_FULL_IFU,jw07965_20260722t125028_pool.csv,jw07965-c1002_20260722t125028_spec2_00010_asn.json,115.05247203167528,60943.53849469733,f,,,60943.5374816801,60943.53646866287,GO,,58,f,/Date(1784746800743)/,61243.791675266206,/Date(1758804810907)/,60943.537163263885,/Date(1758804635840)/,60943.53513703703,NRS1,0,0,175.067,145.889,72.945,OK,NRS_IFU,9,60943.53716327546,60943.53615015625,4,PRIME,60943.53513703703,2,F100LP,1,1.0,S9T8050511,0,-25.09628668962992,12.5869836807251,1,278.0765938271626,/Date(1758794162725)/,60943.413920439816,/Date(1758793816613)/,60943.409914502314,0.02707409,0.001901076291687787,0.02967572,112.57497277110815,60943.538466022546,f,60943.53745300533,60943.53643998811,NIRSPEC,f,,NONE,0,/Date(946684800000)/,51544,0,24,,1,5,2,1,1,1,4,60943.94239681713,V07965001001P0000000002105,1,NIRSpec IFU,STSCI,FINEGUIDE,"Peeters, Els",NRS_FULL_IFU,PRDOPSSOC-073,7965,-25.128919444444445,278.1445708333333,60939.53320265046,NRSIRS2RAPID,491,"Gas, Dust and the ISM",2026_1b,,1,1,FULL,,2048,2048,1,1,-25.12891944444442,278.1445708333334,NGC 6644,f,NGC-6644,FIXED,0.1,0.1,JWST,NIRSpec IFU Spectroscopy,14.58889,14.589,UTC,Probing the chemical evolution of the carriers of the Aromatic Infrared Band emission.,10,f,1,07965001001,/Date(1758808609303)/,60943.581126192126,02,SUCCESSFUL,PRIME_TARGETED_FIXED,/Date(1758790671912)/,60943.37351751157,-0.0775997,0.2415001,f,,,,,,IFUImageModel,f,,,,,/Date(1758804635840)/,60943.53513703703,,0.3487605515856683,IFU,2025268T131529905_002_osf.xml,,,,,EXTENDED,,4,,4-POINT-DITHER,,,t,CALCULATED_TRACK_TR_202111,11.0,5,86.47219492623924,,,,,-25.12906097818644,278.1451026509986,f,,Star,Planetary nebulae nuclei,GSC32,0.07501548308458066,0.36770292890432216,116.711,,,,,,,,,,,,,POLYGON ICRS  278.143883480 -25.129533816 278.145343473 -25.129533816 278.145343473 -25.128241500 278.143883480 -25.128241500,2.0.1,RELEASE,jwst_1535.pmap,13.1.13,,3,,G140H,179.5972256,66.7542668,36.14613,179.5857892,0.3584889,66.7428304,0.1332586,f,,,,,,,,16,4,,,,,,,,,203054400,37981f0fe1502a46947847f085cd6e14,/Date(1784747499453)/,61243.7997621875,/Date(1784747992676)/,61243.80547078704,86,/Date(1790418293000)/,61309.43394675926,False,False,False,6730836,mast:JWST/product/jw07965001001_02105_00004_nrs1_cal.fits,"GO-7965 Peeters, Els",F100LP,NIRSPEC-F100LP,2026-09-26 10:24:53.000,2025-09-25 12:50:35.840
245129052,jw07965001001_02109_00001_nrs1_rate.fits,jw07965001001_02109_00001,2b,09,NRS_FULL_IFU,jw07965_20260722t125028_pool.csv,jw07965-c1002_20260722t125028_spec2_00008_asn.json,114.8752739885822,60943.5588659566,f,,,60943.557852939375,60943.55683992215,GO,,58,f,/Date(1784746842112)/,61243.79215408565,/Date(1758806571161)/,60943.55753657407,/Date(1758806396094)/,60943.555510335646,NRS1,0,0,175.067,145.889,72.945,OK,NRS_IFU,17,60943.55753658565,60943.55652346643,1,PRIME,60943.55551034722,2,F170LP,1,1.0,S9T8050511,0,-25.09628668962992,12.5869836807251,1,278.0765938271626,/Date(1758794162725)/,60943.413920439816,/Date(1758793816613)/,60943.409914502314,0.02707409,0.001901076291687787,0.02967572,112.39775649737567,60943.55883728161,f,60943.5578242644,60943.55681124718,NIRSPEC,f,,NONE,0,/Date(946684800000)/,51544,0,24,,1,5,2,1,1,1,4,60943.94239681713,V07965001001P0000000002109,1,NIRSpec IFU,STSCI,FINEGUIDE,"Peeters, Els",NRS_FULL_IFU,PRDOPSSOC-073,7965,-25.128919444444445,278.1445708333333,60939.53320265046,NRSIRS2RAPID,491,"Gas, Dust and the ISM",2026_1b,,1,1,FULL,,2048,2048,1,1,-25.12891944444442,278.1445708333334,NGC 6644,f,NGC-6644,FIXED,0.1,0.1,JWST,NIRSpec IFU Spectroscopy,14.58889,14.589,UTC,Probing the chemical evolution of the carriers of the Aromatic Infrared Band emission.,10,f,1,07965001001,/Date(1758808609303)/,60943.581126192126,02,SUCCESSFUL,PRIME_TARGETED_FIXED,/Date(1758790671912)/,60943.37351751157,-0.2328004,-0.0774004,f,,,,,,IFUImageModel,f,,,,,/Date(1758806396094)/,60943.555510335646,,0.0,IFU,2025268T164128232_001_osf.xml,,,,,EXTENDED,,1,,4-POINT-DITHER,,,t,CALCULATED_TRACK_TR_202111,11.0,5,86.47219492623924,,,,,-25.129153771378178,278.14506381561455,f,,Star,Planetary nebulae nuclei,GSC32,0.07107697615720547,0.4126443979926282,116.711,,,,,,,,,,,,,POLYGON ICRS  278.143848327 -25.129622639 278.145308148 -25.129622639 278.145308148 -25.128330311 278.143848327 -25.128330311,2.0.1,RELEASE,jwst_1535.pmap,13.1.13,,3,,G235H,176.2006148,69.04154679999999,36.1477737,176.234924,0.3517142,69.04154679999999,0.137797877,f,,,,,,,,16,4,,,,,,,,,203054400,13c644d279093659a0a6de8e1e5c6c05,/Date(1784747657926)/,61243.80159636574,/Date(1784748087137)/,61243.806564074075,86,/Date(1790418528000)/,61309.43666666667,False,False,False,6731023,mast:JWST/product/jw07965001001_02109_00001_nrs1_cal.fits,"GO-7965 Peeters, Els",F170LP,NIRSPEC-F170LP,2026-09-26 10:28:48.000,2025-09-25 13:19:56.094
245128727,jw07965001001_02109_00002_nrs1_rate.fits,jw07965001001_02109_00002,2b,09,NRS_FULL_IFU,jw07965_20260722t125028_pool.csv,jw07965-c1002_20260722t125028_spec2_00006_asn.json,114.8503080708906,60943.56173603802,f,,,60943.56072302079,60943.55971000357,GO,,58,f,/Date(1784746783007)/,61243.79146997685,/Date(1758806819161)/,60943.560406944445,/Date(1758806644094)/,60943.55838070602,NRS1,0,0,175.067,145.889,72.945,OK,NRS_IFU,17,60943.56040695602,60943.559393836804,2,PRIME,60943.55838071759,2,F170LP,1,1.0,S9T8050511,0,-25.09628668962992,12.5869836807251,1,278.0765938271626,/Date(1758794162725)/,60943.413920439816,/Date(1758793816613)/,60943.409914502314,0.02707409,0.001901076291687787,0.02967572,112.37278869375587,60943.561707363,f,60943.56069434578,60943.559681328574,NIRSPEC,f,,NONE,0,/Date(946684800000)/,51544,0,24,,1,5,2,1,1,1,4,60943.94239681713,V07965001001P0000000002109,1,NIRSpec IFU,STSCI,FINEGUIDE,"Peeters, Els",NRS_FULL_IFU,PRDOPSSOC-073,7965,-25.128919444444445,278.1445708333333,60939.53320265046,NRSIRS2RAPID,491,"Gas, Dust and the ISM",2026_1b,,1,1,FULL,,2048,2048,1,1,-25.12891944444442,278.1445708333334,NGC 6644,f,NGC-6644,FIXED,0.1,0.1,JWST,NIRSpec IFU Spectroscopy,14.58889,14.589,UTC,Probing the chemical evolution of the carriers of the Aromatic Infrared Band emission.,10,f,1,07965001001,/Date(1758808609303)/,60943.581126192126,02,SUCCESSFUL,PRIME_TARGETED_FIXED,/Date(1758790671912)/,60943.37351751157,0.1292004,0.1855004,f,,,,,,IFUImageModel,f,,,,,/Date(1758806644094)/,60943.55838070602,,0.0,IFU,2025268T164128232_001_osf.xml,,,,,EXTENDED,,2,,4-POINT-DITHER,,,t,CALCULATED_TRACK_TR_202111,11.0,5,86.47219492623924,,,,,-25.1290309350771,278.14504312225137,f,,Star,Planetary nebulae nuclei,GSC32,0.07166938643155132,0.3697457229537906,116.711,,,,,,,,,,,,,POLYGON ICRS  278.143827952 -25.129499795 278.145287773 -25.129499795 278.145287773 -25.128207467 278.143827952 -25.128207467,2.0.1,RELEASE,jwst_1535.pmap,13.1.13,,3,,G235H,176.2006148,69.04154679999999,36.1477737,176.234924,0.3517142,69.04154679999999,0.137797877,f,,,,,,,,16,4,,,,,,,,,203054400,da5cb6a04b5fab8c5e0248298e475943,/Date(1784747496723)/,61243.799730590275,/Date(1784747926740)/,61243.80470763889,86,/Date(1790418527000)/,61309.43665509259,False,False,False,6731083,mast:JWST/product/jw07965001001_02109_00002_nrs1_cal.fits,"GO-7965 Peeters, Els",F170LP,NIRSPEC-F170LP,2026-09-26 10:28:47.000,2025-09-25 13:24:04.094
245128717,jw07965001001_02109_00003_nrs1_rate.fits,jw07965001001_02109_00003,2b,09,NRS_FULL_IFU,jw07965_20260722t125028_pool.csv,jw07965-c1002_20260722t125028_spec2_00004_asn.json,114.82533586677164,60943.56460684852,f,,,60943.5635938313,60943.562580814076,GO,,58,f,/Date(1784746771434)/,61243.791336030095,/Date(1758807067224)/,60943.563278043985,/Date(1758806892157)/,60943.56125180556,NRS1,0,0,175.067,145.889,72.945,OK,NRS_IFU,17,60943.56327805555,60943.56226493634,3,PRIME,60943.56125181713,2,F170LP,1,1.0,S9T8050511,0,-25.09628668962992,12.5869836807251,1,278.0765938271626,/Date(1758794162725)/,60943.413920439816,/Date(1758793816613)/,60943.409914502314,0.02707409,0.001901076291687787,0.02967572,112.34781397506595,60943.56457817347,f,60943.56356515626,60943.562552139054,NIRSPEC,f,,NONE,0,/Date(946684800000)/,51544,0,24,,1,5,2,1,1,1,4,60943.94239681713,V07965001001P0000000002109,1,NIRSpec IFU,STSCI,FINEGUIDE,"Peeters, Els",NRS_FULL_IFU,PRDOPSSOC-073,7965,-25.128919444444445,278.1445708333333,60939.53320265046,NRSIRS2RAPID,491,"Gas, Dust and the ISM",2026_1b,,1,1,FULL,,2048,2048,1,1,-25.12891944444442,278.1445708333334,NGC 6644,f,NGC-6644,FIXED,0.1,0.1,JWST,NIRSpec IFU Spectroscopy,14.58889,14.589,UTC,Probing the chemical evolution of the carriers of the Aromatic Infrared Band emission.,10,f,1,07965001001,/Date(1758808609303)/,60943.581126192126,02,SUCCESSFUL,PRIME_TARGETED_FIXED,/Date(1758790671912)/,60943.37351751157,-0.0259002,-0.1333002,f,,,,,,IFUImageModel,f,,,,,/Date(1758806892157)/,60943.56125180556,,0.0,IFU,2025268T164128232_001_osf.xml,,,,,EXTENDED,,3,,4-POINT-DITHER,,,t,CALCULATED_TRACK_TR_202111,11.0,5,86.47219492623924,,,,,-25.129123795483025,278.14500652239343,f,,Star,Planetary nebulae nuclei,GSC32,0.06831103301422518,0.36157454675591677,116.711,,,,,,,,,,,,,POLYGON ICRS  278.143791671 -25.129592625 278.145251492 -25.129592625 278.145251492 -25.128300298 278.143791671 -25.128300298,2.0.1,RELEASE,jwst_1535.pmap,13.1.13,,3,,G235H,176.2006148,69.04154679999999,36.1477737,176.234924,0.3517142,69.04154679999999,0.137797877,f,,,,,,,,16,4,,,,,,,,,203054400,85c8fabfe34467ed24631f618de3fe94,/Date(1784747495634)/,61243.799717974536,/Date(1784747923005)/,61243.804664421295,86,/Date(1790418865000)/,61309.440567129626,False,False,False,6731136,mast:JWST/product/jw07965001001_02109_00003_nrs1_cal.fits,"GO-7965 Peeters, Els",F170LP,NIRSPEC-F170LP,2026-09-26 10:34:25.000,2025-09-25 13:28:12.157
245128708,jw07965001001_02109_00004_nrs1_rate.fits,jw07965001001_02109_00004,2b,09,NRS_FULL_IFU,jw07965_20260722t125028_pool.csv,jw07965-c1002_20260722t125028_spec2_00002_asn.json,114.80036994908005,60943.56747692994,f,,,60943.56646391271,60943.56545089548,GO,,58,f,/Date(1784746769296)/,61243.7913112963,/Date(1758807315224)/,60943.56614841435,/Date(1758807140157)/,60943.56412217593,NRS1,0,0,175.067,145.889,72.945,OK,NRS_IFU,17,60943.566148425925,60943.565135306715,4,PRIME,60943.5641221875,2,F170LP,1,1.0,S9T8050511,0,-25.09628668962992,12.5869836807251,1,278.0765938271626,/Date(1758794162725)/,60943.413920439816,/Date(1758793816613)/,60943.409914502314,0.02707409,0.001901076291687787,0.02967572,112.3228455428034,60943.56744825486,f,60943.56643523765,60943.56542222043,NIRSPEC,f,,NONE,0,/Date(946684800000)/,51544,0,24,,1,5,2,1,1,1,4,60943.94239681713,V07965001001P0000000002109,1,NIRSpec IFU,STSCI,FINEGUIDE,"Peeters, Els",NRS_FULL_IFU,PRDOPSSOC-073,7965,-25.128919444444445,278.1445708333333,60939.53320265046,NRSIRS2RAPID,491,"Gas, Dust and the ISM",2026_1b,,1,1,FULL,,2048,2048,1,1,-25.12891944444442,278.1445708333334,NGC 6644,f,NGC-6644,FIXED,0.1,0.1,JWST,NIRSpec IFU Spectroscopy,14.58889,14.589,UTC,Probing the chemical evolution of the carriers of the Aromatic Infrared Band emission.,10,f,1,07965001001,/Date(1758808609303)/,60943.581126192126,02,SUCCESSFUL,PRIME_TARGETED_FIXED,/Date(1758790671912)/,60943.37351751157,-0.0775997,0.2415001,f,,,,,,IFUImageModel,f,,,,,/Date(1758807140157)/,60943.56412217593,,0.0,IFU,2025268T164128232_001_osf.xml,,,,,EXTENDED,,4,,4-POINT-DITHER,,,t,CALCULATED_TRACK_TR_202111,11.0,5,86.47219492623924,,,,,-25.129060947021593,278.1450992739042,f,,Star,Planetary nebulae nuclei,GSC32,0.06774517906252242,0.30233351932133157,116.711,,,,,,,,,,,,,POLYGON ICRS  278.143884729 -25.129529763 278.145344550 -25.129529763 278.145344550 -25.128237435 278.143884729 -25.128237435,2.0.1,RELEASE,jwst_1535.pmap,13.1.13,,3,,G235H,176.2006148,69.04154679999999,36.1477737,176.234924,0.3517142,69.04154679999999,0.137797877,f,,,,,,,,16,4,,,,,,,,,203054400,9d62e617b0c45518639943c2af862eed,/Date(1784747496649)/,61243.79972974537,/Date(1784747919345)/,61243.80462206018,86,/Date(1790419050000)/,61309.442708333336,False,False,False,6731148,mast:JWST/product/jw07965001001_02109_00004_nrs1_cal.fits,"GO-7965 Peeters, Els",F170LP,NIRSPEC-F170LP,2026-09-26 10:37:30.000,2025-09-25 13:32:20.157
245122210,jw07965002001_02101_00001_nrs1_rate.fits,jw07965002001_02101_00001,2b,01,NRS_FULL_IFU,jw07965_20260722t125028_pool.csv,jw07965-o002_20260722t125028_spec2_00024_asn.json,114.59701973944902,60943.60428685501,t,,,60943.59820876327,60943.592130671525,GO,,58,f,/Date(1784743630573)/,61243.7549834838,/Date(1758810495893)/,60943.60296172454,/Date(1758809445493)/,60943.59080431713,NRS1,0,0,1050.4,875.333,72.944,OK,NRS_IFU,1,60943.60296172454,60943.59688302084,1,PRIME,60943.59080431713,2,F290LP,1,1.0,S9T8050511,0,-25.09628668977665,12.5869836807251,1,278.0765938271284,/Date(1758809203222)/,60943.5880002662,/Date(1758808880663)/,60943.58426693287,0.02707409,0.001901076291687787,0.02967572,112.11957517080009,60943.60425818075,f,60943.59818008908,60943.5921019974,NIRSPEC,f,,NONE,0,/Date(1435838400000)/,57205.5,0,12,,1,5,12,1,1,1,4,60943.94239681713,V07965002001P0000000002101,2,NIRSpec IFU sky,STSCI,FINEGUIDE,"Peeters, Els",NRS_FULL_IFU,PRDOPSSOC-073,7965,-25.120469444444446,278.14763750000003,60939.53320265046,NRSIRS2RAPID,491,"Gas, Dust and the ISM",2026_1b,,1,1,FULL,,2048,2048,1,1,-25.12046944444444,278.14763750000003,NGC 6644 background,f,NGC-6644-BACKGROUND,FIXED,0.1,0.1,JWST,NIRSpec IFU Spectroscopy,14.58889,14.589,UTC,Probing the chemical evolution of the carriers of the Aromatic Infrared Band emission.,10,f,1,07965002001,/Date(1758816361999)/,60943.67085648148,02,SUCCESSFUL,PRIME_TARGETED_FIXED,/Date(1758808612375)/,60943.58116175926,-0.2328004,-0.0774004,f,,,,,,IFUImageModel,f,,,,,/Date(1758809445493)/,60943.59080431713,,0.0,IFU,2025268T165007161_002_osf.xml,,,,,EXTENDED,,1,,4-POINT-DITHER,,,t,CALCULATED_TRACK_TR_202111,11.0,5,86.4786895205476,,,,,-25.120703204798055,278.14812682091673,f,,Calibration,Telescope/sky background,GSC32,0.06744420740590074,0.3745122424025503,700.267,,,,,,,,,,,,,POLYGON ICRS  278.146915999 -25.121170729 278.148375838 -25.121170729 278.148375838 -25.119878351 278.146915999 -25.119878351,2.0.1,RELEASE,jwst_1535.pmap,13.1.13,,3,,G395H,159.0917604,72.34666639999999,36.1477737,159.1260696,0.317521334,72.34666639999999,0.144390091,f,,,,,,,,16,4,,,,,,,,,203051520,c8e84161a7d02cb0bb0ca8e2755653aa,/Date(1784744666383)/,61243.76697202546,/Date(1784745167525)/,61243.77277229167,86,/Date(1790426433000)/,61309.52815972222,False,False,False,6731484,mast:JWST/product/jw07965002001_02101_00001_nrs1_cal.fits,"GO-7965 Peeters, Els",F290LP,NIRSPEC-F290LP,2026-09-26 12:40:33.000,2025-09-25 14:10:45.493
245122192,jw07965002001_02101_00002_nrs1_rate.fits,jw07965002001_02101_00002,2b,01,NRS_FULL_IFU,jw07965_20260722t125028_pool.csv,jw07965-o002_20260722t125028_spec2_00022_asn.json,114.48393068276346,60943.617287015986,t,,,60943.61120892426,60943.60513083253,GO,,58,f,/Date(1784743627594)/,61243.75494899305,/Date(1758811619220)/,60943.61596319445,/Date(1758810568820)/,60943.60380578704,NRS1,0,0,1050.4,875.333,72.944,OK,NRS_IFU,1,60943.61596319445,60943.60988449074,2,PRIME,60943.60380578704,2,F290LP,1,1.0,S9T8050511,0,-25.09628668977665,12.5869836807251,1,278.0765938271284,/Date(1758809203222)/,60943.5880002662,/Date(1758808880663)/,60943.58426693287,0.02707409,0.001901076291687787,0.02967572,112.0064741699025,60943.6172583416,f,60943.61118024993,60943.60510215827,NIRSPEC,f,,NONE,0,/Date(1435838400000)/,57205.5,0,12,,1,5,12,1,1,1,4,60943.94239681713,V07965002001P0000000002101,2,NIRSpec IFU sky,STSCI,FINEGUIDE,"Peeters, Els",NRS_FULL_IFU,PRDOPSSOC-073,7965,-25.120469444444446,278.14763750000003,60939.53320265046,NRSIRS2RAPID,491,"Gas, Dust and the ISM",2026_1b,,1,1,FULL,,2048,2048,1,1,-25.12046944444444,278.14763750000003,NGC 6644 background,f,NGC-6644-BACKGROUND,FIXED,0.1,0.1,JWST,NIRSpec IFU Spectroscopy,14.58889,14.589,UTC,Probing the chemical evolution of the carriers of the Aromatic Infrared Band emission.,10,f,1,07965002001,/Date(1758816361999)/,60943.67085648148,02,SUCCESSFUL,PRIME_TARGETED_FIXED,/Date(1758808612375)/,60943.58116175926,0.1292004,0.1855004,f,,,,,,IFUImageModel,f,,,,,/Date(1758810568820)/,60943.60380578704,,0.0,IFU,2025268T165431210_002_osf.xml,,,,,EXTENDED,,2,,4-POINT-DITHER,,,t,CALCULATED_TRACK_TR_202111,11.0,5,86.4786895205476,,,,,-25.120580164521968,278.1481050503859,f,,Calibration,Telescope/sky background,GSC32,0.06596079846031172,0.35238197353330875,700.267,,,,,,,,,,,,,POLYGON ICRS  278.146895661 -25.121047610 278.148355499 -25.121047610 278.148355499 -25.119755231 278.146895661 -25.119755231,2.0.1,RELEASE,jwst_1535.pmap,13.1.13,,3,,G395H,159.0917604,72.34666639999999,36.1477737,159.1260696,0.317521334,72.34666639999999,0.144390091,f,,,,,,,,16,4,,,,,,,,,203051520,30b28347f8a124ec28ef0a2962e01436,/Date(1784744652067)/,61243.76680631944,/Date(1784745161438)/,61243.77270180555,86,/Date(1790426435000)/,61309.528182870374,False,False,False,6731638,mast:JWST/product/jw07965002001_02101_00002_nrs1_cal.fits,"GO-7965 Peeters, Els",F290LP,NIRSPEC-F290LP,2026-09-26 12:40:35.000,2025-09-25 14:29:28.820
245122219,jw07965002001_02101_00003_nrs1_rate.fits,jw07965002001_02101_00003,2b,01,NRS_FULL_IFU,jw07965_20260722t125028_pool.csv,jw07965-o002_20260722t125028_spec2_00020_asn.json,114.37083282507956,60943.630287917615,t,,,60943.6242098259,60943.618131734176,GO,,58,f,/Date(1784743666371)/,61243.755397800924,/Date(1758812742611)/,60943.62896539352,/Date(1758811692211)/,60943.61680798611,NRS1,0,0,1050.4,875.333,72.944,OK,NRS_IFU,1,60943.62896540509,60943.62288670139,3,PRIME,60943.616807997685,2,F290LP,1,1.0,S9T8050511,0,-25.09628668977665,12.5869836807251,1,278.0765938271284,/Date(1758809203222)/,60943.5880002662,/Date(1758808880663)/,60943.58426693287,0.02707409,0.001901076291687787,0.02967572,111.89336499664932,60943.63025924309,f,60943.62418115144,60943.61810305978,NIRSPEC,f,,NONE,0,/Date(1435838400000)/,57205.5,0,12,,1,5,12,1,1,1,4,60943.94239681713,V07965002001P0000000002101,2,NIRSpec IFU sky,STSCI,FINEGUIDE,"Peeters, Els",NRS_FULL_IFU,PRDOPSSOC-073,7965,-25.120469444444446,278.14763750000003,60939.53320265046,NRSIRS2RAPID,491,"Gas, Dust and the ISM",2026_1b,,1,1,FULL,,2048,2048,1,1,-25.12046944444444,278.14763750000003,NGC 6644 background,f,NGC-6644-BACKGROUND,FIXED,0.1,0.1,JWST,NIRSpec IFU Spectroscopy,14.58889,14.589,UTC,Probing the chemical evolution of the carriers of the Aromatic Infrared Band emission.,10,f,1,07965002001,/Date(1758816361999)/,60943.67085648148,02,SUCCESSFUL,PRIME_TARGETED_FIXED,/Date(1758808612375)/,60943.58116175926,-0.0259002,-0.1333002,f,,,,,,IFUImageModel,f,,,,,/Date(1758811692211)/,60943.61680798611,,0.0,IFU,2025268T165851373_002_osf.xml,,,,,EXTENDED,,3,,4-POINT-DITHER,,,t,CALCULATED_TRACK_TR_202111,11.0,5,86.4786895205476,,,,,-25.120673204721136,278.14806730576277,f,,Calibration,Telescope/sky background,GSC32,0.06696244847590109,0.37212898267817046,700.267,,,,,,,,,,,,,POLYGON ICRS  278.146859349 -25.121140548 278.148319187 -25.121140548 278.148319187 -25.119848169 278.146859349 -25.119848169,2.0.1,RELEASE,jwst_1535.pmap,13.1.13,,3,,G395H,159.0917604,72.34666639999999,36.1477737,159.1260696,0.317521334,72.34666639999999,0.144390091,f,,,,,,,,16,4,,,,,,,,,203051520,fec0b58ab5ac48c8cbf86ffb388f5503,/Date(1784744669543)/,61243.767008599534,/Date(1784745170171)/,61243.772802893516,86,/Date(1790426430000)/,61309.528125,False,False,False,6731728,mast:JWST/product/jw07965002001_02101_00003_nrs1_cal.fits,"GO-7965 Peeters, Els",F290LP,NIRSPEC-F290LP,2026-09-26 12:40:30.000,2025-09-25 14:48:12.211
245122183,jw07965002001_02101_00004_nrs1_rate.fits,jw07965002001_02101_00004,2b,01,NRS_FULL_IFU,jw07965_20260722t125028_pool.csv,jw07965-o002_20260722t125028_spec2_00018_asn.json,114.25773308146745,60943.643288819214,t,,,60943.63721072751,60943.6311326358,GO,,58,f,/Date(1784743621380)/,61243.75487708333,/Date(1758813866002)/,60943.641967627314,/Date(1758812815602)/,60943.62981021991,NRS1,0,0,1050.4,875.333,72.944,OK,NRS_IFU,1,60943.64196761574,60943.63588891204,4,PRIME,60943.62981020833,2,F290LP,1,1.0,S9T8050511,0,-25.09628668977665,12.5869836807251,1,278.0765938271284,/Date(1758809203222)/,60943.5880002662,/Date(1758808880663)/,60943.58426693287,0.02707409,0.001901076291687787,0.02967572,111.7802533088252,60943.643260144556,f,60943.63718205292,60943.63110396126,NIRSPEC,f,,NONE,0,/Date(1435838400000)/,57205.5,0,12,,1,5,12,1,1,1,4,60943.94239681713,V07965002001P0000000002101,2,NIRSpec IFU sky,STSCI,FINEGUIDE,"Peeters, Els",NRS_FULL_IFU,PRDOPSSOC-073,7965,-25.120469444444446,278.14763750000003,60939.53320265046,NRSIRS2RAPID,491,"Gas, Dust and the ISM",2026_1b,,1,1,FULL,,2048,2048,1,1,-25.12046944444444,278.14763750000003,NGC 6644 background,f,NGC-6644-BACKGROUND,FIXED,0.1,0.1,JWST,NIRSpec IFU Spectroscopy,14.58889,14.589,UTC,Probing the chemical evolution of the carriers of the Aromatic Infrared Band emission.,10,f,1,07965002001,/Date(1758816361999)/,60943.67085648148,02,SUCCESSFUL,PRIME_TARGETED_FIXED,/Date(1758808612375)/,60943.58116175926,-0.0775997,0.2415001,f,,,,,,IFUImageModel,f,,,,,/Date(1758812815602)/,60943.62981021991,,0.0,IFU,2025268T165851373_002_osf.xml,,,,,EXTENDED,,4,,4-POINT-DITHER,,,t,CALCULATED_TRACK_TR_202111,11.0,5,86.4786895205476,,,,,-25.120610402890783,278.14815892262453,f,,Calibration,Telescope/sky background,GSC32,0.0659182402509478,0.36770292890432216,700.267,,,,,,,,,,,,,POLYGON ICRS  278.146952386 -25.121077661 278.148412224 -25.121077661 278.148412224 -25.119785282 278.146952386 -25.119785282,2.0.1,RELEASE,jwst_1535.pmap,13.1.13,,3,,G395H,159.0917604,72.34666639999999,36.1477737,159.1260696,0.317521334,72.34666639999999,0.144390091,f,,,,,,,,16,4,,,,,,,,,203051520,58daa42d247537fac5bdb76a803b2ec7,/Date(1784744649121)/,61243.766772222225,/Date(1784745158757)/,61243.77267078704,86,/Date(1790426442000)/,61309.52826388889,False,False,False,6731854,mast:JWST/product/jw07965002001_02101_00004_nrs1_cal.fits,"GO-7965 Peeters, Els",F290LP,NIRSPEC-F290LP,2026-09-26 12:40:42.000,2025-09-25 15:06:55.602
245121180,jw07965002001_02103_00001_nrs1_rate.fits,jw07965002001_02103_00001,2b,03,NRS_FULL_IFU,jw07965_20260722t125028_pool.csv,jw07965-o002_20260722t125028_spec2_00016_asn.json,114.12638949695975,60943.6482564556,t,,,60943.64724343838,60943.646230421175,GO,,58,f,/Date(1784743562424)/,61243.75419471065,/Date(1758814295249)/,60943.646935763885,/Date(1758814120182)/,60943.644909525465,NRS1,0,0,175.067,145.889,72.945,OK,NRS_IFU,5,60943.64693575232,60943.6459226331,1,PRIME,60943.64490951389,2,F100LP,1,1.0,S9T8050511,0,-25.09628668977665,12.5869836807251,1,278.0765938271284,/Date(1758809203222)/,60943.5880002662,/Date(1758808880663)/,60943.58426693287,0.02707409,0.001901076291687787,0.02967572,111.64889652282,60943.64822778089,f,60943.64721476368,60943.64620174649,NIRSPEC,f,,NONE,0,/Date(1435838400000)/,57205.5,0,12,,1,5,2,1,1,1,4,60943.94239681713,V07965002001P0000000002103,2,NIRSpec IFU sky,STSCI,FINEGUIDE,"Peeters, Els",NRS_FULL_IFU,PRDOPSSOC-073,7965,-25.120469444444446,278.14763750000003,60939.53320265046,NRSIRS2RAPID,491,"Gas, Dust and the ISM",2026_1b,,1,1,FULL,,2048,2048,1,1,-25.12046944444444,278.14763750000003,NGC 6644 background,f,NGC-6644-BACKGROUND,FIXED,0.1,0.1,JWST,NIRSpec IFU Spectroscopy,14.58889,14.589,UTC,Probing the chemical evolution of the carriers of the Aromatic Infrared Band emission.,10,f,1,07965002001,/Date(1758816361999)/,60943.67085648148,02,SUCCESSFUL,PRIME_TARGETED_FIXED,/Date(1758808612375)/,60943.58116175926,-0.2328004,-0.0774004,f,,,,,,IFUImageModel,f,,,,,/Date(1758814120182)/,60943.644909525465,,0.0,IFU,2025268T170310622_002_osf.xml,,,,,EXTENDED,,1,,4-POINT-DITHER,,,t,CALCULATED_TRACK_TR_202111,11.0,5,86.4786895205476,,,,,-25.120703352045293,278.14812157131036,f,,Calibration,Telescope/sky background,GSC32,0.06799031434845863,0.31663307766761073,116.711,,,,,,,,,,,,,POLYGON ICRS  278.146914269 -25.121176261 278.148374138 -25.121176261 278.148374138 -25.119883974 278.146914269 -25.119883974,2.0.1,RELEASE,jwst_1535.pmap,13.1.13,,3,,G140H,179.5286072,66.731394,36.1527023,179.5400436,0.358352035,66.70852119999999,0.133212984,f,,,,,,,,16,4,,,,,,,,,203051520,b69f0b06bc86df43ca257772bb6b5973,/Date(1784744314762)/,61243.76290234954,/Date(1784744739739)/,61243.767821064816,86,/Date(1790426435000)/,61309.528182870374,False,False,False,6731892,mast:JWST/product/jw07965002001_02103_00001_nrs1_cal.fits,"GO-7965 Peeters, Els",F100LP,NIRSPEC-F100LP,2026-09-26 12:40:35.000,2025-09-25 15:28:40.182
245122032,jw07965002001_02103_00002_nrs1_rate.fits,jw07965002001_02103_00002,2b,03,NRS_FULL_IFU,jw07965_20260722t125028_pool.csv,jw07965-o002_20260722t125028_spec2_00014_asn.json,114.10142043605447,60943.65112653698,t,,,60943.65011351976,60943.64910050255,GO,,58,f,/Date(1784743576550)/,61243.75435821759,/Date(1758814543249)/,60943.64980613426,/Date(1758814368182)/,60943.64777989584,NRS1,0,0,175.067,145.889,72.945,OK,NRS_IFU,5,60943.64980612269,60943.64879300347,2,PRIME,60943.64777988426,2,F100LP,1,1.0,S9T8050511,0,-25.09628668977665,12.5869836807251,1,278.0765938271284,/Date(1758809203222)/,60943.5880002662,/Date(1758808880663)/,60943.58426693287,0.02707409,0.001901076291687787,0.02967572,111.62392494734377,60943.65109786224,f,60943.65008484504,60943.64907182784,NIRSPEC,f,,NONE,0,/Date(1435838400000)/,57205.5,0,12,,1,5,2,1,1,1,4,60943.94239681713,V07965002001P0000000002103,2,NIRSpec IFU sky,STSCI,FINEGUIDE,"Peeters, Els",NRS_FULL_IFU,PRDOPSSOC-073,7965,-25.120469444444446,278.14763750000003,60939.53320265046,NRSIRS2RAPID,491,"Gas, Dust and the ISM",2026_1b,,1,1,FULL,,2048,2048,1,1,-25.12046944444444,278.14763750000003,NGC 6644 background,f,NGC-6644-BACKGROUND,FIXED,0.1,0.1,JWST,NIRSpec IFU Spectroscopy,14.58889,14.589,UTC,Probing the chemical evolution of the carriers of the Aromatic Infrared Band emission.,10,f,1,07965002001,/Date(1758816361999)/,60943.67085648148,02,SUCCESSFUL,PRIME_TARGETED_FIXED,/Date(1758808612375)/,60943.58116175926,0.1292004,0.1855004,f,,,,,,IFUImageModel,f,,,,,/Date(1758814368182)/,60943.64777989584,,0.0,IFU,2025268T170310622_002_osf.xml,,,,,EXTENDED,,2,,4-POINT-DITHER,,,t,CALCULATED_TRACK_TR_202111,11.0,5,86.4786895205476,,,,,-25.120580368054842,278.1481008086172,f,,Calibration,Telescope/sky background,GSC32,0.06664819865795786,0.3697457229537906,116.711,,,,,,,,,,,,,POLYGON ICRS  278.146893825 -25.121053269 278.148353693 -25.121053269 278.148353693 -25.119760982 278.146893825 -25.119760982,2.0.1,RELEASE,jwst_1535.pmap,13.1.13,,3,,G140H,179.5286072,66.731394,36.1527023,179.5400436,0.358352035,66.70852119999999,0.133212984,f,,,,,,,,16,4,,,,,,,,,203051520,d8323f4ee8d8dd14cbe8f3dfed58244e,/Date(1784744589252)/,61243.76607931713,/Date(1784745102947)/,61243.77202483796,86,/Date(1790426430000)/,61309.528125,False,False,False,6731910,mast:JWST/product/jw07965002001_02103_00002_nrs1_cal.fits,"GO-7965 Peeters, Els",F100LP,NIRSPEC-F100LP,2026-09-26 12:40:30.000,2025-09-25 15:32:48.182
245121206,jw07965002001_02103_00003_nrs1_rate.fits,jw07965002001_02103_00003,2b,03,NRS_FULL_IFU,jw07965_20260722t125028_pool.csv,jw07965-o002_20260722t125028_spec2_00012_asn.json,114.07645200379193,60943.653996618355,t,,,60943.65298360115,60943.65197058394,GO,,58,f,/Date(1784743552835)/,61243.75408375,/Date(1758814791249)/,60943.65267650463,/Date(1758814616182)/,60943.6506502662,NRS1,0,0,175.067,145.889,72.945,OK,NRS_IFU,5,60943.65267649305,60943.65166337384,3,PRIME,60943.65065025463,2,F100LP,1,1.0,S9T8050511,0,-25.09628668977665,12.5869836807251,1,278.0765938271284,/Date(1758809203222)/,60943.5880002662,/Date(1758808880663)/,60943.58426693287,0.02707409,0.001901076291687787,0.02967572,111.59895400051028,60943.65396794359,f,60943.65295492639,60943.65194190919,NIRSPEC,f,,NONE,0,/Date(1435838400000)/,57205.5,0,12,,1,5,2,1,1,1,4,60943.94239681713,V07965002001P0000000002103,2,NIRSpec IFU sky,STSCI,FINEGUIDE,"Peeters, Els",NRS_FULL_IFU,PRDOPSSOC-073,7965,-25.120469444444446,278.14763750000003,60939.53320265046,NRSIRS2RAPID,491,"Gas, Dust and the ISM",2026_1b,,1,1,FULL,,2048,2048,1,1,-25.12046944444444,278.14763750000003,NGC 6644 background,f,NGC-6644-BACKGROUND,FIXED,0.1,0.1,JWST,NIRSpec IFU Spectroscopy,14.58889,14.589,UTC,Probing the chemical evolution of the carriers of the Aromatic Infrared Band emission.,10,f,1,07965002001,/Date(1758816361999)/,60943.67085648148,02,SUCCESSFUL,PRIME_TARGETED_FIXED,/Date(1758808612375)/,60943.58116175926,-0.0259002,-0.1333002,f,,,,,,IFUImageModel,f,,,,,/Date(1758814616182)/,60943.6506502662,,0.0,IFU,2025268T170310622_002_osf.xml,,,,,EXTENDED,,3,,4-POINT-DITHER,,,t,CALCULATED_TRACK_TR_202111,11.0,5,86.4786895205476,,,,,-25.12067327381562,278.1480642039231,f,,Calibration,Telescope/sky background,GSC32,0.06869099270742632,0.4269439563389074,116.711,,,,,,,,,,,,,POLYGON ICRS  278.146857539 -25.121146145 278.148317408 -25.121146145 278.148317408 -25.119853858 278.146857539 -25.119853858,2.0.1,RELEASE,jwst_1535.pmap,13.1.13,,3,,G140H,179.5286072,66.731394,36.1527023,179.5400436,0.358352035,66.70852119999999,0.133212984,f,,,,,,,,16,4,,,,,,,,,203051520,fb63ef1201186172b740067cc5e1d8cc,/Date(1784744328225)/,61243.763058171295,/Date(1784744753540)/,61243.76798078704,86,/Date(1790426422000)/,61309.528032407405,False,False,False,6731947,mast:JWST/product/jw07965002001_02103_00003_nrs1_cal.fits,"GO-7965 Peeters, Els",F100LP,NIRSPEC-F100LP,2026-09-26 12:40:22.000,2025-09-25 15:36:56.182
245121126,jw07965002001_02103_00004_nrs1_rate.fits,jw07965002001_02103_00004,2b,03,NRS_FULL_IFU,jw07965_20260722t125028_pool.csv,jw07965-o002_20260722t125028_spec2_00010_asn.json,114.05147665645927,60943.656867440404,t,,,60943.65585442319,60943.65484140598,GO,,58,f,/Date(1784743549629)/,61243.75404664352,/Date(1758815039313)/,60943.65554760417,/Date(1758814864246)/,60943.65352136574,NRS1,0,0,175.067,145.889,72.945,OK,NRS_IFU,5,60943.65554760417,60943.65453448495,4,PRIME,60943.65352136574,2,F100LP,1,1.0,S9T8050511,0,-25.09628668977665,12.5869836807251,1,278.0765938271284,/Date(1758809203222)/,60943.5880002662,/Date(1758808880663)/,60943.58426693287,0.02707409,0.001901076291687787,0.02967572,111.57397613860667,60943.65683876561,f,60943.6558257484,60943.654812731205,NIRSPEC,f,,NONE,0,/Date(1435838400000)/,57205.5,0,12,,1,5,2,1,1,1,4,60943.94239681713,V07965002001P0000000002103,2,NIRSpec IFU sky,STSCI,FINEGUIDE,"Peeters, Els",NRS_FULL_IFU,PRDOPSSOC-073,7965,-25.120469444444446,278.14763750000003,60939.53320265046,NRSIRS2RAPID,491,"Gas, Dust and the ISM",2026_1b,,1,1,FULL,,2048,2048,1,1,-25.12046944444444,278.14763750000003,NGC 6644 background,f,NGC-6644-BACKGROUND,FIXED,0.1,0.1,JWST,NIRSpec IFU Spectroscopy,14.58889,14.589,UTC,Probing the chemical evolution of the carriers of the Aromatic Infrared Band emission.,10,f,1,07965002001,/Date(1758816361999)/,60943.67085648148,02,SUCCESSFUL,PRIME_TARGETED_FIXED,/Date(1758808612375)/,60943.58116175926,-0.0775997,0.2415001,f,,,,,,IFUImageModel,f,,,,,/Date(1758814864246)/,60943.65352136574,,0.0,IFU,2025268T170310622_002_osf.xml,,,,,EXTENDED,,4,,4-POINT-DITHER,,,t,CALCULATED_TRACK_TR_202111,11.0,5,86.4786895205476,,,,,-25.120610417114204,278.1481569781174,f,,Calibration,Telescope/sky background,GSC32,0.06550831957835446,0.34318940031070067,116.711,,,,,,,,,,,,,POLYGON ICRS  278.146950620 -25.121083274 278.148410488 -25.121083274 278.148410488 -25.119790987 278.146950620 -25.119790987,2.0.1,RELEASE,jwst_1535.pmap,13.1.13,,3,,G140H,179.5286072,66.731394,36.1527023,179.5400436,0.358352035,66.70852119999999,0.133212984,f,,,,,,,,16,4,,,,,,,,,203051520,325d9ce8e77c63b69729a5c255360298,/Date(1784744306530)/,61243.762807060186,/Date(1784744686515)/,61243.76720504629,86,/Date(1790426422000)/,61309.528032407405,False,False,False,6731973,mast:JWST/product/jw07965002001_02103_00004_nrs1_cal.fits,"GO-7965 Peeters, Els",F100LP,NIRSPEC-F100LP,2026-09-26 12:40:22.000,2025-09-25 15:41:04.246
245122123,jw07965002001_02105_00001_nrs1_rate.fits,jw07965002001_02105_00001,2b,05,NRS_FULL_IFU,jw07965_20260722t125028_pool.csv,jw07965-o002_20260722t125028_spec2_00008_asn.json,114.01031501591206,60943.66159880427,t,,,60943.66058578705,60943.65957276985,GO,,58,f,/Date(1784743589653)/,61243.754509872684,/Date(1758815448144)/,60943.66027943287,/Date(1758815273077)/,60943.658253194444,NRS1,0,0,175.067,145.889,72.945,OK,NRS_IFU,9,60943.66027944445,60943.65926632523,1,PRIME,60943.65825320602,2,F170LP,1,1.0,S9T8050511,0,-25.09628668977665,12.5869836807251,1,278.0765938271284,/Date(1758809203222)/,60943.5880002662,/Date(1758808880663)/,60943.58426693287,0.02707409,0.001901076291687787,0.02967572,111.53281009756029,60943.66157012943,f,60943.66055711222,60943.659544095026,NIRSPEC,f,,NONE,0,/Date(1435838400000)/,57205.5,0,12,,1,5,2,1,1,1,4,60943.94239681713,V07965002001P0000000002105,2,NIRSpec IFU sky,STSCI,FINEGUIDE,"Peeters, Els",NRS_FULL_IFU,PRDOPSSOC-073,7965,-25.120469444444446,278.14763750000003,60939.53320265046,NRSIRS2RAPID,491,"Gas, Dust and the ISM",2026_1b,,1,1,FULL,,2048,2048,1,1,-25.12046944444444,278.14763750000003,NGC 6644 background,f,NGC-6644-BACKGROUND,FIXED,0.1,0.1,JWST,NIRSpec IFU Spectroscopy,14.58889,14.589,UTC,Probing the chemical evolution of the carriers of the Aromatic Infrared Band emission.,10,f,1,07965002001,/Date(1758816361999)/,60943.67085648148,02,SUCCESSFUL,PRIME_TARGETED_FIXED,/Date(1758808612375)/,60943.58116175926,-0.2328004,-0.0774004,f,,,,,,IFUImageModel,f,,,,,/Date(1758815273077)/,60943.658253194444,,0.0,IFU,2025268T170729547_002_osf.xml,,,,,EXTENDED,,1,,4-POINT-DITHER,,,t,CALCULATED_TRACK_TR_202111,11.0,5,86.4786895205476,,,,,-25.12070334929856,278.1481199878002,f,,Calibration,Telescope/sky background,GSC32,0.0686726075609811,0.36361734080538527,116.711,,,,,,,,,,,,,POLYGON ICRS  278.146915578 -25.121172320 278.148375289 -25.121172320 278.148375289 -25.119880029 278.146915578 -25.119880029,2.0.1,RELEASE,jwst_1535.pmap,13.1.13,,3,,G235H,175.54874,69.0301104,36.16585,175.605922,0.350459635,69.04154679999999,0.137820691,f,,,,,,,,16,4,,,,,,,,,203051520,cbad25332201dbac126f91b5e41375cb,/Date(1784744624345)/,61243.766485486114,/Date(1784745132988)/,61243.77237252315,86,/Date(1790426535000)/,61309.529340277775,False,False,False,6732011,mast:JWST/product/jw07965002001_02105_00001_nrs1_cal.fits,"GO-7965 Peeters, Els",F170LP,NIRSPEC-F170LP,2026-09-26 12:42:15.000,2025-09-25 15:47:53.077
245121099,jw07965002001_02105_00002_nrs1_rate.fits,jw07965002001_02105_00002,2b,05,NRS_FULL_IFU,jw07965_20260722t125028_pool.csv,jw07965-o002_20260722t125028_spec2_00006_asn.json,113.98534532636404,60943.66446888564,t,,,60943.66345586843,60943.66244285122,GO,,58,f,/Date(1784743540293)/,61243.75393857639,/Date(1758815696144)/,60943.663149803244,/Date(1758815521077)/,60943.661123564816,NRS1,0,0,175.067,145.889,72.945,OK,NRS_IFU,9,60943.66314981481,60943.6621366956,2,PRIME,60943.66112357639,2,F170LP,1,1.0,S9T8050511,0,-25.09628668977665,12.5869836807251,1,278.0765938271284,/Date(1758809203222)/,60943.5880002662,/Date(1758808880663)/,60943.58426693287,0.02707409,0.001901076291687787,0.02967572,111.50783852208406,60943.66444021076,f,60943.66342719357,60943.662414176375,NIRSPEC,f,,NONE,0,/Date(1435838400000)/,57205.5,0,12,,1,5,2,1,1,1,4,60943.94239681713,V07965002001P0000000002105,2,NIRSpec IFU sky,STSCI,FINEGUIDE,"Peeters, Els",NRS_FULL_IFU,PRDOPSSOC-073,7965,-25.120469444444446,278.14763750000003,60939.53320265046,NRSIRS2RAPID,491,"Gas, Dust and the ISM",2026_1b,,1,1,FULL,,2048,2048,1,1,-25.12046944444444,278.14763750000003,NGC 6644 background,f,NGC-6644-BACKGROUND,FIXED,0.1,0.1,JWST,NIRSpec IFU Spectroscopy,14.58889,14.589,UTC,Probing the chemical evolution of the carriers of the Aromatic Infrared Band emission.,10,f,1,07965002001,/Date(1758816361999)/,60943.67085648148,02,SUCCESSFUL,PRIME_TARGETED_FIXED,/Date(1758808612375)/,60943.58116175926,0.1292004,0.1855004,f,,,,,,IFUImageModel,f,,,,,/Date(1758815521077)/,60943.661123564816,,0.0,IFU,2025268T170729547_002_osf.xml,,,,,EXTENDED,,2,,4-POINT-DITHER,,,t,CALCULATED_TRACK_TR_202111,11.0,5,86.4786895205476,,,,,-25.120580363776813,278.1480992535294,f,,Calibration,Telescope/sky background,GSC32,0.06394762492456056,0.36361734080538527,116.711,,,,,,,,,,,,,POLYGON ICRS  278.146895163 -25.121049327 278.148354872 -25.121049327 278.148354872 -25.119757036 278.146895163 -25.119757036,2.0.1,RELEASE,jwst_1535.pmap,13.1.13,,3,,G235H,175.54874,69.0301104,36.16585,175.605922,0.350459635,69.04154679999999,0.137820691,f,,,,,,,,16,4,,,,,,,,,203051520,6dd0eaf550222637fe8173c54c57ea5a,/Date(1784744304268)/,61243.76278085648,/Date(1784744669513)/,61243.76700825232,86,/Date(1790427134000)/,61309.53627314815,False,False,False,6732076,mast:JWST/product/jw07965002001_02105_00002_nrs1_cal.fits,"GO-7965 Peeters, Els",F170LP,NIRSPEC-F170LP,2026-09-26 12:52:14.000,2025-09-25 15:52:01.077
245121069,jw07965002001_02105_00003_nrs1_rate.fits,jw07965002001_02105_00003,2b,05,NRS_FULL_IFU,jw07965_20260722t125028_pool.csv,jw07965-o002_20260722t125028_spec2_00004_asn.json,113.96036997903138,60943.66733970768,t,,,60943.66632669047,60943.665313673264,GO,,58,f,/Date(1784743540424)/,61243.75394008102,/Date(1758815944208)/,60943.666020902776,/Date(1758815769141)/,60943.663994675924,NRS1,0,0,175.067,145.889,72.945,OK,NRS_IFU,9,60943.66602092593,60943.66500780671,3,PRIME,60943.6639946875,2,F170LP,1,1.0,S9T8050511,0,-25.09628668977665,12.5869836807251,1,278.0765938271284,/Date(1758809203222)/,60943.5880002662,/Date(1758808880663)/,60943.58426693287,0.02707409,0.001901076291687787,0.02967572,111.48286003153771,60943.66731103278,f,60943.666298015574,60943.66528499838,NIRSPEC,f,,NONE,0,/Date(1435838400000)/,57205.5,0,12,,1,5,2,1,1,1,4,60943.94239681713,V07965002001P0000000002105,2,NIRSpec IFU sky,STSCI,FINEGUIDE,"Peeters, Els",NRS_FULL_IFU,PRDOPSSOC-073,7965,-25.120469444444446,278.14763750000003,60939.53320265046,NRSIRS2RAPID,491,"Gas, Dust and the ISM",2026_1b,,1,1,FULL,,2048,2048,1,1,-25.12046944444444,278.14763750000003,NGC 6644 background,f,NGC-6644-BACKGROUND,FIXED,0.1,0.1,JWST,NIRSpec IFU Spectroscopy,14.58889,14.589,UTC,Probing the chemical evolution of the carriers of the Aromatic Infrared Band emission.,10,f,1,07965002001,/Date(1758816361999)/,60943.67085648148,02,SUCCESSFUL,PRIME_TARGETED_FIXED,/Date(1758808612375)/,60943.58116175926,-0.0259002,-0.1333002,f,,,,,,IFUImageModel,f,,,,,/Date(1758815769141)/,60943.663994675924,,0.0,IFU,2025268T170729547_002_osf.xml,,,,,EXTENDED,,3,,4-POINT-DITHER,,,t,CALCULATED_TRACK_TR_202111,11.0,5,86.4786895205476,,,,,-25.120673242895617,278.14806268072607,f,,Calibration,Telescope/sky background,GSC32,0.06306718068923965,0.3901736634484752,116.711,,,,,,,,,,,,,POLYGON ICRS  278.146858908 -25.121142176 278.148318619 -25.121142176 278.148318619 -25.119849885 278.146858908 -25.119849885,2.0.1,RELEASE,jwst_1535.pmap,13.1.13,,3,,G235H,175.54874,69.0301104,36.16585,175.605922,0.350459635,69.04154679999999,0.137820691,f,,,,,,,,16,4,,,,,,,,,203051520,e6680730c4e99af1e8e92190fe446064,/Date(1784744303163)/,61243.76276809028,/Date(1784744646279)/,61243.76673935185,86,/Date(1790427138000)/,61309.53631944444,False,False,False,6732087,mast:JWST/product/jw07965002001_02105_00003_nrs1_cal.fits,"GO-7965 Peeters, Els",F170LP,NIRSPEC-F170LP,2026-09-26 12:52:18.000,2025-09-25 15:56:09.141
245121108,jw07965002001_02105_00004_nrs1_rate.fits,jw07965002001_02105_00004,2b,05,NRS_FULL_IFU,jw07965_20260722t125028_pool.csv,jw07965-o002_20260722t125028_spec2_00002_asn.json,113.9354009181261,60943.67020978905,t,,,60943.66919677184,60943.66818375464,GO,,58,f,/Date(1784743549473)/,61243.75404482639,/Date(1758816192208)/,60943.66889127315,/Date(1758816017141)/,60943.666865046296,NRS1,0,0,175.067,145.889,72.945,OK,NRS_IFU,9,60943.66889129629,60943.66787817708,4,PRIME,60943.66686505787,2,F170LP,1,1.0,S9T8050511,0,-25.09628668977665,12.5869836807251,1,278.0765938271284,/Date(1758809203222)/,60943.5880002662,/Date(1758808880663)/,60943.58426693287,0.02707409,0.001901076291687787,0.02967572,111.45788845606148,60943.67018111412,f,60943.66916809692,60943.66815507973,NIRSPEC,f,,NONE,0,/Date(1435838400000)/,57205.5,0,12,,1,5,2,1,1,1,4,60943.94239681713,V07965002001P0000000002105,2,NIRSpec IFU sky,STSCI,FINEGUIDE,"Peeters, Els",NRS_FULL_IFU,PRDOPSSOC-073,7965,-25.120469444444446,278.14763750000003,60939.53320265046,NRSIRS2RAPID,491,"Gas, Dust and the ISM",2026_1b,,1,1,FULL,,2048,2048,1,1,-25.12046944444444,278.14763750000003,NGC 6644 background,f,NGC-6644-BACKGROUND,FIXED,0.1,0.1,JWST,NIRSpec IFU Spectroscopy,14.58889,14.589,UTC,Probing the chemical evolution of the carriers of the Aromatic Infrared Band emission.,10,f,1,07965002001,/Date(1758816361999)/,60943.67085648148,02,SUCCESSFUL,PRIME_TARGETED_FIXED,/Date(1758808612375)/,60943.58116175926,-0.0775997,0.2415001,f,,,,,,IFUImageModel,f,,,,,/Date(1758816017141)/,60943.666865046296,,0.0,IFU,2025268T170729547_002_osf.xml,,,,,EXTENDED,,4,,4-POINT-DITHER,,,t,CALCULATED_TRACK_TR_202111,11.0,5,86.4786895205476,,,,,-25.120610425027927,278.14815539586743,f,,Calibration,Telescope/sky background,GSC32,0.06755315642187239,0.31867587171707923,116.711,,,,,,,,,,,,,POLYGON ICRS  278.146951930 -25.121079344 278.148411640 -25.121079344 278.148411640 -25.119787054 278.146951930 -25.119787054,2.0.1,RELEASE,jwst_1535.pmap,13.1.13,,3,,G235H,175.54874,69.0301104,36.16585,175.605922,0.350459635,69.04154679999999,0.137820691,f,,,,,,,,16,4,,,,,,,,,203051520,9cc45763ee91883312b9adabbca942f2,/Date(1784744305393)/,61243.76279390046,/Date(1784744672375)/,61243.76704138889,86,/Date(1790427131000)/,61309.53623842593,False,False,False,6732101,mast:JWST/product/jw07965002001_02105_00004_nrs1_cal.fits,"GO-7965 Peeters, Els",F170LP,NIRSPEC-F170LP,2026-09-26 12:52:11.000,2025-09-25 16:00:17.141
246326110,jw06362004001_02101_00001_nrs1_rate.fits,jw06362004001_02101_00001,2b,01,NRS_FULL_IFU,jw06362_20260725t225002_pool.csv,jw06362-o004_20260725t225002_spec2_00018_asn.json,182.74164923932403,60945.33117479256,f,,,60945.32864175768,60945.326108722795,GO,,58,f,/Date(1785026865783)/,61247.03316878472,/Date(1758959630719)/,60945.32905925926,/Date(1758959193052)/,60945.32399366898,NRS1,0,0,437.667,364.722,72.944,OK,NRS_IFU,1,60945.329059247684,60945.32652645255,1,PRIME,60945.32399365741,2,F290LP,1,1.0,N9OY026310,0,37.31776978618777,12.84846878051758,1,78.42184182889582,/Date(1758959006016)/,60945.32182888889,/Date(1758958765376)/,60945.319043703705,0.0161230229,0.01076239719986916,0.03277647,185.65091227646917,60945.33120846458,f,60945.3286754297,60945.32614239482,NIRSPEC,f,,NONE,-0.13677200008714863,/Date(946684800000)/,51544,-0.144922,9,,1,5,5,1,1,1,9,60948.4956446875,V06362004001P0000000002101,4,HD33632,STSCI,FINEGUIDE,"Rickman, Emily",NRS_FULL_IFU,PRDOPSSOC-073,6362,37.33731111111111,78.32269916666665,60943.95492582176,NRSIRS2RAPID,491,Stellar Physics and Stellar Types,2026_1b,,1,1,FULL,,2048,2048,1,1,37.33633321299529,78.32139593802516,HD 33632,f,HD-33632,FIXED,0.1,0.1,JWST,NIRSpec IFU Spectroscopy,14.58889,14.589,UTC,Breaking the degeneracy: substellar anchors for evolutionary models,10,f,1,06362004001,/Date(1758963876155)/,60945.37819625,02,SUCCESSFUL,PRIME_TARGETED_FIXED,/Date(1758957454658)/,60945.30387333333,-0.2328004,-0.0774004,f,,,,,,IFUImageModel,f,,,,,/Date(1758959193052)/,60945.32399366898,,0.0,IFU,2025270T194644596_002_osf.xml,,,,,POINT,,1,SMALL,CYCLING,,,f,CALCULATED_TRACK_TR_202111,11.0,5,257.0609080725658,,,,,37.33512465143268,78.32332463520262,f,,Star,F stars,GSC32,0.4700624360174678,1.170929549155319,291.778,,,,,,,,,,,,,POLYGON ICRS  78.320563177 37.335739708 78.322182719 37.335739708 78.322182719 37.337029789 78.320563177 37.337029789,2.0.1,RELEASE,jwst_1535.pmap,13.1.13,,3,,G395H,159.12606959999997,72.392412,36.1674957,159.080324,0.3176354,72.36953919999999,0.144481331,f,,,,,,,,16,4,1,,,,,,,,203051520,ae63ab5f6e4f5b865774f44323f3496d,/Date(1785027114177)/,61247.0360437037,/Date(1785027231260)/,61247.03739884259,86,/Date(1790777391000)/,61313.59017361111,False,False,False,6763703,mast:JWST/product/jw06362004001_02101_00001_nrs1_cal.fits,"GO-6362 Rickman, Emily",F290LP,NIRSPEC-F290LP,2026-09-30 14:09:51.000,2025-09-27 07:46:33.052
246326335,jw06362004001_02101_00002_nrs1_rate.fits,jw06362004001_02101_00002,2b,01,NRS_FULL_IFU,jw06362_20260725t225002_pool.csv,jw06362-o004_20260725t225002_spec2_00016_asn.json,182.7899805502966,60945.33708498158,f,,,60945.3345519467,60945.33201891181,GO,,58,f,/Date(1785026891366)/,61247.03346488426,/Date(1758960141311)/,60945.33496886574,/Date(1758959703644)/,60945.329903275466,NRS1,0,0,437.667,364.722,72.944,OK,NRS_IFU,1,60945.334968877316,60945.33243608218,2,PRIME,60945.329903287035,2,F290LP,1,1.0,N9OY026310,0,37.31776978618777,12.84846878051758,1,78.42184182889582,/Date(1758959006016)/,60945.32182888889,/Date(1758958765376)/,60945.319043703705,0.0161230229,0.01076239719986916,0.03277647,185.699242958799,60945.33711865358,f,60945.33458561871,60945.33205258383,NIRSPEC,f,,NONE,-0.13677200008714863,/Date(946684800000)/,51544,-0.144922,9,,1,5,5,1,1,1,9,60948.4956446875,V06362004001P0000000002101,4,HD33632,STSCI,FINEGUIDE,"Rickman, Emily",NRS_FULL_IFU,PRDOPSSOC-073,6362,37.33731111111111,78.32269916666665,60943.95492582176,NRSIRS2RAPID,491,Stellar Physics and Stellar Types,2026_1b,,1,1,FULL,,2048,2048,1,1,37.33633321238059,78.32139593720595,HD 33632,f,HD-33632,FIXED,0.1,0.1,JWST,NIRSpec IFU Spectroscopy,14.58889,14.589,UTC,Breaking the degeneracy: substellar anchors for evolutionary models,10,f,1,06362004001,/Date(1758963876155)/,60945.37819625,02,SUCCESSFUL,PRIME_TARGETED_FIXED,/Date(1758957454658)/,60945.30387333333,0.1292004,0.1855004,f,,,,,,IFUImageModel,f,,,,,/Date(1758959703644)/,60945.329903275466,,0.0,IFU,2025270T194644596_002_osf.xml,,,,,POINT,,2,SMALL,CYCLING,,,f,CALCULATED_TRACK_TR_202111,11.0,5,257.0609080725658,,,,,37.33500736724521,78.32337394247422,f,,Star,F stars,GSC32,0.42183615409761643,1.134159256264887,291.778,,,,,,,,,,,,,POLYGON ICRS  78.320611777 37.335622335 78.322231320 37.335622335 78.322231320 37.336912418 78.320611777 37.336912418,2.0.1,RELEASE,jwst_1535.pmap,13.1.13,,3,,G395H,159.1260696,72.392412,36.1674957,159.080324,0.3176354,72.36953919999999,0.144481331,f,,,,,,,,16,4,1,,,,,,,,203051520,2a4a331e854a4aa1bdf3d5e41c9d1d7d,/Date(1785027124543)/,61247.03616369213,/Date(1785027259927)/,61247.037730625,86,/Date(1790777389000)/,61313.590150462966,False,False,False,6763732,mast:JWST/product/jw06362004001_02101_00002_nrs1_cal.fits,"GO-6362 Rickman, Emily",F290LP,NIRSPEC-F290LP,2026-09-30 14:09:49.000,2025-09-27 07:55:03.644
246325292,jw06362004001_02101_00003_nrs1_rate.fits,jw06362004001_02101_00003,2b,01,NRS_FULL_IFU,jw06362_20260725t225002_pool.csv,jw06362-o004_20260725t225002_spec2_00014_asn.json,182.83831626176834,60945.3429958998,f,,,60945.34046286493,60945.33792983005,GO,,58,f,/Date(1785026810605)/,61247.03253016204,/Date(1758960651966)/,60945.34087923611,/Date(1758960214299)/,60945.33581365741,NRS1,0,0,437.667,364.722,72.944,OK,NRS_IFU,1,60945.34087923611,60945.33834644097,3,PRIME,60945.335813645834,2,F290LP,1,1.0,N9OY026310,0,37.31776978618777,12.84846878051758,1,78.42184182889582,/Date(1758959006016)/,60945.32182888889,/Date(1758958765376)/,60945.319043703705,0.0161230229,0.01076239719986916,0.03277647,185.74757741298527,60945.34302957179,f,60945.34049653693,60945.337963502054,NIRSPEC,f,,NONE,-0.13677200008714863,/Date(946684800000)/,51544,-0.144922,9,,1,5,5,1,1,1,9,60948.4956446875,V06362004001P0000000002101,4,HD33632,STSCI,FINEGUIDE,"Rickman, Emily",NRS_FULL_IFU,PRDOPSSOC-073,6362,37.33731111111111,78.32269916666665,60943.95492582176,NRSIRS2RAPID,491,Stellar Physics and Stellar Types,2026_1b,,1,1,FULL,,2048,2048,1,1,37.33633321176581,78.32139593638665,HD 33632,f,HD-33632,FIXED,0.1,0.1,JWST,NIRSpec IFU Spectroscopy,14.58889,14.589,UTC,Breaking the degeneracy: substellar anchors for evolutionary models,10,f,1,06362004001,/Date(1758963876155)/,60945.37819625,02,SUCCESSFUL,PRIME_TARGETED_FIXED,/Date(1758957454658)/,60945.30387333333,-0.0259002,-0.1333002,f,,,,,,IFUImageModel,f,,,,,/Date(1758960214299)/,60945.33581365741,,0.0,IFU,2025270T194644596_002_osf.xml,,,,,POINT,,3,SMALL,CYCLING,,,f,CALCULATED_TRACK_TR_202111,11.0,5,257.0609080725658,,,,,37.335104405363296,78.32339623589,f,,Star,F stars,GSC32,0.43046981886828994,1.0369222595101883,291.778,,,,,,,,,,,,,POLYGON ICRS  78.320633354 37.335719306 78.322252899 37.335719306 78.322252899 37.337009389 78.320633354 37.337009389,2.0.1,RELEASE,jwst_1535.pmap,13.1.13,,3,,G395H,159.12606959999997,72.392412,36.1674957,159.080324,0.3176354,72.36953919999999,0.144481331,f,,,,,,,,16,4,1,,,,,,,,203051520,c1ca660ae3e10034e2f975017581a6f5,/Date(1785026967786)/,61247.034349375,/Date(1785027104263)/,61247.035928969904,86,/Date(1790777357000)/,61313.589780092596,False,False,False,6763773,mast:JWST/product/jw06362004001_02101_00003_nrs1_cal.fits,"GO-6362 Rickman, Emily",F290LP,NIRSPEC-F290LP,2026-09-30 14:09:17.000,2025-09-27 08:03:34.299
246326125,jw06362004001_02101_00004_nrs1_rate.fits,jw06362004001_02101_00004,2b,01,NRS_FULL_IFU,jw06362_20260725t225002_pool.csv,jw06362-o004_20260725t225002_spec2_00012_asn.json,182.8866456868127,60945.34890608878,f,,,60945.346373053915,60945.34384001905,GO,,58,f,/Date(1785026833697)/,61247.03279740741,/Date(1758961162558)/,60945.346788842595,/Date(1758960724891)/,60945.34172326389,NRS1,0,0,437.667,364.722,72.944,OK,NRS_IFU,1,60945.34678886574,60945.3442560706,4,PRIME,60945.341723275465,2,F290LP,1,1.0,N9OY026310,0,37.31776978618777,12.84846878051758,1,78.42184182889582,/Date(1758959006016)/,60945.32182888889,/Date(1758958765376)/,60945.319043703705,0.0161230229,0.01076239719986916,0.03277647,185.79590558074415,60945.34893976076,f,60945.3464067259,60945.34387369104,NIRSPEC,f,,NONE,-0.13677200008714863,/Date(946684800000)/,51544,-0.144922,9,,1,5,5,1,1,1,9,60948.4956446875,V06362004001P0000000002101,4,HD33632,STSCI,FINEGUIDE,"Rickman, Emily",NRS_FULL_IFU,PRDOPSSOC-073,6362,37.33731111111111,78.32269916666665,60943.95492582176,NRSIRS2RAPID,491,Stellar Physics and Stellar Types,2026_1b,,1,1,FULL,,2048,2048,1,1,37.33633321115111,78.32139593556745,HD 33632,f,HD-33632,FIXED,0.1,0.1,JWST,NIRSpec IFU Spectroscopy,14.58889,14.589,UTC,Breaking the degeneracy: substellar anchors for evolutionary models,10,f,1,06362004001,/Date(1758963876155)/,60945.37819625,02,SUCCESSFUL,PRIME_TARGETED_FIXED,/Date(1758957454658)/,60945.30387333333,-0.0775997,0.2415001,f,,,,,,IFUImageModel,f,,,,,/Date(1758960724891)/,60945.34172326389,,0.0,IFU,2025270T195500161_001_osf.xml,,,,,POINT,,4,SMALL,CYCLING,,,f,CALCULATED_TRACK_TR_202111,11.0,5,257.0609080725658,,,,,37.33502867170616,78.3233054242504,f,,Star,F stars,GSC32,0.4503609130867742,1.0982060809942422,291.778,,,,,,,,,,,,,POLYGON ICRS  78.320541819 37.335643487 78.322161363 37.335643487 78.322161363 37.336933570 78.320541819 37.336933570,2.0.1,RELEASE,jwst_1535.pmap,13.1.13,,3,,G395H,159.12606959999997,72.392412,36.1674957,159.080324,0.3176354,72.36953919999999,0.144481331,f,,,,,,,,16,4,1,,,,,,,,203051520,04cedf14eac455e93fec3299ae8b24b8,/Date(1785027115115)/,61247.03605458333,/Date(1785027233803)/,61247.037428275464,86,/Date(1790777368000)/,61313.589907407404,False,False,False,6763796,mast:JWST/product/jw06362004001_02101_00004_nrs1_cal.fits,"GO-6362 Rickman, Emily",F290LP,NIRSPEC-F290LP,2026-09-30 14:09:28.000,2025-09-27 08:12:04.891
246326076,jw06362004001_02101_00005_nrs1_rate.fits,jw06362004001_02101_00005,2b,01,NRS_FULL_IFU,jw06362_20260725t225002_pool.csv,jw06362-o004_20260725t225002_spec2_00010_asn.json,182.93497888371348,60945.35481701855,f,,,60945.352283983695,60945.34975094883,GO,,58,f,/Date(1785026829787)/,61247.03275215278,/Date(1758961673214)/,60945.35269922454,/Date(1758961235547)/,60945.34763363426,NRS1,0,0,437.667,364.722,72.944,OK,NRS_IFU,1,60945.35269923611,60945.35016644097,5,PRIME,60945.34763364583,2,F290LP,1,1.0,N9OY026310,0,37.31776978618777,12.84846878051758,1,78.42184182889582,/Date(1758959006016)/,60945.32182888889,/Date(1758958765376)/,60945.319043703705,0.0161230229,0.01076239719986916,0.03277647,185.8442381490022,60945.35485069052,f,60945.35231765567,60945.34978462081,NIRSPEC,f,,NONE,-0.13677200008714863,/Date(946684800000)/,51544,-0.144922,9,,1,5,5,1,1,1,9,60948.4956446875,V06362004001P0000000002101,4,HD33632,STSCI,FINEGUIDE,"Rickman, Emily",NRS_FULL_IFU,PRDOPSSOC-073,6362,37.33731111111111,78.32269916666665,60943.95492582176,NRSIRS2RAPID,491,Stellar Physics and Stellar Types,2026_1b,,1,1,FULL,,2048,2048,1,1,37.33633321053633,78.32139593474814,HD 33632,f,HD-33632,FIXED,0.1,0.1,JWST,NIRSpec IFU Spectroscopy,14.58889,14.589,UTC,Breaking the degeneracy: substellar anchors for evolutionary models,10,f,1,06362004001,/Date(1758963876155)/,60945.37819625,02,SUCCESSFUL,PRIME_TARGETED_FIXED,/Date(1758957454658)/,60945.30387333333,0.0,0.0,f,,,,,,IFUImageModel,f,,,,,/Date(1758961235547)/,60945.34763363426,,0.0,IFU,2025270T195500161_001_osf.xml,,,,,POINT,,5,SMALL,CYCLING,,,f,CALCULATED_TRACK_TR_202111,11.0,5,257.0609080725658,,,,,37.335070349105564,78.32337762558991,f,,Star,F stars,GSC32,0.42416248796115114,1.0115916132967795,291.778,,,,,,,,,,,,,POLYGON ICRS  78.320613312 37.335685093 78.322232856 37.335685093 78.322232856 37.336975175 78.320613312 37.336975175,2.0.1,RELEASE,jwst_1535.pmap,13.1.13,,3,,G395H,159.1260696,72.392412,36.1674957,159.080324,0.3176354,72.36953919999999,0.144481331,f,,,,,,,,16,4,1,,,,,,,,203051520,8a330eec05464815f1122fad2439a9b1,/Date(1785027110314)/,61247.03599899306,/Date(1785027228092)/,61247.0373621875,86,/Date(1790777352000)/,61313.58972222222,False,False,False,6763836,mast:JWST/product/jw06362004001_02101_00005_nrs1_cal.fits,"GO-6362 Rickman, Emily",F290LP,NIRSPEC-F290LP,2026-09-30 14:09:12.000,2025-09-27 08:20:35.547
246342473,jw06362004001_02101_00006_nrs1_rate.fits,jw06362004001_02101_00006,2b,01,NRS_FULL_IFU,jw06362_20260725t225002_pool.csv,jw06362-o004_20260725t225002_spec2_00008_asn.json,182.98330516554415,60945.360727195926,f,,,60945.358194161076,60945.35566112622,GO,,58,f,/Date(1785030986930)/,61247.08086724537,/Date(1758962183805)/,60945.35860886574,/Date(1758961746138)/,60945.353543240744,NRS1,0,0,437.667,364.722,72.944,OK,NRS_IFU,1,60945.35860885416,60945.356076059026,6,PRIME,60945.35354326389,2,F290LP,1,1.0,N9OY026310,0,37.31776978618777,12.84846878051758,1,78.42184182889582,/Date(1758959006016)/,60945.32182888889,/Date(1758958765376)/,60945.319043703705,0.0161230229,0.01076239719986916,0.03277647,185.8925631735474,60945.36076086789,f,60945.358227833036,60945.355694798185,NIRSPEC,f,,NONE,-0.13677200008714863,/Date(946684800000)/,51544,-0.144922,9,,1,5,5,1,1,1,9,60948.4956446875,V06362004001P0000000002101,4,HD33632,STSCI,FINEGUIDE,"Rickman, Emily",NRS_FULL_IFU,PRDOPSSOC-073,6362,37.33731111111111,78.32269916666665,60943.95492582176,NRSIRS2RAPID,491,Stellar Physics and Stellar Types,2026_1b,,1,1,FULL,,2048,2048,1,1,37.33633320992163,78.32139593392894,HD 33632,f,HD-33632,FIXED,0.1,0.1,JWST,NIRSpec IFU Spectroscopy,14.58889,14.589,UTC,Breaking the degeneracy: substellar anchors for evolutionary models,10,f,1,06362004001,/Date(1758963876155)/,60945.37819625,02,SUCCESSFUL,PRIME_TARGETED_FIXED,/Date(1758957454658)/,60945.30387333333,-0.1552001,0.0552998,f,,,,,,IFUImageModel,f,,,,,/Date(1758961746138)/,60945.353543240744,,0.0,IFU,2025270T195500161_001_osf.xml,,,,,POINT,,6,SMALL,CYCLING,,,f,CALCULATED_TRACK_TR_202111,11.0,5,257.0609080725658,,,,,37.33508335465895,78.3233231119679,f,,Star,F stars,GSC32,0.5004232582982877,1.2322133706393728,291.778,,,,,,,,,,,,,POLYGON ICRS  78.320558076 37.335698022 78.322177621 37.335698022 78.322177621 37.336988104 78.320558076 37.336988104,2.0.1,RELEASE,jwst_1535.pmap,13.1.13,,3,,G395H,159.12606959999997,72.392412,36.1674957,159.080324,0.3176354,72.36953919999999,0.144481331,f,,,,,,,,16,4,1,,,,,,,,203051520,18118478073eaea72ff22d15160ce39f,/Date(1785031392777)/,61247.08556453704,/Date(1785031657807)/,61247.08863201389,86,/Date(1790777354000)/,61313.58974537037,False,False,False,6763825,mast:JWST/product/jw06362004001_02101_00006_nrs1_cal.fits,"GO-6362 Rickman, Emily",F290LP,NIRSPEC-F290LP,2026-09-30 14:09:14.000,2025-09-27 08:29:06.138
246326101,jw06362004001_02101_00007_nrs1_rate.fits,jw06362004001_02101_00007,2b,01,NRS_FULL_IFU,jw06362_20260725t225002_pool.csv,jw06362-o004_20260725t225002_spec2_00006_asn.json,183.03163647651672,60945.3666381141,f,,,60945.36410507926,60945.36157204441,GO,,58,f,/Date(1785026822546)/,61247.03266835648,/Date(1758962694460)/,60945.36451921296,/Date(1758962256793)/,60945.35945362269,NRS1,0,0,437.667,364.722,72.944,OK,NRS_IFU,1,60945.36451921296,60945.361986417825,7,PRIME,60945.35945362269,2,F290LP,1,1.0,N9OY026310,0,37.31776978618777,12.84846878051758,1,78.42184182889582,/Date(1758959006016)/,60945.32182888889,/Date(1758958765376)/,60945.319043703705,0.0161230229,0.01076239719986916,0.03277647,185.94089322723448,60945.36667178605,f,60945.3641387512,60945.36160571636,NIRSPEC,f,,NONE,-0.13677200008714863,/Date(946684800000)/,51544,-0.144922,9,,1,5,5,1,1,1,9,60948.4956446875,V06362004001P0000000002101,4,HD33632,STSCI,FINEGUIDE,"Rickman, Emily",NRS_FULL_IFU,PRDOPSSOC-073,6362,37.33731111111111,78.32269916666665,60943.95492582176,NRSIRS2RAPID,491,Stellar Physics and Stellar Types,2026_1b,,1,1,FULL,,2048,2048,1,1,37.33633320930685,78.32139593310963,HD 33632,f,HD-33632,FIXED,0.1,0.1,JWST,NIRSpec IFU Spectroscopy,14.58889,14.589,UTC,Breaking the degeneracy: substellar anchors for evolutionary models,10,f,1,06362004001,/Date(1758963876155)/,60945.37819625,02,SUCCESSFUL,PRIME_TARGETED_FIXED,/Date(1758957454658)/,60945.30387333333,2e-07,0.1604002,f,,,,,,IFUImageModel,f,,,,,/Date(1758962256793)/,60945.35945362269,,0.0,IFU,2025270T212147911_001_osf.xml,,,,,POINT,,7,SMALL,CYCLING,,,f,CALCULATED_TRACK_TR_202111,11.0,5,257.0609080725658,,,,,37.33503431240819,78.32334607655538,f,,Star,F stars,GSC32,0.4241968069011822,1.0606186704840226,291.778,,,,,,,,,,,,,POLYGON ICRS  78.320580330 37.335648898 78.322199873 37.335648898 78.322199873 37.336938981 78.320580330 37.336938981,2.0.1,RELEASE,jwst_1535.pmap,13.1.13,,3,,G395H,159.12606959999997,72.392412,36.1674957,159.080324,0.3176354,72.36953919999999,0.144481331,f,,,,,,,,16,4,1,,,,,,,,203051520,12f1563d8f6632aa29acb269d9b67a71,/Date(1785027112905)/,61247.03602900463,/Date(1785027230538)/,61247.03739046296,86,/Date(1790777352000)/,61313.58972222222,False,False,False,6763856,mast:JWST/product/jw06362004001_02101_00007_nrs1_cal.fits,"GO-6362 Rickman, Emily",F290LP,NIRSPEC-F290LP,2026-09-30 14:09:12.000,2025-09-27 08:37:36.793
246326360,jw06362004001_02101_00008_nrs1_rate.fits,jw06362004001_02101_00008,2b,01,NRS_FULL_IFU,jw06362_20260725t225002_pool.csv,jw06362-o004_20260725t225002_spec2_00004_asn.json,183.07996653020382,60945.37254904383,f,,,60945.370016008994,60945.36748297415,GO,,58,f,/Date(1785026871054)/,61247.03322978009,/Date(1758963205116)/,60945.37042958333,/Date(1758962767449)/,60945.36536400463,NRS1,0,0,437.667,364.722,72.944,OK,NRS_IFU,1,60945.37042958333,60945.36789678819,8,PRIME,60945.365363993056,2,F290LP,1,1.0,N9OY026310,0,37.31776978618777,12.84846878051758,1,78.42184182889582,/Date(1758959006016)/,60945.32182888889,/Date(1758958765376)/,60945.319043703705,0.0161230229,0.01076239719986916,0.03277647,185.9892220236361,60945.37258271576,f,60945.370049680925,60945.36751664609,NIRSPEC,f,,NONE,-0.13677200008714863,/Date(946684800000)/,51544,-0.144922,9,,1,5,5,1,1,1,9,60948.4956446875,V06362004001P0000000002101,4,HD33632,STSCI,FINEGUIDE,"Rickman, Emily",NRS_FULL_IFU,PRDOPSSOC-073,6362,37.33731111111111,78.32269916666665,60943.95492582176,NRSIRS2RAPID,491,Stellar Physics and Stellar Types,2026_1b,,1,1,FULL,,2048,2048,1,1,37.33633320869207,78.32139593229033,HD 33632,f,HD-33632,FIXED,0.1,0.1,JWST,NIRSpec IFU Spectroscopy,14.58889,14.589,UTC,Breaking the degeneracy: substellar anchors for evolutionary models,10,f,1,06362004001,/Date(1758963876155)/,60945.37819625,02,SUCCESSFUL,PRIME_TARGETED_FIXED,/Date(1758957454658)/,60945.30387333333,0.0517002,0.1063002,f,,,,,,IFUImageModel,f,,,,,/Date(1758962767449)/,60945.36536400463,,0.0,IFU,2025270T212147911_001_osf.xml,,,,,POINT,,8,SMALL,CYCLING,,,f,CALCULATED_TRACK_TR_202111,11.0,5,257.0609080725658,,,,,37.33503822437315,78.32337258399659,f,,Star,F stars,GSC32,0.45479704464459986,1.123536727207651,291.778,,,,,,,,,,,,,POLYGON ICRS  78.320606124 37.335652734 78.322225668 37.335652734 78.322225668 37.336942817 78.320606124 37.336942817,2.0.1,RELEASE,jwst_1535.pmap,13.1.13,,3,,G395H,159.1260696,72.392412,36.1674957,159.080324,0.3176354,72.36953919999999,0.144481331,f,,,,,,,,16,4,1,,,,,,,,203051520,30284206cac0663c0b7779a292ff684d,/Date(1785027127351)/,61247.036196180554,/Date(1785027262799)/,61247.03776388889,86,/Date(1790777333000)/,61313.58950231481,False,False,False,6763883,mast:JWST/product/jw06362004001_02101_00008_nrs1_cal.fits,"GO-6362 Rickman, Emily",F290LP,NIRSPEC-F290LP,2026-09-30 14:08:53.000,2025-09-27 08:46:07.449
246325675,jw06362004001_02101_00009_nrs1_rate.fits,jw06362004001_02101_00009,2b,01,NRS_FULL_IFU,jw06362_20260725t225002_pool.csv,jw06362-o004_20260725t225002_spec2_00002_asn.json,183.12828841153532,60945.37845922116,f,,,60945.37592618633,60945.37339315149,GO,,58,f,/Date(1785026731141)/,61247.03161041666,/Date(1758963715707)/,60945.37633918982,/Date(1758963278040)/,60945.37127361111,NRS1,0,0,437.667,364.722,72.944,OK,NRS_IFU,1,60945.376339201386,60945.37380640625,9,PRIME,60945.37127361111,2,F290LP,1,1.0,N9OY026310,0,37.31776978618777,12.84846878051758,1,78.42184182889582,/Date(1758959006016)/,60945.32182888889,/Date(1758958765376)/,60945.319043703705,0.0161230229,0.01076239719986916,0.03277647,186.03754327632487,60945.378492893076,f,60945.37595985825,60945.37342682342,NIRSPEC,f,,NONE,-0.13677200008714863,/Date(946684800000)/,51544,-0.144922,9,,1,5,5,1,1,1,9,60948.4956446875,V06362004001P0000000002101,4,HD33632,STSCI,FINEGUIDE,"Rickman, Emily",NRS_FULL_IFU,PRDOPSSOC-073,6362,37.33731111111111,78.32269916666665,60943.95492582176,NRSIRS2RAPID,491,Stellar Physics and Stellar Types,2026_1b,,1,1,FULL,,2048,2048,1,1,37.33633320807737,78.32139593147113,HD 33632,f,HD-33632,FIXED,0.1,0.1,JWST,NIRSpec IFU Spectroscopy,14.58889,14.589,UTC,Breaking the degeneracy: substellar anchors for evolutionary models,10,f,1,06362004001,/Date(1758963876155)/,60945.37819625,02,SUCCESSFUL,PRIME_TARGETED_FIXED,/Date(1758957454658)/,60945.30387333333,-0.1552004,-0.1585004,f,,,,,,IFUImageModel,f,,,,,/Date(1758963278040)/,60945.37127361111,,0.0,IFU,2025270T212147911_001_osf.xml,,,,,POINT,,9,SMALL,CYCLING,,,f,CALCULATED_TRACK_TR_202111,11.0,5,257.0609080725658,,,,,37.335131575818345,78.32336912009922,f,,Star,F stars,GSC32,0.5000890571917948,1.2175052534832,291.778,,,,,,,,,,,,,POLYGON ICRS  78.320601941 37.335746017 78.322221487 37.335746017 78.322221487 37.337036100 78.320601941 37.337036100,2.0.1,RELEASE,jwst_1535.pmap,13.1.13,,3,,G395H,159.12606959999997,72.392412,36.1674957,159.080324,0.3176354,72.36953919999999,0.144481331,f,,,,,,,,16,4,1,,,,,,,,203051520,c70109c1ad4a8426dc67e5bfbce7df0a,/Date(1785027028489)/,61247.03505196759,/Date(1785027149207)/,61247.03644914352,86,/Date(1790777592000)/,61313.5925,False,False,False,6763911,mast:JWST/product/jw06362004001_02101_00009_nrs1_cal.fits,"GO-6362 Rickman, Emily",F290LP,NIRSPEC-F290LP,2026-09-30 14:13:12.000,2025-09-27 08:54:38.040
247883076,jw09065005001_02101_00001_nrs1_rate.fits,jw09065005001_02101_00001,2b,01,NRS_FULL_IFU,jw09065_20260730t031856_pool.csv,jw09065-o005_20260730t031856_spec2_00010_asn.json,138.68963322602212,60945.41119780727,f,,,60945.41069120475,60945.41018460224,GO,,58,f,/Date(1785386084782)/,61251.19079609954,/Date(1758966588793)/,60945.409592511576,/Date(1758966501260)/,60945.40857939815,NRS1,0,0,87.533,72.944,72.944,OK,NRS_IFU,1,60945.409592511576,60945.40908595486,1,PRIME,60945.40857939815,2,CLEAR,1,1.0,S1MG001146,0,-1.369075166425469,12.9110221862793,1,85.65715584770435,/Date(1758966210873)/,60945.4052184375,/Date(1758965783865)/,60945.40027622685,0.0156313,0.01174558326601982,0.0177687611,141.34988710284233,60945.41122859725,f,60945.41072199473,60945.410215392214,NIRSPEC,f,,NONE,0,/Date(946684800000)/,51544,0,10,,1,5,1,1,1,1,4,60948.4956446875,V09065005001P0000000002101,5,HOPS 310 NIRSpec,STSCI,FINEGUIDE,"Slavicinska, Katerina",NRS_FULL_IFU,PRDOPSSOC-073,9065,-1.333611111111111,85.61533333333333,60943.95492582176,NRSIRS2RAPID,491,"Gas, Dust and the ISM",2026_1b,,1,1,FULL,,2048,2048,1,1,-1.3336111111111109,85.61533333333333,IRAS 05399-0121,f,HOPS-310_NIRSpec,FIXED,0.1,0.1,JWST,NIRSpec IFU Spectroscopy,14.58889,14.589,UTC,Characterizing environmental effects on the formation and evolution of water in star-forming regions: Orion as a case study,10,f,1,09065005001,/Date(1758972011827)/,60945.47235909722,02,SUCCESSFUL,PRIME_TARGETED_FIXED,/Date(1758963880251)/,60945.37824363426,-0.2328004,-0.0774004,f,,,,,,IFUImageModel,f,,,,,/Date(1758966501260)/,60945.40857939815,,0.0,IFU,2025270T202214059_001_osf.xml,,,,,EXTENDED,,1,,4-POINT-DITHER,,,f,CALCULATED_TRACK_TR_202111,11.0,5,271.9606006046642,,,,,-1.3311410046520287,85.61623508403785,f,,ISM,Interstellar clouds; Interstellar dust; Protostars,GSC32,0.06746123068964631,0.3881308693990067,58.356,,,,,,,,,,,,,POLYGON ICRS  85.614669794 -1.334190007 85.615995314 -1.334190007 85.615995314 -1.332912238 85.614669794 -1.332912238,2.0.1,RELEASE,jwst_1535.pmap,13.1.13,,3,,PRISM,169.0185556,16.1367604,36.1674957,169.0071192,0.337366432,16.1367604,0.0322767757,f,,,,,,,,16,4,,,,,,,,,203077440,8d8d2292450523e0ebee06bf503607f8,/Date(1785386316029)/,61251.193472569445,/Date(1785386379643)/,61251.19420883102,86,/Date(1790782969000)/,61313.6547337963,False,False,False,6763918,mast:JWST/product/jw09065005001_02101_00001_nrs1_cal.fits,"GO-9065 Slavicinska, Katerina",CLEAR,NIRSPEC,2026-09-30 15:42:49.000,2025-09-27 09:48:21.260
247883226,jw09065005001_02101_00002_nrs1_rate.fits,jw09065005001_02101_00002,2b,01,NRS_FULL_IFU,jw09065_20260730t031856_pool.csv,jw09065-o005_20260730t031856_spec2_00009_asn.json,138.70414670091122,60945.41305575302,f,,,60945.41254915051,60945.41204254799,GO,,58,f,/Date(1785386093141)/,61251.190892824074,/Date(1758966749305)/,60945.411450300926,/Date(1758966661772)/,60945.4104371875,NRS1,0,0,87.533,72.944,72.944,OK,NRS_IFU,1,60945.41145028935,60945.41094373264,2,PRIME,60945.410437175924,2,CLEAR,1,1.0,S1MG001146,0,-1.369075166425469,12.9110221862793,1,85.65715584770435,/Date(1758966210873)/,60945.4052184375,/Date(1758965783865)/,60945.40027622685,0.0156313,0.01174558326601982,0.0177687611,141.36440120637417,60945.413086543005,f,60945.412579940494,60945.412073337975,NIRSPEC,f,,NONE,0,/Date(946684800000)/,51544,0,10,,1,5,1,1,1,1,4,60948.4956446875,V09065005001P0000000002101,5,HOPS 310 NIRSpec,STSCI,FINEGUIDE,"Slavicinska, Katerina",NRS_FULL_IFU,PRDOPSSOC-073,9065,-1.333611111111111,85.61533333333333,60943.95492582176,NRSIRS2RAPID,491,"Gas, Dust and the ISM",2026_1b,,1,1,FULL,,2048,2048,1,1,-1.3336111111111109,85.61533333333333,IRAS 05399-0121,f,HOPS-310_NIRSpec,FIXED,0.1,0.1,JWST,NIRSpec IFU Spectroscopy,14.58889,14.589,UTC,Characterizing environmental effects on the formation and evolution of water in star-forming regions: Orion as a case study,10,f,1,09065005001,/Date(1758972011827)/,60945.47235909722,02,SUCCESSFUL,PRIME_TARGETED_FIXED,/Date(1758963880251)/,60945.37824363426,0.1292004,0.1855004,f,,,,,,IFUImageModel,f,,,,,/Date(1758966661772)/,60945.4104371875,,0.0,IFU,2025270T202214059_001_osf.xml,,,,,EXTENDED,,2,,4-POINT-DITHER,,,f,CALCULATED_TRACK_TR_202111,11.0,5,271.9606006046642,,,,,-1.3312651377474407,85.61624187149903,f,,ISM,Interstellar clouds; Interstellar dust; Protostars,GSC32,0.06773496509227508,0.29416234312345774,58.356,,,,,,,,,,,,,POLYGON ICRS  85.614676399 -1.334314143 85.616001918 -1.334314143 85.616001918 -1.333036374 85.614676399 -1.333036374,2.0.1,RELEASE,jwst_1535.pmap,13.1.13,,3,,PRISM,169.0185556,16.1367604,36.1674957,169.0071192,0.337366432,16.1367604,0.0322767757,f,,,,,,,,16,4,,,,,,,,,203077440,caa0318e34e78639762f7e34e17a9d30,/Date(1785386337070)/,61251.19371608796,/Date(1785386391591)/,61251.19434710648,86,/Date(1790782997000)/,61313.65505787037,False,False,False,6763923,mast:JWST/product/jw09065005001_02101_00002_nrs1_cal.fits,"GO-9065 Slavicinska, Katerina",CLEAR,NIRSPEC,2026-09-30 15:43:17.000,2025-09-27 09:51:01.772
247883133,jw09065005001_02101_00003_nrs1_rate.fits,jw09065005001_02101_00003,2b,01,NRS_FULL_IFU,jw09065_20260730t031856_pool.csv,jw09065-o005_20260730t031856_spec2_00008_asn.json,138.71866017580032,60945.41491368721,f,,,60945.414407084696,60945.41390048218,GO,,58,f,/Date(1785386082169)/,61251.19076585648,/Date(1758966909816)/,60945.413308055555,/Date(1758966822283)/,60945.41229494213,NRS1,0,0,87.533,72.944,72.944,OK,NRS_IFU,1,60945.413308055555,60945.412801498846,3,PRIME,60945.41229494213,2,CLEAR,1,1.0,S1MG001146,0,-1.369075166425469,12.9110221862793,1,85.65715584770435,/Date(1758966210873)/,60945.4052184375,/Date(1758965783865)/,60945.40027622685,0.0156313,0.01174558326601982,0.0177687611,141.37891468126327,60945.41494447719,f,60945.41443787468,60945.41393127216,NIRSPEC,f,,NONE,0,/Date(946684800000)/,51544,0,10,,1,5,1,1,1,1,4,60948.4956446875,V09065005001P0000000002101,5,HOPS 310 NIRSpec,STSCI,FINEGUIDE,"Slavicinska, Katerina",NRS_FULL_IFU,PRDOPSSOC-073,9065,-1.333611111111111,85.61533333333333,60943.95492582176,NRSIRS2RAPID,491,"Gas, Dust and the ISM",2026_1b,,1,1,FULL,,2048,2048,1,1,-1.3336111111111109,85.61533333333333,IRAS 05399-0121,f,HOPS-310_NIRSpec,FIXED,0.1,0.1,JWST,NIRSpec IFU Spectroscopy,14.58889,14.589,UTC,Characterizing environmental effects on the formation and evolution of water in star-forming regions: Orion as a case study,10,f,1,09065005001,/Date(1758972011827)/,60945.47235909722,02,SUCCESSFUL,PRIME_TARGETED_FIXED,/Date(1758963880251)/,60945.37824363426,-0.0259002,-0.1333002,f,,,,,,IFUImageModel,f,,,,,/Date(1758966822283)/,60945.41229494213,,0.0,IFU,2025271T011817386_001_osf.xml,,,,,EXTENDED,,3,,4-POINT-DITHER,,,f,CALCULATED_TRACK_TR_202111,11.0,5,271.9606006046642,,,,,-1.3311758501855557,85.61628365895622,f,,ISM,Interstellar clouds; Interstellar dust; Protostars,GSC32,0.06812718154977303,0.3513605765085745,58.356,,,,,,,,,,,,,POLYGON ICRS  85.614718006 -1.334224838 85.616043526 -1.334224838 85.616043526 -1.332947069 85.614718006 -1.332947069,2.0.1,RELEASE,jwst_1535.pmap,13.1.13,,3,,PRISM,169.0185556,16.1367604,36.1674957,169.0071192,0.337366432,16.1367604,0.0322767757,f,,,,,,,,16,4,,,,,,,,,203077440,aa68da11c30d96a305c057c9acb7d14e,/Date(1785386321557)/,61251.193536527775,/Date(1785386384679)/,61251.19426712963,86,/Date(1790782997000)/,61313.65505787037,False,False,False,6763987,mast:JWST/product/jw09065005001_02101_00003_nrs1_cal.fits,"GO-9065 Slavicinska, Katerina",CLEAR,NIRSPEC,2026-09-30 15:43:17.000,2025-09-27 09:53:42.283
247883484,jw09065005001_02101_00004_nrs1_rate.fits,jw09065005001_02101_00004,2b,01,NRS_FULL_IFU,jw09065_20260730t031856_pool.csv,jw09065-o005_20260730t031856_spec2_00007_asn.json,138.73316736426204,60945.41677089215,f,,,60945.41626428964,60945.41575768712,GO,,58,f,/Date(1785386083851)/,61251.190785300925,/Date(1758967070264)/,60945.415165081016,/Date(1758966982731)/,60945.41415196759,NRS1,0,0,87.533,72.944,72.944,OK,NRS_IFU,1,60945.41516509259,60945.41465853588,4,PRIME,60945.41415197917,2,CLEAR,1,1.0,S1MG001146,0,-1.369075166425469,12.9110221862793,1,85.65715584770435,/Date(1758966210873)/,60945.4052184375,/Date(1758965783865)/,60945.40027622685,0.0156313,0.01174558326601982,0.0177687611,141.393421869725,60945.41680168214,f,60945.41629507962,60945.415788477105,NIRSPEC,f,,NONE,0,/Date(946684800000)/,51544,0,10,,1,5,1,1,1,1,4,60948.4956446875,V09065005001P0000000002101,5,HOPS 310 NIRSpec,STSCI,FINEGUIDE,"Slavicinska, Katerina",NRS_FULL_IFU,PRDOPSSOC-073,9065,-1.333611111111111,85.61533333333333,60943.95492582176,NRSIRS2RAPID,491,"Gas, Dust and the ISM",2026_1b,,1,1,FULL,,2048,2048,1,1,-1.3336111111111109,85.61533333333333,IRAS 05399-0121,f,HOPS-310_NIRSpec,FIXED,0.1,0.1,JWST,NIRSpec IFU Spectroscopy,14.58889,14.589,UTC,Characterizing environmental effects on the formation and evolution of water in star-forming regions: Orion as a case study,10,f,1,09065005001,/Date(1758972011827)/,60945.47235909722,02,SUCCESSFUL,PRIME_TARGETED_FIXED,/Date(1758963880251)/,60945.37824363426,-0.0775997,0.2415001,f,,,,,,IFUImageModel,f,,,,,/Date(1758966982731)/,60945.41415196759,,0.0,IFU,2025271T011817386_001_osf.xml,,,,,EXTENDED,,4,,4-POINT-DITHER,,,f,CALCULATED_TRACK_TR_202111,11.0,5,271.9606006046642,,,,,-1.3312303445566163,85.6161939554792,f,,ISM,Interstellar clouds; Interstellar dust; Protostars,GSC32,0.06648068954590144,0.4003876336958175,58.356,,,,,,,,,,,,,POLYGON ICRS  85.614628111 -1.334279329 85.615953631 -1.334279329 85.615953631 -1.333001560 85.614628111 -1.333001560,2.0.1,RELEASE,jwst_1535.pmap,13.1.13,,3,,PRISM,169.0185556,16.1367604,36.1674957,169.0071192,0.337366432,16.1367604,0.0322767757,f,,,,,,,,16,4,,,,,,,,,203077440,ae89140ac3d371b1d3eaaf175f3ccbeb,/Date(1785386352665)/,61251.19389659722,/Date(1785386411971)/,61251.194582986114,86,/Date(1790782969000)/,61313.6547337963,False,False,False,6763993,mast:JWST/product/jw09065005001_02101_00004_nrs1_cal.fits,"GO-9065 Slavicinska, Katerina",CLEAR,NIRSPEC,2026-09-30 15:42:49.000,2025-09-27 09:56:22.731
247883208,jw09065005001_02104_00001_nrs1_rate.fits,jw09065005001_02104_00001,2b,04,NRS_FULL_IFU,jw09065_20260730t031856_pool.csv,jw09065-o005_20260730t031856_spec2_00005_asn.json,138.80093693733215,60945.43304568529,f,,,60945.42873954946,60945.424433413624,GO,,58,f,/Date(1785386092706)/,61251.19088780093,/Date(1758968476279)/,60945.43143842593,/Date(1758967732246)/,60945.4228269213,NRS1,0,0,744.033,729.444,729.444,OK,NRS_IFU,6,60945.43143841435,60945.42713266782,1,PRIME,60945.4228269213,2,F290LP,1,1.0,S1MG001146,0,-1.369075166425469,12.9110221862793,1,85.65715584770435,/Date(1758966210873)/,60945.4052184375,/Date(1758965783865)/,60945.40027622685,0.0156313,0.01174558326601982,0.0177687611,141.46119207143784,60945.43307647529,f,60945.42877033945,60945.424464203614,NIRSPEC,f,,NONE,0,/Date(946684800000)/,51544,0,10,,1,50,1,1,1,1,4,60948.4956446875,V09065005001P0000000002104,5,HOPS 310 NIRSpec,STSCI,FINEGUIDE,"Slavicinska, Katerina",NRS_FULL_IFU,PRDOPSSOC-073,9065,-1.333611111111111,85.61533333333333,60943.95492582176,NRSIRS2RAPID,491,"Gas, Dust and the ISM",2026_1b,,1,1,FULL,,2048,2048,1,1,-1.3336111111111109,85.61533333333333,IRAS 05399-0121,f,HOPS-310_NIRSpec,FIXED,0.1,0.1,JWST,NIRSpec IFU Spectroscopy,14.58889,14.589,UTC,Characterizing environmental effects on the formation and evolution of water in star-forming regions: Orion as a case study,10,f,1,09065005001,/Date(1758972011827)/,60945.47235909722,02,SUCCESSFUL,PRIME_TARGETED_FIXED,/Date(1758963880251)/,60945.37824363426,-0.2328004,-0.0774004,f,,,,,,IFUImageModel,f,,,,,/Date(1758967732246)/,60945.4228269213,,0.0,IFU,2025270T193011399_001_osf.xml,,,,,EXTENDED,,1,,4-POINT-DITHER,,,f,CALCULATED_TRACK_TR_202111,11.0,5,271.9606006046642,,,,,-1.3311412400720346,85.6162369994722,f,,ISM,Interstellar clouds; Interstellar dust; Protostars,GSC32,0.08558756763569711,0.3585312005189536,714.856,,,,,,,,,,,,,POLYGON ICRS  85.614668133 -1.334194518 85.615994006 -1.334194518 85.615994006 -1.332916671 85.614668133 -1.332916671,2.0.1,RELEASE,jwst_1535.pmap,13.1.13,,3,,G395M,141.2166672,88.9980648,36.1806526,141.2281036,0.281823,89.0209376,0.1776021,f,,,,,,,,16,4,,,,,,,,,203051520,132c2710b929316ff14c3cfff55327f5,/Date(1785386335059)/,61251.193692824076,/Date(1785386390391)/,61251.194333217594,86,/Date(1790783177000)/,61313.6571412037,False,False,False,6764058,mast:JWST/product/jw09065005001_02104_00001_nrs1_cal.fits,"GO-9065 Slavicinska, Katerina",F290LP,NIRSPEC-F290LP,2026-09-30 15:46:17.000,2025-09-27 10:08:52.246
247914874,jw09065005001_02104_00002_nrs1_rate.fits,jw09065005001_02104_00002,2b,04,NRS_FULL_IFU,jw09065_20260730t031856_pool.csv,jw09065-o005_20260730t031856_spec2_00004_asn.json,138.87480874545872,60945.44250282499,f,,,60945.43819668917,60945.433890553344,GO,,58,f,/Date(1785389807903)/,61251.233887766204,/Date(1758969293302)/,60945.44089471065,/Date(1758968549269)/,60945.43228321759,NRS1,0,0,744.033,729.444,729.444,OK,NRS_IFU,6,60945.44089469907,60945.43658895254,2,PRIME,60945.43228320602,2,F290LP,1,1.0,S1MG001146,0,-1.369075166425469,12.9110221862793,1,85.65715584770435,/Date(1758966210873)/,60945.4052184375,/Date(1758965783865)/,60945.40027622685,0.0156313,0.01174558326601982,0.0177687611,141.53506450820714,60945.44253361499,f,60945.438227479164,60945.43392134334,NIRSPEC,f,,NONE,0,/Date(946684800000)/,51544,0,10,,1,50,1,1,1,1,4,60948.4956446875,V09065005001P0000000002104,5,HOPS 310 NIRSpec,STSCI,FINEGUIDE,"Slavicinska, Katerina",NRS_FULL_IFU,PRDOPSSOC-073,9065,-1.333611111111111,85.61533333333333,60943.95492582176,NRSIRS2RAPID,491,"Gas, Dust and the ISM",2026_1b,,1,1,FULL,,2048,2048,1,1,-1.3336111111111109,85.61533333333333,IRAS 05399-0121,f,HOPS-310_NIRSpec,FIXED,0.1,0.1,JWST,NIRSpec IFU Spectroscopy,14.58889,14.589,UTC,Characterizing environmental effects on the formation and evolution of water in star-forming regions: Orion as a case study,10,f,1,09065005001,/Date(1758972011827)/,60945.47235909722,02,SUCCESSFUL,PRIME_TARGETED_FIXED,/Date(1758963880251)/,60945.37824363426,0.1292004,0.1855004,f,,,,,,IFUImageModel,f,,,,,/Date(1758968549269)/,60945.43228321759,,0.0,IFU,2025270T193011399_001_osf.xml,,,,,EXTENDED,,2,,4-POINT-DITHER,,,f,CALCULATED_TRACK_TR_202111,11.0,5,271.9606006046642,,,,,-1.331265386610137,85.61624453211591,f,,ISM,Interstellar clouds; Interstellar dust; Protostars,GSC32,0.08460402483538977,0.35352843958147984,714.856,,,,,,,,,,,,,POLYGON ICRS  85.614674731 -1.334318631 85.616000604 -1.334318631 85.616000604 -1.333040784 85.614674731 -1.333040784,2.0.1,RELEASE,jwst_1535.pmap,13.1.13,,3,,G395M,141.2166672,88.9980648,36.1806526,141.2281036,0.281823,89.0209376,0.1776021,f,,,,,,,,16,4,,,,,,,,,203051520,31f30b2cb7b5b18c545106b3d766922a,/Date(1785390018130)/,61251.23632094907,/Date(1785390113604)/,61251.23742596065,86,/Date(1790783193000)/,61313.657326388886,False,False,False,6764085,mast:JWST/product/jw09065005001_02104_00002_nrs1_cal.fits,"GO-9065 Slavicinska, Katerina",F290LP,NIRSPEC-F290LP,2026-09-30 15:46:33.000,2025-09-27 10:22:29.269
247883305,jw09065005001_02104_00003_nrs1_rate.fits,jw09065005001_02104_00003,2b,04,NRS_FULL_IFU,jw09065_20260730t031856_pool.csv,jw09065-o005_20260730t031856_spec2_00003_asn.json,138.9486723812297,60945.45195922385,f,,,60945.44765308805,60945.44334695223,GO,,58,f,/Date(1785386100788)/,61251.19098131944,/Date(1758970110261)/,60945.450350231484,/Date(1758969366228)/,60945.441738726855,NRS1,0,0,744.033,729.444,729.444,OK,NRS_IFU,6,60945.45035024305,60945.44604449653,3,PRIME,60945.44173875,2,F290LP,1,1.0,S1MG001146,0,-1.369075166425469,12.9110221862793,1,85.65715584770435,/Date(1758966210873)/,60945.4052184375,/Date(1758965783865)/,60945.40027622685,0.0156313,0.01174558326601982,0.0177687611,141.60892877262086,60945.45199001386,f,60945.447683878054,60945.44337774223,NIRSPEC,f,,NONE,0,/Date(946684800000)/,51544,0,10,,1,50,1,1,1,1,4,60948.4956446875,V09065005001P0000000002104,5,HOPS 310 NIRSpec,STSCI,FINEGUIDE,"Slavicinska, Katerina",NRS_FULL_IFU,PRDOPSSOC-073,9065,-1.333611111111111,85.61533333333333,60943.95492582176,NRSIRS2RAPID,491,"Gas, Dust and the ISM",2026_1b,,1,1,FULL,,2048,2048,1,1,-1.3336111111111109,85.61533333333333,IRAS 05399-0121,f,HOPS-310_NIRSpec,FIXED,0.1,0.1,JWST,NIRSpec IFU Spectroscopy,14.58889,14.589,UTC,Characterizing environmental effects on the formation and evolution of water in star-forming regions: Orion as a case study,10,f,1,09065005001,/Date(1758972011827)/,60945.47235909722,02,SUCCESSFUL,PRIME_TARGETED_FIXED,/Date(1758963880251)/,60945.37824363426,-0.0259002,-0.1333002,f,,,,,,IFUImageModel,f,,,,,/Date(1758969366228)/,60945.441738726855,,0.0,IFU,2025270T210841058_001_osf.xml,,,,,EXTENDED,,3,,4-POINT-DITHER,,,f,CALCULATED_TRACK_TR_202111,11.0,5,271.9606006046642,,,,,-1.3311761166265803,85.61628713601249,f,,ISM,Interstellar clouds; Interstellar dust; Protostars,GSC32,0.08444293593320311,0.3675361702064064,714.856,,,,,,,,,,,,,POLYGON ICRS  85.614716403 -1.334229308 85.616042276 -1.334229308 85.616042276 -1.332951462 85.614716403 -1.332951462,2.0.1,RELEASE,jwst_1535.pmap,13.1.13,,3,,G395M,141.2166672,88.9980648,36.1806526,141.2281036,0.281823,89.0209376,0.1776021,f,,,,,,,,16,4,,,,,,,,,203051520,404887f2eba47b72ee574a5204add28c,/Date(1785386340846)/,61251.19375979167,/Date(1785386397624)/,61251.19441693287,86,/Date(1790783174000)/,61313.65710648148,False,False,False,6764117,mast:JWST/product/jw09065005001_02104_00003_nrs1_cal.fits,"GO-9065 Slavicinska, Katerina",F290LP,NIRSPEC-F290LP,2026-09-30 15:46:14.000,2025-09-27 10:36:06.228
247914935,jw09065005001_02104_00004_nrs1_rate.fits,jw09065005001_02104_00004,2b,04,NRS_FULL_IFU,jw09065_20260730t031856_pool.csv,jw09065-o005_20260730t031856_spec2_00002_asn.json,139.02254041749984,60945.46141637508,f,,,60945.45711023928,60945.45280410348,GO,,58,f,/Date(1785389813879)/,61251.233956944445,/Date(1758970927285)/,60945.45980655093,/Date(1758970183252)/,60945.45119505787,NRS1,0,0,744.033,729.444,729.444,OK,NRS_IFU,6,60945.45980653935,60945.45550079282,4,PRIME,60945.4511950463,2,F290LP,1,1.0,S1MG001146,0,-1.369075166425469,12.9110221862793,1,85.65715584770435,/Date(1758966210873)/,60945.4052184375,/Date(1758965783865)/,60945.40027622685,0.0156313,0.01174558326601982,0.0177687611,141.682796808891,60945.46144716509,f,60945.45714102929,60945.452834893484,NIRSPEC,f,,NONE,0,/Date(946684800000)/,51544,0,10,,1,50,1,1,1,1,4,60948.4956446875,V09065005001P0000000002104,5,HOPS 310 NIRSpec,STSCI,FINEGUIDE,"Slavicinska, Katerina",NRS_FULL_IFU,PRDOPSSOC-073,9065,-1.333611111111111,85.61533333333333,60943.95492582176,NRSIRS2RAPID,491,"Gas, Dust and the ISM",2026_1b,,1,1,FULL,,2048,2048,1,1,-1.3336111111111109,85.61533333333333,IRAS 05399-0121,f,HOPS-310_NIRSpec,FIXED,0.1,0.1,JWST,NIRSpec IFU Spectroscopy,14.58889,14.589,UTC,Characterizing environmental effects on the formation and evolution of water in star-forming regions: Orion as a case study,10,f,1,09065005001,/Date(1758972011827)/,60945.47235909722,02,SUCCESSFUL,PRIME_TARGETED_FIXED,/Date(1758963880251)/,60945.37824363426,-0.0775997,0.2415001,f,,,,,,IFUImageModel,f,,,,,/Date(1758970183252)/,60945.45119505787,,0.2838530619311099,IFU,2025270T210841058_001_osf.xml,,,,,EXTENDED,,4,,4-POINT-DITHER,,,f,CALCULATED_TRACK_TR_202111,11.0,5,271.9606006046642,,,,,-1.33123061699841,85.61619819461342,f,,ISM,Interstellar clouds; Interstellar dust; Protostars,GSC32,0.09291861351347118,0.36453451364392214,714.856,,,,,,,,,,,,,POLYGON ICRS  85.614626518 -1.334283769 85.615952391 -1.334283769 85.615952391 -1.333005922 85.614626518 -1.333005922,2.0.1,RELEASE,jwst_1535.pmap,13.1.13,,3,,G395M,141.2166672,88.9980648,36.1806526,141.2281036,0.281823,89.0209376,0.1776021,f,,,,,,,,16,4,,,,,,,,,203051520,5dd478b23faec3c29e3bd1d2493f75dc,/Date(1785390022114)/,61251.23636704861,/Date(1785390124553)/,61251.23755269676,86,/Date(1790783154000)/,61313.656875,False,False,False,6764140,mast:JWST/product/jw09065005001_02104_00004_nrs1_cal.fits,"GO-9065 Slavicinska, Katerina",F290LP,NIRSPEC-F290LP,2026-09-30 15:45:54.000,2025-09-27 10:49:43.252
249429004,jw09180061001_03102_00001_nrs1_rate.fits,jw09180061001_03102_00001,2b,02,NRS_S200A1_SLIT,jw09180_20260804t045601_pool.csv,jw09180-o061_20260804t045601_spec2_00006_asn.json,158.67112122941762,60945.52140809773,f,,,60945.515244888695,60945.509081679644,GO,,58,f,/Date(1785832156969)/,61256.353668634256,/Date(1758976090975)/,60945.51957148148,/Date(1758975025986)/,60945.50724520833,NRS1,0,0,1064.989,1050.4,1050.4,OK,NRS_FIXEDSLIT,3,60945.51957146991,60945.513408339124,1,PRIME,60945.50724520833,2,F070LP,1,1.0,S16E000237,0,-57.05867564492939,13.85283184051514,1,71.85036916461183,/Date(1758974410977)/,60945.500127037034,/Date(1758974169324)/,60945.49733012731,0.0188828446,0.0133774746209383,0.0172584131,159.44838265422732,60945.521417093725,f,60945.51525388474,60945.509090675725,NIRSPEC,f,,NONE,0,,,0,6,,1,72,1,1,1,1,1,60948.4956446875,V09180061001P0000000003102,61,visit 39 repeat,STSCI,FINEGUIDE,"Hennawi, Joseph",NRS_S200A1_SLIT,PRDOPSSOC-073,9180,-57.01295277777778,71.74108416666667,60943.95492582176,NRSIRS2RAPID,491,High-redshift Galaxies and the Distant Universe,2026_1b,,1,1,FULL,,2048,2048,1,1,-57.0129527777778,71.74108416666667,J044657.86-570046.63,f,QSO-J0446-5700,FIXED,0.1,0.1,JWST,NIRSpec Fixed Slit Spectroscopy,14.58889,14.589,UTC,Ushering in the JWST Era of Precision Constraints on Reionization: A Survey of Faint Quasar IGM Damping Wings at 6.5 < z < 7.4,10,f,1,09180061001,/Date(1758979411164)/,60945.557999571756,03,SUCCESSFUL,PRIME_TARGETED_FIXED,/Date(1758972015923)/,60945.4724065162,0.0,0.0,f,,,,,,MultiSlitModel,f,,,,,/Date(1758975025986)/,60945.50724520833,140H + 235H,0.006690368548860235,FIXEDSLIT,2025271T005257505_001_osf.xml,,,,,POINT,,1,,NONE,1,1,f,CALCULATED_TRACK_TR_202111,11.0,5,289.7452773281173,,,,,-57.00763219797287,71.74508292844799,f,,Unidentified,Infrared sources,GSC32,0.08628969221534426,0.37932671476326946,1035.811,,,,,,,,,,,,,POLYGON ICRS  71.741897223 -57.012753491 71.740181533 -57.013118025 71.740218021 -57.013167740 71.741933725 -57.012803217 POLYGON ICRS  71.743826008 -57.018199645 71.742094097 -57.018566234 71.742130946 -57.018616286 71.743862871 -57.018249708 POLYGON ICRS  71.739596979 -57.015262132 71.737626693 -57.015680209 71.737701484 -57.015782028 71.739671802 -57.015363975 POLYGON ICRS  71.736868414 -57.014900384 71.736028230 -57.015078774 71.736331081 -57.015491282 71.737171321 -57.015312935 POLYGON ICRS  71.705757635 -56.973583068 71.704036226 -56.973959977 71.704073390 -56.974012032 71.705794806 -56.973635135,2.0.1,RELEASE,jwst_1535.pmap,13.1.13,,3,S200A1,G140H,180.6150652,66.7542668,36.1855927,180.637938,0.3604734,66.76570319999999,0.1332586,,,,,PRIMARYPARK_ALLCLOSED,,,NONE,16,4,,,,1,1,,,,18573120,86f3f5ef61dec49413165d24000a4e0c,/Date(1785832531808)/,61256.35800701389,/Date(1785832802278)/,61256.36113745371,86,/Date(1790788429000)/,61313.71792824074,False,False,False,6764273,mast:JWST/product/jw09180061001_03102_00001_nrs1_cal.fits,"GO-9180 Hennawi, Joseph",F070LP,NIRSPEC-F070LP,2026-09-30 17:13:49.000,2025-09-27 12:10:25.986
249428916,jw09180061001_03104_00001_nrs1_rate.fits,jw09180061001_03104_00001,2b,04,NRS_S200A2_SLIT,jw09180_20260804t045601_pool.csv,jw09180-o061_20260804t045601_spec2_00005_asn.json,158.6866336176172,60945.53554826565,f,,,60945.52938505664,60945.52322184761,GO,,58,f,/Date(1785832154306)/,61256.35363780092,/Date(1758977312670)/,60945.53371145833,/Date(1758976247681)/,60945.52138518519,NRS1,0,0,1064.989,1050.4,1050.4,OK,NRS_FIXEDSLIT,4,60945.53371145833,60945.52754832755,1,PRIME,60945.52138519676,2,F070LP,1,1.0,S16E000237,0,-57.05867564492939,13.85283184051514,1,71.85036916461183,/Date(1758974410977)/,60945.500127037034,/Date(1758974169324)/,60945.49733012731,0.0188828446,0.0133774746209383,0.0172584131,159.46388624142855,60945.53555726154,f,60945.52939405257,60945.52323084359,NIRSPEC,f,,NONE,0,,,0,6,,1,72,1,1,1,1,1,60948.4956446875,V09180061001P0000000003104,61,visit 39 repeat,STSCI,FINEGUIDE,"Hennawi, Joseph",NRS_S200A2_SLIT,PRDOPSSOC-073,9180,-57.01295277777778,71.74108416666667,60943.95492582176,NRSIRS2RAPID,491,High-redshift Galaxies and the Distant Universe,2026_1b,,1,1,FULL,,2048,2048,1,1,-57.0129527777778,71.74108416666667,J044657.86-570046.63,f,QSO-J0446-5700,FIXED,0.1,0.1,JWST,NIRSpec Fixed Slit Spectroscopy,14.58889,14.589,UTC,Ushering in the JWST Era of Precision Constraints on Reionization: A Survey of Faint Quasar IGM Damping Wings at 6.5 < z < 7.4,10,f,1,09180061001,/Date(1758979411164)/,60945.557999571756,03,SUCCESSFUL,PRIME_TARGETED_FIXED,/Date(1758972015923)/,60945.4724065162,0.0,0.0,f,,,,,,MultiSlitModel,f,,,,,/Date(1758976247681)/,60945.52138518519,140H + 235H,0.007194288266253511,FIXEDSLIT,2025270T202248868_002_osf.xml,,,,,POINT,,1,,NONE,1,1,f,CALCULATED_TRACK_TR_202111,11.0,5,289.7452773281173,,,,,-57.007632884913306,71.74508520281901,f,,Unidentified,Infrared sources,GSC32,0.08309879036658017,0.3602222746386631,1035.811,,,,,,,,,,,,,POLYGON ICRS  71.739976113 -57.007306283 71.738260657 -57.007670794 71.738297138 -57.007720509 71.740012607 -57.007356010 POLYGON ICRS  71.741904369 -57.012752463 71.740172695 -57.013119028 71.740209536 -57.013169081 71.741941224 -57.012802526 POLYGON ICRS  71.737676092 -57.009814893 71.735706076 -57.010232944 71.735780851 -57.010334763 71.737750900 -57.009916737 POLYGON ICRS  71.734947943 -57.009453109 71.734107874 -57.009631487 71.734410662 -57.010043999 71.735250787 -57.009865663 POLYGON ICRS  71.703843586 -56.968135375 71.702122411 -56.968512261 71.702159567 -56.968564317 71.703880748 -56.968187442,2.0.1,RELEASE,jwst_1535.pmap,13.1.13,,3,S200A2,G140H,180.6150652,66.7542668,36.1855927,180.637938,0.3604734,66.76570319999999,0.1332586,,,,,PRIMARYPARK_ALLCLOSED,,,NONE,16,4,,,,1,1,,,,18400320,c8a59cc5f2eb10e1631c5a4a1335c18e,/Date(1785832515118)/,61256.357813842595,/Date(1785832760945)/,61256.36065909722,86,/Date(1790788429000)/,61313.71792824074,False,False,False,6764298,mast:JWST/product/jw09180061001_03104_00001_nrs1_cal.fits,"GO-9180 Hennawi, Joseph",F070LP,NIRSPEC-F070LP,2026-09-30 17:13:49.000,2025-09-27 12:30:47.681
249405710,jw09180061001_03105_00001_nrs1_rate.fits,jw09180061001_03105_00001,2b,05,NRS_S200A2_SLIT,jw09180_20260804t045601_pool.csv,jw09180-o061_20260804t045601_spec2_00004_asn.json,158.70257285423577,60945.54738025608,f,,,60945.54256788598,60945.53775551589,GO,,58,f,/Date(1785826990111)/,61256.29386701389,/Date(1758978334941)/,60945.54554328704,/Date(1758977503374)/,60945.53591866898,NRS1,0,0,831.567,816.978,816.978,OK,NRS_FIXEDSLIT,5,60945.54554329861,60945.54073098958,1,PRIME,60945.53591868056,2,F170LP,1,1.0,S16E000237,0,-57.05867564492939,13.85283184051514,1,71.85036916461183,/Date(1758974410977)/,60945.500127037034,/Date(1758974169324)/,60945.49733012731,0.0188828446,0.0133774746209383,0.0172584131,159.47981604840606,60945.54738925188,f,60945.542576881824,60945.53776451176,NIRSPEC,f,,NONE,0,,,0,6,,1,56,1,1,1,1,1,60948.4956446875,V09180061001P0000000003105,61,visit 39 repeat,STSCI,FINEGUIDE,"Hennawi, Joseph",NRS_S200A2_SLIT,PRDOPSSOC-073,9180,-57.01295277777778,71.74108416666667,60943.95492582176,NRSIRS2RAPID,491,High-redshift Galaxies and the Distant Universe,2026_1b,,1,1,FULL,,2048,2048,1,1,-57.0129527777778,71.74108416666667,J044657.86-570046.63,f,QSO-J0446-5700,FIXED,0.1,0.1,JWST,NIRSpec Fixed Slit Spectroscopy,14.58889,14.589,UTC,Ushering in the JWST Era of Precision Constraints on Reionization: A Survey of Faint Quasar IGM Damping Wings at 6.5 < z < 7.4,10,f,1,09180061001,/Date(1758979411164)/,60945.557999571756,03,SUCCESSFUL,PRIME_TARGETED_FIXED,/Date(1758972015923)/,60945.4724065162,0.0,0.0,f,,,,,,MultiSlitModel,f,,,,,/Date(1758977503374)/,60945.53591866898,140H + 235H,0.004422465528493185,FIXEDSLIT,2025270T202248868_002_osf.xml,,,,,POINT,,1,,NONE,1,1,f,CALCULATED_TRACK_TR_202111,11.0,5,289.7452773281173,,,,,-57.00763336323501,71.745087517974,f,,Unidentified,Infrared sources,GSC32,0.08237437008496586,0.37527983774235063,802.389,,,,,,,,,,,,,POLYGON ICRS  71.739974318 -57.007307919 71.738258817 -57.007672485 71.738295297 -57.007722204 71.740010812 -57.007357648 POLYGON ICRS  71.741902437 -57.012754295 71.740170721 -57.013120920 71.740207562 -57.013170972 71.741939291 -57.012804357 POLYGON ICRS  71.737674162 -57.009816745 71.735704097 -57.010234870 71.735778870 -57.010336694 71.737748967 -57.009918593 POLYGON ICRS  71.734945979 -57.009455004 71.734105889 -57.009633415 71.734408667 -57.010045947 71.735248812 -57.009867578,2.0.1,RELEASE,jwst_1535.pmap,13.1.13,,3,S200A2,G235H,175.9833232,69.09872879999999,36.1625633,175.9604504,0.351212382,69.09872879999999,0.137934744,,,,,PRIMARYPARK_ALLCLOSED,,,NONE,16,4,,,,1,1,,,,11396160,6d44f9ae1a08674ecb7576dc4bf754d1,/Date(1785827423493)/,61256.298883020834,/Date(1785827585931)/,61256.3007630787,86,/Date(1790788431000)/,61313.71795138889,False,False,False,6764323,mast:JWST/product/jw09180061001_03105_00001_nrs1_cal.fits,"GO-9180 Hennawi, Joseph",F170LP,NIRSPEC-F170LP,2026-09-30 17:13:51.000,2025-09-27 12:51:43.374
249405551,jw09180061001_03107_00001_nrs1_rate.fits,jw09180061001_03107_00001,2b,07,NRS_S200A1_SLIT,jw09180_20260804t045601_pool.csv,jw09180-o061_20260804t045601_spec2_00002_asn.json,158.71512182056904,60945.55882631564,f,,,60945.55401394556,60945.549201575486,GO,,58,f,/Date(1785826991183)/,61256.29387943287,/Date(1758979323868)/,60945.55698918981,/Date(1758978492301)/,60945.54736458333,NRS1,0,0,831.567,816.978,816.978,OK,NRS_FIXEDSLIT,6,60945.556989212964,60945.55217690393,1,PRIME,60945.54736459491,2,F170LP,1,1.0,S16E000237,0,-57.05867564492939,13.85283184051514,1,71.85036916461183,/Date(1758974410977)/,60945.500127037034,/Date(1758974169324)/,60945.49733012731,0.0188828446,0.0133774746209383,0.0172584131,159.49235747102648,60945.558835311356,f,60945.554022941316,60945.54921057127,NIRSPEC,f,,NONE,0,,,0,6,,1,56,1,1,1,1,1,60948.4956446875,V09180061001P0000000003107,61,visit 39 repeat,STSCI,FINEGUIDE,"Hennawi, Joseph",NRS_S200A1_SLIT,PRDOPSSOC-073,9180,-57.01295277777778,71.74108416666667,60943.95492582176,NRSIRS2RAPID,491,High-redshift Galaxies and the Distant Universe,2026_1b,,1,1,FULL,,2048,2048,1,1,-57.0129527777778,71.74108416666667,J044657.86-570046.63,f,QSO-J0446-5700,FIXED,0.1,0.1,JWST,NIRSpec Fixed Slit Spectroscopy,14.58889,14.589,UTC,Ushering in the JWST Era of Precision Constraints on Reionization: A Survey of Faint Quasar IGM Damping Wings at 6.5 < z < 7.4,10,f,1,09180061001,/Date(1758979411164)/,60945.557999571756,03,SUCCESSFUL,PRIME_TARGETED_FIXED,/Date(1758972015923)/,60945.4724065162,0.0,0.0,f,,,,,,MultiSlitModel,f,,,,,/Date(1758978492301)/,60945.54736458333,140H + 235H,0.0,FIXEDSLIT,2025270T200235964_002_osf.xml,,,,,POINT,,1,,NONE,1,1,f,CALCULATED_TRACK_TR_202111,11.0,5,289.7452773281173,,,,,-57.007633585410325,71.74508933618566,f,,Unidentified,Infrared sources,GSC32,0.08280283685141436,0.38181677870064973,802.389,,,,,,,,,,,,,POLYGON ICRS  71.741895182 -57.012755153 71.740179446 -57.013119743 71.740215934 -57.013169461 71.741931683 -57.012804882 POLYGON ICRS  71.743823837 -57.018201502 71.742091884 -57.018568151 71.742128733 -57.018618202 71.743860699 -57.018251564 POLYGON ICRS  71.739594806 -57.015264010 71.737624472 -57.015682163 71.737699261 -57.015783986 71.739669627 -57.015365858 POLYGON ICRS  71.736866206 -57.014902307 71.736026001 -57.015080730 71.736328843 -57.015493258 71.737169103 -57.015314878,2.0.1,RELEASE,jwst_1535.pmap,13.1.13,,3,S200A1,G235H,175.9833232,69.09872879999999,36.1625633,175.9604504,0.351212382,69.09872879999999,0.137934744,,,,,PRIMARYPARK_ALLCLOSED,,,NONE,16,4,,,,1,1,,,,11151360,be0f82b7863a77514d580ff8812d7e2d,/Date(1785827394633)/,61256.29854899306,/Date(1785827550430)/,61256.300352199076,86,/Date(1790788630000)/,61313.72025462963,False,False,False,6764371,mast:JWST/product/jw09180061001_03107_00001_nrs1_cal.fits,"GO-9180 Hennawi, Joseph",F170LP,NIRSPEC-F170LP,2026-09-30 17:17:10.000,2025-09-27 13:08:12.301
243792617,jw07806003001_02101_00001_nrs1_rate.fits,jw07806003001_02101_00001,2b,01,NRS_FULL_IFU,jw07806_20260717t152702_pool.csv,jw07806-o003_20260717t152702_spec2_00012_asn.json,85.34041482489556,60945.59699459996,f,,,60945.58804544474,60945.579096289526,GO,,58,f,/Date(1784346854655)/,61239.16266962963,/Date(1758982695001)/,60945.59600694444,/Date(1758981148579)/,60945.57810856481,NRS1,0,0,1546.422,1531.833,1531.833,OK,NRS_IFU,1,60945.59600695602,60945.58705775463,1,PRIME,60945.57810855324,2,F100LP,1,1.0,S1HE110921,0,-69.31386741243126,12.8187313079834,1,84.03194924024247,/Date(1758980879579)/,60945.574995138886,/Date(1758980638939)/,60945.5722099537,0.0302841011,0.01618295349180698,0.028607294,85.34856329206377,60945.59699469422,f,60945.58804553903,60945.57909638384,NIRSPEC,f,,NONE,0,,,0,8,,1,105,1,1,1,1,4,60948.4956446875,V07806003001P0000000002101,3,NIRSpec IFU - G140H,STSCI,FINEGUIDE,"Kavanagh, Patrick",NRS_FULL_IFU,PRDOPSSOC-073,7806,-69.26974722222222,83.86653333333332,60943.95492582176,NRSIRS2RAPID,491,"Gas, Dust and the ISM",2026_1b,,1,1,FULL,,2048,2048,1,1,-69.26974722222224,83.86653333333334,SN 1987A,f,SN-1987A-nirspec,FIXED,0.1,0.1,JWST,NIRSpec IFU Spectroscopy,14.58889,14.589,UTC,"The infancy of a supernova remnant: Probing ejecta dynamics, dust evolution, and the emerging compact object in SN 1987A with JWST",10,f,1,07806003001,/Date(1758994313422)/,60945.730479432874,02,SUCCESSFUL,PRIME_TARGETED_FIXED,/Date(1758979415260)/,60945.55804699074,-0.2328004,-0.0774004,f,,,,,,IFUImageModel,f,,,,,/Date(1758981148579)/,60945.57810856481,NIRSpec,0.0,IFU,2025271T010350911_001_osf.xml,,,,,EXTENDED,,1,SMALL,CYCLING,,,f,CALCULATED_TRACK_TR_202111,11.0,5,279.9717125658545,,,,,-69.26400764279316,83.86960526061122,f,,Star,Supernovae,GSC32,0.08414787245173129,0.36440303082441156,1517.245,,,,,,,,,,,,,POLYGON ICRS  83.864709767 -69.270303894 83.868405143 -69.270303894 83.868405143 -69.269069636 83.864709767 -69.269069636,2.0.1,RELEASE,jwst_1535.pmap,13.1.13,,3,,G140H,179.894572,66.7771396,36.15763,179.9060084,0.35908198399999997,66.78857599999999,0.1332586,f,,,,,,,,16,4,1,,,,,,,,203051520,ed6e985bc681418ca83f2fe8c1d6746c,/Date(1784348027638)/,61239.176245787035,/Date(1784349588267)/,61239.19430863426,86,/Date(1790795089000)/,61313.795011574075,False,False,False,6764424,mast:JWST/product/jw07806003001_02101_00001_nrs1_cal.fits,"GO-7806 Kavanagh, Patrick",F100LP,NIRSPEC-F100LP,2026-09-30 19:04:49.000,2025-09-27 13:52:28.579
243792160,jw07806003001_02101_00002_nrs1_rate.fits,jw07806003001_02101_00002,2b,01,NRS_FULL_IFU,jw07806_20260717t152702_pool.csv,jw07806-o003_20260717t152702_spec2_00010_asn.json,85.33206016290933,60945.61573744306,f,,,60945.606788287856,60945.59783913264,GO,,58,f,/Date(1784346776025)/,61239.161759560186,/Date(1758984314391)/,60945.61474988426,/Date(1758982767969)/,60945.596851504626,NRS1,0,0,1546.422,1531.833,1531.833,OK,NRS_IFU,1,60945.61474989583,60945.605800694444,2,PRIME,60945.59685149306,2,F100LP,1,1.0,S1HE110921,0,-69.31386741243126,12.8187313079834,1,84.03194924024247,/Date(1758980879579)/,60945.574995138886,/Date(1758980638939)/,60945.5722099537,0.0302841011,0.01618295349180698,0.028607294,85.34020422957838,60945.61573753728,f,60945.606788382094,60945.5978392269,NIRSPEC,f,,NONE,0,,,0,8,,1,105,1,1,1,1,4,60948.4956446875,V07806003001P0000000002101,3,NIRSpec IFU - G140H,STSCI,FINEGUIDE,"Kavanagh, Patrick",NRS_FULL_IFU,PRDOPSSOC-073,7806,-69.26974722222222,83.86653333333332,60943.95492582176,NRSIRS2RAPID,491,"Gas, Dust and the ISM",2026_1b,,1,1,FULL,,2048,2048,1,1,-69.26974722222224,83.86653333333334,SN 1987A,f,SN-1987A-nirspec,FIXED,0.1,0.1,JWST,NIRSpec IFU Spectroscopy,14.58889,14.589,UTC,"The infancy of a supernova remnant: Probing ejecta dynamics, dust evolution, and the emerging compact object in SN 1987A with JWST",10,f,1,07806003001,/Date(1758994313422)/,60945.730479432874,02,SUCCESSFUL,PRIME_TARGETED_FIXED,/Date(1758979415260)/,60945.55804699074,0.1292004,0.1855004,f,,,,,,IFUImageModel,f,,,,,/Date(1758982767969)/,60945.596851504626,NIRSpec,0.0,IFU,2025270T213606143_001_osf.xml,,,,,EXTENDED,,2,SMALL,CYCLING,,,f,CALCULATED_TRACK_TR_202111,11.0,5,279.9717125658545,,,,,-69.26413088325191,83.86958107965174,f,,Star,Supernovae,GSC32,0.0831481604715222,0.3527748185428219,1517.245,,,,,,,,,,,,,POLYGON ICRS  83.864680349 -69.270426784 83.868375737 -69.270426784 83.868375737 -69.269192532 83.864680349 -69.269192532,2.0.1,RELEASE,jwst_1535.pmap,13.1.13,,3,,G140H,179.894572,66.7771396,36.15763,179.9060084,0.35908198399999997,66.78857599999999,0.1332586,f,,,,,,,,16,4,1,,,,,,,,203051520,e3443fd7483319d5ece3f6bf5dd66e3c,/Date(1784347480765)/,61239.169916273146,/Date(1784348418240)/,61239.180766666665,86,/Date(1790795050000)/,61313.79456018518,False,False,False,6764462,mast:JWST/product/jw07806003001_02101_00002_nrs1_cal.fits,"GO-7806 Kavanagh, Patrick",F100LP,NIRSPEC-F100LP,2026-09-30 19:04:10.000,2025-09-27 14:19:27.969
243730495,jw07806003001_02101_00003_nrs1_rate.fits,jw07806003001_02101_00003,2b,01,NRS_FULL_IFU,jw07806_20260717t152702_pool.csv,jw07806-o003_20260717t152702_spec2_00008_asn.json,85.32370424363762,60945.634480297726,f,,,60945.62553114253,60945.61658198732,GO,,58,f,/Date(1784333948624)/,61239.013294247685,/Date(1758985933782)/,60945.6334928588,/Date(1758984387360)/,60945.61559444445,NRS1,0,0,1546.422,1531.833,1531.833,OK,NRS_IFU,1,60945.63349284722,60945.624543645834,3,PRIME,60945.61559444445,2,F100LP,1,1.0,S1HE110921,0,-69.31386741243126,12.8187313079834,1,84.03194924024247,/Date(1758980879579)/,60945.574995138886,/Date(1758980638939)/,60945.5722099537,0.0302841011,0.01618295349180698,0.028607294,85.3318439098075,60945.63448039189,f,60945.625531236714,60945.61658208153,NIRSPEC,f,,NONE,0,,,0,8,,1,105,1,1,1,1,4,60948.4956446875,V07806003001P0000000002101,3,NIRSpec IFU - G140H,STSCI,FINEGUIDE,"Kavanagh, Patrick",NRS_FULL_IFU,PRDOPSSOC-073,7806,-69.26974722222222,83.86653333333332,60943.95492582176,NRSIRS2RAPID,491,"Gas, Dust and the ISM",2026_1b,,1,1,FULL,,2048,2048,1,1,-69.26974722222224,83.86653333333334,SN 1987A,f,SN-1987A-nirspec,FIXED,0.1,0.1,JWST,NIRSpec IFU Spectroscopy,14.58889,14.589,UTC,"The infancy of a supernova remnant: Probing ejecta dynamics, dust evolution, and the emerging compact object in SN 1987A with JWST",10,f,1,07806003001,/Date(1758994313422)/,60945.730479432874,02,SUCCESSFUL,PRIME_TARGETED_FIXED,/Date(1758979415260)/,60945.55804699074,-0.0259002,-0.1333002,f,,,,,,IFUImageModel,f,,,,,/Date(1758984387360)/,60945.61559444445,NIRSpec,0.0,IFU,2025270T205926614_002_osf.xml,,,,,EXTENDED,,3,SMALL,CYCLING,,,f,CALCULATED_TRACK_TR_202111,11.0,5,279.9717125658545,,,,,-69.26404873813942,83.86973850801368,f,,Star,Supernovae,GSC32,0.08379242628712379,0.3574889586569799,1517.245,,,,,,,,,,,,,POLYGON ICRS  83.864832629 -69.270344294 83.868528004 -69.270344294 83.868528004 -69.269110042 83.864832629 -69.269110042,2.0.1,RELEASE,jwst_1535.pmap,13.1.13,,3,,G140H,179.894572,66.7771396,36.15763,179.9060084,0.35908198399999997,66.78857599999999,0.1332586,f,,,,,,,,16,4,1,,,,,,,,203051520,13928e8a657d9ba9b3a3012ad30442a4,/Date(1784334280137)/,61239.017131203706,/Date(1784334588607)/,61239.020701458336,86,/Date(1790795430000)/,61313.79895833333,False,False,False,6764514,mast:JWST/product/jw07806003001_02101_00003_nrs1_cal.fits,"GO-7806 Kavanagh, Patrick",F100LP,NIRSPEC-F100LP,2026-09-30 19:10:30.000,2025-09-27 14:46:27.360
243730735,jw07806003001_02101_00004_nrs1_rate.fits,jw07806003001_02101_00004,2b,01,NRS_FULL_IFU,jw07806_20260717t152702_pool.csv,jw07806-o003_20260717t152702_spec2_00006_asn.json,85.31534706708044,60945.653223140805,f,,,60945.64427398561,60945.63532483041,GO,,58,f,/Date(1784333990481)/,61239.0137787037,/Date(1758987553172)/,60945.65223579861,/Date(1758986006750)/,60945.63433738426,NRS1,0,0,1546.422,1531.833,1531.833,OK,NRS_IFU,1,60945.652235787034,60945.64328658565,4,PRIME,60945.63433738426,2,F100LP,1,1.0,S1HE110921,0,-69.31386741243126,12.8187313079834,1,84.03194924024247,/Date(1758980879579)/,60945.574995138886,/Date(1758980638939)/,60945.5722099537,0.0302841011,0.01618295349180698,0.028607294,85.32348296139389,60945.65322323492,f,60945.64427407975,60945.63532492457,NIRSPEC,f,,NONE,0,,,0,8,,1,105,1,1,1,1,4,60948.4956446875,V07806003001P0000000002101,3,NIRSpec IFU - G140H,STSCI,FINEGUIDE,"Kavanagh, Patrick",NRS_FULL_IFU,PRDOPSSOC-073,7806,-69.26974722222222,83.86653333333332,60943.95492582176,NRSIRS2RAPID,491,"Gas, Dust and the ISM",2026_1b,,1,1,FULL,,2048,2048,1,1,-69.26974722222224,83.86653333333334,SN 1987A,f,SN-1987A-nirspec,FIXED,0.1,0.1,JWST,NIRSpec IFU Spectroscopy,14.58889,14.589,UTC,"The infancy of a supernova remnant: Probing ejecta dynamics, dust evolution, and the emerging compact object in SN 1987A with JWST",10,f,1,07806003001,/Date(1758994313422)/,60945.730479432874,02,SUCCESSFUL,PRIME_TARGETED_FIXED,/Date(1758979415260)/,60945.55804699074,-0.0775997,0.2415001,f,,,,,,IFUImageModel,f,,,,,/Date(1758986006750)/,60945.63433738426,NIRSpec,0.0,IFU,2025270T185133397_006_osf.xml,,,,,EXTENDED,,4,SMALL,CYCLING,,,f,CALCULATED_TRACK_TR_202111,11.0,5,279.9717125658545,,,,,-69.26409025615224,83.86947055494801,f,,Star,Supernovae,GSC32,0.0851298278375104,0.3601603047216694,1517.245,,,,,,,,,,,,,POLYGON ICRS  83.864559393 -69.270385458 83.868254771 -69.270385458 83.868254771 -69.269151207 83.864559393 -69.269151207,2.0.1,RELEASE,jwst_1535.pmap,13.1.13,,3,,G140H,179.894572,66.7771396,36.15763,179.9060084,0.35908198399999997,66.78857599999999,0.1332586,f,,,,,,,,16,4,1,,,,,,,,203051520,64a2ea322bb020a291539f5098541c6a,/Date(1784334301180)/,61239.01737476852,/Date(1784334628380)/,61239.021161805555,86,/Date(1790795821000)/,61313.8034837963,False,False,False,6764529,mast:JWST/product/jw07806003001_02101_00004_nrs1_cal.fits,"GO-7806 Kavanagh, Patrick",F100LP,NIRSPEC-F100LP,2026-09-30 19:17:01.000,2025-09-27 15:13:26.750
243792262,jw07806003001_02103_00001_nrs1_rate.fits,jw07806003001_02103_00001,2b,03,NRS_FULL_IFU,jw07806_20260717t152702_pool.csv,jw07806-o003_20260717t152702_spec2_00004_asn.json,85.30644359998405,60945.67318969284,f,,,60945.66424053764,60945.65529138245,GO,,58,f,/Date(1784346763158)/,61239.16161060185,/Date(1758989278291)/,60945.672202430556,/Date(1758987731869)/,60945.65430405093,NRS1,0,0,1546.422,1531.833,1531.833,OK,NRS_IFU,5,60945.67220244213,60945.66325324074,1,PRIME,60945.65430403935,2,F070LP,1,1.0,S1HE110921,0,-69.31386741243126,12.8187313079834,1,84.03194924024247,/Date(1758980879579)/,60945.574995138886,/Date(1758980638939)/,60945.5722099537,0.0302841011,0.01618295349180698,0.028607294,85.3145744651556,60945.673189786896,f,60945.664240631726,60945.655291476556,NIRSPEC,f,,NONE,0,,,0,8,,1,105,1,1,1,1,4,60948.4956446875,V07806003001P0000000002103,3,NIRSpec IFU - G140H,STSCI,FINEGUIDE,"Kavanagh, Patrick",NRS_FULL_IFU,PRDOPSSOC-073,7806,-69.26974722222222,83.86653333333332,60943.95492582176,NRSIRS2RAPID,491,"Gas, Dust and the ISM",2026_1b,,1,1,FULL,,2048,2048,1,1,-69.26974722222224,83.86653333333334,SN 1987A,f,SN-1987A-nirspec,FIXED,0.1,0.1,JWST,NIRSpec IFU Spectroscopy,14.58889,14.589,UTC,"The infancy of a supernova remnant: Probing ejecta dynamics, dust evolution, and the emerging compact object in SN 1987A with JWST",10,f,1,07806003001,/Date(1758994313422)/,60945.730479432874,02,SUCCESSFUL,PRIME_TARGETED_FIXED,/Date(1758979415260)/,60945.55804699074,-0.2328004,-0.0774004,f,,,,,,IFUImageModel,f,,,,,/Date(1758987731869)/,60945.65430405093,NIRSpec,0.001247081213822385,IFU,2025271T001710888_001_osf.xml,,,,,EXTENDED,,1,SMALL,CYCLING,,,f,CALCULATED_TRACK_TR_202111,11.0,5,279.9717125658545,,,,,-69.26400826986419,83.86962840641782,f,,Star,Supernovae,GSC32,0.08368572958254,0.3618888227635273,1517.245,,,,,,,,,,,,,POLYGON ICRS  83.864708417 -69.270304837 83.868403354 -69.270304837 83.868403354 -69.269070551 83.864708417 -69.269070551,2.0.1,RELEASE,jwst_1535.pmap,13.1.13,,3,,G140H,179.894572,66.7771396,36.15763,179.9060084,0.35908198399999997,66.78857599999999,0.1332586,f,,,,,,,,16,4,1,,,,,,,,203051520,067a39a9027e0ceeb807499e30f2b02d,/Date(1784347530828)/,61239.17049567129,/Date(1784348537209)/,61239.18214363426,86,/Date(1790794991000)/,61313.79387731481,False,False,False,6745235,mast:JWST/product/jw07806003001_02103_00001_nrs1_cal.fits,"GO-7806 Kavanagh, Patrick",F070LP,NIRSPEC-F070LP,2026-09-30 19:03:11.000,2025-09-27 15:42:11.869
243730588,jw07806003001_02103_00002_nrs1_rate.fits,jw07806003001_02103_00002,2b,03,NRS_FULL_IFU,jw07806_20260717t152702_pool.csv,jw07806-o003_20260717t152702_spec2_00003_asn.json,85.29800910037011,60945.692101423905,f,,,60945.68315226872,60945.67420311353,GO,,58,f,/Date(1784333974821)/,61239.013597453704,/Date(1758990912273)/,60945.691114270834,/Date(1758989365851)/,60945.673215856485,NRS1,0,0,1546.422,1531.833,1531.833,OK,NRS_IFU,5,60945.691114270834,60945.68216506945,2,PRIME,60945.67321586805,2,F070LP,1,1.0,S1HE110921,0,-69.31386741243126,12.8187313079834,1,84.03194924024247,/Date(1758980879579)/,60945.574995138886,/Date(1758980638939)/,60945.5722099537,0.0302841011,0.01618295349180698,0.028607294,85.3061355650425,60945.69210151792,f,60945.683152362755,60945.674203207585,NIRSPEC,f,,NONE,0,,,0,8,,1,105,1,1,1,1,4,60948.4956446875,V07806003001P0000000002103,3,NIRSpec IFU - G140H,STSCI,FINEGUIDE,"Kavanagh, Patrick",NRS_FULL_IFU,PRDOPSSOC-073,7806,-69.26974722222222,83.86653333333332,60943.95492582176,NRSIRS2RAPID,491,"Gas, Dust and the ISM",2026_1b,,1,1,FULL,,2048,2048,1,1,-69.26974722222224,83.86653333333334,SN 1987A,f,SN-1987A-nirspec,FIXED,0.1,0.1,JWST,NIRSpec IFU Spectroscopy,14.58889,14.589,UTC,"The infancy of a supernova remnant: Probing ejecta dynamics, dust evolution, and the emerging compact object in SN 1987A with JWST",10,f,1,07806003001,/Date(1758994313422)/,60945.730479432874,02,SUCCESSFUL,PRIME_TARGETED_FIXED,/Date(1758979415260)/,60945.55804699074,0.1292004,0.1855004,f,,,,,,IFUImageModel,f,,,,,/Date(1758989365851)/,60945.673215856485,NIRSpec,-0.00476358016769261,IFU,2025270T220839540_001_osf.xml,,,,,EXTENDED,,2,SMALL,CYCLING,,,f,CALCULATED_TRACK_TR_202111,11.0,5,279.9717125658545,,,,,-69.26413232705119,83.86960270515983,f,,Star,Supernovae,GSC32,0.08403347598496105,0.38011683120493817,1517.245,,,,,,,,,,,,,POLYGON ICRS  83.864677429 -69.270428540 83.868372386 -69.270428540 83.868372386 -69.269194255 83.864677429 -69.269194255,2.0.1,RELEASE,jwst_1535.pmap,13.1.13,,3,,G140H,179.894572,66.7771396,36.15763,179.9060084,0.35908198399999997,66.78857599999999,0.1332586,f,,,,,,,,16,4,1,,,,,,,,203051520,2203abe36bfb3d00c7d531652f5e382e,/Date(1784334296225)/,61239.01731743055,/Date(1784334597902)/,61239.0208090625,86,/Date(1790794969000)/,61313.79362268518,False,False,False,6745247,mast:JWST/product/jw07806003001_02103_00002_nrs1_cal.fits,"GO-7806 Kavanagh, Patrick",F070LP,NIRSPEC-F070LP,2026-09-30 19:02:49.000,2025-09-27 16:09:25.851
243730597,jw07806003001_02103_00003_nrs1_rate.fits,jw07806003001_02103_00003,2b,03,NRS_FULL_IFU,jw07806_20260717t152702_pool.csv,jw07806-o003_20260717t152702_spec2_00002_asn.json,85.2896481519565,60945.710844266934,f,,,60945.701895111764,60945.69294595657,GO,,58,f,/Date(1784333963998)/,61239.013472175924,/Date(1758992531663)/,60945.70985721065,/Date(1758990985241)/,60945.6919587963,NRS1,0,0,1546.422,1531.833,1531.833,OK,NRS_IFU,5,60945.70985721065,60945.70090800926,3,PRIME,60945.69195880787,2,F070LP,1,1.0,S1HE110921,0,-69.31386741243126,12.8187313079834,1,84.03194924024247,/Date(1758980879579)/,60945.574995138886,/Date(1758980638939)/,60945.5722099537,0.0302841011,0.01618295349180698,0.028607294,85.29777084477246,60945.7108443609,f,60945.70189520575,60945.692946050585,NIRSPEC,f,,NONE,0,,,0,8,,1,105,1,1,1,1,4,60948.4956446875,V07806003001P0000000002103,3,NIRSpec IFU - G140H,STSCI,FINEGUIDE,"Kavanagh, Patrick",NRS_FULL_IFU,PRDOPSSOC-073,7806,-69.26974722222222,83.86653333333332,60943.95492582176,NRSIRS2RAPID,491,"Gas, Dust and the ISM",2026_1b,,1,1,FULL,,2048,2048,1,1,-69.26974722222224,83.86653333333334,SN 1987A,f,SN-1987A-nirspec,FIXED,0.1,0.1,JWST,NIRSpec IFU Spectroscopy,14.58889,14.589,UTC,"The infancy of a supernova remnant: Probing ejecta dynamics, dust evolution, and the emerging compact object in SN 1987A with JWST",10,f,1,07806003001,/Date(1758994313422)/,60945.730479432874,02,SUCCESSFUL,PRIME_TARGETED_FIXED,/Date(1758979415260)/,60945.55804699074,-0.0259002,-0.1333002,f,,,,,,IFUImageModel,f,,,,,/Date(1758990985241)/,60945.6919587963,NIRSpec,-0.00229308352939243,IFU,2025270T221050142_002_osf.xml,,,,,EXTENDED,,3,SMALL,CYCLING,,,f,CALCULATED_TRACK_TR_202111,11.0,5,279.9717125658545,,,,,-69.26405033611006,83.86975980110016,f,,Star,Supernovae,GSC32,0.08339706706954973,0.3944163895512174,1517.245,,,,,,,,,,,,,POLYGON ICRS  83.864829377 -69.270346203 83.868524323 -69.270346203 83.868524323 -69.269111916 83.864829377 -69.269111916,2.0.1,RELEASE,jwst_1535.pmap,13.1.13,,3,,G140H,179.89457200000004,66.7771396,36.15763,179.9060084,0.35908198399999997,66.78857599999999,0.1332586,f,,,,,,,,16,4,1,,,,,,,,203051520,b18f38c7faffeed68c6d2ee679931d4b,/Date(1784334295748)/,61239.017311875,/Date(1784334598430)/,61239.02081516204,86,/Date(1790795043000)/,61313.79447916667,False,False,False,6745245,mast:JWST/product/jw07806003001_02103_00003_nrs1_cal.fits,"GO-7806 Kavanagh, Patrick",F070LP,NIRSPEC-F070LP,2026-09-30 19:04:03.000,2025-09-27 16:36:25.241
243791713,jw07806003001_02103_00004_nrs1_rate.fits,jw07806003001_02103_00004,2b,03,NRS_FULL_IFU,jw07806_20260717t152702_pool.csv,jw07806-o003_20260717t152702_spec2_00001_asn.json,85.28128657490015,60945.72958712154,f,,,60945.72063796637,60945.711688811185,GO,,58,f,/Date(1784346630183)/,61239.1600715625,/Date(1758994151054)/,60945.72860015046,/Date(1758992604632)/,60945.71070177083,NRS1,0,0,1546.422,1531.833,1531.833,OK,NRS_IFU,5,60945.72860016204,60945.71965096065,4,PRIME,60945.71070175926,2,F070LP,1,1.0,S1HE110921,0,-69.31386741243126,12.8187313079834,1,84.03194924024247,/Date(1758980879579)/,60945.574995138886,/Date(1758980638939)/,60945.5722099537,0.0302841011,0.01618295349180698,0.028607294,85.28940486721694,60945.72958721545,f,60945.7206380603,60945.71168890515,NIRSPEC,f,,NONE,0,,,0,8,,1,105,1,1,1,1,4,60948.4956446875,V07806003001P0000000002103,3,NIRSpec IFU - G140H,STSCI,FINEGUIDE,"Kavanagh, Patrick",NRS_FULL_IFU,PRDOPSSOC-073,7806,-69.26974722222222,83.86653333333332,60943.95492582176,NRSIRS2RAPID,491,"Gas, Dust and the ISM",2026_1b,,1,1,FULL,,2048,2048,1,1,-69.26974722222224,83.86653333333334,SN 1987A,f,SN-1987A-nirspec,FIXED,0.1,0.1,JWST,NIRSpec IFU Spectroscopy,14.58889,14.589,UTC,"The infancy of a supernova remnant: Probing ejecta dynamics, dust evolution, and the emerging compact object in SN 1987A with JWST",10,f,1,07806003001,/Date(1758994313422)/,60945.730479432874,02,SUCCESSFUL,PRIME_TARGETED_FIXED,/Date(1758979415260)/,60945.55804699074,-0.0775997,0.2415001,f,,,,,,IFUImageModel,f,,,,,/Date(1758992604632)/,60945.71070177083,NIRSpec,-0.00265287944989894,IFU,2025270T221439255_002_osf.xml,,,,,EXTENDED,,4,SMALL,CYCLING,,,f,CALCULATED_TRACK_TR_202111,11.0,5,279.9717125658545,,,,,-69.26409180708484,83.8694919645947,f,,Star,Supernovae,GSC32,0.08380028318731404,0.36141740875211154,1517.245,,,,,,,,,,,,,POLYGON ICRS  83.864556258 -69.270387316 83.868251208 -69.270387316 83.868251208 -69.269153032 83.864556258 -69.269153032,2.0.1,RELEASE,jwst_1535.pmap,13.1.13,,3,,G140H,179.894572,66.7771396,36.15763,179.9060084,0.35908198399999997,66.78857599999999,0.1332586,f,,,,,,,,16,4,1,,,,,,,,203051520,fd38a06e550b94a202265bcbabd5fdfc,/Date(1784347159974)/,61239.16620339121,/Date(1784347825198)/,61239.17390273148,86,/Date(1790794969000)/,61313.79362268518,False,False,False,6745255,mast:JWST/product/jw07806003001_02103_00004_nrs1_cal.fits,"GO-7806 Kavanagh, Patrick",F070LP,NIRSPEC-F070LP,2026-09-30 19:02:49.000,2025-09-27 17:03:24.632
243730816,jw07806004001_02101_00001_nrs1_rate.fits,jw07806004001_02101_00001,2b,01,NRS_FULL_IFU,jw07806_20260717t152702_pool.csv,jw07806-o004_20260717t152702_spec2_00016_asn.json,85.26020881254226,60945.772094263084,f,,,60945.76550903668,60945.75892381029,GO,,58,f,/Date(1784334010756)/,61239.01401337963,/Date(1758997823690)/,60945.77110752315,/Date(1758996685757)/,60945.75793699074,NRS1,0,0,1137.933,1123.345,1123.345,OK,NRS_IFU,1,60945.77110752315,60945.76452226273,1,PRIME,60945.757937002316,2,F170LP,1,1.0,S1HE110921,0,-69.31386741123606,12.8187313079834,1,84.03194924862314,/Date(1758996444364)/,60945.755143090275,/Date(1758996203724)/,60945.75235790509,0.0302841011,0.01618295349180698,0.028607294,85.26831578928977,60945.772094356886,f,60945.765509130506,60945.75892390412,NIRSPEC,f,,NONE,0,,,0,8,,1,77,1,1,1,1,4,60948.4956446875,V07806004001P0000000002101,4,NIRSpec IFU - G235H/G395H,STSCI,FINEGUIDE,"Kavanagh, Patrick",NRS_FULL_IFU,PRDOPSSOC-073,7806,-69.26974722222222,83.86653333333332,60943.95492582176,NRSIRS2RAPID,491,"Gas, Dust and the ISM",2026_1b,,1,1,FULL,,2048,2048,1,1,-69.26974722222224,83.86653333333334,SN 1987A,f,SN-1987A-nirspec,FIXED,0.1,0.1,JWST,NIRSpec IFU Spectroscopy,14.58889,14.589,UTC,"The infancy of a supernova remnant: Probing ejecta dynamics, dust evolution, and the emerging compact object in SN 1987A with JWST",10,f,1,07806004001,/Date(1759009684671)/,60945.90838738426,02,SUCCESSFUL,PRIME_TARGETED_FIXED,/Date(1758995659980)/,60945.746064583334,-0.2328004,-0.0774004,f,,,,,,IFUImageModel,f,,,,,/Date(1758996685757)/,60945.75793699074,NIRSpec,-0.01963927312993191,IFU,2025270T235223350_001_osf.xml,,,,,EXTENDED,,1,SMALL,CYCLING,,,f,CALCULATED_TRACK_TR_202111,11.0,5,280.1494038504394,,,,,-69.264010530818,83.86965589626575,f,,Star,Supernovae,GSC32,0.083923140295026,0.3601768455641752,1108.756,,,,,,,,,,,,,POLYGON ICRS  83.864706263 -69.270306335 83.868399362 -69.270306335 83.868399362 -69.269073332 83.864706263 -69.269073332,2.0.1,RELEASE,jwst_1535.pmap,13.1.13,,3,,G235H,176.3950336,69.1101652,36.1412,176.40647,0.35212478,69.12160159999999,0.137957558,f,,,,,,,,16,4,1,,,,,,,,203051520,5a8c9fe21aba1c72db50642f2360d937,/Date(1784334331671)/,61239.01772766204,/Date(1784334644880)/,61239.021352777774,86,/Date(1790602532000)/,61311.566342592596,False,False,False,6745266,mast:JWST/product/jw07806004001_02101_00001_nrs1_cal.fits,"GO-7806 Kavanagh, Patrick",F170LP,NIRSPEC-F170LP,2026-09-28 13:35:32.000,2025-09-27 18:11:25.757
243730378,jw07806004001_02101_00002_nrs1_rate.fits,jw07806004001_02101_00002,2b,01,NRS_FULL_IFU,jw07806_20260717t152702_pool.csv,jw07806-o004_20260717t152702_spec2_00014_asn.json,85.25395318865776,60945.78610899391,f,,,60945.77952376752,60945.77293854112,GO,,58,f,/Date(1784334009509)/,61239.01399895833,/Date(1758999034569)/,60945.78512233796,/Date(1758997896636)/,60945.77195180555,NRS1,0,0,1137.933,1123.345,1123.345,OK,NRS_IFU,1,60945.785122326386,60945.77853706597,2,PRIME,60945.77195180555,2,F170LP,1,1.0,S1HE110921,0,-69.31386741123606,12.8187313079834,1,84.03194924862314,/Date(1758996444364)/,60945.755143090275,/Date(1758996203724)/,60945.75235790509,0.0302841011,0.01618295349180698,0.028607294,85.26205765083432,60945.786109087676,f,60945.7795238613,60945.772938634924,NIRSPEC,f,,NONE,0,,,0,8,,1,77,1,1,1,1,4,60948.4956446875,V07806004001P0000000002101,4,NIRSpec IFU - G235H/G395H,STSCI,FINEGUIDE,"Kavanagh, Patrick",NRS_FULL_IFU,PRDOPSSOC-073,7806,-69.26974722222222,83.86653333333332,60943.95492582176,NRSIRS2RAPID,491,"Gas, Dust and the ISM",2026_1b,,1,1,FULL,,2048,2048,1,1,-69.26974722222224,83.86653333333334,SN 1987A,f,SN-1987A-nirspec,FIXED,0.1,0.1,JWST,NIRSpec IFU Spectroscopy,14.58889,14.589,UTC,"The infancy of a supernova remnant: Probing ejecta dynamics, dust evolution, and the emerging compact object in SN 1987A with JWST",10,f,1,07806004001,/Date(1759009684671)/,60945.90838738426,02,SUCCESSFUL,PRIME_TARGETED_FIXED,/Date(1758995659980)/,60945.746064583334,0.1292004,0.1855004,f,,,,,,IFUImageModel,f,,,,,/Date(1758997896636)/,60945.77195180555,NIRSpec,0.0,IFU,2025270T222704921_002_osf.xml,,,,,EXTENDED,,2,SMALL,CYCLING,,,f,CALCULATED_TRACK_TR_202111,11.0,5,280.1494038504394,,,,,-69.2641347707253,83.86962688199148,f,,Star,Supernovae,GSC32,0.0832103126872378,0.37608913605477157,1108.756,,,,,,,,,,,,,POLYGON ICRS  83.864673321 -69.270430310 83.868366443 -69.270430310 83.868366443 -69.269197306 83.864673321 -69.269197306,2.0.1,RELEASE,jwst_1535.pmap,13.1.13,,3,,G235H,176.3950336,69.1101652,36.1412,176.40647,0.35212478,69.12160159999999,0.137957558,f,,,,,,,,16,4,1,,,,,,,,203051520,ba054e5bc569825f9b5fb7be62d60f17,/Date(1784334242758)/,61239.01669856482,/Date(1784334565435)/,61239.020433287034,86,/Date(1790603281000)/,61311.575011574074,False,False,False,6745308,mast:JWST/product/jw07806004001_02101_00002_nrs1_cal.fits,"GO-7806 Kavanagh, Patrick",F170LP,NIRSPEC-F170LP,2026-09-28 13:48:01.000,2025-09-27 18:31:36.636
243731402,jw07806004001_02101_00003_nrs1_rate.fits,jw07806004001_02101_00003,2b,01,NRS_FULL_IFU,jw07806_20260717t152702_pool.csv,jw07806-o004_20260717t152702_spec2_00012_asn.json,85.24769756477326,60945.800123724744,f,,,60945.79353849835,60945.78695327196,GO,,58,f,/Date(1784334018903)/,61239.01410767361,/Date(1759000245448)/,60945.79913710648,/Date(1758999107515)/,60945.78596662037,NRS1,0,0,1137.933,1123.345,1123.345,OK,NRS_IFU,1,60945.79913712963,60945.792551869214,3,PRIME,60945.7859666088,2,F170LP,1,1.0,S1HE110921,0,-69.31386741123606,12.8187313079834,1,84.03194924862314,/Date(1758996444364)/,60945.755143090275,/Date(1758996203724)/,60945.75235790509,0.0302841011,0.01618295349180698,0.028607294,85.2557982550934,60945.80012381847,f,60945.7935385921,60945.78695336572,NIRSPEC,f,,NONE,0,,,0,8,,1,77,1,1,1,1,4,60948.4956446875,V07806004001P0000000002101,4,NIRSpec IFU - G235H/G395H,STSCI,FINEGUIDE,"Kavanagh, Patrick",NRS_FULL_IFU,PRDOPSSOC-073,7806,-69.26974722222222,83.86653333333332,60943.95492582176,NRSIRS2RAPID,491,"Gas, Dust and the ISM",2026_1b,,1,1,FULL,,2048,2048,1,1,-69.26974722222224,83.86653333333334,SN 1987A,f,SN-1987A-nirspec,FIXED,0.1,0.1,JWST,NIRSpec IFU Spectroscopy,14.58889,14.589,UTC,"The infancy of a supernova remnant: Probing ejecta dynamics, dust evolution, and the emerging compact object in SN 1987A with JWST",10,f,1,07806004001,/Date(1759009684671)/,60945.90838738426,02,SUCCESSFUL,PRIME_TARGETED_FIXED,/Date(1758995659980)/,60945.746064583334,-0.0259002,-0.1333002,f,,,,,,IFUImageModel,f,,,,,/Date(1758999107515)/,60945.78596662037,NIRSpec,0.0,IFU,2025270T223610040_001_osf.xml,,,,,EXTENDED,,3,SMALL,CYCLING,,,f,CALCULATED_TRACK_TR_202111,11.0,5,280.1494038504394,,,,,-69.2640526942226,83.86978373059262,f,,Star,Supernovae,GSC32,0.08486669611492785,0.3634023098528096,1108.756,,,,,,,,,,,,,POLYGON ICRS  83.864826337 -69.270347973 83.868519446 -69.270347973 83.868519446 -69.269114968 83.864826337 -69.269114968,2.0.1,RELEASE,jwst_1535.pmap,13.1.13,,3,,G235H,176.3950336,69.1101652,36.1412,176.40647,0.35212478,69.12160159999999,0.137957558,f,,,,,,,,16,4,1,,,,,,,,203051520,dc159b6590a49e6b675c022a83214d3e,/Date(1784334580745)/,61239.02061048611,/Date(1784334740352)/,61239.02245778935,86,/Date(1790603206000)/,61311.57414351852,False,False,False,6745320,mast:JWST/product/jw07806004001_02101_00003_nrs1_cal.fits,"GO-7806 Kavanagh, Patrick",F170LP,NIRSPEC-F170LP,2026-09-28 13:46:46.000,2025-09-27 18:51:47.515
243730630,jw07806004001_02101_00004_nrs1_rate.fits,jw07806004001_02101_00004,2b,01,NRS_FULL_IFU,jw07806_20260717t152702_pool.csv,jw07806-o004_20260717t152702_spec2_00010_asn.json,85.24144068360329,60945.81413845556,f,,,60945.80755322917,60945.80096800278,GO,,58,f,/Date(1784333984341)/,61239.013707638886,/Date(1759001456327)/,60945.8131519213,/Date(1759000318394)/,60945.799981400465,NRS1,0,0,1137.933,1123.345,1123.345,OK,NRS_IFU,1,60945.81315193287,60945.80656667245,4,PRIME,60945.799981412034,2,F170LP,1,1.0,S1HE110921,0,-69.31386741123606,12.8187313079834,1,84.03194924862314,/Date(1758996444364)/,60945.755143090275,/Date(1758996203724)/,60945.75235790509,0.0302841011,0.01618295349180698,0.028607294,85.24953885935247,60945.81413854925,f,60945.80755332288,60945.80096809651,NIRSPEC,f,,NONE,0,,,0,8,,1,77,1,1,1,1,4,60948.4956446875,V07806004001P0000000002101,4,NIRSpec IFU - G235H/G395H,STSCI,FINEGUIDE,"Kavanagh, Patrick",NRS_FULL_IFU,PRDOPSSOC-073,7806,-69.26974722222222,83.86653333333332,60943.95492582176,NRSIRS2RAPID,491,"Gas, Dust and the ISM",2026_1b,,1,1,FULL,,2048,2048,1,1,-69.26974722222224,83.86653333333334,SN 1987A,f,SN-1987A-nirspec,FIXED,0.1,0.1,JWST,NIRSpec IFU Spectroscopy,14.58889,14.589,UTC,"The infancy of a supernova remnant: Probing ejecta dynamics, dust evolution, and the emerging compact object in SN 1987A with JWST",10,f,1,07806004001,/Date(1759009684671)/,60945.90838738426,02,SUCCESSFUL,PRIME_TARGETED_FIXED,/Date(1758995659980)/,60945.746064583334,-0.0775997,0.2415001,f,,,,,,IFUImageModel,f,,,,,/Date(1759000318394)/,60945.799981400465,NIRSpec,0.0,IFU,2025270T223202298_001_osf.xml,,,,,EXTENDED,,4,SMALL,CYCLING,,,f,CALCULATED_TRACK_TR_202111,11.0,5,280.1494038504394,,,,,-69.26409377775201,83.86951424100481,f,,Star,Supernovae,GSC32,0.08425944870485429,0.3801747241537085,1108.756,,,,,,,,,,,,,POLYGON ICRS  83.864552880 -69.270388785 83.868245992 -69.270388785 83.868245992 -69.269155782 83.864552880 -69.269155782,2.0.1,RELEASE,jwst_1535.pmap,13.1.13,,3,,G235H,176.3950336,69.1101652,36.1412,176.40647,0.35212478,69.12160159999999,0.137957558,f,,,,,,,,16,4,1,,,,,,,,203051520,7c3f823f1f33e67b9d5cd79039034631,/Date(1784334299605)/,61239.017356550925,/Date(1784334600505)/,61239.02083918981,86,/Date(1790603188000)/,61311.57393518519,False,False,False,6745306,mast:JWST/product/jw07806004001_02101_00004_nrs1_cal.fits,"GO-7806 Kavanagh, Patrick",F170LP,NIRSPEC-F170LP,2026-09-28 13:46:28.000,2025-09-27 19:11:58.394
243730639,jw07806004001_04101_00001_nrs1_rate.fits,jw07806004001_04101_00001,2b,01,NRS_FULL_IFU,jw07806_20260717t152702_pool.csv,jw07806-o004_20260717t152702_spec2_00008_asn.json,85.2336612297222,60945.840005694554,f,,,60945.829199164764,60945.81839263497,GO,,58,f,/Date(1784333967759)/,61239.01351574074,/Date(1759003691268)/,60945.83901928241,/Date(1759001823890)/,60945.81740613426,NRS1,0,0,1867.378,1838.2,919.1,OK,NRS_IFU,5,60945.83901930555,60945.828212719905,1,PRIME,60945.81740613426,2,F290LP,1,1.0,S1HE110921,0,-69.31386741123606,12.8187313079834,1,84.03194924862314,/Date(1758996444364)/,60945.755143090275,/Date(1758996203724)/,60945.75235790509,0.0302841011,0.01618295349180698,0.028607294,85.24175500497222,60945.84000578817,f,60945.82919925841,60945.818392728645,NIRSPEC,f,,NONE,0,,,0,8,,1,63,2,1,1,1,4,60948.4956446875,V07806004001P0000000004101,4,NIRSpec IFU - G235H/G395H,STSCI,FINEGUIDE,"Kavanagh, Patrick",NRS_FULL_IFU,PRDOPSSOC-073,7806,-69.26974722222222,83.86653333333332,60943.95492582176,NRSIRS2RAPID,491,"Gas, Dust and the ISM",2026_1b,,1,1,FULL,,2048,2048,1,1,-69.26974722222224,83.86653333333334,SN 1987A,f,SN-1987A-nirspec,FIXED,0.1,0.1,JWST,NIRSpec IFU Spectroscopy,14.58889,14.589,UTC,"The infancy of a supernova remnant: Probing ejecta dynamics, dust evolution, and the emerging compact object in SN 1987A with JWST",10,f,1,07806004001,/Date(1759009684671)/,60945.90838738426,04,SUCCESSFUL,PRIME_TARGETED_FIXED,/Date(1758995659980)/,60945.746064583334,-0.2328004,-0.0774004,f,,,,,,IFUImageModel,f,,,,,/Date(1759001823890)/,60945.81740613426,NIRSpec,0.0,IFU,2025270T232946140_001_osf.xml,,,,,EXTENDED,,1,SMALL,CYCLING,,,f,CALCULATED_TRACK_TR_202111,11.0,5,280.1494038504394,,,,,-69.26401206938125,83.86967334557085,f,,Star,Supernovae,GSC32,0.08598950451148969,0.39340259597828015,1809.022,,,,,,,,,,,,,POLYGON ICRS  83.864703219 -69.270308469 83.868396672 -69.270308469 83.868396672 -69.269075425 83.864703219 -69.269075425,2.0.1,RELEASE,jwst_1535.pmap,13.1.13,,3,,G395H,159.38910679999998,72.392412,36.1444855,159.4119796,0.318160027,72.3809756,0.144549772,f,,,,,,,,16,4,1,,,,,,,,203051520,d7c16aad8e4383534dff8408072e8d00,/Date(1784334299790)/,61239.017358680554,/Date(1784334601130)/,61239.02084641204,86,/Date(1790603873000)/,61311.58186342593,False,False,False,6745334,mast:JWST/product/jw07806004001_04101_00001_nrs1_cal.fits,"GO-7806 Kavanagh, Patrick",F290LP,NIRSPEC-F290LP,2026-09-28 13:57:53.000,2025-09-27 19:37:03.890
243730257,jw07806004001_04101_00002_nrs1_rate.fits,jw07806004001_04101_00002,2b,01,NRS_FULL_IFU,jw07806_20260717t152702_pool.csv,jw07806-o004_20260717t152702_spec2_00006_asn.json,85.22363249212503,60945.862463344674,f,,,60945.85165681489,60945.8408502851,GO,,58,f,/Date(1784333940495)/,61239.01320018518,/Date(1759005631619)/,60945.86147708333,/Date(1759003764241)/,60945.83986388889,NRS1,0,0,1867.378,1838.2,919.1,OK,NRS_IFU,5,60945.86147707176,60945.850670486114,2,PRIME,60945.839863900466,2,F290LP,1,1.0,S1HE110921,0,-69.31386741123606,12.8187313079834,1,84.03194924862314,/Date(1758996444364)/,60945.755143090275,/Date(1758996203724)/,60945.75235790509,0.0302841011,0.01618295349180698,0.028607294,85.23172123823315,60945.862463438236,f,60945.85165690848,60945.84085037872,NIRSPEC,f,,NONE,0,,,0,8,,1,63,2,1,1,1,4,60948.4956446875,V07806004001P0000000004101,4,NIRSpec IFU - G235H/G395H,STSCI,FINEGUIDE,"Kavanagh, Patrick",NRS_FULL_IFU,PRDOPSSOC-073,7806,-69.26974722222222,83.86653333333332,60943.95492582176,NRSIRS2RAPID,491,"Gas, Dust and the ISM",2026_1b,,1,1,FULL,,2048,2048,1,1,-69.26974722222224,83.86653333333334,SN 1987A,f,SN-1987A-nirspec,FIXED,0.1,0.1,JWST,NIRSpec IFU Spectroscopy,14.58889,14.589,UTC,"The infancy of a supernova remnant: Probing ejecta dynamics, dust evolution, and the emerging compact object in SN 1987A with JWST",10,f,1,07806004001,/Date(1759009684671)/,60945.90838738426,04,SUCCESSFUL,PRIME_TARGETED_FIXED,/Date(1758995659980)/,60945.746064583334,0.1292004,0.1855004,f,,,,,,IFUImageModel,f,,,,,/Date(1759003764241)/,60945.83986388889,NIRSpec,0.0,IFU,2025270T224800552_001_osf.xml,,,,,EXTENDED,,2,SMALL,CYCLING,,,f,CALCULATED_TRACK_TR_202111,11.0,5,280.1494038504394,,,,,-69.26413618565336,83.86964737490402,f,,Star,Supernovae,GSC32,0.08441339005745141,0.3883944557279704,1809.022,,,,,,,,,,,,,POLYGON ICRS  83.864670979 -69.270432158 83.868364453 -69.270432158 83.868364453 -69.269199115 83.864670979 -69.269199115,2.0.1,RELEASE,jwst_1535.pmap,13.1.13,,3,,G395H,159.3891068,72.392412,36.1444855,159.4119796,0.318160027,72.3809756,0.144549772,f,,,,,,,,16,4,1,,,,,,,,203051520,dbfc2615dc473aacf0d82bc82ade9856,/Date(1784334230433)/,61239.0165559375,/Date(1784334548420)/,61239.02023634259,86,/Date(1790604756000)/,61311.59208333334,False,False,False,6745311,mast:JWST/product/jw07806004001_04101_00002_nrs1_cal.fits,"GO-7806 Kavanagh, Patrick",F290LP,NIRSPEC-F290LP,2026-09-28 14:12:36.000,2025-09-27 20:09:24.241
243730406,jw07806004001_04101_00003_nrs1_rate.fits,jw07806004001_04101_00003,2b,01,NRS_FULL_IFU,jw07806_20260717t152702_pool.csv,jw07806-o004_20260717t152702_spec2_00004_asn.json,85.21352706011385,60945.885089871204,f,,,60945.874283341436,60945.86347681165,GO,,58,f,/Date(1784333940694)/,61239.01320246528,/Date(1759007586561)/,60945.884103703705,/Date(1759005719183)/,60945.86249054398,NRS1,0,0,1867.378,1838.2,919.1,OK,NRS_IFU,5,60945.884103715274,60945.87329712963,3,PRIME,60945.86249054398,2,F290LP,1,1.0,S1HE110921,0,-69.31386741123606,12.8187313079834,1,84.03194924862314,/Date(1758996444364)/,60945.755143090275,/Date(1758996203724)/,60945.75235790509,0.0302841011,0.01618295349180698,0.028607294,85.22161077708006,60945.88508996471,f,60945.87428343496,60945.863476905215,NIRSPEC,f,,NONE,0,,,0,8,,1,63,2,1,1,1,4,60948.4956446875,V07806004001P0000000004101,4,NIRSpec IFU - G235H/G395H,STSCI,FINEGUIDE,"Kavanagh, Patrick",NRS_FULL_IFU,PRDOPSSOC-073,7806,-69.26974722222222,83.86653333333332,60943.95492582176,NRSIRS2RAPID,491,"Gas, Dust and the ISM",2026_1b,,1,1,FULL,,2048,2048,1,1,-69.26974722222224,83.86653333333334,SN 1987A,f,SN-1987A-nirspec,FIXED,0.1,0.1,JWST,NIRSpec IFU Spectroscopy,14.58889,14.589,UTC,"The infancy of a supernova remnant: Probing ejecta dynamics, dust evolution, and the emerging compact object in SN 1987A with JWST",10,f,1,07806004001,/Date(1759009684671)/,60945.90838738426,04,SUCCESSFUL,PRIME_TARGETED_FIXED,/Date(1758995659980)/,60945.746064583334,-0.0259002,-0.1333002,f,,,,,,IFUImageModel,f,,,,,/Date(1759005719183)/,60945.86249054398,NIRSpec,0.0,IFU,2025270T230807272_001_osf.xml,,,,,EXTENDED,,3,SMALL,CYCLING,,,f,CALCULATED_TRACK_TR_202111,11.0,5,280.1494038504394,,,,,-69.26405437176534,83.86980643868223,f,,Star,Supernovae,GSC32,0.08403870209082956,0.3709977580163681,1809.022,,,,,,,,,,,,,POLYGON ICRS  83.864823821 -69.270349918 83.868517283 -69.270349918 83.868517283 -69.269116874 83.864823821 -69.269116874,2.0.1,RELEASE,jwst_1535.pmap,13.1.13,,3,,G395H,159.38910679999998,72.392412,36.1444855,159.4119796,0.318160027,72.3809756,0.144549772,f,,,,,,,,16,4,1,,,,,,,,203051520,9cbdb1d473841d46f960f7151a34814f,/Date(1784334245445)/,61239.01672969908,/Date(1784334571987)/,61239.02050909722,86,/Date(1790632296000)/,61311.910833333335,False,False,False,6746182,mast:JWST/product/jw07806004001_04101_00003_nrs1_cal.fits,"GO-7806 Kavanagh, Patrick",F290LP,NIRSPEC-F290LP,2026-09-28 21:51:36.000,2025-09-27 20:41:59.183
243730278,jw07806004001_04101_00004_nrs1_rate.fits,jw07806004001_04101_00004,2b,01,NRS_FULL_IFU,jw07806_20260717t152702_pool.csv,jw07806-o004_20260717t152702_spec2_00002_asn.json,85.20349517930299,60945.90754750971,f,,,60945.896740979944,60945.885934450176,GO,,58,f,/Date(1784333938190)/,61239.01317349537,/Date(1759009526911)/,60945.90656145833,/Date(1759007659533)/,60945.88494829861,NRS1,0,0,1867.378,1838.2,919.1,OK,NRS_IFU,5,60945.90656146991,60945.89575488426,4,PRIME,60945.88494829861,2,F290LP,1,1.0,S1HE110921,0,-69.31386741123606,12.8187313079834,1,84.03194924862314,/Date(1758996444364)/,60945.755143090275,/Date(1758996203724)/,60945.75235790509,0.0302841011,0.01618295349180698,0.028607294,85.2115738671273,60945.90754760316,f,60945.89674107342,60945.88593454368,NIRSPEC,f,,NONE,0,,,0,8,,1,63,2,1,1,1,4,60948.4956446875,V07806004001P0000000004101,4,NIRSpec IFU - G235H/G395H,STSCI,FINEGUIDE,"Kavanagh, Patrick",NRS_FULL_IFU,PRDOPSSOC-073,7806,-69.26974722222222,83.86653333333332,60943.95492582176,NRSIRS2RAPID,491,"Gas, Dust and the ISM",2026_1b,,1,1,FULL,,2048,2048,1,1,-69.26974722222224,83.86653333333334,SN 1987A,f,SN-1987A-nirspec,FIXED,0.1,0.1,JWST,NIRSpec IFU Spectroscopy,14.58889,14.589,UTC,"The infancy of a supernova remnant: Probing ejecta dynamics, dust evolution, and the emerging compact object in SN 1987A with JWST",10,f,1,07806004001,/Date(1759009684671)/,60945.90838738426,04,SUCCESSFUL,PRIME_TARGETED_FIXED,/Date(1758995659980)/,60945.746064583334,-0.0775997,0.2415001,f,,,,,,IFUImageModel,f,,,,,/Date(1759007659533)/,60945.88494829861,NIRSpec,0.000209374582988726,IFU,2025271T020614364_001_osf.xml,,,,,EXTENDED,,4,SMALL,CYCLING,,,f,CALCULATED_TRACK_TR_202111,11.0,5,280.1494038504394,,,,,-69.26409558560152,83.86953932540685,f,,Star,Supernovae,GSC32,0.08388951222863611,0.37798279573390536,1809.022,,,,,,,,,,,,,POLYGON ICRS  83.864550399 -69.270390699 83.868243864 -69.270390699 83.868243864 -69.269157656 83.864550399 -69.269157656,2.0.1,RELEASE,jwst_1535.pmap,13.1.13,,3,,G395H,159.3891068,72.392412,36.1444855,159.4119796,0.318160027,72.3809756,0.144549772,f,,,,,,,,16,4,1,,,,,,,,203051520,b05d8e332957ae095845167717917c20,/Date(1784334241575)/,61239.01668490741,/Date(1784334550322)/,61239.02025836806,86,/Date(1790611810000)/,61311.673726851855,False,False,False,6745331,mast:JWST/product/jw07806004001_04101_00004_nrs1_cal.fits,"GO-7806 Kavanagh, Patrick",F290LP,NIRSPEC-F290LP,2026-09-28 16:10:10.000,2025-09-27 21:14:19.533
243730221,jw07806005001_02101_00001_nrs1_rate.fits,jw07806005001_02101_00001,2b,01,NRS_FULL_IFU,jw07806_20260717t152702_pool.csv,jw07806-o005_20260717t152702_spec2_00008_asn.json,85.09961511008441,60946.12333433273,f,,,60946.120801550715,60946.118268768696,GO,,58,f,/Date(1784333927444)/,61239.0130491088,/Date(1759028170989)/,60946.1223494213,/Date(1759027733322)/,60946.117283831016,NRS1,0,0,437.667,423.078,423.078,OK,NRS_IFU,1,60946.12234940972,60946.119816614584,1,PRIME,60946.11728381945,2,F100LP,1,1.0,S1HE110921,0,-69.3138674111549,12.8187313079834,1,84.0319492491922,/Date(1759027462317)/,60946.114147175926,/Date(1759027221677)/,60946.11136199074,0.0302841011,0.01618295349180698,0.028607294,85.107640363276,60946.1233344256,f,60946.12080164359,60946.11826886158,NIRSPEC,f,,NONE,0,,,0,8,,1,29,1,1,1,1,4,60948.4956446875,V07806005001P0000000002101,5,NIRSpec IFU - G140M/G395M,STSCI,FINEGUIDE,"Kavanagh, Patrick",NRS_FULL_IFU,PRDOPSSOC-073,7806,-69.26974722222222,83.86653333333332,60943.95492582176,NRSIRS2RAPID,491,"Gas, Dust and the ISM",2026_1b,,1,1,FULL,,2048,2048,1,1,-69.26974722222224,83.86653333333334,SN 1987A,f,SN-1987A-nirspec,FIXED,0.1,0.1,JWST,NIRSpec IFU Spectroscopy,14.58889,14.589,UTC,"The infancy of a supernova remnant: Probing ejecta dynamics, dust evolution, and the emerging compact object in SN 1987A with JWST",10,f,1,07806005001,/Date(1759031568553)/,60946.16167306713,02,SUCCESSFUL,PRIME_TARGETED_FIXED,/Date(1759024987312)/,60946.08550130787,-0.2328004,-0.0774004,f,,,,,,IFUImageModel,f,,,,,/Date(1759027733322)/,60946.117283831016,NIRSpec,-0.0327921434981883,IFU,2025271T030726272_001_osf.xml,,,,,EXTENDED,,1,SMALL,CYCLING,,,f,CALCULATED_TRACK_TR_202111,11.0,5,280.5090195776709,,,,,-69.26401762227226,83.86975472077266,f,,Star,Supernovae,GSC32,0.08273724459157142,0.3688702397897327,408.489,,,,,,,,,,,,,POLYGON ICRS  83.864714227 -69.270302097 83.868403609 -69.270302097 83.868403609 -69.269071591 83.864714227 -69.269071591,2.0.1,RELEASE,jwst_1535.pmap,13.1.13,,3,,G140M,164.03228519999996,62.3169436,36.1527023,164.0208488,0.32739827,62.29407079999999,0.124385335,f,,,,,,,,16,4,1,,,,,,,,203051520,86899d66a721895df4f412e9ead2c96e,/Date(1784334221041)/,61239.016447222224,/Date(1784334545543)/,61239.02020304398,86,/Date(1790638998000)/,61311.98840277778,False,False,False,6747143,mast:JWST/product/jw07806005001_02101_00001_nrs1_cal.fits,"GO-7806 Kavanagh, Patrick",F100LP,NIRSPEC-F100LP,2026-09-28 23:43:18.000,2025-09-28 02:48:53.322
243792550,jw07806005001_02101_00002_nrs1_rate.fits,jw07806005001_02101_00002,2b,01,NRS_FULL_IFU,jw07806_20260717t152702_pool.csv,jw07806-o005_20260717t152702_spec2_00007_asn.json,85.09697041008621,60946.12924392018,f,,,60946.12671113816,60946.12417835614,GO,,58,f,/Date(1784346845425)/,61239.16256280093,/Date(1759028681580)/,60946.12825902778,/Date(1759028243913)/,60946.1231934375,NRS1,0,0,437.667,423.078,423.078,OK,NRS_IFU,1,60946.12825902778,60946.12572623264,2,PRIME,60946.1231934375,2,F100LP,1,1.0,S1HE110921,0,-69.3138674111549,12.8187313079834,1,84.0319492491922,/Date(1759027462317)/,60946.114147175926,/Date(1759027221677)/,60946.11136199074,0.0302841011,0.01618295349180698,0.028607294,85.10499440599233,60946.129244013035,f,60946.12671123102,60946.12417844901,NIRSPEC,f,,NONE,0,,,0,8,,1,29,1,1,1,1,4,60948.4956446875,V07806005001P0000000002101,5,NIRSpec IFU - G140M/G395M,STSCI,FINEGUIDE,"Kavanagh, Patrick",NRS_FULL_IFU,PRDOPSSOC-073,7806,-69.26974722222222,83.86653333333332,60943.95492582176,NRSIRS2RAPID,491,"Gas, Dust and the ISM",2026_1b,,1,1,FULL,,2048,2048,1,1,-69.26974722222224,83.86653333333334,SN 1987A,f,SN-1987A-nirspec,FIXED,0.1,0.1,JWST,NIRSpec IFU Spectroscopy,14.58889,14.589,UTC,"The infancy of a supernova remnant: Probing ejecta dynamics, dust evolution, and the emerging compact object in SN 1987A with JWST",10,f,1,07806005001,/Date(1759031568553)/,60946.16167306713,02,SUCCESSFUL,PRIME_TARGETED_FIXED,/Date(1759024987312)/,60946.08550130787,0.1292004,0.1855004,f,,,,,,IFUImageModel,f,,,,,/Date(1759028243913)/,60946.1231934375,NIRSpec,0.04189948915319681,IFU,2025271T032925677_001_osf.xml,,,,,EXTENDED,,2,SMALL,CYCLING,,,f,CALCULATED_TRACK_TR_202111,11.0,5,280.5090195776709,,,,,-69.26414082659316,83.86972255922232,f,,Star,Supernovae,GSC32,0.08403937988424688,0.3782087268730171,408.489,,,,,,,,,,,,,POLYGON ICRS  83.864680393 -69.270425183 83.868369789 -69.270425183 83.868369789 -69.269194681 83.864680393 -69.269194681,2.0.1,RELEASE,jwst_1535.pmap,13.1.13,,3,,G140M,164.0322852,62.3169436,36.1527023,164.0208488,0.32739827,62.29407079999999,0.124385335,f,,,,,,,,16,4,1,,,,,,,,203051520,6b8569c56530ab4c28587fe308a82e02,/Date(1784347825213)/,61239.17390292824,/Date(1784349436631)/,61239.19255358796,86,/Date(1790640331000)/,61312.00383101852,False,False,False,6747126,mast:JWST/product/jw07806005001_02101_00002_nrs1_cal.fits,"GO-7806 Kavanagh, Patrick",F100LP,NIRSPEC-F100LP,2026-09-29 00:05:31.000,2025-09-28 02:57:23.913
243792563,jw07806005001_02101_00003_nrs1_rate.fits,jw07806005001_02101_00003,2b,01,NRS_FULL_IFU,jw07806_20260717t152702_pool.csv,jw07806-o005_20260717t152702_spec2_00006_asn.json,85.09432508144528,60946.13515425993,f,,,60946.13262147791,60946.13008869589,GO,,58,f,/Date(1784346828051)/,61239.162361689814,/Date(1759029192236)/,60946.134169398145,/Date(1759028754569)/,60946.12910381945,NRS1,0,0,437.667,423.078,423.078,OK,NRS_IFU,1,60946.134169398145,60946.13163660301,3,PRIME,60946.12910380787,2,F100LP,1,1.0,S1HE110921,0,-69.3138674111549,12.8187313079834,1,84.0319492491922,/Date(1759027462317)/,60946.114147175926,/Date(1759027221677)/,60946.11136199074,0.0302841011,0.01618295349180698,0.028607294,85.10234782006592,60946.13515435277,f,60946.13262157076,60946.13008878875,NIRSPEC,f,,NONE,0,,,0,8,,1,29,1,1,1,1,4,60948.4956446875,V07806005001P0000000002101,5,NIRSpec IFU - G140M/G395M,STSCI,FINEGUIDE,"Kavanagh, Patrick",NRS_FULL_IFU,PRDOPSSOC-073,7806,-69.26974722222222,83.86653333333332,60943.95492582176,NRSIRS2RAPID,491,"Gas, Dust and the ISM",2026_1b,,1,1,FULL,,2048,2048,1,1,-69.26974722222224,83.86653333333334,SN 1987A,f,SN-1987A-nirspec,FIXED,0.1,0.1,JWST,NIRSpec IFU Spectroscopy,14.58889,14.589,UTC,"The infancy of a supernova remnant: Probing ejecta dynamics, dust evolution, and the emerging compact object in SN 1987A with JWST",10,f,1,07806005001,/Date(1759031568553)/,60946.16167306713,02,SUCCESSFUL,PRIME_TARGETED_FIXED,/Date(1759024987312)/,60946.08550130787,-0.0259002,-0.1333002,f,,,,,,IFUImageModel,f,,,,,/Date(1759028754569)/,60946.12910381945,NIRSpec,0.026423871285212834,IFU,2025271T032925677_001_osf.xml,,,,,EXTENDED,,3,SMALL,CYCLING,,,f,CALCULATED_TRACK_TR_202111,11.0,5,280.5090195776709,,,,,-69.26405903986131,83.86987842035357,f,,Star,Supernovae,GSC32,0.08381759081601889,0.34610767752422705,408.489,,,,,,,,,,,,,POLYGON ICRS  83.864834673 -69.270343285 83.868524057 -69.270343285 83.868524057 -69.269112782 83.864834673 -69.269112782,2.0.1,RELEASE,jwst_1535.pmap,13.1.13,,3,,G140M,164.03228519999996,62.3169436,36.1527023,164.0208488,0.32739827,62.29407079999999,0.124385335,f,,,,,,,,16,4,1,,,,,,,,203051520,69b5e672630ebfa90a84d6d045e9bdab,/Date(1784347883472)/,61239.174577233796,/Date(1784349547031)/,61239.19383136574,86,/Date(1790639377000)/,61311.992789351854,False,False,False,6747140,mast:JWST/product/jw07806005001_02101_00003_nrs1_cal.fits,"GO-7806 Kavanagh, Patrick",F100LP,NIRSPEC-F100LP,2026-09-28 23:49:37.000,2025-09-28 03:05:54.569
243730248,jw07806005001_02101_00004_nrs1_rate.fits,jw07806005001_02101_00004,2b,01,NRS_FULL_IFU,jw07806_20260717t152702_pool.csv,jw07806-o005_20260717t152702_spec2_00005_asn.json,85.09167975280434,60946.14106458811,f,,,60946.13853180609,60946.135999024074,GO,,58,f,/Date(1784333922830)/,61239.012995717596,/Date(1759029702891)/,60946.14007974537,/Date(1759029265224)/,60946.135014155094,NRS1,0,0,437.667,423.078,423.078,OK,NRS_IFU,1,60946.140079756944,60946.13754696181,4,PRIME,60946.13501416667,2,F100LP,1,1.0,S1HE110921,0,-69.3138674111549,12.8187313079834,1,84.0319492491922,/Date(1759027462317)/,60946.114147175926,/Date(1759027221677)/,60946.11136199074,0.0302841011,0.01618295349180698,0.028607294,85.0997012341395,60946.14106468094,f,60946.13853189893,60946.135999116916,NIRSPEC,f,,NONE,0,,,0,8,,1,29,1,1,1,1,4,60948.4956446875,V07806005001P0000000002101,5,NIRSpec IFU - G140M/G395M,STSCI,FINEGUIDE,"Kavanagh, Patrick",NRS_FULL_IFU,PRDOPSSOC-073,7806,-69.26974722222222,83.86653333333332,60943.95492582176,NRSIRS2RAPID,491,"Gas, Dust and the ISM",2026_1b,,1,1,FULL,,2048,2048,1,1,-69.26974722222224,83.86653333333334,SN 1987A,f,SN-1987A-nirspec,FIXED,0.1,0.1,JWST,NIRSpec IFU Spectroscopy,14.58889,14.589,UTC,"The infancy of a supernova remnant: Probing ejecta dynamics, dust evolution, and the emerging compact object in SN 1987A with JWST",10,f,1,07806005001,/Date(1759031568553)/,60946.16167306713,02,SUCCESSFUL,PRIME_TARGETED_FIXED,/Date(1759024987312)/,60946.08550130787,-0.0775997,0.2415001,f,,,,,,IFUImageModel,f,,,,,/Date(1759029265224)/,60946.135014155094,NIRSpec,-0.02954884713832707,IFU,2025271T035903226_001_osf.xml,,,,,EXTENDED,,4,SMALL,CYCLING,,,f,CALCULATED_TRACK_TR_202111,11.0,5,280.5090195776709,,,,,-69.2640993498464,83.86960597990682,f,,Star,Supernovae,GSC32,0.0842850988256258,0.3846289367427751,408.489,,,,,,,,,,,,,POLYGON ICRS  83.864560516 -69.270383473 83.868249904 -69.270383473 83.868249904 -69.269152973 83.864560516 -69.269152973,2.0.1,RELEASE,jwst_1535.pmap,13.1.13,,3,,G140M,164.03228519999996,62.3169436,36.1527023,164.0208488,0.32739827,62.29407079999999,0.124385335,f,,,,,,,,16,4,1,,,,,,,,203051520,e224d15fddcccde90ff22b9616336c27,/Date(1784334218940)/,61239.01642291667,/Date(1784334547951)/,61239.02023090278,86,/Date(1790639378000)/,61311.992800925924,False,False,False,6747146,mast:JWST/product/jw07806005001_02101_00004_nrs1_cal.fits,"GO-7806 Kavanagh, Patrick",F100LP,NIRSPEC-F100LP,2026-09-28 23:49:38.000,2025-09-28 03:14:25.224
243792531,jw07806005001_02103_00001_nrs1_rate.fits,jw07806005001_02103_00001,2b,03,NRS_FULL_IFU,jw07806_20260717t152702_pool.csv,jw07806-o005_20260717t152702_spec2_00004_asn.json,85.08809397462755,60946.147557147066,f,,,60946.14578419908,60946.14401125109,GO,,58,f,/Date(1784346833830)/,61239.162428587966,/Date(1759030263851)/,60946.146572337966,/Date(1759029957484)/,60946.14302642361,NRS1,0,0,306.367,291.778,291.778,OK,NRS_IFU,5,60946.146572349535,60946.14479939236,1,PRIME,60946.14302643519,2,F290LP,1,1.0,S1HE110921,0,-69.3138674111549,12.8187313079834,1,84.0319492491922,/Date(1759027462317)/,60946.114147175926,/Date(1759027221677)/,60946.11136199074,0.0302841011,0.01618295349180698,0.028607294,85.0961135700345,60946.14755723988,f,60946.14578429189,60946.14401134391,NIRSPEC,f,,NONE,0,,,0,8,,1,20,1,1,1,1,4,60948.4956446875,V07806005001P0000000002103,5,NIRSpec IFU - G140M/G395M,STSCI,FINEGUIDE,"Kavanagh, Patrick",NRS_FULL_IFU,PRDOPSSOC-073,7806,-69.26974722222222,83.86653333333332,60943.95492582176,NRSIRS2RAPID,491,"Gas, Dust and the ISM",2026_1b,,1,1,FULL,,2048,2048,1,1,-69.26974722222224,83.86653333333334,SN 1987A,f,SN-1987A-nirspec,FIXED,0.1,0.1,JWST,NIRSpec IFU Spectroscopy,14.58889,14.589,UTC,"The infancy of a supernova remnant: Probing ejecta dynamics, dust evolution, and the emerging compact object in SN 1987A with JWST",10,f,1,07806005001,/Date(1759031568553)/,60946.16167306713,02,SUCCESSFUL,PRIME_TARGETED_FIXED,/Date(1759024987312)/,60946.08550130787,-0.2328004,-0.0774004,f,,,,,,IFUImageModel,f,,,,,/Date(1759029957484)/,60946.14302642361,NIRSpec,0.01777046425304951,IFU,2025271T035903226_001_osf.xml,,,,,EXTENDED,,1,SMALL,CYCLING,,,f,CALCULATED_TRACK_TR_202111,11.0,5,280.5090195776709,,,,,-69.2640176715228,83.86976259974962,f,,Star,Supernovae,GSC32,0.09135633026366027,0.35695138127554077,277.189,,,,,,,,,,,,,POLYGON ICRS  83.864706479 -69.270306837 83.868395943 -69.270306837 83.868395943 -69.269076328 83.864706479 -69.269076328,2.0.1,RELEASE,jwst_1535.pmap,13.1.13,,3,,G395M,140.038718,88.9065736,36.16914,140.038718,0.279496342,88.9065736,0.177442431,f,,,,,,,,16,4,1,,,,,,,,203051520,f1dbf46b5a9fbda838afb4ab1993a6a3,/Date(1784347803449)/,61239.17365104167,/Date(1784349403526)/,61239.19217043981,86,/Date(1790639377000)/,61311.992789351854,False,False,False,6747134,mast:JWST/product/jw07806005001_02103_00001_nrs1_cal.fits,"GO-7806 Kavanagh, Patrick",F290LP,NIRSPEC-F290LP,2026-09-28 23:49:37.000,2025-09-28 03:25:57.484
243730459,jw07806005001_02103_00002_nrs1_rate.fits,jw07806005001_02103_00002,2b,03,NRS_FULL_IFU,jw07806_20260717t152702_pool.csv,jw07806-o005_20260717t152702_spec2_00003_asn.json,85.08612883742899,60946.15194748312,f,,,60946.150174535134,60946.14840158714,GO,,58,f,/Date(1784333946823)/,61239.013273414355,/Date(1759030643178)/,60946.150962685184,/Date(1759030336811)/,60946.147416782405,NRS1,0,0,306.367,291.778,291.778,OK,NRS_IFU,5,60946.150962708336,60946.14918975116,2,PRIME,60946.14741679398,2,F290LP,1,1.0,S1HE110921,0,-69.3138674111549,12.8187313079834,1,84.0319492491922,/Date(1759027462317)/,60946.114147175926,/Date(1759027221677)/,60946.11136199074,0.0302841011,0.01618295349180698,0.028607294,85.09414717555046,60946.15194757592,f,60946.15017462793,60946.148401679944,NIRSPEC,f,,NONE,0,,,0,8,,1,20,1,1,1,1,4,60948.4956446875,V07806005001P0000000002103,5,NIRSpec IFU - G140M/G395M,STSCI,FINEGUIDE,"Kavanagh, Patrick",NRS_FULL_IFU,PRDOPSSOC-073,7806,-69.26974722222222,83.86653333333332,60943.95492582176,NRSIRS2RAPID,491,"Gas, Dust and the ISM",2026_1b,,1,1,FULL,,2048,2048,1,1,-69.26974722222224,83.86653333333334,SN 1987A,f,SN-1987A-nirspec,FIXED,0.1,0.1,JWST,NIRSpec IFU Spectroscopy,14.58889,14.589,UTC,"The infancy of a supernova remnant: Probing ejecta dynamics, dust evolution, and the emerging compact object in SN 1987A with JWST",10,f,1,07806005001,/Date(1759031568553)/,60946.16167306713,02,SUCCESSFUL,PRIME_TARGETED_FIXED,/Date(1759024987312)/,60946.08550130787,0.1292004,0.1855004,f,,,,,,IFUImageModel,f,,,,,/Date(1759030336811)/,60946.147416782405,NIRSpec,-0.09155069299159803,IFU,2025271T035903226_001_osf.xml,,,,,EXTENDED,,2,SMALL,CYCLING,,,f,CALCULATED_TRACK_TR_202111,11.0,5,280.5090195776709,,,,,-69.26414146704502,83.86972893714027,f,,Star,Supernovae,GSC32,0.0885893119659171,0.37759435272280095,277.189,,,,,,,,,,,,,POLYGON ICRS  83.864671562 -69.270430545 83.868361047 -69.270430545 83.868361047 -69.269200037 83.864671562 -69.269200037,2.0.1,RELEASE,jwst_1535.pmap,13.1.13,,3,,G395M,140.038718,88.9065736,36.16914,140.038718,0.279496342,88.9065736,0.177442431,f,,,,,,,,16,4,1,,,,,,,,203051520,befbbe0a0e1df2e26514a391f6aa71d3,/Date(1784334257352)/,61239.01686751157,/Date(1784334581609)/,61239.02062048611,86,/Date(1790638694000)/,61311.98488425926,False,False,False,6747137,mast:JWST/product/jw07806005001_02103_00002_nrs1_cal.fits,"GO-7806 Kavanagh, Patrick",F290LP,NIRSPEC-F290LP,2026-09-28 23:38:14.000,2025-09-28 03:32:16.811
243792541,jw07806005001_02103_00003_nrs1_rate.fits,jw07806005001_02103_00003,2b,03,NRS_FULL_IFU,jw07806_20260717t152702_pool.csv,jw07806-o005_20260717t152702_spec2_00002_asn.json,85.08408826310188,60946.15650671876,f,,,60946.154733770774,60946.15296082278,GO,,58,f,/Date(1784346827750)/,61239.162358217596,/Date(1759031037098)/,60946.15552194444,/Date(1759030730731)/,60946.15197604166,NRS1,0,0,306.367,291.778,291.778,OK,NRS_IFU,5,60946.155521967594,60946.15374901042,3,PRIME,60946.15197605324,2,F290LP,1,1.0,S1HE110921,0,-69.3138674111549,12.8187313079834,1,84.0319492491922,/Date(1759027462317)/,60946.114147175926,/Date(1759027221677)/,60946.11136199074,0.0302841011,0.01618295349180698,0.028607294,85.09210597258061,60946.156506811545,f,60946.15473386356,60946.15296091558,NIRSPEC,f,,NONE,0,,,0,8,,1,20,1,1,1,1,4,60948.4956446875,V07806005001P0000000002103,5,NIRSpec IFU - G140M/G395M,STSCI,FINEGUIDE,"Kavanagh, Patrick",NRS_FULL_IFU,PRDOPSSOC-073,7806,-69.26974722222222,83.86653333333332,60943.95492582176,NRSIRS2RAPID,491,"Gas, Dust and the ISM",2026_1b,,1,1,FULL,,2048,2048,1,1,-69.26974722222224,83.86653333333334,SN 1987A,f,SN-1987A-nirspec,FIXED,0.1,0.1,JWST,NIRSpec IFU Spectroscopy,14.58889,14.589,UTC,"The infancy of a supernova remnant: Probing ejecta dynamics, dust evolution, and the emerging compact object in SN 1987A with JWST",10,f,1,07806005001,/Date(1759031568553)/,60946.16167306713,02,SUCCESSFUL,PRIME_TARGETED_FIXED,/Date(1759024987312)/,60946.08550130787,-0.0259002,-0.1333002,f,,,,,,IFUImageModel,f,,,,,/Date(1759030730731)/,60946.15197604166,NIRSpec,-0.00047254446056217,IFU,2025271T035903226_001_osf.xml,,,,,EXTENDED,,3,SMALL,CYCLING,,,f,CALCULATED_TRACK_TR_202111,11.0,5,280.5090195776709,,,,,-69.26405962392151,83.86988447547778,f,,Star,Supernovae,GSC32,0.0858412163920006,0.3595317527064483,277.189,,,,,,,,,,,,,POLYGON ICRS  83.864825894 -69.270348617 83.868515367 -69.270348617 83.868515367 -69.269118108 83.864825894 -69.269118108,2.0.1,RELEASE,jwst_1535.pmap,13.1.13,,3,,G395M,140.038718,88.9065736,36.16914,140.038718,0.279496342,88.9065736,0.177442431,f,,,,,,,,16,4,1,,,,,,,,203051520,847d04d907b5733dc2cbaa5a46e36d68,/Date(1784347813832)/,61239.173771215275,/Date(1784349423929)/,61239.19240659722,86,/Date(1790638699000)/,61311.98494212963,False,False,False,6747130,mast:JWST/product/jw07806005001_02103_00003_nrs1_cal.fits,"GO-7806 Kavanagh, Patrick",F290LP,NIRSPEC-F290LP,2026-09-28 23:38:19.000,2025-09-28 03:38:50.731
243730694,jw07806005001_02103_00004_nrs1_rate.fits,jw07806005001_02103_00004,2b,03,NRS_FULL_IFU,jw07806_20260717t152702_pool.csv,jw07806-o005_20260717t152702_spec2_00001_asn.json,85.08212312590331,60946.16089705481,f,,,60946.159124106816,60946.157351158836,GO,,58,f,/Date(1784333991245)/,61239.01378756944,/Date(1759031416425)/,60946.159912337964,/Date(1759031110058)/,60946.15636638889,NRS1,0,0,306.367,291.778,291.778,OK,NRS_IFU,5,60946.15991232639,60946.15813936921,4,PRIME,60946.15636641204,2,F290LP,1,1.0,S1HE110921,0,-69.3138674111549,12.8187313079834,1,84.0319492491922,/Date(1759027462317)/,60946.114147175926,/Date(1759027221677)/,60946.11136199074,0.0302841011,0.01618295349180698,0.028607294,85.09013957809657,60946.16089714759,f,60946.1591241996,60946.15735125162,NIRSPEC,f,,NONE,0,,,0,8,,1,20,1,1,1,1,4,60948.4956446875,V07806005001P0000000002103,5,NIRSpec IFU - G140M/G395M,STSCI,FINEGUIDE,"Kavanagh, Patrick",NRS_FULL_IFU,PRDOPSSOC-073,7806,-69.26974722222222,83.86653333333332,60943.95492582176,NRSIRS2RAPID,491,"Gas, Dust and the ISM",2026_1b,,1,1,FULL,,2048,2048,1,1,-69.26974722222224,83.86653333333334,SN 1987A,f,SN-1987A-nirspec,FIXED,0.1,0.1,JWST,NIRSpec IFU Spectroscopy,14.58889,14.589,UTC,"The infancy of a supernova remnant: Probing ejecta dynamics, dust evolution, and the emerging compact object in SN 1987A with JWST",10,f,1,07806005001,/Date(1759031568553)/,60946.16167306713,02,SUCCESSFUL,PRIME_TARGETED_FIXED,/Date(1759024987312)/,60946.08550130787,-0.0775997,0.2415001,f,,,,,,IFUImageModel,f,,,,,/Date(1759031110058)/,60946.15636638889,NIRSpec,-0.1211515635537592,IFU,2025271T143117078_002_osf.xml,,,,,EXTENDED,,4,SMALL,CYCLING,,,f,CALCULATED_TRACK_TR_202111,11.0,5,280.5090195776709,,,,,-69.26409992886494,83.86961155970336,f,,Star,Supernovae,GSC32,0.08558575962034075,0.37673422891249847,277.189,,,,,,,,,,,,,POLYGON ICRS  83.864551683 -69.270388830 83.868241160 -69.270388830 83.868241160 -69.269158322 83.864551683 -69.269158322,2.0.1,RELEASE,jwst_1535.pmap,13.1.13,,3,,G395M,140.038718,88.9065736,36.16914,140.038718,0.279496342,88.9065736,0.177442431,f,,,,,,,,16,4,1,,,,,,,,203051520,1357c89d14992a46b64003996027e6bf,/Date(1784334300844)/,61239.01737086805,/Date(1784334616878)/,61239.02102865741,86,/Date(1790640331000)/,61312.00383101852,False,False,False,6747615,mast:JWST/product/jw07806005001_02103_00004_nrs1_cal.fits,"GO-7806 Kavanagh, Patrick",F290LP,NIRSPEC-F290LP,2026-09-29 00:05:31.000,2025-09-28 03:45:10.058
244362560,jw07893006001_04102_00001_nrs1_rate.fits,jw07893006001_04102_00001,2b,02,NRS_S200A1_SLIT,jw07893_20260719t213804_pool.csv,jw07893-o006_20260719t213804_spec2_00004_asn.json,419.4909145357087,60948.05714556295,f,,,60948.05537265367,60948.05359974438,GO,,58,f,/Date(1784512811003)/,61241.08346068287,/Date(1759194917894)/,60948.05229042824,/Date(1759194611527)/,60948.048744513886,NRS1,0,0,306.367,291.778,291.778,OK,NRS_FIXEDSLIT,3,60948.05229043982,60948.05051748264,1,PRIME,60948.04874452546,2,F170LP,1,1.0,S2RU014804,0,-42.9888297019237,14.2391185760498,1,8.37801881031125,/Date(1759194030023)/,60948.04201415509,/Date(1759193791431)/,60948.039252662034,0.01627023,0.01753681711852551,0.0175606664,420.4202182358131,60948.05715631866,f,60948.05538340944,60948.05361050021,NIRSPEC,f,,NONE,0,,,0,6,,1,20,1,1,1,1,4,60948.4956446875,V07893006001P0000000004102,6,,STSCI,FINEGUIDE,"Zhuang, Mingyang",NRS_S200A1_SLIT,PRDOPSSOC-073,7893,-42.914627777777774,8.469734583333334,60943.95492582176,NRSIRS2RAPID,491,Supermassive Black Holes and Active Galaxies,2026_1b,,1,1,FULL,,2048,2048,1,1,-42.91462777777775,8.469734583333334,,f,DES0033,FIXED,0.1,0.1,JWST,NIRSpec Fixed Slit Spectroscopy,14.58889,14.589,UTC,Host Galaxy Properties of the Most Massive Quasars at Cosmic Noon,10,f,1,07893006001,/Date(1759196051397)/,60948.065409675924,04,SUCCESSFUL,PRIME_TARGETED_FIXED,/Date(1759193288647)/,60948.03343340278,6e-07,0.4979005,f,,,,,,MultiSlitModel,f,,,,,/Date(1759194611527)/,60948.048744513886,DES0033,0.06697888137044279,FIXEDSLIT,2025273T014202004_001_osf.xml,,,,,POINT,,1,,2-POINT-NOD,2,2,f,CALCULATED_TRACK_TR_202111,11.0,5,357.0035358549521,,,,,-42.9128790183373,8.476880490900864,f,,Galaxy,Quasars,GSC32,0.0849492680007169,0.37501398129189345,277.189,,,,,,,,,,,,,POLYGON ICRS  8.470083147 -42.914860323 8.469128343 -42.914141664 8.469076361 -42.914179307 8.470031153 -42.914897976 POLYGON ICRS  8.463790048 -42.917946142 8.462828093 -42.917220206 8.462775787 -42.917258153 8.463737732 -42.917984099 POLYGON ICRS  8.466262199 -42.914682659 8.465166446 -42.913857208 8.465060002 -42.913934327 8.466155731 -42.914759803 POLYGON ICRS  8.465928040 -42.913173533 8.465460632 -42.912821587 8.465029355 -42.913133961 8.465496720 -42.913485950,2.0.1,RELEASE,jwst_1535.pmap,13.1.13,,3,S200A1,G235M,160.1439092,69.38463879999999,36.1839447,160.166782,0.319665521,69.38463879999999,0.1384822,,,,,PRIMARYPARK_ALLCLOSED,,,SPATIAL,16,4,,,,1,1,,,,10589760,fbe70e50b21b71f701418782f4a523b1,/Date(1784513115224)/,61241.086981747685,/Date(1784513208435)/,61241.088060601855,86,/Date(1790751895000)/,61313.29508101852,False,False,False,6762237,mast:JWST/product/jw07893006001_04102_00001_nrs1_cal.fits,"GO-7893 Zhuang, Mingyang",F170LP,NIRSPEC-F170LP,2026-09-30 07:04:55.000,2025-09-30 01:10:11.527
244362475,jw07893006001_04102_00002_nrs1_rate.fits,jw07893006001_04102_00002,2b,02,NRS_S200A1_SLIT,jw07893_20260719t213804_pool.csv,jw07893-o006_20260719t213804_spec2_00003_asn.json,419.48185013607144,60948.06102915014,f,,,60948.05925624087,60948.0574833316,GO,,58,f,/Date(1784512802742)/,61241.08336508102,/Date(1759195253445)/,60948.056174143516,/Date(1759194947078)/,60948.05262819445,NRS1,0,0,306.367,291.778,291.778,OK,NRS_FIXEDSLIT,3,60948.05617413195,60948.05440117477,2,PRIME,60948.05262821759,2,F170LP,1,1.0,S2RU014804,0,-42.9888297019237,14.2391185760498,1,8.37801881031125,/Date(1759194030023)/,60948.04201415509,/Date(1759193791431)/,60948.039252662034,0.01627023,0.01753681711852551,0.0175606664,420.4111425206065,60948.06103990573,f,60948.05926699652,60948.0574940873,NIRSPEC,f,,NONE,0,,,0,6,,1,20,1,1,1,1,4,60948.4956446875,V07893006001P0000000004102,6,,STSCI,FINEGUIDE,"Zhuang, Mingyang",NRS_S200A1_SLIT,PRDOPSSOC-073,7893,-42.914627777777774,8.469734583333334,60943.95492582176,NRSIRS2RAPID,491,Supermassive Black Holes and Active Galaxies,2026_1b,,1,1,FULL,,2048,2048,1,1,-42.91462777777775,8.469734583333334,,f,DES0033,FIXED,0.1,0.1,JWST,NIRSpec Fixed Slit Spectroscopy,14.58889,14.589,UTC,Host Galaxy Properties of the Most Massive Quasars at Cosmic Noon,10,f,1,07893006001,/Date(1759196051397)/,60948.065409675924,04,SUCCESSFUL,PRIME_TARGETED_FIXED,/Date(1759193288647)/,60948.03343340278,5e-07,0.4456005,f,,,,,,MultiSlitModel,f,,,,,/Date(1759194947078)/,60948.05262819445,DES0033,0.035880928528476255,FIXEDSLIT,2025273T014202004_001_osf.xml,,,,,POINT,,2,,2-POINT-NOD,2,2,f,CALCULATED_TRACK_TR_202111,11.0,5,357.0035358549521,,,,,-42.912889501310296,8.476894411170699,f,,Galaxy,Quasars,GSC32,0.08343889058982569,0.3689931146197759,277.189,,,,,,,,,,,,,POLYGON ICRS  8.470097049 -42.914870525 8.469142245 -42.914151866 8.469090263 -42.914189509 8.470045056 -42.914908178 POLYGON ICRS  8.463803951 -42.917956346 8.462841995 -42.917230410 8.462789689 -42.917268356 8.463751635 -42.917994303 POLYGON ICRS  8.466276101 -42.914692862 8.465180347 -42.913867411 8.465073904 -42.913944531 8.466169633 -42.914770006 POLYGON ICRS  8.465941941 -42.913183736 8.465474532 -42.912831790 8.465043256 -42.913144164 8.465510621 -42.913496153,2.0.1,RELEASE,jwst_1535.pmap,13.1.13,,3,S200A1,G235M,160.1439092,69.38463879999999,36.1839447,160.166782,0.319665521,69.38463879999999,0.1384822,,,,,PRIMARYPARK_ALLCLOSED,,,SPATIAL,16,4,,,,2,1,,,,10589760,91a6992b6a849a0f07d9f18539b64de6,/Date(1784513107467)/,61241.08689196759,/Date(1784513197036)/,61241.087928657405,86,/Date(1790751897000)/,61313.29510416667,False,False,False,6762230,mast:JWST/product/jw07893006001_04102_00002_nrs1_cal.fits,"GO-7893 Zhuang, Mingyang",F170LP,NIRSPEC-F170LP,2026-09-30 07:04:57.000,2025-09-30 01:15:47.078
244362524,jw07893006001_04102_00003_nrs1_rate.fits,jw07893006001_04102_00003,2b,02,NRS_S200A1_SLIT,jw07893_20260719t213804_pool.csv,jw07893-o006_20260719t213804_spec2_00002_asn.json,419.4716007448733,60948.06541940187,f,,,60948.06364649261,60948.06187358334,GO,,58,f,/Date(1784512802675)/,61241.08336430555,/Date(1759195632773)/,60948.06056450232,/Date(1759195326406)/,60948.05701858796,NRS1,0,0,306.367,291.778,291.778,OK,NRS_FIXEDSLIT,3,60948.06056450232,60948.05879154514,3,PRIME,60948.05701858796,2,F170LP,1,1.0,S2RU014804,0,-42.9888297019237,14.2391185760498,1,8.37801881031125,/Date(1759194030023)/,60948.04201415509,/Date(1759193791431)/,60948.039252662034,0.01627023,0.01753681711852551,0.0175606664,420.40088118519634,60948.065430157316,f,60948.06365724811,60948.0618843389,NIRSPEC,f,,NONE,0,,,0,6,,1,20,1,1,1,1,4,60948.4956446875,V07893006001P0000000004102,6,,STSCI,FINEGUIDE,"Zhuang, Mingyang",NRS_S200A1_SLIT,PRDOPSSOC-073,7893,-42.914627777777774,8.469734583333334,60943.95492582176,NRSIRS2RAPID,491,Supermassive Black Holes and Active Galaxies,2026_1b,,1,1,FULL,,2048,2048,1,1,-42.91462777777775,8.469734583333334,,f,DES0033,FIXED,0.1,0.1,JWST,NIRSpec Fixed Slit Spectroscopy,14.58889,14.589,UTC,Host Galaxy Properties of the Most Massive Quasars at Cosmic Noon,10,f,1,07893006001,/Date(1759196051397)/,60948.065409675924,04,SUCCESSFUL,PRIME_TARGETED_FIXED,/Date(1759193288647)/,60948.03343340278,-8e-07,-0.6028007,f,,,,,,MultiSlitModel,f,,,,,/Date(1759195326406)/,60948.05701858796,DES0033,0.02447959820214255,FIXEDSLIT,2025273T014202004_001_osf.xml,,,,,POINT,,3,,2-POINT-NOD,2,2,f,CALCULATED_TRACK_TR_202111,11.0,5,357.0035358549521,,,,,-42.913098717681756,8.477171515075897,f,,Galaxy,Quasars,GSC32,0.08567435237280191,0.3483501431725157,277.189,,,,,,,,,,,,,POLYGON ICRS  8.470374113 -42.915079433 8.469419302 -42.914360778 8.469367319 -42.914398421 8.470322120 -42.915117086 POLYGON ICRS  8.464081014 -42.918165276 8.463119050 -42.917439343 8.463066744 -42.917477290 8.464028698 -42.918203233 POLYGON ICRS  8.466553151 -42.914901783 8.465457388 -42.914076336 8.465350945 -42.914153456 8.466446683 -42.914978928 POLYGON ICRS  8.466218980 -42.913392659 8.465751567 -42.913040714 8.465320291 -42.913353090 8.465787661 -42.913705077,2.0.1,RELEASE,jwst_1535.pmap,13.1.13,,3,S200A1,G235M,160.1439092,69.38463879999999,36.1839447,160.166782,0.319665521,69.38463879999999,0.1384822,,,,,PRIMARYPARK_ALLCLOSED,,,SPATIAL,16,4,,,,1,1,,,,10589760,6a049cef1fa752df8e04c7601eb2f9b0,/Date(1784513109702)/,61241.0869178588,/Date(1784513202510)/,61241.08799201389,86,/Date(1790751672000)/,61313.2925,False,False,False,6762252,mast:JWST/product/jw07893006001_04102_00003_nrs1_cal.fits,"GO-7893 Zhuang, Mingyang",F170LP,NIRSPEC-F170LP,2026-09-30 07:01:12.000,2025-09-30 01:22:06.406
244361922,jw07893006001_04102_00004_nrs1_rate.fits,jw07893006001_04102_00004,2b,02,NRS_S200A1_SLIT,jw07893_20260719t213804_pool.csv,jw07893-o006_20260719t213804_spec2_00001_asn.json,419.46253068745136,60948.06930374132,f,,,60948.067530832064,60948.06575792281,GO,,58,f,/Date(1784512489392)/,61241.07973834491,/Date(1759195968389)/,60948.064448958336,/Date(1759195662022)/,60948.06090304398,NRS1,0,0,306.367,291.778,291.778,OK,NRS_FIXEDSLIT,3,60948.06444894676,60948.06267598958,4,PRIME,60948.060903032405,2,F170LP,1,1.0,S2RU014804,0,-42.9888297019237,14.2391185760498,1,8.37801881031125,/Date(1759194030023)/,60948.04201415509,/Date(1759193791431)/,60948.039252662034,0.01627023,0.01753681711852551,0.0175606664,420.3918004408479,60948.06931449664,f,60948.06754158744,60948.06576867824,NIRSPEC,f,,NONE,0,,,0,6,,1,20,1,1,1,1,4,60948.4956446875,V07893006001P0000000004102,6,,STSCI,FINEGUIDE,"Zhuang, Mingyang",NRS_S200A1_SLIT,PRDOPSSOC-073,7893,-42.914627777777774,8.469734583333334,60943.95492582176,NRSIRS2RAPID,491,Supermassive Black Holes and Active Galaxies,2026_1b,,1,1,FULL,,2048,2048,1,1,-42.91462777777775,8.469734583333334,,f,DES0033,FIXED,0.1,0.1,JWST,NIRSpec Fixed Slit Spectroscopy,14.58889,14.589,UTC,Host Galaxy Properties of the Most Massive Quasars at Cosmic Noon,10,f,1,07893006001,/Date(1759196051397)/,60948.065409675924,04,SUCCESSFUL,PRIME_TARGETED_FIXED,/Date(1759193288647)/,60948.03343340278,-8e-07,-0.6551007,f,,,,,,MultiSlitModel,f,,,,,/Date(1759195662022)/,60948.06090304398,DES0033,-0.03613001432310001,FIXEDSLIT,2025273T014202004_001_osf.xml,,,,,POINT,,4,,2-POINT-NOD,2,2,f,CALCULATED_TRACK_TR_202111,11.0,5,357.0035358549521,,,,,-42.91310917236491,8.47718551162362,f,,Galaxy,Quasars,GSC32,0.08523482910573732,0.3784544765331035,277.189,,,,,,,,,,,,,POLYGON ICRS  8.470388092 -42.915089606 8.469433280 -42.914370952 8.469381298 -42.914408594 8.470336099 -42.915127260 POLYGON ICRS  8.464094991 -42.918175449 8.463133027 -42.917449516 8.463080721 -42.917487463 8.464042675 -42.918213406 POLYGON ICRS  8.466567129 -42.914911957 8.465471366 -42.914086509 8.465364923 -42.914163629 8.466460661 -42.914989101 POLYGON ICRS  8.466232958 -42.913402832 8.465765546 -42.913050888 8.465334270 -42.913363263 8.465801639 -42.913715250,2.0.1,RELEASE,jwst_1535.pmap,13.1.13,,3,S200A1,G235M,160.1439092,69.38463879999999,36.1839447,160.166782,0.319665521,69.38463879999999,0.1384822,,,,,PRIMARYPARK_ALLCLOSED,,,SPATIAL,16,4,,,,2,1,,,,10589760,c873cef3c08e6920bd7898ac0c6cbc52,/Date(1784513048791)/,61241.08621284722,/Date(1784513127042)/,61241.08711855324,86,/Date(1790751879000)/,61313.294895833336,False,False,False,6762261,mast:JWST/product/jw07893006001_04102_00004_nrs1_cal.fits,"GO-7893 Zhuang, Mingyang",F170LP,NIRSPEC-F170LP,2026-09-30 07:04:39.000,2025-09-30 01:27:42.022
249322234,jw07874006001_02101_00001_nrs1_rate.fits,jw07874006001_02101_00001,2b,01,NRS_FULL_IFU,jw07874_20260803t223310_pool.csv,jw07874-o006_20260803t223310_spec2_00008_asn.json,359.8909750347957,60948.10576497943,f,,,60948.10205007059,60948.09833516175,GO,,58,f,/Date(1785807793866)/,61256.07168826389,/Date(1759199178178)/,60948.10159925926,/Date(1759198536267)/,60948.09416974537,NRS1,0,0,641.911,612.733,306.366,OK,NRS_IFU,1,60948.10159928241,60948.09788451967,1,PRIME,60948.09416975694,2,F170LP,1,1.0,S33T008122,0,-27.77397152225384,13.58837127685547,1,53.21828650471668,/Date(1759198351298)/,60948.09202888889,/Date(1759198111683)/,60948.089255590276,0.0179867968,0.01506179012358189,0.0108469939,362.2105127200484,60948.10579182577,f,60948.10207691701,60948.09836200825,NIRSPEC,f,,NONE,0,,,0,8,,1,21,2,1,1,1,4,60948.4956446875,V07874006001P0000000002101,6,,STSCI,FINEGUIDE,"Alberts, Stacey",NRS_FULL_IFU,PRDOPSSOC-073,7874,-27.7386,53.16684708333332,60943.95492582176,NRSIRS2RAPID,491,Nearby Galaxies to Cosmic Noon,2026_1b,,1,1,FULL,,2048,2048,1,1,-27.73860000000002,53.16684708333333,,f,SMILES-1646-NS,FIXED,0.1,0.1,JWST,NIRSpec IFU Spectroscopy,14.58889,14.589,UTC,Dust After Quenching: A Mid-Infrared View into the Hidden ISM of Distant Massive Galaxies,10,f,1,07874006001,/Date(1759202497470)/,60948.14001701389,02,SUCCESSFUL,PRIME_TARGETED_FIXED,/Date(1759196055493)/,60948.065457094905,-0.2328004,-0.0774004,f,,,,,,IFUImageModel,f,,,,,/Date(1759198536267)/,60948.09416974537,NIRSpec IFU,0.004867876714414385,IFU,2025273T025350032_002_osf.xml,,,,,EXTENDED,,1,,4-POINT-DITHER,,,f,CALCULATED_TRACK_TR_202111,11.0,5,296.3677659534816,,,,,-27.734780172977615,53.171133675416755,f,,Galaxy,Active galactic nuclei; Elliptical galaxies; Infrared excess galaxies,GSC32,0.08688248227675281,0.36770292890432216,583.556,,,,,,,,,,,,,POLYGON ICRS  53.166197911 -27.739083332 53.167548286 -27.739083332 53.167548286 -27.738008861 53.166197911 -27.738008861,2.0.1,RELEASE,jwst_1535.pmap,13.1.13,,3,,G235M,160.1439092,69.38463879999999,36.1839447,160.166782,0.319665521,69.38463879999999,0.1384822,f,,,,,,,,16,4,,,,,,,,,203051520,9e232ba0d16fab415c14d9ac9874acd1,/Date(1785808296321)/,61256.0775037037,/Date(1785808443812)/,61256.07921079861,86,/Date(1790754088000)/,61313.32046296296,False,False,False,6762257,mast:JWST/product/jw07874006001_02101_00001_nrs1_cal.fits,"GO-7874 Alberts, Stacey",F170LP,NIRSPEC-F170LP,2026-09-30 07:41:28.000,2025-09-30 02:15:36.267
249321435,jw07874006001_02101_00002_nrs1_rate.fits,jw07874006001_02101_00002,2b,01,NRS_FULL_IFU,jw07874_20260803t223310_pool.csv,jw07874-o006_20260803t223310_spec2_00007_asn.json,359.9190923385322,60948.114039367305,f,,,60948.110324458496,60948.10660954968,GO,,58,f,/Date(1785807785172)/,61256.07158765046,/Date(1759199893057)/,60948.109873333335,/Date(1759199251146)/,60948.10244381944,NRS1,0,0,641.911,612.733,306.366,OK,NRS_IFU,1,60948.10987334491,60948.10615858217,2,PRIME,60948.10244381944,2,F170LP,1,1.0,S33T008122,0,-27.77397152225384,13.58837127685547,1,53.21828650471668,/Date(1759198351298)/,60948.09202888889,/Date(1759198111683)/,60948.089255590276,0.0179867968,0.01506179012358189,0.0108469939,362.2386143077165,60948.114066213464,f,60948.110351304735,60948.106636396,NIRSPEC,f,,NONE,0,,,0,8,,1,21,2,1,1,1,4,60948.4956446875,V07874006001P0000000002101,6,,STSCI,FINEGUIDE,"Alberts, Stacey",NRS_FULL_IFU,PRDOPSSOC-073,7874,-27.7386,53.16684708333332,60943.95492582176,NRSIRS2RAPID,491,Nearby Galaxies to Cosmic Noon,2026_1b,,1,1,FULL,,2048,2048,1,1,-27.73860000000002,53.16684708333333,,f,SMILES-1646-NS,FIXED,0.1,0.1,JWST,NIRSpec IFU Spectroscopy,14.58889,14.589,UTC,Dust After Quenching: A Mid-Infrared View into the Hidden ISM of Distant Massive Galaxies,10,f,1,07874006001,/Date(1759202497470)/,60948.14001701389,02,SUCCESSFUL,PRIME_TARGETED_FIXED,/Date(1759196055493)/,60948.065457094905,0.1292004,0.1855004,f,,,,,,IFUImageModel,f,,,,,/Date(1759199251146)/,60948.10244381944,NIRSpec IFU,0.000772588008933142,IFU,2025273T025350032_002_osf.xml,,,,,EXTENDED,,2,,4-POINT-DITHER,,,f,CALCULATED_TRACK_TR_202111,11.0,5,296.3677659534816,,,,,-27.734896507442617,53.171083074598705,f,,Galaxy,Active galactic nuclei; Elliptical galaxies; Infrared excess galaxies,GSC32,0.08394862146290621,0.37505698748240857,583.556,,,,,,,,,,,,,POLYGON ICRS  53.166146623 -27.739199361 53.167497003 -27.739199361 53.167497003 -27.738124886 53.166146623 -27.738124886,2.0.1,RELEASE,jwst_1535.pmap,13.1.13,,3,,G235M,160.1439092,69.38463879999999,36.1839447,160.166782,0.319665521,69.38463879999999,0.1384822,f,,,,,,,,16,4,,,,,,,,,203051520,c60f0c1ef36c8ecac197ac02fa5cefdb,/Date(1785808149931)/,61256.075809375,/Date(1785808324677)/,61256.07783189815,86,/Date(1790753888000)/,61313.31814814815,False,False,False,6762191,mast:JWST/product/jw07874006001_02101_00002_nrs1_cal.fits,"GO-7874 Alberts, Stacey",F170LP,NIRSPEC-F170LP,2026-09-30 07:38:08.000,2025-09-30 02:27:31.146
249321408,jw07874006001_02101_00003_nrs1_rate.fits,jw07874006001_02101_00003,2b,01,NRS_FULL_IFU,jw07874_20260803t223310_pool.csv,jw07874-o006_20260803t223310_spec2_00006_asn.json,359.9472039844841,60948.1223137551,f,,,60948.118598846326,60948.114883937546,GO,,58,f,/Date(1785807793205)/,61256.071680625,/Date(1759200607936)/,60948.11814740741,/Date(1759199966025)/,60948.11071789352,NRS1,0,0,641.911,612.733,306.366,OK,NRS_IFU,1,60948.11814740741,60948.114432644674,3,PRIME,60948.110717881944,2,F170LP,1,1.0,S33T008122,0,-27.77397152225384,13.58837127685547,1,53.21828650471668,/Date(1759198351298)/,60948.09202888889,/Date(1759198111683)/,60948.089255590276,0.0179867968,0.01506179012358189,0.0108469939,362.26671086624265,60948.12234060109,f,60948.1186256924,60948.11491078369,NIRSPEC,f,,NONE,0,,,0,8,,1,21,2,1,1,1,4,60948.4956446875,V07874006001P0000000002101,6,,STSCI,FINEGUIDE,"Alberts, Stacey",NRS_FULL_IFU,PRDOPSSOC-073,7874,-27.7386,53.16684708333332,60943.95492582176,NRSIRS2RAPID,491,Nearby Galaxies to Cosmic Noon,2026_1b,,1,1,FULL,,2048,2048,1,1,-27.73860000000002,53.16684708333333,,f,SMILES-1646-NS,FIXED,0.1,0.1,JWST,NIRSpec IFU Spectroscopy,14.58889,14.589,UTC,Dust After Quenching: A Mid-Infrared View into the Hidden ISM of Distant Massive Galaxies,10,f,1,07874006001,/Date(1759202497470)/,60948.14001701389,02,SUCCESSFUL,PRIME_TARGETED_FIXED,/Date(1759196055493)/,60948.065457094905,-0.0259002,-0.1333002,f,,,,,,IFUImageModel,f,,,,,/Date(1759199966025)/,60948.11071789352,NIRSpec IFU,7.68805085766398e-05,IFU,2025273T031817903_002_osf.xml,,,,,EXTENDED,,3,,4-POINT-DITHER,,,f,CALCULATED_TRACK_TR_202111,11.0,5,296.3677659534816,,,,,-27.734832753169027,53.171168260205086,f,,Galaxy,Active galactic nuclei; Elliptical galaxies; Infrared excess galaxies,GSC32,0.08318665928245447,0.3509520176986808,583.556,,,,,,,,,,,,,POLYGON ICRS  53.166231141 -27.739135296 53.167581520 -27.739135296 53.167581520 -27.738060821 53.166231141 -27.738060821,2.0.1,RELEASE,jwst_1535.pmap,13.1.13,,3,,G235M,160.1439092,69.38463879999999,36.1839447,160.166782,0.319665521,69.38463879999999,0.1384822,f,,,,,,,,16,4,,,,,,,,,203051520,065a94a4c1bf888a43ccd6805098faea,/Date(1785808147683)/,61256.075783368055,/Date(1785808319482)/,61256.07777179398,86,/Date(1790753930000)/,61313.31863425926,False,False,False,6762427,mast:JWST/product/jw07874006001_02101_00003_nrs1_cal.fits,"GO-7874 Alberts, Stacey",F170LP,NIRSPEC-F170LP,2026-09-30 07:38:50.000,2025-09-30 02:39:26.025
249322098,jw07874006001_02101_00004_nrs1_rate.fits,jw07874006001_02101_00004,2b,01,NRS_FULL_IFU,jw07874_20260803t223310_pool.csv,jw07874-o006_20260803t223310_spec2_00005_asn.json,359.9753087153658,60948.1305881544,f,,,60948.12687324567,60948.12315833691,GO,,58,f,/Date(1785807762807)/,61256.07132877315,/Date(1759201322816)/,60948.12642148148,/Date(1759200680905)/,60948.118991967596,NRS1,0,0,641.911,612.733,306.366,OK,NRS_IFU,1,60948.12642148148,60948.12270671875,4,PRIME,60948.11899195602,2,F170LP,1,1.0,S33T008122,0,-27.77397152225384,13.58837127685547,1,53.21828650471668,/Date(1759198351298)/,60948.09202888889,/Date(1759198111683)/,60948.089255590276,0.0179867968,0.01506179012358189,0.0108469939,362.2948011383414,60948.13061500022,f,60948.126900091556,60948.123185182885,NIRSPEC,f,,NONE,0,,,0,8,,1,21,2,1,1,1,4,60948.4956446875,V07874006001P0000000002101,6,,STSCI,FINEGUIDE,"Alberts, Stacey",NRS_FULL_IFU,PRDOPSSOC-073,7874,-27.7386,53.16684708333332,60943.95492582176,NRSIRS2RAPID,491,Nearby Galaxies to Cosmic Noon,2026_1b,,1,1,FULL,,2048,2048,1,1,-27.73860000000002,53.16684708333333,,f,SMILES-1646-NS,FIXED,0.1,0.1,JWST,NIRSpec IFU Spectroscopy,14.58889,14.589,UTC,Dust After Quenching: A Mid-Infrared View into the Hidden ISM of Distant Massive Galaxies,10,f,1,07874006001,/Date(1759202497470)/,60948.14001701389,02,SUCCESSFUL,PRIME_TARGETED_FIXED,/Date(1759196055493)/,60948.065457094905,-0.0775997,0.2415001,f,,,,,,IFUImageModel,f,,,,,/Date(1759200680905)/,60948.118991967596,NIRSpec IFU,0.019390027394164507,IFU,2025273T031817903_002_osf.xml,,,,,EXTENDED,,4,,4-POINT-DITHER,,,f,CALCULATED_TRACK_TR_202111,11.0,5,296.3677659534816,,,,,-27.734845535453424,53.171051007687005,f,,Galaxy,Active galactic nuclei; Elliptical galaxies; Infrared excess galaxies,GSC32,0.08660261949197563,0.3881308693990067,583.556,,,,,,,,,,,,,POLYGON ICRS  53.166113202 -27.739147765 53.167463582 -27.739147765 53.167463582 -27.738073290 53.166113202 -27.738073290,2.0.1,RELEASE,jwst_1535.pmap,13.1.13,,3,,G235M,160.1439092,69.38463879999999,36.1839447,160.166782,0.319665521,69.38463879999999,0.1384822,f,,,,,,,,16,4,,,,,,,,,203051520,2614bed678f26338cdf04912e81eaa48,/Date(1785808271074)/,61256.07721149306,/Date(1785808426913)/,61256.07901519676,86,/Date(1790753911000)/,61313.31841435185,False,False,False,6762533,mast:JWST/product/jw07874006001_02101_00004_nrs1_cal.fits,"GO-7874 Alberts, Stacey",F170LP,NIRSPEC-F170LP,2026-09-30 07:38:31.000,2025-09-30 02:51:20.905
249321910,jw07874006001_02103_00001_nrs1_rate.fits,jw07874006001_02103_00001,2b,03,NRS_FULL_IFU,jw07874_20260803t223310_pool.csv,jw07874-o006_20260803t223310_spec2_00004_asn.json,360.0094282999635,60948.13489423798,f,,,60948.134049939756,60948.133205641534,GO,,58,f,/Date(1785807758322)/,61256.07127688657,/Date(1759201694847)/,60948.13072738426,/Date(1759201548958)/,60948.12903884259,NRS1,0,0,145.889,131.3,131.3,OK,NRS_IFU,5,60948.13072739583,60948.12988313079,1,PRIME,60948.12903886574,2,F290LP,1,1.0,S33T008122,0,-27.77397152225384,13.58837127685547,1,53.21828650471668,/Date(1759198351298)/,60948.09202888889,/Date(1759198111683)/,60948.089255590276,0.0179867968,0.01506179012358189,0.0108469939,362.32890186365694,60948.1349210837,f,60948.1340767855,60948.13323248729,NIRSPEC,f,,NONE,0,,,0,8,,1,9,1,1,1,1,4,60948.4956446875,V07874006001P0000000002103,6,,STSCI,FINEGUIDE,"Alberts, Stacey",NRS_FULL_IFU,PRDOPSSOC-073,7874,-27.7386,53.16684708333332,60943.95492582176,NRSIRS2RAPID,491,Nearby Galaxies to Cosmic Noon,2026_1b,,1,1,FULL,,2048,2048,1,1,-27.73860000000002,53.16684708333333,,f,SMILES-1646-NS,FIXED,0.1,0.1,JWST,NIRSpec IFU Spectroscopy,14.58889,14.589,UTC,Dust After Quenching: A Mid-Infrared View into the Hidden ISM of Distant Massive Galaxies,10,f,1,07874006001,/Date(1759202497470)/,60948.14001701389,02,SUCCESSFUL,PRIME_TARGETED_FIXED,/Date(1759196055493)/,60948.065457094905,-0.2328004,-0.0774004,f,,,,,,IFUImageModel,f,,,,,/Date(1759201548958)/,60948.12903884259,NIRSpec IFU,0.3352676570610989,IFU,2025273T031817903_002_osf.xml,,,,,EXTENDED,,1,,4-POINT-DITHER,,,f,CALCULATED_TRACK_TR_202111,11.0,5,296.3677659534816,,,,,-27.734781805849888,53.17113624216148,f,,Galaxy,Active galactic nuclei; Elliptical galaxies; Infrared excess galaxies,GSC32,0.06713029805363242,0.2716916085793047,116.711,,,,,,,,,,,,,POLYGON ICRS  53.166196203 -27.739085229 53.167546815 -27.739085229 53.167546815 -27.738010730 53.166196203 -27.738010730,2.0.1,RELEASE,jwst_1535.pmap,13.1.13,,3,,G395M,141.5025772,88.8837008,36.15599,141.4911408,0.282393277,88.860828,0.1773968,f,,,,,,,,16,4,,,,,,,,,203051520,80c16c86a53d71c3f76f5ea84e31ffe9,/Date(1785808226362)/,61256.07669401621,/Date(1785808395120)/,61256.078647222224,86,/Date(1790753874000)/,61313.31798611111,False,False,False,6762547,mast:JWST/product/jw07874006001_02103_00001_nrs1_cal.fits,"GO-7874 Alberts, Stacey",F290LP,NIRSPEC-F290LP,2026-09-30 07:37:54.000,2025-09-30 03:05:48.958
249321901,jw07874006001_02103_00002_nrs1_rate.fits,jw07874006001_02103_00002,2b,03,NRS_FULL_IFU,jw07874_20260803t223310_pool.csv,jw07874-o006_20260803t223310_spec2_00003_asn.json,360.0180300185457,60948.137427670874,f,,,60948.136583372645,60948.13573907442,GO,,58,f,/Date(1785807760962)/,61256.07130744213,/Date(1759201913727)/,60948.133260717594,/Date(1759201767838)/,60948.131572175924,NRS1,0,0,145.889,131.3,131.3,OK,NRS_IFU,5,60948.13326072917,60948.13241646412,2,PRIME,60948.131572199076,2,F290LP,1,1.0,S33T008122,0,-27.77397152225384,13.58837127685547,1,53.21828650471668,/Date(1759198351298)/,60948.09202888889,/Date(1759198111683)/,60948.089255590276,0.0179867968,0.01506179012358189,0.0108469939,362.33749918174,60948.13745451654,f,60948.13661021833,60948.13576592013,NIRSPEC,f,,NONE,0,,,0,8,,1,9,1,1,1,1,4,60948.4956446875,V07874006001P0000000002103,6,,STSCI,FINEGUIDE,"Alberts, Stacey",NRS_FULL_IFU,PRDOPSSOC-073,7874,-27.7386,53.16684708333332,60943.95492582176,NRSIRS2RAPID,491,Nearby Galaxies to Cosmic Noon,2026_1b,,1,1,FULL,,2048,2048,1,1,-27.73860000000002,53.16684708333333,,f,SMILES-1646-NS,FIXED,0.1,0.1,JWST,NIRSpec IFU Spectroscopy,14.58889,14.589,UTC,Dust After Quenching: A Mid-Infrared View into the Hidden ISM of Distant Massive Galaxies,10,f,1,07874006001,/Date(1759202497470)/,60948.14001701389,02,SUCCESSFUL,PRIME_TARGETED_FIXED,/Date(1759196055493)/,60948.065457094905,0.1292004,0.1855004,f,,,,,,IFUImageModel,f,,,,,/Date(1759201767838)/,60948.131572175924,NIRSpec IFU,0.36162735898929926,IFU,2025273T031817903_002_osf.xml,,,,,EXTENDED,,2,,4-POINT-DITHER,,,f,CALCULATED_TRACK_TR_202111,11.0,5,296.3677659534816,,,,,-27.73489769111773,53.17108530805338,f,,Galaxy,Active galactic nuclei; Elliptical galaxies; Infrared excess galaxies,GSC32,0.06526522708646772,0.2798627847771785,116.711,,,,,,,,,,,,,POLYGON ICRS  53.166145053 -27.739201022 53.167495666 -27.739201022 53.167495666 -27.738126523 53.166145053 -27.738126523,2.0.1,RELEASE,jwst_1535.pmap,13.1.13,,3,,G395M,141.5025772,88.8837008,36.15599,141.4911408,0.282393277,88.860828,0.1773968,f,,,,,,,,16,4,,,,,,,,,203051520,78b41843378497b6cc10bcc86db62b2f,/Date(1785808226802)/,61256.076699108795,/Date(1785808393875)/,61256.07863282407,86,/Date(1790753868000)/,61313.31791666667,False,False,False,6762574,mast:JWST/product/jw07874006001_02103_00002_nrs1_cal.fits,"GO-7874 Alberts, Stacey",F290LP,NIRSPEC-F290LP,2026-09-30 07:37:48.000,2025-09-30 03:09:27.838
249321814,jw07874006001_02103_00003_nrs1_rate.fits,jw07874006001_02103_00003,2b,03,NRS_FULL_IFU,jw07874_20260803t223310_pool.csv,jw07874-o006_20260803t223310_spec2_00002_asn.json,360.0266285939142,60948.139960362976,f,,,60948.13911606476,60948.13827176653,GO,,58,f,/Date(1785807753688)/,61256.071223217594,/Date(1759202132543)/,60948.13579332176,/Date(1759201986654)/,60948.134104780096,NRS1,0,0,145.889,131.3,131.3,OK,NRS_IFU,5,60948.13579332176,60948.134949056715,3,PRIME,60948.134104791665,2,F290LP,1,1.0,S33T008122,0,-27.77397152225384,13.58837127685547,1,53.21828650471668,/Date(1759198351298)/,60948.09202888889,/Date(1759198111683)/,60948.089255590276,0.0179867968,0.01506179012358189,0.0108469939,362.34609335660934,60948.1399872086,f,60948.1391429104,60948.13829861219,NIRSPEC,f,,NONE,0,,,0,8,,1,9,1,1,1,1,4,60948.4956446875,V07874006001P0000000002103,6,,STSCI,FINEGUIDE,"Alberts, Stacey",NRS_FULL_IFU,PRDOPSSOC-073,7874,-27.7386,53.16684708333332,60943.95492582176,NRSIRS2RAPID,491,Nearby Galaxies to Cosmic Noon,2026_1b,,1,1,FULL,,2048,2048,1,1,-27.73860000000002,53.16684708333333,,f,SMILES-1646-NS,FIXED,0.1,0.1,JWST,NIRSpec IFU Spectroscopy,14.58889,14.589,UTC,Dust After Quenching: A Mid-Infrared View into the Hidden ISM of Distant Massive Galaxies,10,f,1,07874006001,/Date(1759202497470)/,60948.14001701389,02,SUCCESSFUL,PRIME_TARGETED_FIXED,/Date(1759196055493)/,60948.065457094905,-0.0259002,-0.1333002,f,,,,,,IFUImageModel,f,,,,,/Date(1759201986654)/,60948.134104780096,NIRSpec IFU,0.3274833415762994,IFU,2025273T114143004_001_osf.xml,,,,,EXTENDED,,3,,4-POINT-DITHER,,,f,CALCULATED_TRACK_TR_202111,11.0,5,296.3677659534816,,,,,-27.734833666737337,53.1711700546657,f,,Galaxy,Active galactic nuclei; Elliptical galaxies; Infrared excess galaxies,GSC32,0.0649424656266517,0.3881308693990067,116.711,,,,,,,,,,,,,POLYGON ICRS  53.166229602 -27.739136903 53.167580214 -27.739136903 53.167580214 -27.738062404 53.166229602 -27.738062404,2.0.1,RELEASE,jwst_1535.pmap,13.1.13,,3,,G395M,141.5025772,88.8837008,36.15599,141.4911408,0.282393277,88.860828,0.1773968,f,,,,,,,,16,4,,,,,,,,,203051520,a071b275e18735fd56cf69606013a9bc,/Date(1785808222968)/,61256.07665469907,/Date(1785808379310)/,61256.07846423611,86,/Date(1790753836000)/,61313.3175462963,False,False,False,6762624,mast:JWST/product/jw07874006001_02103_00003_nrs1_cal.fits,"GO-7874 Alberts, Stacey",F290LP,NIRSPEC-F290LP,2026-09-30 07:37:16.000,2025-09-30 03:13:06.654
249321919,jw07874006001_02103_00004_nrs1_rate.fits,jw07874006001_02103_00004,2b,03,NRS_FULL_IFU,jw07874_20260803t223310_pool.csv,jw07874-o006_20260803t223310_spec2_00001_asn.json,360.03522654064,60948.14249304351,f,,,60948.14164874529,60948.140804447066,GO,,58,f,/Date(1785807757616)/,61256.0712687037,/Date(1759202351358)/,60948.13832587963,/Date(1759202205469)/,60948.13663738426,NRS1,0,0,145.889,131.3,131.3,OK,NRS_IFU,5,60948.13832590278,60948.13748163773,4,PRIME,60948.136637372685,2,F290LP,1,1.0,S33T008122,0,-27.77397152225384,13.58837127685547,1,53.21828650471668,/Date(1759198351298)/,60948.09202888889,/Date(1759198111683)/,60948.089255590276,0.0179867968,0.01506179012358189,0.0108469939,362.35468690283597,60948.14251988907,f,60948.141675590865,60948.14083129267,NIRSPEC,f,,NONE,0,,,0,8,,1,9,1,1,1,1,4,60948.4956446875,V07874006001P0000000002103,6,,STSCI,FINEGUIDE,"Alberts, Stacey",NRS_FULL_IFU,PRDOPSSOC-073,7874,-27.7386,53.16684708333332,60943.95492582176,NRSIRS2RAPID,491,Nearby Galaxies to Cosmic Noon,2026_1b,,1,1,FULL,,2048,2048,1,1,-27.73860000000002,53.16684708333333,,f,SMILES-1646-NS,FIXED,0.1,0.1,JWST,NIRSpec IFU Spectroscopy,14.58889,14.589,UTC,Dust After Quenching: A Mid-Infrared View into the Hidden ISM of Distant Massive Galaxies,10,f,1,07874006001,/Date(1759202497470)/,60948.14001701389,02,SUCCESSFUL,PRIME_TARGETED_FIXED,/Date(1759196055493)/,60948.065457094905,-0.0775997,0.2415001,f,,,,,,IFUImageModel,f,,,,,/Date(1759202205469)/,60948.13663738426,NIRSpec IFU,0.3330882018579458,IFU,2025273T114143004_001_osf.xml,,,,,EXTENDED,,4,,4-POINT-DITHER,,,f,CALCULATED_TRACK_TR_202111,11.0,5,296.3677659534816,,,,,-27.734846209489703,53.171052356443184,f,,Galaxy,Active galactic nuclei; Elliptical galaxies; Infrared excess galaxies,GSC32,0.06399665198174781,0.36361734080538527,116.711,,,,,,,,,,,,,POLYGON ICRS  53.166111687 -27.739149347 53.167462300 -27.739149347 53.167462300 -27.738074848 53.166111687 -27.738074848,2.0.1,RELEASE,jwst_1535.pmap,13.1.13,,3,,G395M,141.5025772,88.8837008,36.15599,141.4911408,0.282393277,88.860828,0.1773968,f,,,,,,,,16,4,,,,,,,,,203051520,f437734ec4b13cb9efde56ef94ed2a05,/Date(1785808226317)/,61256.07669347222,/Date(1785808396279)/,61256.07866064815,86,/Date(1790753892000)/,61313.318194444444,False,False,False,6762642,mast:JWST/product/jw07874006001_02103_00004_nrs1_cal.fits,"GO-7874 Alberts, Stacey",F290LP,NIRSPEC-F290LP,2026-09-30 07:38:12.000,2025-09-30 03:16:45.469
249321878,jw07874002001_03101_00001_nrs1_rate.fits,jw07874002001_03101_00001,2b,01,NRS_FULL_IFU,jw07874_20260803t223310_pool.csv,jw07874-o002_20260803t223310_spec2_00008_asn.json,363.84732930455357,60949.33193020426,f,,,60949.3282153008,60949.32450039733,GO,,58,f,/Date(1785807759051)/,61256.071285300925,/Date(1759305114898)/,60949.3277187037,/Date(1759304472987)/,60949.32028918982,NRS1,0,0,641.911,612.733,306.366,OK,NRS_IFU,1,60949.327718726854,60949.32400396412,1,PRIME,60949.32028920139,2,F170LP,1,1.0,S33T007234,0,-27.94775467913754,16.76750564575195,1,53.11351361382787,/Date(1759304231699)/,60949.31749652778,/Date(1759303993107)/,60949.314735023145,0.07685896,0.0312664583325386,0.0436399952,366.15924783982337,60949.33195696241,f,60949.32824205903,60949.324527155644,NIRSPEC,f,,NONE,0,,,0,8,,1,21,2,1,1,1,4,60953.29695425926,V07874002001P0000000003101,2,,STSCI,FINEGUIDE,"Alberts, Stacey",NRS_FULL_IFU,PRDOPSSOC-073,7874,-27.867383333333333,53.117065,60948.50782471065,NRSIRS2RAPID,491,Nearby Galaxies to Cosmic Noon,2026_1b,,1,1,FULL,,2048,2048,1,1,-27.86738333333335,53.117065000000004,,f,SMILES-120-NS,FIXED,0.1,0.1,JWST,NIRSpec IFU Spectroscopy,14.58889,14.589,UTC,Dust After Quenching: A Mid-Infrared View into the Hidden ISM of Distant Massive Galaxies,10,f,1,07874002001,/Date(1759308517135)/,60949.36709648148,03,SUCCESSFUL,PRIME_TARGETED_FIXED,/Date(1759301947157)/,60949.2910550463,-0.2328004,-0.0774004,f,,,,,,IFUImageModel,f,,,,,/Date(1759304472987)/,60949.32028918982,NIRSpec IFU,0.0,IFU,2025274T133306615_002_osf.xml,,,,,EXTENDED,,1,,4-POINT-DITHER,,,f,CALCULATED_TRACK_TR_202111,11.0,5,301.4546581593297,,,,,-27.863608377944637,53.121465734668504,f,,Galaxy,Elliptical galaxies; Infrared excess galaxies,GSC32,0.08479474675819605,0.37628266391208964,583.556,,,,,,,,,,,,,POLYGON ICRS  53.116450785 -27.867835492 53.117740349 -27.867835492 53.117740349 -27.866829078 53.116450785 -27.866829078,2.0.1,RELEASE,jwst_1535.pmap,13.1.13,,3,,G235M,159.080324,69.30458399999999,36.1412,159.1489424,0.317566961,69.30458399999999,0.138368145,f,,,,,,,,16,4,,,,,,,,,203051520,db68f384aa7b51ee20fc87409bc731de,/Date(1785808226857)/,61256.07669972222,/Date(1785808389387)/,61256.07858085648,86,/Date(1790875085000)/,61314.7208912037,False,False,False,6771365,mast:JWST/product/jw07874002001_03101_00001_nrs1_cal.fits,"GO-7874 Alberts, Stacey",F170LP,NIRSPEC-F170LP,2026-10-01 17:18:05.000,2025-10-01 07:41:12.987
249321497,jw07874002001_03101_00002_nrs1_rate.fits,jw07874002001_03101_00002,2b,01,NRS_FULL_IFU,jw07874_20260803t223310_pool.csv,jw07874-o002_20260803t223310_spec2_00007_asn.json,363.8744112337008,60949.34020458014,f,,,60949.336489676716,60949.33277477328,GO,,58,f,/Date(1785807721998)/,61256.07085643519,/Date(1759305829777)/,60949.33599277778,/Date(1759305187866)/,60949.32856326389,NRS1,0,0,641.911,612.733,306.366,OK,NRS_IFU,1,60949.335992789354,60949.33227802662,2,PRIME,60949.32856326389,2,F170LP,1,1.0,S33T007234,0,-27.94775467913754,16.76750564575195,1,53.11351361382787,/Date(1759304231699)/,60949.31749652778,/Date(1759303993107)/,60949.314735023145,0.07685896,0.0312664583325386,0.0436399952,366.1863146815449,60949.34023133812,f,60949.33651643477,60949.33280153142,NIRSPEC,f,,NONE,0,,,0,8,,1,21,2,1,1,1,4,60953.29695425926,V07874002001P0000000003101,2,,STSCI,FINEGUIDE,"Alberts, Stacey",NRS_FULL_IFU,PRDOPSSOC-073,7874,-27.867383333333333,53.117065,60948.50782471065,NRSIRS2RAPID,491,Nearby Galaxies to Cosmic Noon,2026_1b,,1,1,FULL,,2048,2048,1,1,-27.86738333333335,53.117065000000004,,f,SMILES-120-NS,FIXED,0.1,0.1,JWST,NIRSpec IFU Spectroscopy,14.58889,14.589,UTC,Dust After Quenching: A Mid-Infrared View into the Hidden ISM of Distant Massive Galaxies,10,f,1,07874002001,/Date(1759308517135)/,60949.36709648148,03,SUCCESSFUL,PRIME_TARGETED_FIXED,/Date(1759301947157)/,60949.2910550463,0.1292004,0.1855004,f,,,,,,IFUImageModel,f,,,,,/Date(1759305187866)/,60949.32856326389,NIRSpec IFU,0.0,IFU,2025274T133857825_002_osf.xml,,,,,EXTENDED,,2,,4-POINT-DITHER,,,f,CALCULATED_TRACK_TR_202111,11.0,5,301.4546581593297,,,,,-27.863720039067182,53.12140357489402,f,,Galaxy,Elliptical galaxies; Infrared excess galaxies,GSC32,0.08288269152789357,0.3709713993834717,583.556,,,,,,,,,,,,,POLYGON ICRS  53.116387951 -27.867946833 53.117677518 -27.867946833 53.117677518 -27.866940417 53.116387951 -27.866940417,2.0.1,RELEASE,jwst_1535.pmap,13.1.13,,3,,G235M,159.080324,69.30458399999999,36.1412,159.1489424,0.317566961,69.30458399999999,0.138368145,f,,,,,,,,16,4,,,,,,,,,203051520,d2cc8c38d5d0cd2679bd9a469b24c728,/Date(1785808160622)/,61256.07593313658,/Date(1785808332722)/,61256.07792503472,86,/Date(1790875043000)/,61314.720405092594,False,False,False,6771359,mast:JWST/product/jw07874002001_03101_00002_nrs1_cal.fits,"GO-7874 Alberts, Stacey",F170LP,NIRSPEC-F170LP,2026-10-01 17:17:23.000,2025-10-01 07:53:07.866
249321539,jw07874002001_03101_00003_nrs1_rate.fits,jw07874002001_03101_00003,2b,01,NRS_FULL_IFU,jw07874_20260803t223310_pool.csv,jw07874-o002_20260803t223310_spec2_00006_asn.json,363.9014875050634,60949.34847896753,f,,,60949.34476406414,60949.341049160736,GO,,58,f,/Date(1785807734645)/,61256.071002847224,/Date(1759306544657)/,60949.344266851855,/Date(1759305902746)/,60949.33683733796,NRS1,0,0,641.911,612.733,306.366,OK,NRS_IFU,1,60949.34426686342,60949.34055210069,3,PRIME,60949.33683733796,2,F170LP,1,1.0,S33T007234,0,-27.94775467913754,16.76750564575195,1,53.11351361382787,/Date(1759304231699)/,60949.31749652778,/Date(1759303993107)/,60949.314735023145,0.07685896,0.0312664583325386,0.0436399952,366.21337523683906,60949.34850572533,f,60949.34479082202,60949.341075918695,NIRSPEC,f,,NONE,0,,,0,8,,1,21,2,1,1,1,4,60953.29695425926,V07874002001P0000000003101,2,,STSCI,FINEGUIDE,"Alberts, Stacey",NRS_FULL_IFU,PRDOPSSOC-073,7874,-27.867383333333333,53.117065,60948.50782471065,NRSIRS2RAPID,491,Nearby Galaxies to Cosmic Noon,2026_1b,,1,1,FULL,,2048,2048,1,1,-27.86738333333335,53.117065000000004,,f,SMILES-120-NS,FIXED,0.1,0.1,JWST,NIRSpec IFU Spectroscopy,14.58889,14.589,UTC,Dust After Quenching: A Mid-Infrared View into the Hidden ISM of Distant Massive Galaxies,10,f,1,07874002001,/Date(1759308517135)/,60949.36709648148,03,SUCCESSFUL,PRIME_TARGETED_FIXED,/Date(1759301947157)/,60949.2910550463,-0.0259002,-0.1333002,f,,,,,,IFUImageModel,f,,,,,/Date(1759305902746)/,60949.33683733796,NIRSpec IFU,0.0,IFU,2025274T133857825_002_osf.xml,,,,,EXTENDED,,3,,4-POINT-DITHER,,,f,CALCULATED_TRACK_TR_202111,11.0,5,301.4546581593297,,,,,-27.863663150754338,53.121494885321354,f,,Galaxy,Elliptical galaxies; Infrared excess galaxies,GSC32,0.08173954397781102,0.39671060440677425,583.556,,,,,,,,,,,,,POLYGON ICRS  53.116478607 -27.867889622 53.117768175 -27.867889622 53.117768175 -27.866883205 53.116478607 -27.866883205,2.0.1,RELEASE,jwst_1535.pmap,13.1.13,,3,,G235M,159.080324,69.30458399999999,36.1412,159.1489424,0.317566961,69.30458399999999,0.138368145,f,,,,,,,,16,4,,,,,,,,,203051520,cc23f9c5db8e70a5a3721367021cab69,/Date(1785808171752)/,61256.07606195602,/Date(1785808337742)/,61256.07798313657,86,/Date(1790875067000)/,61314.72068287037,False,False,False,6771461,mast:JWST/product/jw07874002001_03101_00003_nrs1_cal.fits,"GO-7874 Alberts, Stacey",F170LP,NIRSPEC-F170LP,2026-10-01 17:17:47.000,2025-10-01 08:05:02.746
249321590,jw07874002001_03101_00004_nrs1_rate.fits,jw07874002001_03101_00004,2b,01,NRS_FULL_IFU,jw07874_20260803t223310_pool.csv,jw07874-o002_20260803t223310_spec2_00005_asn.json,363.92855748999864,60949.35675334327,f,,,60949.35303843991,60949.349323536546,GO,,58,f,/Date(1785807735401)/,61256.07101157407,/Date(1759307259536)/,60949.352540925924,/Date(1759306617625)/,60949.34511141204,NRS1,0,0,641.911,612.733,306.366,OK,NRS_IFU,1,60949.352540925924,60949.348826163194,4,PRIME,60949.345111400464,2,F170LP,1,1.0,S33T007234,0,-27.94775467913754,16.76750564575195,1,53.11351361382787,/Date(1759304231699)/,60949.31749652778,/Date(1759303993107)/,60949.314735023145,0.07685896,0.0312664583325386,0.0436399952,366.24043013434857,60949.3567801009,f,60949.353065197625,60949.34935029433,NIRSPEC,f,,NONE,0,,,0,8,,1,21,2,1,1,1,4,60953.29695425926,V07874002001P0000000003101,2,,STSCI,FINEGUIDE,"Alberts, Stacey",NRS_FULL_IFU,PRDOPSSOC-073,7874,-27.867383333333333,53.117065,60948.50782471065,NRSIRS2RAPID,491,Nearby Galaxies to Cosmic Noon,2026_1b,,1,1,FULL,,2048,2048,1,1,-27.86738333333335,53.117065000000004,,f,SMILES-120-NS,FIXED,0.1,0.1,JWST,NIRSpec IFU Spectroscopy,14.58889,14.589,UTC,Dust After Quenching: A Mid-Infrared View into the Hidden ISM of Distant Massive Galaxies,10,f,1,07874002001,/Date(1759308517135)/,60949.36709648148,03,SUCCESSFUL,PRIME_TARGETED_FIXED,/Date(1759301947157)/,60949.2910550463,-0.0775997,0.2415001,f,,,,,,IFUImageModel,f,,,,,/Date(1759306617625)/,60949.34511141204,NIRSpec IFU,0.0,IFU,2025274T134326492_002_osf.xml,,,,,EXTENDED,,4,,4-POINT-DITHER,,,f,CALCULATED_TRACK_TR_202111,11.0,5,301.4546581593297,,,,,-27.863666633338685,53.12137665629163,f,,Galaxy,Elliptical galaxies; Infrared excess galaxies,GSC32,0.08432040997990947,0.38690519296932563,583.556,,,,,,,,,,,,,POLYGON ICRS  53.116359706 -27.867892778 53.117649274 -27.867892778 53.117649274 -27.866886360 53.116359706 -27.866886360,2.0.1,RELEASE,jwst_1535.pmap,13.1.13,,3,,G235M,159.080324,69.30458399999999,36.1412,159.1489424,0.317566961,69.30458399999999,0.138368145,f,,,,,,,,16,4,,,,,,,,,203051520,d7bf35d605f6ab6dea8fe982e317a017,/Date(1785808178434)/,61256.07613927083,/Date(1785808343672)/,61256.07805177083,86,/Date(1790875087000)/,61314.72091435185,False,False,False,6771465,mast:JWST/product/jw07874002001_03101_00004_nrs1_cal.fits,"GO-7874 Alberts, Stacey",F170LP,NIRSPEC-F170LP,2026-10-01 17:18:07.000,2025-10-01 08:16:57.625
249320868,jw07874002001_03103_00001_nrs1_rate.fits,jw07874002001_03103_00001,2b,03,NRS_FULL_IFU,jw07874_20260803t223310_pool.csv,jw07874-o002_20260803t223310_spec2_00004_asn.json,363.9614939689636,60949.3612512913,f,,,60949.360322564025,60949.359393836734,GO,,58,f,/Date(1785807747075)/,61256.071146712966,/Date(1759307648144)/,60949.35703869213,/Date(1759307487666)/,60949.35518131944,NRS1,0,0,160.478,145.889,145.889,OK,NRS_IFU,5,60949.3570387037,60949.35611001158,1,PRIME,60949.35518131944,2,F290LP,1,1.0,S33T007234,0,-27.94775467913754,16.76750564575195,1,53.11351361382787,/Date(1759304231699)/,60949.31749652778,/Date(1759303993107)/,60949.314735023145,0.07685896,0.0312664583325386,0.0436399952,366.27334838267416,60949.36127804883,f,60949.36034932158,60949.35942059431,NIRSPEC,f,,NONE,0,,,0,8,,1,10,1,1,1,1,4,60953.29695425926,V07874002001P0000000003103,2,,STSCI,FINEGUIDE,"Alberts, Stacey",NRS_FULL_IFU,PRDOPSSOC-073,7874,-27.867383333333333,53.117065,60948.50782471065,NRSIRS2RAPID,491,Nearby Galaxies to Cosmic Noon,2026_1b,,1,1,FULL,,2048,2048,1,1,-27.86738333333335,53.117065000000004,,f,SMILES-120-NS,FIXED,0.1,0.1,JWST,NIRSpec IFU Spectroscopy,14.58889,14.589,UTC,Dust After Quenching: A Mid-Infrared View into the Hidden ISM of Distant Massive Galaxies,10,f,1,07874002001,/Date(1759308517135)/,60949.36709648148,03,SUCCESSFUL,PRIME_TARGETED_FIXED,/Date(1759301947157)/,60949.2910550463,-0.2328004,-0.0774004,f,,,,,,IFUImageModel,f,,,,,/Date(1759307487666)/,60949.35518131944,NIRSpec IFU,0.0,IFU,2025274T134326492_002_osf.xml,,,,,EXTENDED,,1,,4-POINT-DITHER,,,f,CALCULATED_TRACK_TR_202111,11.0,5,301.4546581593297,,,,,-27.863609744774983,53.121468019059044,f,,Galaxy,Elliptical galaxies; Infrared excess galaxies,GSC32,0.06789339511966719,0.35771593577358746,131.3,,,,,,,,,,,,,POLYGON ICRS  53.116448712 -27.867836926 53.117738450 -27.867836926 53.117738450 -27.866830504 53.116448712 -27.866830504,2.0.1,RELEASE,jwst_1535.pmap,13.1.13,,3,,G395M,140.3131916,88.95231919999999,36.1494179,140.3131916,0.280112237,88.92944639999999,0.17755647,f,,,,,,,,16,4,,,,,,,,,203051520,15d7f862de216ce20082c22e604eb83c,/Date(1785808034159)/,61256.074469444444,/Date(1785808240870)/,61256.0768619213,86,/Date(1790874840000)/,61314.71805555555,False,False,False,6771361,mast:JWST/product/jw07874002001_03103_00001_nrs1_cal.fits,"GO-7874 Alberts, Stacey",F290LP,NIRSPEC-F290LP,2026-10-01 17:14:00.000,2025-10-01 08:31:27.666
249321641,jw07874002001_03103_00002_nrs1_rate.fits,jw07874002001_03103_00002,2b,03,NRS_FULL_IFU,jw07874_20260803t223310_pool.csv,jw07874-o002_20260803t223310_spec2_00003_asn.json,363.9703289140016,60949.36395286345,f,,,60949.36302413618,60949.3620954089,GO,,58,f,/Date(1785807730908)/,61256.07095956019,/Date(1759307881551)/,60949.359740162035,/Date(1759307721073)/,60949.35788278935,NRS1,0,0,160.478,145.889,145.889,OK,NRS_IFU,5,60949.35974017361,60949.358811481485,2,PRIME,60949.35788278935,2,F290LP,1,1.0,S33T007234,0,-27.94775467913754,16.76750564575195,1,53.11351361382787,/Date(1759304231699)/,60949.31749652778,/Date(1759303993107)/,60949.314735023145,0.07685896,0.0312664583325386,0.0436399952,366.2821782985702,60949.36397962093,f,60949.36305089368,60949.362122166414,NIRSPEC,f,,NONE,0,,,0,8,,1,10,1,1,1,1,4,60953.29695425926,V07874002001P0000000003103,2,,STSCI,FINEGUIDE,"Alberts, Stacey",NRS_FULL_IFU,PRDOPSSOC-073,7874,-27.867383333333333,53.117065,60948.50782471065,NRSIRS2RAPID,491,Nearby Galaxies to Cosmic Noon,2026_1b,,1,1,FULL,,2048,2048,1,1,-27.86738333333335,53.117065000000004,,f,SMILES-120-NS,FIXED,0.1,0.1,JWST,NIRSpec IFU Spectroscopy,14.58889,14.589,UTC,Dust After Quenching: A Mid-Infrared View into the Hidden ISM of Distant Massive Galaxies,10,f,1,07874002001,/Date(1759308517135)/,60949.36709648148,03,SUCCESSFUL,PRIME_TARGETED_FIXED,/Date(1759301947157)/,60949.2910550463,0.1292004,0.1855004,f,,,,,,IFUImageModel,f,,,,,/Date(1759307721073)/,60949.35788278935,NIRSpec IFU,0.0,IFU,2025274T134326492_002_osf.xml,,,,,EXTENDED,,2,,4-POINT-DITHER,,,f,CALCULATED_TRACK_TR_202111,11.0,5,301.4546581593297,,,,,-27.86372115180696,53.12140573954854,f,,Galaxy,Elliptical galaxies; Infrared excess galaxies,GSC32,0.06515514318491301,0.4067429929608304,131.3,,,,,,,,,,,,,POLYGON ICRS  53.116386206 -27.867948229 53.117675946 -27.867948229 53.117675946 -27.866941808 53.116386206 -27.866941808,2.0.1,RELEASE,jwst_1535.pmap,13.1.13,,3,,G395M,140.3131916,88.95231919999999,36.1494179,140.3131916,0.280112237,88.92944639999999,0.17755647,f,,,,,,,,16,4,,,,,,,,,203051520,aa833d07983e2f779b2a6d356e37a671,/Date(1785808185295)/,61256.0762187037,/Date(1785808351649)/,61256.07814409722,86,/Date(1790874842000)/,61314.71807870371,False,False,False,6771387,mast:JWST/product/jw07874002001_03103_00002_nrs1_cal.fits,"GO-7874 Alberts, Stacey",F290LP,NIRSPEC-F290LP,2026-10-01 17:14:02.000,2025-10-01 08:35:21.073
249321563,jw07874002001_03103_00003_nrs1_rate.fits,jw07874002001_03103_00003,2b,03,NRS_FULL_IFU,jw07874_20260803t223310_pool.csv,jw07874-o002_20260803t223310_spec2_00002_asn.json,363.97971706464887,60949.36682408322,f,,,60949.36589535595,60949.36496662867,GO,,58,f,/Date(1785807726790)/,61256.0709119213,/Date(1759308129615)/,60949.362611296296,/Date(1759307969137)/,60949.36075388889,NRS1,0,0,160.478,145.889,145.889,OK,NRS_IFU,5,60949.36261128472,60949.36168259259,3,PRIME,60949.360753900466,2,F290LP,1,1.0,S33T007234,0,-27.94775467913754,16.76750564575195,1,53.11351361382787,/Date(1759304231699)/,60949.31749652778,/Date(1759303993107)/,60949.314735023145,0.07685896,0.0312664583325386,0.0436399952,366.2915614200756,60949.36685084064,f,60949.365922113386,60949.36499338613,NIRSPEC,f,,NONE,0,,,0,8,,1,10,1,1,1,1,4,60953.29695425926,V07874002001P0000000003103,2,,STSCI,FINEGUIDE,"Alberts, Stacey",NRS_FULL_IFU,PRDOPSSOC-073,7874,-27.867383333333333,53.117065,60948.50782471065,NRSIRS2RAPID,491,Nearby Galaxies to Cosmic Noon,2026_1b,,1,1,FULL,,2048,2048,1,1,-27.86738333333335,53.117065000000004,,f,SMILES-120-NS,FIXED,0.1,0.1,JWST,NIRSpec IFU Spectroscopy,14.58889,14.589,UTC,Dust After Quenching: A Mid-Infrared View into the Hidden ISM of Distant Massive Galaxies,10,f,1,07874002001,/Date(1759308517135)/,60949.36709648148,03,SUCCESSFUL,PRIME_TARGETED_FIXED,/Date(1759301947157)/,60949.2910550463,-0.0259002,-0.1333002,f,,,,,,IFUImageModel,f,,,,,/Date(1759307969137)/,60949.36075388889,NIRSpec IFU,0.0,IFU,2025274T134326492_002_osf.xml,,,,,EXTENDED,,3,,4-POINT-DITHER,,,f,CALCULATED_TRACK_TR_202111,11.0,5,301.4546581593297,,,,,-27.86366406700833,53.12149660613835,f,,Galaxy,Elliptical galaxies; Infrared excess galaxies,GSC32,0.06487550737725245,0.34318940031070067,131.3,,,,,,,,,,,,,POLYGON ICRS  53.116476852 -27.867891033 53.117766591 -27.867891033 53.117766591 -27.866884612 53.116476852 -27.866884612,2.0.1,RELEASE,jwst_1535.pmap,13.1.13,,3,,G395M,140.3131916,88.95231919999999,36.1494179,140.3131916,0.280112237,88.92944639999999,0.17755647,f,,,,,,,,16,4,,,,,,,,,203051520,10f9ab6fffe2b1704f3fbb37a7553457,/Date(1785808175837)/,61256.07610921296,/Date(1785808340540)/,61256.07801550926,86,/Date(1790874840000)/,61314.71805555555,False,False,False,6771404,mast:JWST/product/jw07874002001_03103_00003_nrs1_cal.fits,"GO-7874 Alberts, Stacey",F290LP,NIRSPEC-F290LP,2026-10-01 17:14:00.000,2025-10-01 08:39:29.137
249321572,jw07874002001_03103_00004_nrs1_rate.fits,jw07874002001_03103_00004,2b,03,NRS_FULL_IFU,jw07874_20260803t223310_pool.csv,jw07874-o002_20260803t223310_spec2_00001_asn.json,363.98855075240135,60949.36952566694,f,,,60949.36859693967,60949.36766821239,GO,,58,f,/Date(1785807735098)/,61256.07100805556,/Date(1759308363023)/,60949.365312766204,/Date(1759308202545)/,60949.36345539352,NRS1,0,0,160.478,145.889,145.889,OK,NRS_IFU,5,60949.365312766204,60949.36438407408,4,PRIME,60949.36345538194,2,F290LP,1,1.0,S33T007234,0,-27.94775467913754,16.76750564575195,1,53.11351361382787,/Date(1759304231699)/,60949.31749652778,/Date(1759303993107)/,60949.314735023145,0.07685896,0.0312664583325386,0.0436399952,366.3003900786862,60949.369552424294,f,60949.368623697046,60949.36769496979,NIRSPEC,f,,NONE,0,,,0,8,,1,10,1,1,1,1,4,60953.29695425926,V07874002001P0000000003103,2,,STSCI,FINEGUIDE,"Alberts, Stacey",NRS_FULL_IFU,PRDOPSSOC-073,7874,-27.867383333333333,53.117065,60948.50782471065,NRSIRS2RAPID,491,Nearby Galaxies to Cosmic Noon,2026_1b,,1,1,FULL,,2048,2048,1,1,-27.86738333333335,53.117065000000004,,f,SMILES-120-NS,FIXED,0.1,0.1,JWST,NIRSpec IFU Spectroscopy,14.58889,14.589,UTC,Dust After Quenching: A Mid-Infrared View into the Hidden ISM of Distant Massive Galaxies,10,f,1,07874002001,/Date(1759308517135)/,60949.36709648148,03,SUCCESSFUL,PRIME_TARGETED_FIXED,/Date(1759301947157)/,60949.2910550463,-0.0775997,0.2415001,f,,,,,,IFUImageModel,f,,,,,/Date(1759308202545)/,60949.36345539352,NIRSpec IFU,0.0,IFU,2025274T134326492_002_osf.xml,,,,,EXTENDED,,4,,4-POINT-DITHER,,,f,CALCULATED_TRACK_TR_202111,11.0,5,301.4546581593297,,,,,-27.863667339634706,53.121378020007,f,,Galaxy,Elliptical galaxies; Infrared excess galaxies,GSC32,0.06677848352289062,0.42126952842371723,131.3,,,,,,,,,,,,,POLYGON ICRS  53.116358041 -27.867894196 53.117647779 -27.867894196 53.117647779 -27.866887775 53.116358041 -27.866887775,2.0.1,RELEASE,jwst_1535.pmap,13.1.13,,3,,G395M,140.3131916,88.95231919999999,36.1494179,140.3131916,0.280112237,88.92944639999999,0.17755647,f,,,,,,,,16,4,,,,,,,,,203051520,856606e6a1db57376f395345a2aae861,/Date(1785808177382)/,61256.07612711805,/Date(1785808341596)/,61256.078027731484,86,/Date(1790874820000)/,61314.717824074076,False,False,False,6771402,mast:JWST/product/jw07874002001_03103_00004_nrs1_cal.fits,"GO-7874 Alberts, Stacey",F290LP,NIRSPEC-F290LP,2026-10-01 17:13:40.000,2025-10-01 08:43:22.545
262471590,jw05765002001_02101_00001_nrs1_rate.fits,jw05765002001_02101_00001,2b,01,NRS_FULL_IFU,jw05765_20261009t125418_pool.csv,jw05765-o002_20261009t125418_spec2_00024_asn.json,263.7114769779146,60949.906927203956,f,,,60949.90523878414,60949.90355036432,GO,,58,f,/Date(1791558706588)/,61322.6331780787,/Date(1759354894818)/,60949.903875185184,/Date(1759354603040)/,60949.90049814815,NRS1,0,0,291.778,262.6,131.3,OK,NRS_IFU,1,60949.903875208336,60949.90218667824,1,PRIME,60949.90049814815,2,F290LP,1,1.0,SAKE014803,0,-56.79304168542181,13.85028839111328,1,330.9309172691992,/Date(1759354256098)/,60949.896482592594,/Date(1759354016482)/,60949.89370929398,0.0603150167,0.01439484488219023,0.06764313,263.06932219304144,60949.90691977153,f,60949.90523135175,60949.90354293197,NIRSPEC,f,,NONE,-2.4668319999818777,/Date(946684800000)/,51544,3.981976999999999,12,,1,9,2,1,1,1,4,60953.29695425926,V05765002001P0000000002101,2,Eps-INDI-NIRSpec,STSCI,FINEGUIDE,"Matthews, Elisabeth C",NRS_FULL_IFU,PRDOPSSOC-074,5765,-56.78284444444444,331.0441466666666,60948.50782471065,NRSIRS2RAPID,491,Stellar Physics and Stellar Types,2026_2a,,1,1,FULL,,2048,2048,1,1,-56.80049048635089,331.0961431002107,* eps Ind B,f,-eps-Ind-B,FIXED,0.1,0.1,JWST,NIRSpec IFU Spectroscopy,14.58889,14.589,UTC,Two for the price of one: complete spectroscopy from 0.7 to 23 micron of the benchmark brown dwarfs Eps Ind BA and BB,10,f,1,05765002001,/Date(1759359684317)/,60949.959309212965,02,SUCCESSFUL,PRIME_TARGETED_FIXED,/Date(1759352104676)/,60949.87158189815,-0.2328004,-0.0774004,f,,,,,,IFUImageModel,f,,,,,/Date(1759354603040)/,60949.90049814815,,0.0,IFU,2025275T030218965_001_osf.xml,,,,,UNKNOWN,,1,,4-POINT-DITHER,,,f,CALCULATED_TRACK_TR_202111,11.0,5,40.58380239376477,,,,,-56.80214608420982,331.1037286585464,f,,Star,Brown dwarfs,GSC32,0.06636118609400754,0.31867587171707923,233.422,,,,,,,,,,,,,POLYGON ICRS  331.095376351 -56.801077889 331.096960715 -56.801077889 331.096960715 -56.800055865 331.095376351 -56.800055865,3.0.0,RELEASE,jwst_1584.pmap,13.2.6,,3,,G395H,160.0066724,72.4267212,36.15763,160.0181088,0.319414616,72.4381576,0.144595385,f,,,,,,,,16,4,,,,,,,,,203068800,77daa80568ef2a7866acc49eee05a7b8,/Date(1791558946530)/,61322.63595520833,/Date(1791559109755)/,61322.637844398145,86,/Date(1790952538000)/,61315.61733796296,False,False,False,6775108,mast:JWST/product/jw05765002001_02101_00001_nrs1_cal.fits,"GO-5765 Matthews, Elisabeth C",F290LP,NIRSPEC-F290LP,2026-10-02 14:48:58.000,2025-10-01 21:36:43.040
262471519,jw05765002001_02101_00002_nrs1_rate.fits,jw05765002001_02101_00002,2b,01,NRS_FULL_IFU,jw05765_20261009t125418_pool.csv,jw05765-o002_20261009t125418_spec2_00022_asn.json,263.6876564472914,60949.911148398154,f,,,60949.90945997834,60949.90777155852,GO,,58,f,/Date(1791558686481)/,61322.63294537037,/Date(1759355259553)/,60949.90809667824,/Date(1759354967775)/,60949.90471962963,NRS1,0,0,291.778,262.6,131.3,OK,NRS_IFU,1,60949.90809667824,60949.90640814815,2,PRIME,60949.904719618055,2,F290LP,1,1.0,SAKE014803,0,-56.79304168542181,13.85028839111328,1,330.9309172691992,/Date(1759354256098)/,60949.896482592594,/Date(1759354016482)/,60949.89370929398,0.0603150167,0.01439484488219023,0.06764313,263.04549349006265,60949.91114096563,f,60949.90945254586,60949.90776412608,NIRSPEC,f,,NONE,-2.4668319999818777,/Date(946684800000)/,51544,3.981976999999999,12,,1,9,2,1,1,1,4,60953.29695425926,V05765002001P0000000002101,2,Eps-INDI-NIRSpec,STSCI,FINEGUIDE,"Matthews, Elisabeth C",NRS_FULL_IFU,PRDOPSSOC-074,5765,-56.78284444444444,331.0441466666666,60948.50782471065,NRSIRS2RAPID,491,Stellar Physics and Stellar Types,2026_2a,,1,1,FULL,,2048,2048,1,1,-56.800490494270626,331.0961431235473,* eps Ind B,f,-eps-Ind-B,FIXED,0.1,0.1,JWST,NIRSpec IFU Spectroscopy,14.58889,14.589,UTC,Two for the price of one: complete spectroscopy from 0.7 to 23 micron of the benchmark brown dwarfs Eps Ind BA and BB,10,f,1,05765002001,/Date(1759359684317)/,60949.959309212965,02,SUCCESSFUL,PRIME_TARGETED_FIXED,/Date(1759352104676)/,60949.87158189815,0.1292004,0.1855004,f,,,,,,IFUImageModel,f,,,,,/Date(1759354967775)/,60949.90471962963,,0.0,IFU,2025275T030218965_001_osf.xml,,,,,UNKNOWN,,2,,4-POINT-DITHER,,,f,CALCULATED_TRACK_TR_202111,11.0,5,40.58380239376477,,,,,-56.802075742526256,331.1035429662008,f,,Star,Brown dwarfs,GSC32,0.06563905839752045,0.340125209236498,233.422,,,,,,,,,,,,,POLYGON ICRS  331.095191176 -56.801007236 331.096775506 -56.801007236 331.096775506 -56.799985226 331.095191176 -56.799985226,3.0.0,RELEASE,jwst_1584.pmap,13.2.6,,3,,G395H,160.0066724,72.4267212,36.15763,160.0181088,0.319414616,72.4381576,0.144595385,f,,,,,,,,16,4,,,,,,,,,203068800,cfa9d83d688a0a4b7b51ae14446feb7d,/Date(1791558938356)/,61322.635860601855,/Date(1791559102532)/,61322.637760798614,86,/Date(1790952493000)/,61315.61681712963,False,False,False,6775114,mast:JWST/product/jw05765002001_02101_00002_nrs1_cal.fits,"GO-5765 Matthews, Elisabeth C",F290LP,NIRSPEC-F290LP,2026-10-02 14:48:13.000,2025-10-01 21:42:47.775
262471921,jw05765002001_02101_00003_nrs1_rate.fits,jw05765002001_02101_00003,2b,01,NRS_FULL_IFU,jw05765_20261009t125418_pool.csv,jw05765-o002_20261009t125418_spec2_00020_asn.json,263.66383528802544,60949.915369603914,f,,,60949.91368118411,60949.9119927643,GO,,58,f,/Date(1791558714497)/,61322.63326962963,/Date(1759355624289)/,60949.91231817129,/Date(1759355332511)/,60949.90894108796,NRS1,0,0,291.778,262.6,131.3,OK,NRS_IFU,1,60949.912318159724,60949.91062962963,3,PRIME,60949.90894109954,2,F290LP,1,1.0,SAKE014803,0,-56.79304168542181,13.85028839111328,1,330.9309172691992,/Date(1759354256098)/,60949.896482592594,/Date(1759354016482)/,60949.89370929398,0.0603150167,0.01439484488219023,0.06764313,263.0216635297984,60949.91536217129,f,60949.91367375152,60949.91198533175,NIRSPEC,f,,NONE,-2.4668319999818777,/Date(946684800000)/,51544,3.981976999999999,12,,1,9,2,1,1,1,4,60953.29695425926,V05765002001P0000000002101,2,Eps-INDI-NIRSpec,STSCI,FINEGUIDE,"Matthews, Elisabeth C",NRS_FULL_IFU,PRDOPSSOC-074,5765,-56.78284444444444,331.0441466666666,60948.50782471065,NRSIRS2RAPID,491,Stellar Physics and Stellar Types,2026_2a,,1,1,FULL,,2048,2048,1,1,-56.80049050219038,331.0961431468839,* eps Ind B,f,-eps-Ind-B,FIXED,0.1,0.1,JWST,NIRSpec IFU Spectroscopy,14.58889,14.589,UTC,Two for the price of one: complete spectroscopy from 0.7 to 23 micron of the benchmark brown dwarfs Eps Ind BA and BB,10,f,1,05765002001,/Date(1759359684317)/,60949.959309212965,02,SUCCESSFUL,PRIME_TARGETED_FIXED,/Date(1759352104676)/,60949.87158189815,-0.0259002,-0.1333002,f,,,,,,IFUImageModel,f,,,,,/Date(1759355332511)/,60949.90894108796,,0.0,IFU,2025275T030218965_001_osf.xml,,,,,UNKNOWN,,3,,4-POINT-DITHER,,,f,CALCULATED_TRACK_TR_202111,11.0,5,40.58380239376477,,,,,-56.80216410738863,331.10362282282836,f,,Star,Brown dwarfs,GSC32,0.06791983795375198,0.34216800328596647,233.422,,,,,,,,,,,,,POLYGON ICRS  331.095271469 -56.801095304 331.096855806 -56.801095304 331.096855806 -56.800073292 331.095271469 -56.800073292,3.0.0,RELEASE,jwst_1584.pmap,13.2.6,,3,,G395H,160.0066724,72.4267212,36.15763,160.0181088,0.319414616,72.4381576,0.144595385,f,,,,,,,,16,4,,,,,,,,,203068800,8eb39755a905e34978a38549fe611e17,/Date(1791559027921)/,61322.63689722222,/Date(1791559155977)/,61322.638379351854,86,/Date(1790952509000)/,61315.617002314815,False,False,False,6775112,mast:JWST/product/jw05765002001_02101_00003_nrs1_cal.fits,"GO-5765 Matthews, Elisabeth C",F290LP,NIRSPEC-F290LP,2026-10-02 14:48:29.000,2025-10-01 21:48:52.511
262471495,jw05765002001_02101_00004_nrs1_rate.fits,jw05765002001_02101_00004,2b,01,NRS_FULL_IFU,jw05765_20261009t125418_pool.csv,jw05765-o002_20261009t125418_spec2_00018_asn.json,263.640012871474,60949.91959079809,f,,,60949.917902378285,60949.91621395848,GO,,58,f,/Date(1791558681142)/,61322.63288359954,/Date(1759355989024)/,60949.916539618054,/Date(1759355697246)/,60949.91316256944,NRS1,0,0,291.778,262.6,131.3,OK,NRS_IFU,1,60949.91653962963,60949.91485109954,4,PRIME,60949.91316256944,2,F290LP,1,1.0,SAKE014803,0,-56.79304168542181,13.85028839111328,1,330.9309172691992,/Date(1759354256098)/,60949.896482592594,/Date(1759354016482)/,60949.89370929398,0.0603150167,0.01439484488219023,0.06764313,262.9978329408914,60949.91958336537,f,60949.9178949456,60949.91620652584,NIRSPEC,f,,NONE,-2.4668319999818777,/Date(946684800000)/,51544,3.981976999999999,12,,1,9,2,1,1,1,4,60953.29695425926,V05765002001P0000000002101,2,Eps-INDI-NIRSpec,STSCI,FINEGUIDE,"Matthews, Elisabeth C",NRS_FULL_IFU,PRDOPSSOC-074,5765,-56.78284444444444,331.0441466666666,60948.50782471065,NRSIRS2RAPID,491,Stellar Physics and Stellar Types,2026_2a,,1,1,FULL,,2048,2048,1,1,-56.80049051011011,331.09614317022044,* eps Ind B,f,-eps-Ind-B,FIXED,0.1,0.1,JWST,NIRSpec IFU Spectroscopy,14.58889,14.589,UTC,Two for the price of one: complete spectroscopy from 0.7 to 23 micron of the benchmark brown dwarfs Eps Ind BA and BB,10,f,1,05765002001,/Date(1759359684317)/,60949.959309212965,02,SUCCESSFUL,PRIME_TARGETED_FIXED,/Date(1759352104676)/,60949.87158189815,-0.0775997,0.2415001,f,,,,,,IFUImageModel,f,,,,,/Date(1759355697246)/,60949.91316256944,,0.0,IFU,2025275T030218965_001_osf.xml,,,,,UNKNOWN,,4,,4-POINT-DITHER,,,f,CALCULATED_TRACK_TR_202111,11.0,5,40.58380239376477,,,,,-56.80206014423456,331.10364659297466,f,,Star,Brown dwarfs,GSC32,0.06948972518076849,0.39528064857214634,233.422,,,,,,,,,,,,,POLYGON ICRS  331.095295726 -56.800991052 331.096880060 -56.800991052 331.096880060 -56.799969040 331.095295726 -56.799969040,3.0.0,RELEASE,jwst_1584.pmap,13.2.6,,3,,G395H,160.0066724,72.4267212,36.15763,160.0181088,0.319414616,72.4381576,0.144595385,f,,,,,,,,16,4,,,,,,,,,203068800,cd4e35aeb9505ad5f8d600240d914a4e,/Date(1791558936474)/,61322.63583880787,/Date(1791559098363)/,61322.63771253472,86,/Date(1790952493000)/,61315.61681712963,False,False,False,6775129,mast:JWST/product/jw05765002001_02101_00004_nrs1_cal.fits,"GO-5765 Matthews, Elisabeth C",F290LP,NIRSPEC-F290LP,2026-10-02 14:48:13.000,2025-10-01 21:54:57.246
262471470,jw05765002001_04101_00001_nrs1_rate.fits,jw05765002001_04101_00001,2b,01,NRS_FULL_IFU,jw05765_20261009t125418_pool.csv,jw05765-o002_20261009t125418_spec2_00016_asn.json,263.5990203358233,60949.926854027326,f,,,60949.92516560753,60949.92347718774,GO,,58,f,/Date(1791558671440)/,61322.632771296296,/Date(1759356616608)/,60949.92380331019,/Date(1759356324830)/,60949.92042627315,NRS1,0,0,291.778,262.6,131.3,OK,NRS_IFU,9,60949.92380333333,60949.92211480324,1,PRIME,60949.92042627315,2,F170LP,1,1.0,SAKE014803,0,-56.79304168542181,13.85028839111328,1,330.9309172691992,/Date(1759354256098)/,60949.896482592594,/Date(1759354016482)/,60949.89370929398,0.0603150167,0.01439484488219023,0.06764313,262.95682531781495,60949.92684659443,f,60949.92515817468,60949.923469754925,NIRSPEC,f,,NONE,-2.4668319999818777,/Date(946684800000)/,51544,3.981976999999999,12,,1,9,2,1,1,1,4,60953.29695425926,V05765002001P0000000004101,2,Eps-INDI-NIRSpec,STSCI,FINEGUIDE,"Matthews, Elisabeth C",NRS_FULL_IFU,PRDOPSSOC-074,5765,-56.78284444444444,331.0441466666666,60948.50782471065,NRSIRS2RAPID,491,Stellar Physics and Stellar Types,2026_2a,,1,1,FULL,,2048,2048,1,1,-56.80049052373726,331.0961432103747,* eps Ind B,f,-eps-Ind-B,FIXED,0.1,0.1,JWST,NIRSpec IFU Spectroscopy,14.58889,14.589,UTC,Two for the price of one: complete spectroscopy from 0.7 to 23 micron of the benchmark brown dwarfs Eps Ind BA and BB,10,f,1,05765002001,/Date(1759359684317)/,60949.959309212965,04,SUCCESSFUL,PRIME_TARGETED_FIXED,/Date(1759352104676)/,60949.87158189815,-0.2328004,-0.0774004,f,,,,,,IFUImageModel,f,,,,,/Date(1759356324830)/,60949.92042627315,,0.0,IFU,2025275T030752741_001_osf.xml,,,,,UNKNOWN,,1,,4-POINT-DITHER,,,f,CALCULATED_TRACK_TR_202111,11.0,5,40.58380239376477,,,,,-56.802148747332325,331.10372615414184,f,,Star,Brown dwarfs,GSC32,0.06345531155863866,0.34931778245910605,233.422,,,,,,,,,,,,,POLYGON ICRS  331.095377466 -56.801079776 331.096960522 -56.801079776 331.096960522 -56.800058589 331.095377466 -56.800058589,3.0.0,RELEASE,jwst_1584.pmap,13.2.6,,3,,G235H,175.949014,69.04154679999999,36.1625633,175.9833232,0.3512808,69.04154679999999,0.137820691,f,,,,,,,,16,4,,,,,,,,,203068800,571868a21a6f3bc8a87224425039e06e,/Date(1791558932845)/,61322.635796828705,/Date(1791559089557)/,61322.63761060185,86,/Date(1790952493000)/,61315.61681712963,False,False,False,6775118,mast:JWST/product/jw05765002001_04101_00001_nrs1_cal.fits,"GO-5765 Matthews, Elisabeth C",F170LP,NIRSPEC-F170LP,2026-10-02 14:48:13.000,2025-10-01 22:05:24.830
262470617,jw05765002001_04101_00002_nrs1_rate.fits,jw05765002001_04101_00002,2b,01,NRS_FULL_IFU,jw05765_20261009t125418_pool.csv,jw05765-o002_20261009t125418_spec2_00014_asn.json,263.57519100420177,60949.931075962166,f,,,60949.929387542375,60949.92769912258,GO,,58,f,/Date(1791558614713)/,61322.632114733795,/Date(1759356981407)/,60949.928025532405,/Date(1759356689629)/,60949.92464849537,NRS1,0,0,291.778,262.6,131.3,OK,NRS_IFU,9,60949.92802554398,60949.92633701389,2,PRIME,60949.92464848379,2,F170LP,1,1.0,SAKE014803,0,-56.79304168542181,13.85028839111328,1,330.9309172691992,/Date(1759354256098)/,60949.896482592594,/Date(1759354016482)/,60949.89370929398,0.0603150167,0.01439484488219023,0.06764313,262.9329878138378,60949.93106852918,f,60949.929380109425,60949.92769168967,NIRSPEC,f,,NONE,-2.4668319999818777,/Date(946684800000)/,51544,3.981976999999999,12,,1,9,2,1,1,1,4,60953.29695425926,V05765002001P0000000004101,2,Eps-INDI-NIRSpec,STSCI,FINEGUIDE,"Matthews, Elisabeth C",NRS_FULL_IFU,PRDOPSSOC-074,5765,-56.78284444444444,331.0441466666666,60948.50782471065,NRSIRS2RAPID,491,Stellar Physics and Stellar Types,2026_2a,,1,1,FULL,,2048,2048,1,1,-56.80049053165838,331.09614323371534,* eps Ind B,f,-eps-Ind-B,FIXED,0.1,0.1,JWST,NIRSpec IFU Spectroscopy,14.58889,14.589,UTC,Two for the price of one: complete spectroscopy from 0.7 to 23 micron of the benchmark brown dwarfs Eps Ind BA and BB,10,f,1,05765002001,/Date(1759359684317)/,60949.959309212965,04,SUCCESSFUL,PRIME_TARGETED_FIXED,/Date(1759352104676)/,60949.87158189815,0.1292004,0.1855004,f,,,,,,IFUImageModel,f,,,,,/Date(1759356689629)/,60949.92464849537,,0.0,IFU,2025275T030752741_001_osf.xml,,,,,UNKNOWN,,2,,4-POINT-DITHER,,,f,CALCULATED_TRACK_TR_202111,11.0,5,40.58380239376477,,,,,-56.80207704386242,331.10354063712265,f,,Star,Brown dwarfs,GSC32,0.06601901809072158,0.3809810902258671,233.422,,,,,,,,,,,,,POLYGON ICRS  331.095192454 -56.801007768 331.096775502 -56.801007768 331.096775502 -56.799986583 331.095192454 -56.799986583,3.0.0,RELEASE,jwst_1584.pmap,13.2.6,,3,,G235H,175.949014,69.04154679999999,36.1625633,175.9833232,0.3512808,69.04154679999999,0.137820691,f,,,,,,,,16,4,,,,,,,,,203068800,1b72d1c6cdbb23f94c2b25384afd6f79,/Date(1791558796436)/,61322.63421800926,/Date(1791558908258)/,61322.63551222222,86,/Date(1790952519000)/,61315.617118055554,False,False,False,6775124,mast:JWST/product/jw05765002001_04101_00002_nrs1_cal.fits,"GO-5765 Matthews, Elisabeth C",F170LP,NIRSPEC-F170LP,2026-10-02 14:48:39.000,2025-10-01 22:11:29.629
262470916,jw05765002001_04101_00003_nrs1_rate.fits,jw05765002001_04101_00003,2b,01,NRS_FULL_IFU,jw05765_20261009t125418_pool.csv,jw05765-o002_20261009t125418_spec2_00012_asn.json,263.5513692162931,60949.935296427175,f,,,60949.9336080074,60949.93191958761,GO,,58,f,/Date(1791558584184)/,61322.63176137731,/Date(1759357346079)/,60949.932246296295,/Date(1759357054301)/,60949.92886921296,NRS1,0,0,291.778,262.6,131.3,OK,NRS_IFU,9,60949.93224628472,60949.93055775463,3,PRIME,60949.92886922454,2,F170LP,1,1.0,SAKE014803,0,-56.79304168542181,13.85028839111328,1,330.9309172691992,/Date(1759354256098)/,60949.896482592594,/Date(1759354016482)/,60949.89370929398,0.0603150167,0.01439484488219023,0.06764313,262.9091572249308,60949.935288994086,f,60949.933600574346,60949.9319121546,NIRSPEC,f,,NONE,-2.4668319999818777,/Date(946684800000)/,51544,3.981976999999999,12,,1,9,2,1,1,1,4,60953.29695425926,V05765002001P0000000004101,2,Eps-INDI-NIRSpec,STSCI,FINEGUIDE,"Matthews, Elisabeth C",NRS_FULL_IFU,PRDOPSSOC-074,5765,-56.78284444444444,331.0441466666666,60948.50782471065,NRSIRS2RAPID,491,Stellar Physics and Stellar Types,2026_2a,,1,1,FULL,,2048,2048,1,1,-56.80049053957675,331.09614325704786,* eps Ind B,f,-eps-Ind-B,FIXED,0.1,0.1,JWST,NIRSpec IFU Spectroscopy,14.58889,14.589,UTC,Two for the price of one: complete spectroscopy from 0.7 to 23 micron of the benchmark brown dwarfs Eps Ind BA and BB,10,f,1,05765002001,/Date(1759359684317)/,60949.959309212965,04,SUCCESSFUL,PRIME_TARGETED_FIXED,/Date(1759352104676)/,60949.87158189815,-0.0259002,-0.1333002,f,,,,,,IFUImageModel,f,,,,,/Date(1759357054301)/,60949.92886921296,,0.0,IFU,2025275T030752741_001_osf.xml,,,,,UNKNOWN,,3,,4-POINT-DITHER,,,f,CALCULATED_TRACK_TR_202111,11.0,5,40.58380239376477,,,,,-56.80216551083005,331.10362052309375,f,,Star,Brown dwarfs,GSC32,0.07097687924878152,0.35238197353330875,233.422,,,,,,,,,,,,,POLYGON ICRS  331.095272778 -56.801095936 331.096855831 -56.801095936 331.096855831 -56.800074751 331.095272778 -56.800074751,3.0.0,RELEASE,jwst_1584.pmap,13.2.6,,3,,G235H,175.949014,69.04154679999999,36.1625633,175.9833232,0.3512808,69.04154679999999,0.137820691,f,,,,,,,,16,4,,,,,,,,,203068800,651e871a48f26421bf4b213e315de227,/Date(1791558835733)/,61322.63467283565,/Date(1791558965375)/,61322.63617333333,86,/Date(1790952471000)/,61315.6165625,False,False,False,6775132,mast:JWST/product/jw05765002001_04101_00003_nrs1_cal.fits,"GO-5765 Matthews, Elisabeth C",F170LP,NIRSPEC-F170LP,2026-10-02 14:47:51.000,2025-10-01 22:17:34.301
262470906,jw05765002001_04101_00004_nrs1_rate.fits,jw05765002001_04101_00004,2b,01,NRS_FULL_IFU,jw05765_20261009t125418_pool.csv,jw05765-o002_20261009t125418_spec2_00010_asn.json,263.5275423992425,60949.939517632876,f,,,60949.93782921309,60949.93614079332,GO,,58,f,/Date(1791558585932)/,61322.63178163194,/Date(1759357710815)/,60949.93646777778,/Date(1759357419037)/,60949.933090694445,NRS1,0,0,291.778,262.6,131.3,OK,NRS_IFU,9,60949.9364677662,60949.93477923611,4,PRIME,60949.93309070602,2,F170LP,1,1.0,SAKE014803,0,-56.79304168542181,13.85028839111328,1,330.9309172691992,/Date(1759354256098)/,60949.896482592594,/Date(1759354016482)/,60949.89370929398,0.0603150167,0.01439484488219023,0.06764313,262.8853216068819,60949.939510199685,f,60949.937821779946,60949.93613336021,NIRSPEC,f,,NONE,-2.4668319999818777,/Date(946684800000)/,51544,3.981976999999999,12,,1,9,2,1,1,1,4,60953.29695425926,V05765002001P0000000004101,2,Eps-INDI-NIRSpec,STSCI,FINEGUIDE,"Matthews, Elisabeth C",NRS_FULL_IFU,PRDOPSSOC-074,5765,-56.78284444444444,331.0441466666666,60948.50782471065,NRSIRS2RAPID,491,Stellar Physics and Stellar Types,2026_2a,,1,1,FULL,,2048,2048,1,1,-56.8004905474965,331.09614328038447,* eps Ind B,f,-eps-Ind-B,FIXED,0.1,0.1,JWST,NIRSpec IFU Spectroscopy,14.58889,14.589,UTC,Two for the price of one: complete spectroscopy from 0.7 to 23 micron of the benchmark brown dwarfs Eps Ind BA and BB,10,f,1,05765002001,/Date(1759359684317)/,60949.959309212965,04,SUCCESSFUL,PRIME_TARGETED_FIXED,/Date(1759352104676)/,60949.87158189815,-0.0775997,0.2415001,f,,,,,,IFUImageModel,f,,,,,/Date(1759357419037)/,60949.933090694445,,0.0,IFU,2025275T030752741_001_osf.xml,,,,,UNKNOWN,,4,,4-POINT-DITHER,,,f,CALCULATED_TRACK_TR_202111,11.0,5,40.58380239376477,,,,,-56.80206150293559,331.10364431875854,f,,Star,Brown dwarfs,GSC32,0.06605170279551308,0.3574889586569799,233.422,,,,,,,,,,,,,POLYGON ICRS  331.095297061 -56.800991640 331.096880111 -56.800991640 331.096880111 -56.799970454 331.095297061 -56.799970454,3.0.0,RELEASE,jwst_1584.pmap,13.2.6,,3,,G235H,175.949014,69.04154679999999,36.1625633,175.9833232,0.3512808,69.04154679999999,0.137820691,f,,,,,,,,16,4,,,,,,,,,203068800,6acfbc1359d876144156182e6aa292d6,/Date(1791558834315)/,61322.634656435184,/Date(1791558963907)/,61322.636156319444,86,/Date(1790952473000)/,61315.616585648146,False,False,False,6775135,mast:JWST/product/jw05765002001_04101_00004_nrs1_cal.fits,"GO-5765 Matthews, Elisabeth C",F170LP,NIRSPEC-F170LP,2026-10-02 14:47:53.000,2025-10-01 22:23:39.037
262471019,jw05765002001_06101_00001_nrs1_rate.fits,jw05765002001_06101_00001,2b,01,NRS_FULL_IFU,jw05765_20261009t125418_pool.csv,jw05765-o002_20261009t125418_spec2_00008_asn.json,263.4835983859375,60949.94730229786,f,,,60949.94561387809,60949.94392545831,GO,,58,f,/Date(1791558592939)/,61322.63186273148,/Date(1759358383454)/,60949.94425292824,/Date(1759358091676)/,60949.94087587963,NRS1,0,0,291.778,262.6,131.3,OK,NRS_IFU,17,60949.944252939815,60949.94256440972,1,PRIME,60949.94087587963,2,F100LP,1,1.0,SAKE014803,0,-56.79304168542181,13.85028839111328,1,330.9309172691992,/Date(1759354256098)/,60949.896482592594,/Date(1759354016482)/,60949.89370929398,0.0603150167,0.01439484488219023,0.06764313,262.84136187750846,60949.94729486448,f,60949.94560644475,60949.94391802502,NIRSPEC,f,,NONE,-2.4668319999818777,/Date(946684800000)/,51544,3.981976999999999,12,,1,9,2,1,1,1,4,60953.29695425926,V05765002001P0000000006101,2,Eps-INDI-NIRSpec,STSCI,FINEGUIDE,"Matthews, Elisabeth C",NRS_FULL_IFU,PRDOPSSOC-074,5765,-56.78284444444444,331.0441466666666,60948.50782471065,NRSIRS2RAPID,491,Stellar Physics and Stellar Types,2026_2a,,1,1,FULL,,2048,2048,1,1,-56.800490562101956,331.0961433234214,* eps Ind B,f,-eps-Ind-B,FIXED,0.1,0.1,JWST,NIRSpec IFU Spectroscopy,14.58889,14.589,UTC,Two for the price of one: complete spectroscopy from 0.7 to 23 micron of the benchmark brown dwarfs Eps Ind BA and BB,10,f,1,05765002001,/Date(1759359684317)/,60949.959309212965,06,SUCCESSFUL,PRIME_TARGETED_FIXED,/Date(1759352104676)/,60949.87158189815,-0.2328004,-0.0774004,f,,,,,,IFUImageModel,f,,,,,/Date(1759358091676)/,60949.94087587963,,0.0,IFU,2025275T031421509_001_osf.xml,,,,,UNKNOWN,,1,,4-POINT-DITHER,,,f,CALCULATED_TRACK_TR_202111,11.0,5,40.58380239376477,,,,,-56.80215009576001,331.10372383929047,f,,Star,Brown dwarfs,GSC32,0.06607519492708196,0.38915226642374096,233.422,,,,,,,,,,,,,POLYGON ICRS  331.095380561 -56.801082815 331.096963216 -56.801082815 331.096963216 -56.800062052 331.095380561 -56.800062052,3.0.0,RELEASE,jwst_1584.pmap,13.2.6,,3,,G140H,180.0546816,66.8343216,36.16914,180.0203724,0.3593329,66.78857599999999,0.13337265,f,,,,,,,,16,4,,,,,,,,,203068800,3513ea5aa6ee930b18f98d504dc958e6,/Date(1791558854583)/,61322.63489100694,/Date(1791558986568)/,61322.636418587965,86,/Date(1790952452000)/,61315.61634259259,False,False,False,6775139,mast:JWST/product/jw05765002001_06101_00001_nrs1_cal.fits,"GO-5765 Matthews, Elisabeth C",F100LP,NIRSPEC-F100LP,2026-10-02 14:47:32.000,2025-10-01 22:34:51.676
262470893,jw05765002001_06101_00002_nrs1_rate.fits,jw05765002001_06101_00002,2b,01,NRS_FULL_IFU,jw05765_20261009t125418_pool.csv,jw05765-o002_20261009t125418_spec2_00006_asn.json,263.45976842567325,60949.95152350352,f,,,60949.94983508375,60949.948146663985,GO,,58,f,/Date(1791558582466)/,61322.63174150463,/Date(1759358748190)/,60949.9484744213,/Date(1759358456412)/,60949.945097372685,NRS1,0,0,291.778,262.6,131.3,OK,NRS_IFU,17,60949.9484744213,60949.9467858912,2,PRIME,60949.94509736111,2,F100LP,1,1.0,SAKE014803,0,-56.79304168542181,13.85028839111328,1,330.9309172691992,/Date(1759354256098)/,60949.896482592594,/Date(1759354016482)/,60949.89370929398,0.0603150167,0.01439484488219023,0.06764313,262.81752311624587,60949.951516070054,f,60949.94982765032,60949.94813923059,NIRSPEC,f,,NONE,-2.4668319999818777,/Date(946684800000)/,51544,3.981976999999999,12,,1,9,2,1,1,1,4,60953.29695425926,V05765002001P0000000006101,2,Eps-INDI-NIRSpec,STSCI,FINEGUIDE,"Matthews, Elisabeth C",NRS_FULL_IFU,PRDOPSSOC-074,5765,-56.78284444444444,331.0441466666666,60948.50782471065,NRSIRS2RAPID,491,Stellar Physics and Stellar Types,2026_2a,,1,1,FULL,,2048,2048,1,1,-56.800490570021715,331.0961433467581,* eps Ind B,f,-eps-Ind-B,FIXED,0.1,0.1,JWST,NIRSpec IFU Spectroscopy,14.58889,14.589,UTC,Two for the price of one: complete spectroscopy from 0.7 to 23 micron of the benchmark brown dwarfs Eps Ind BA and BB,10,f,1,05765002001,/Date(1759359684317)/,60949.959309212965,06,SUCCESSFUL,PRIME_TARGETED_FIXED,/Date(1759352104676)/,60949.87158189815,0.1292004,0.1855004,f,,,,,,IFUImageModel,f,,,,,/Date(1759358456412)/,60949.945097372685,,0.0,IFU,2025275T031421509_001_osf.xml,,,,,UNKNOWN,,2,,4-POINT-DITHER,,,f,CALCULATED_TRACK_TR_202111,11.0,5,40.58380239376477,,,,,-56.802078467613676,331.1035383323713,f,,Star,Brown dwarfs,GSC32,0.07056321345376416,0.3411466062612322,233.422,,,,,,,,,,,,,POLYGON ICRS  331.095195560 -56.801010881 331.096778206 -56.801010881 331.096778206 -56.799990121 331.095195560 -56.799990121,3.0.0,RELEASE,jwst_1584.pmap,13.2.6,,3,,G140H,180.0546816,66.8343216,36.16914,180.0203724,0.3593329,66.78857599999999,0.13337265,f,,,,,,,,16,4,,,,,,,,,203068800,8706dfe202f0aaafdea30d08fa7d4d0a,/Date(1791558832253)/,61322.63463255787,/Date(1791558960838)/,61322.636120787036,86,/Date(1790952429000)/,61315.61607638889,False,False,False,6775142,mast:JWST/product/jw05765002001_06101_00002_nrs1_cal.fits,"GO-5765 Matthews, Elisabeth C",F100LP,NIRSPEC-F100LP,2026-10-02 14:47:09.000,2025-10-01 22:40:56.412
262470766,jw05765002001_06101_00003_nrs1_rate.fits,jw05765002001_06101_00003,2b,01,NRS_FULL_IFU,jw05765_20261009t125418_pool.csv,jw05765-o002_20261009t125418_spec2_00004_asn.json,263.4359372081235,60949.955744697596,f,,,60949.954056277835,60949.952367858066,GO,,58,f,/Date(1791558554797)/,61322.63142125,/Date(1759359112925)/,60949.95269590278,/Date(1759358821147)/,60949.94931881945,NRS1,0,0,291.778,262.6,131.3,OK,NRS_IFU,17,60949.9526958912,60949.95100736111,3,PRIME,60949.949318831015,2,F100LP,1,1.0,SAKE014803,0,-56.79304168542181,13.85028839111328,1,330.9309172691992,/Date(1759354256098)/,60949.896482592594,/Date(1759354016482)/,60949.89370929398,0.0603150167,0.01439484488219023,0.06764313,262.79368372634053,60949.95573726403,f,60949.9540488443,60949.95236042458,NIRSPEC,f,,NONE,-2.4668319999818777,/Date(946684800000)/,51544,3.981976999999999,12,,1,9,2,1,1,1,4,60953.29695425926,V05765002001P0000000006101,2,Eps-INDI-NIRSpec,STSCI,FINEGUIDE,"Matthews, Elisabeth C",NRS_FULL_IFU,PRDOPSSOC-074,5765,-56.78284444444444,331.0441466666666,60948.50782471065,NRSIRS2RAPID,491,Stellar Physics and Stellar Types,2026_2a,,1,1,FULL,,2048,2048,1,1,-56.800490577941446,331.09614337009464,* eps Ind B,f,-eps-Ind-B,FIXED,0.1,0.1,JWST,NIRSpec IFU Spectroscopy,14.58889,14.589,UTC,Two for the price of one: complete spectroscopy from 0.7 to 23 micron of the benchmark brown dwarfs Eps Ind BA and BB,10,f,1,05765002001,/Date(1759359684317)/,60949.959309212965,06,SUCCESSFUL,PRIME_TARGETED_FIXED,/Date(1759352104676)/,60949.87158189815,-0.0259002,-0.1333002,f,,,,,,IFUImageModel,f,,,,,/Date(1759358821147)/,60949.94931881945,,0.2203332324749236,IFU,2025275T031421509_001_osf.xml,,,,,UNKNOWN,,3,,4-POINT-DITHER,,,f,CALCULATED_TRACK_TR_202111,11.0,5,40.58380239376477,,,,,-56.802166896464676,331.1036182153709,f,,Star,Brown dwarfs,GSC32,0.06666658380440307,0.3442107973354349,233.422,,,,,,,,,,,,,POLYGON ICRS  331.095275881 -56.801099012 331.096858532 -56.801099012 331.096858532 -56.800078251 331.095275881 -56.800078251,3.0.0,RELEASE,jwst_1584.pmap,13.2.6,,3,,G140H,180.0546816,66.8343216,36.16914,180.0203724,0.3593329,66.78857599999999,0.13337265,f,,,,,,,,16,4,,,,,,,,,203068800,211350f1092c2102ca9f1df3a0843678,/Date(1791558815915)/,61322.63444347222,/Date(1791558927164)/,61322.63573105324,86,/Date(1790952430000)/,61315.61608796296,False,False,False,6775150,mast:JWST/product/jw05765002001_06101_00003_nrs1_cal.fits,"GO-5765 Matthews, Elisabeth C",F100LP,NIRSPEC-F100LP,2026-10-02 14:47:10.000,2025-10-01 22:47:01.147
262470176,jw05765002001_06101_00004_nrs1_rate.fits,jw05765002001_06101_00004,2b,01,NRS_FULL_IFU,jw05765_20261009t125418_pool.csv,jw05765-o002_20261009t125418_spec2_00002_asn.json,263.412105361931,60949.95996590324,f,,,60949.95827748348,60949.95658906372,GO,,58,f,/Date(1791558540306)/,61322.631253541666,/Date(1759359477661)/,60949.95691736111,/Date(1759359185883)/,60949.9535403125,NRS1,0,0,291.778,262.6,131.3,OK,NRS_IFU,17,60949.956917372685,60949.95522884259,4,PRIME,60949.9535403125,2,F100LP,1,1.0,SAKE014803,0,-56.79304168542181,13.85028839111328,1,330.9309172691992,/Date(1759354256098)/,60949.896482592594,/Date(1759354016482)/,60949.89370929398,0.0603150167,0.01439484488219023,0.06764313,262.7698430791497,60949.95995846957,f,60949.95827004985,60949.956581630126,NIRSPEC,f,,NONE,-2.4668319999818777,/Date(946684800000)/,51544,3.981976999999999,12,,1,9,2,1,1,1,4,60953.29695425926,V05765002001P0000000006101,2,Eps-INDI-NIRSpec,STSCI,FINEGUIDE,"Matthews, Elisabeth C",NRS_FULL_IFU,PRDOPSSOC-074,5765,-56.78284444444444,331.0441466666666,60948.50782471065,NRSIRS2RAPID,491,Stellar Physics and Stellar Types,2026_2a,,1,1,FULL,,2048,2048,1,1,-56.800490585861205,331.09614339343125,* eps Ind B,f,-eps-Ind-B,FIXED,0.1,0.1,JWST,NIRSpec IFU Spectroscopy,14.58889,14.589,UTC,Two for the price of one: complete spectroscopy from 0.7 to 23 micron of the benchmark brown dwarfs Eps Ind BA and BB,10,f,1,05765002001,/Date(1759359684317)/,60949.959309212965,06,SUCCESSFUL,PRIME_TARGETED_FIXED,/Date(1759352104676)/,60949.87158189815,-0.0775997,0.2415001,f,,,,,,IFUImageModel,f,,,,,/Date(1759359185883)/,60949.9535403125,,-0.04422300245590657,IFU,2025275T032506403_001_osf.xml,,,,,UNKNOWN,,4,,4-POINT-DITHER,,,f,CALCULATED_TRACK_TR_202111,11.0,5,40.58380239376477,,,,,-56.80206300950357,331.1036420000172,f,,Star,Brown dwarfs,GSC32,0.06706595004107416,0.3472749884096376,233.422,,,,,,,,,,,,,POLYGON ICRS  331.095300154 -56.800994836 331.096882800 -56.800994836 331.096882800 -56.799974075 331.095300154 -56.799974075,3.0.0,RELEASE,jwst_1584.pmap,13.2.6,,3,,G140H,180.0546816,66.8343216,36.16914,180.0203724,0.3593329,66.78857599999999,0.13337265,f,,,,,,,,16,4,,,,,,,,,203068800,ebeb2594b614da60ac5246e581a165c0,/Date(1791558714707)/,61322.633272060186,/Date(1791558826473)/,61322.63456565972,86,/Date(1790952430000)/,61315.61608796296,False,False,False,6775158,mast:JWST/product/jw05765002001_06101_00004_nrs1_cal.fits,"GO-5765 Matthews, Elisabeth C",F100LP,NIRSPEC-F100LP,2026-10-02 14:47:10.000,2025-10-01 22:53:05.883
244359811,jw07893008001_03102_00001_nrs1_rate.fits,jw07893008001_03102_00001,2b,02,NRS_S200A1_SLIT,jw07893_20260719t213804_pool.csv,jw07893-o008_20260719t213804_spec2_00004_asn.json,39.01035657618195,60955.24193121605,f,,,60955.240158144814,60955.23838507357,GO,,58,f,/Date(1784512161996)/,61241.07594902778,/Date(1759816063827)/,60955.24147946759,/Date(1759815757460)/,60955.237933564815,NRS1,0,0,306.367,291.778,291.778,OK,NRS_FIXEDSLIT,3,60955.24147947917,60955.23970652199,1,PRIME,60955.237933564815,2,F170LP,1,1.0,N7V2010475,0,70.83535416342761,15.07185459136963,1,130.4845522927934,/Date(1759815118804)/,60955.23054170139,/Date(1759814878164)/,60955.2277565162,0.0400164425,0.03290371224284172,0.03191195,40.228275186382234,60955.24194531237,f,60955.24017224111,60955.23839916985,NIRSPEC,f,,NONE,0,,,0,6,,1,20,1,1,1,1,4,60956.41316931713,V07893008001P0000000003102,8,,STSCI,FINEGUIDE,"Zhuang, Mingyang",NRS_S200A1_SLIT,PRDOPSSOC-073,7893,70.89504722222223,130.35152208333332,60953.30940622685,NRSIRS2RAPID,491,Supermassive Black Holes and Active Galaxies,2026_1b,,1,1,FULL,,2048,2048,1,1,70.89504722222223,130.35152208333335,,f,S5-0836+71,FIXED,0.1,0.1,JWST,NIRSpec Fixed Slit Spectroscopy,14.58889,14.589,UTC,Host Galaxy Properties of the Most Massive Quasars at Cosmic Noon,10,f,1,07893008001,/Date(1759817201618)/,60955.254648333335,03,SUCCESSFUL,PRIME_TARGETED_FIXED,/Date(1759814385621)/,60955.22205578704,6e-07,0.4979005,f,,,,,,MultiSlitModel,f,,,,,/Date(1759815757460)/,60955.237933564815,S5-0836+71,0.0,FIXEDSLIT,2025280T113131180_001_osf.xml,,,,,POINT,,1,,2-POINT-NOD,2,2,f,CALCULATED_TRACK_TR_202111,11.0,5,297.8721083022306,,,,,70.89112340514126,130.3444866524234,f,,Galaxy,Quasars,GSC32,0.08535782681061059,0.37329373367128843,277.189,,,,,,,,,,,,,POLYGON ICRS  130.352560550 70.895147901 130.349580208 70.894915309 130.349619430 70.894863328 130.352599779 70.895095907 POLYGON ICRS  130.353447198 70.889608575 130.350440496 70.889375182 130.350480147 70.889322844 130.353486856 70.889556225 POLYGON ICRS  130.347715834 70.892835096 130.344294185 70.892568380 130.344374638 70.892461922 130.347796303 70.892728609 POLYGON ICRS  130.343372396 70.893397613 130.341913229 70.893283727 130.342239007 70.892852437 130.343698203 70.892966273,2.0.1,RELEASE,jwst_1535.pmap,13.1.13,,3,S200A1,G235M,159.5263436,69.28171119999999,36.2037048,159.5149072,0.318410963,69.3274568,0.138322517,,,,,PRIMARYPARK_ALLCLOSED,,,SPATIAL,16,4,,,,1,1,,,,10589760,22651b349aa294063189405681079b13,/Date(1784512562319)/,61241.080582407405,/Date(1784512807084)/,61241.0834153125,86,/Date(1791418746000)/,61321.01326388889,False,False,False,6797528,mast:JWST/product/jw07893008001_03102_00001_nrs1_cal.fits,"GO-7893 Zhuang, Mingyang",F170LP,NIRSPEC-F170LP,2026-10-08 00:19:06.000,2025-10-07 05:42:37.460
244359494,jw07893008001_03102_00002_nrs1_rate.fits,jw07893008001_03102_00002,2b,02,NRS_S200A1_SLIT,jw07893_20260719t213804_pool.csv,jw07893-o008_20260719t213804_spec2_00003_asn.json,39.03194856829941,60955.2458159104,f,,,60955.24404283916,60955.24226976792,GO,,58,f,/Date(1784512158062)/,61241.07590350694,/Date(1759816399443)/,60955.24536392361,/Date(1759816093076)/,60955.24181800926,NRS1,0,0,306.367,291.778,291.778,OK,NRS_FIXEDSLIT,3,60955.24536392361,60955.243590966435,2,PRIME,60955.24181800926,2,F170LP,1,1.0,N7V2010475,0,70.83535416342761,15.07185459136963,1,130.4845522927934,/Date(1759815118804)/,60955.23054170139,/Date(1759814878164)/,60955.2277565162,0.0400164425,0.03290371224284172,0.03191195,40.249870950356126,60955.24583000677,f,60955.2440569355,60955.242283864245,NIRSPEC,f,,NONE,0,,,0,6,,1,20,1,1,1,1,4,60956.41316931713,V07893008001P0000000003102,8,,STSCI,FINEGUIDE,"Zhuang, Mingyang",NRS_S200A1_SLIT,PRDOPSSOC-073,7893,70.89504722222223,130.35152208333332,60953.30940622685,NRSIRS2RAPID,491,Supermassive Black Holes and Active Galaxies,2026_1b,,1,1,FULL,,2048,2048,1,1,70.89504722222223,130.35152208333335,,f,S5-0836+71,FIXED,0.1,0.1,JWST,NIRSpec Fixed Slit Spectroscopy,14.58889,14.589,UTC,Host Galaxy Properties of the Most Massive Quasars at Cosmic Noon,10,f,1,07893008001,/Date(1759817201618)/,60955.254648333335,03,SUCCESSFUL,PRIME_TARGETED_FIXED,/Date(1759814385621)/,60955.22205578704,5e-07,0.4456005,f,,,,,,MultiSlitModel,f,,,,,/Date(1759816093076)/,60955.24181800926,S5-0836+71,0.0,FIXEDSLIT,2025280T113702719_001_osf.xml,,,,,POINT,,2,,2-POINT-NOD,2,2,f,CALCULATED_TRACK_TR_202111,11.0,5,297.8721083022306,,,,,70.8911264823387,130.34453115225256,f,,Galaxy,Quasars,GSC32,0.08709957752647317,0.35437100984463327,277.189,,,,,,,,,,,,,POLYGON ICRS  130.352604009 70.895151155 130.349623667 70.894918563 130.349662890 70.894866582 130.352643239 70.895099162 POLYGON ICRS  130.353490665 70.889611830 130.350483964 70.889378436 130.350523615 70.889326098 130.353530323 70.889559479 POLYGON ICRS  130.347759296 70.892838350 130.344337647 70.892571634 130.344418100 70.892465176 130.347839766 70.892731863 POLYGON ICRS  130.343415857 70.893400866 130.341956690 70.893286980 130.342282468 70.892855690 130.343741664 70.892969526,2.0.1,RELEASE,jwst_1535.pmap,13.1.13,,3,S200A1,G235M,159.5263436,69.28171119999999,36.2037048,159.5149072,0.318410963,69.3274568,0.138322517,,,,,PRIMARYPARK_ALLCLOSED,,,SPATIAL,16,4,,,,2,1,,,,10589760,80289372ea893b4f72ff799463b2e790,/Date(1784512468493)/,61241.07949644676,/Date(1784512756459)/,61241.08282939815,86,/Date(1791418717000)/,61321.01292824074,False,False,False,6797534,mast:JWST/product/jw07893008001_03102_00002_nrs1_cal.fits,"GO-7893 Zhuang, Mingyang",F170LP,NIRSPEC-F170LP,2026-10-08 00:18:37.000,2025-10-07 05:48:13.076
244360124,jw07893008001_03102_00003_nrs1_rate.fits,jw07893008001_03102_00003,2b,02,NRS_S200A1_SLIT,jw07893_20260719t213804_pool.csv,jw07893-o008_20260719t213804_spec2_00002_asn.json,39.056348078884184,60955.250205810866,f,,,60955.24843273962,60955.24665966838,GO,,58,f,/Date(1784512237050)/,61241.07681770833,/Date(1759816778706)/,60955.24975354167,/Date(1759816472339)/,60955.24620763889,NRS1,0,0,306.367,291.778,291.778,OK,NRS_FIXEDSLIT,3,60955.24975354167,60955.24798058449,3,PRIME,60955.246207627315,2,F170LP,1,1.0,N7V2010475,0,70.83535416342761,15.07185459136963,1,130.4845522927934,/Date(1759815118804)/,60955.23054170139,/Date(1759814878164)/,60955.2277565162,0.0400164425,0.03290371224284172,0.03191195,40.2742754900828,60955.250219907284,f,60955.24844683602,60955.24667376476,NIRSPEC,f,,NONE,0,,,0,6,,1,20,1,1,1,1,4,60956.41316931713,V07893008001P0000000003102,8,,STSCI,FINEGUIDE,"Zhuang, Mingyang",NRS_S200A1_SLIT,PRDOPSSOC-073,7893,70.89504722222223,130.35152208333332,60953.30940622685,NRSIRS2RAPID,491,Supermassive Black Holes and Active Galaxies,2026_1b,,1,1,FULL,,2048,2048,1,1,70.89504722222223,130.35152208333335,,f,S5-0836+71,FIXED,0.1,0.1,JWST,NIRSpec Fixed Slit Spectroscopy,14.58889,14.589,UTC,Host Galaxy Properties of the Most Massive Quasars at Cosmic Noon,10,f,1,07893008001,/Date(1759817201618)/,60955.254648333335,03,SUCCESSFUL,PRIME_TARGETED_FIXED,/Date(1759814385621)/,60955.22205578704,-8e-07,-0.6028007,f,,,,,,MultiSlitModel,f,,,,,/Date(1759816472339)/,60955.24620763889,S5-0836+71,0.0,FIXEDSLIT,2025280T113702719_001_osf.xml,,,,,POINT,,3,,2-POINT-NOD,2,2,f,CALCULATED_TRACK_TR_202111,11.0,5,297.8721083022306,,,,,70.89119407967715,130.34539668720777,f,,Galaxy,Quasars,GSC32,0.0859143269158763,0.38791583844643107,277.189,,,,,,,,,,,,,POLYGON ICRS  130.353468614 70.895218921 130.350488251 70.894986343 130.350527471 70.894934362 130.353507841 70.895166927 POLYGON ICRS  130.354355018 70.889679591 130.351348295 70.889446212 130.351387944 70.889393874 130.354394674 70.889627240 POLYGON ICRS  130.348623777 70.892906139 130.345202104 70.892639440 130.345282553 70.892532981 130.348704242 70.892799652 POLYGON ICRS  130.344280349 70.893468677 130.342821172 70.893354798 130.343146932 70.892923506 130.344606138 70.893037335,2.0.1,RELEASE,jwst_1535.pmap,13.1.13,,3,S200A1,G235M,159.5263436,69.28171119999999,36.2037048,159.5149072,0.318410963,69.3274568,0.138322517,,,,,PRIMARYPARK_ALLCLOSED,,,SPATIAL,16,4,,,,1,1,,,,10589760,88582680377c7295d849f7bb86ba87df,/Date(1784512691635)/,61241.08207912037,/Date(1784512862430)/,61241.08405590278,86,/Date(1791418725000)/,61321.013020833336,False,False,False,6797547,mast:JWST/product/jw07893008001_03102_00003_nrs1_cal.fits,"GO-7893 Zhuang, Mingyang",F170LP,NIRSPEC-F170LP,2026-10-08 00:18:45.000,2025-10-07 05:54:32.339
244360151,jw07893008001_03102_00004_nrs1_rate.fits,jw07893008001_03102_00004,2b,02,NRS_S200A1_SLIT,jw07893_20260719t213804_pool.csv,jw07893-o008_20260719t213804_spec2_00001_asn.json,39.07794007100165,60955.254090505216,f,,,60955.25231743397,60955.25054436273,GO,,58,f,/Date(1784512240865)/,61241.076861875,/Date(1759817114322)/,60955.25363799769,/Date(1759816807955)/,60955.25009208333,NRS1,0,0,306.367,291.778,291.778,OK,NRS_FIXEDSLIT,3,60955.25363798611,60955.251865028935,4,PRIME,60955.25009207176,2,F170LP,1,1.0,N7V2010475,0,70.83535416342761,15.07185459136963,1,130.4845522927934,/Date(1759815118804)/,60955.23054170139,/Date(1759814878164)/,60955.2277565162,0.0400164425,0.03290371224284172,0.03191195,40.29587125405669,60955.254104601685,f,60955.25233153042,60955.250558459156,NIRSPEC,f,,NONE,0,,,0,6,,1,20,1,1,1,1,4,60956.41316931713,V07893008001P0000000003102,8,,STSCI,FINEGUIDE,"Zhuang, Mingyang",NRS_S200A1_SLIT,PRDOPSSOC-073,7893,70.89504722222223,130.35152208333332,60953.30940622685,NRSIRS2RAPID,491,Supermassive Black Holes and Active Galaxies,2026_1b,,1,1,FULL,,2048,2048,1,1,70.89504722222223,130.35152208333335,,f,S5-0836+71,FIXED,0.1,0.1,JWST,NIRSpec Fixed Slit Spectroscopy,14.58889,14.589,UTC,Host Galaxy Properties of the Most Massive Quasars at Cosmic Noon,10,f,1,07893008001,/Date(1759817201618)/,60955.254648333335,03,SUCCESSFUL,PRIME_TARGETED_FIXED,/Date(1759814385621)/,60955.22205578704,-8e-07,-0.6551007,f,,,,,,MultiSlitModel,f,,,,,/Date(1759816807955)/,60955.25009208333,S5-0836+71,0.0,FIXEDSLIT,2025280T113702719_001_osf.xml,,,,,POINT,,4,,2-POINT-NOD,2,2,f,CALCULATED_TRACK_TR_202111,11.0,5,297.8721083022306,,,,,70.89119702133485,130.34544125452885,f,,Galaxy,Quasars,GSC32,0.08678563233571275,0.3922164574979436,277.189,,,,,,,,,,,,,POLYGON ICRS  130.353512140 70.895222040 130.350531778 70.894989460 130.350570999 70.894937479 130.353551367 70.895170046 POLYGON ICRS  130.354398577 70.889682711 130.351391855 70.889449330 130.351431504 70.889396992 130.354438233 70.889630360 POLYGON ICRS  130.348667316 70.892909256 130.345245645 70.892642554 130.345326094 70.892536096 130.348747782 70.892802768 POLYGON ICRS  130.344323884 70.893471791 130.342864708 70.893357910 130.343190470 70.892926620 130.344649676 70.893040449,2.0.1,RELEASE,jwst_1535.pmap,13.1.13,,3,S200A1,G235M,159.5263436,69.28171119999999,36.2037048,159.5149072,0.318410963,69.3274568,0.138322517,,,,,PRIMARYPARK_ALLCLOSED,,,SPATIAL,16,4,,,,2,1,,,,10589760,d5d21246258acc971b250968bda85600,/Date(1784512691625)/,61241.08207900463,/Date(1784512869564)/,61241.08413846065,86,/Date(1791418716000)/,61321.01291666667,False,False,False,6797540,mast:JWST/product/jw07893008001_03102_00004_nrs1_cal.fits,"GO-7893 Zhuang, Mingyang",F170LP,NIRSPEC-F170LP,2026-10-08 00:18:36.000,2025-10-07 06:00:07.955
249320727,jw07874001001_02101_00001_nrs1_rate.fits,jw07874001001_02101_00001,2b,01,NRS_FULL_IFU,jw07874_20260803t223310_pool.csv,jw07874-o001_20260803t223310_spec2_00008_asn.json,383.36574838031083,60955.86158065656,f,,,60955.85786577822,60955.85415089987,GO,,58,f,/Date(1785807746410)/,61256.07113900463,/Date(1759869257183)/,60955.85714332176,/Date(1759868615272)/,60955.84971380787,NRS1,0,0,641.911,612.733,306.366,OK,NRS_IFU,1,60955.85714332176,60955.85342855903,1,PRIME,60955.8497137963,2,F170LP,1,1.0,S33T007694,0,-27.8677854524739,15.45009899139404,1,53.1915506128361,/Date(1759868354464)/,60955.84669517361,/Date(1759868092320)/,60955.84366111111,0.08693056,0.05339000374078751,0.0535860248,385.6701458338648,60955.861607327664,f,60955.85789244941,60955.854177571135,NIRSPEC,f,,NONE,0,,,0,8,,1,21,2,1,1,1,4,60956.41316931713,V07874001001P0000000002101,1,,STSCI,FINEGUIDE,"Alberts, Stacey",NRS_FULL_IFU,PRDOPSSOC-073,7874,-27.761591666666668,53.18371499999999,60953.30940622685,NRSIRS2RAPID,491,Nearby Galaxies to Cosmic Noon,2026_1b,,1,1,FULL,,2048,2048,1,1,-27.761591666666675,53.183715,,f,SMILES-22-NS,FIXED,0.1,0.1,JWST,NIRSpec IFU Spectroscopy,14.58889,14.589,UTC,Dust After Quenching: A Mid-Infrared View into the Hidden ISM of Distant Massive Galaxies,10,f,1,07874001001,/Date(1759872641948)/,60955.89631881945,02,SUCCESSFUL,PRIME_TARGETED_FIXED,/Date(1759866090402)/,60955.82049077546,-0.2328004,-0.0774004,f,,,,,,IFUImageModel,f,,,,,/Date(1759868615272)/,60955.84971380787,NIRSpec IFU,0.0,IFU,2025281T025921459_001_osf.xml,,,,,EXTENDED,,1,,4-POINT-DITHER,,,f,CALCULATED_TRACK_TR_202111,11.0,5,305.0388276478306,,,,,-27.758096837337835,53.18860697494382,f,,Galaxy,Active galactic nuclei; Elliptical galaxies; Infrared excess galaxies,GSC32,0.08441805553547406,0.36688581128453474,583.556,,,,,,,,,,,,,POLYGON ICRS  53.183132525 -27.762018945 53.184370420 -27.762018945 53.184370420 -27.761065623 53.183132525 -27.761065623,2.0.1,RELEASE,jwst_1535.pmap,13.1.13,,3,,G235M,159.023142,69.3160204,36.15106,159.0460148,0.3174301,69.3274568,0.138368145,f,,,,,,,,16,4,,,,,,,,,203051520,28f3e25cceed1f07db7951eda18ce385,/Date(1785807991430)/,61256.07397488426,/Date(1785808220291)/,61256.076623726854,86,/Date(1791463582000)/,61321.53219907408,False,False,False,6798404,mast:JWST/product/jw07874001001_02101_00001_nrs1_cal.fits,"GO-7874 Alberts, Stacey",F170LP,NIRSPEC-F170LP,2026-10-08 12:46:22.000,2025-10-07 20:23:35.272
249321506,jw07874001001_02101_00002_nrs1_rate.fits,jw07874001001_02101_00002,2b,01,NRS_FULL_IFU,jw07874_20260803t223310_pool.csv,jw07874-o001_20260803t223310_spec2_00007_asn.json,383.3879979327321,60955.86985498809,f,,,60955.86614010978,60955.862425231455,GO,,58,f,/Date(1785807720621)/,61256.07084050926,/Date(1759869972063)/,60955.865417395835,/Date(1759869330152)/,60955.857987881944,NRS1,0,0,641.911,612.733,306.366,OK,NRS_IFU,1,60955.865417395835,60955.861702633105,2,PRIME,60955.85798787037,2,F170LP,1,1.0,S33T007694,0,-27.8677854524739,15.45009899139404,1,53.1915506128361,/Date(1759868354464)/,60955.84669517361,/Date(1759868092320)/,60955.84366111111,0.08693056,0.05339000374078751,0.0535860248,385.69237967021763,60955.86988165901,f,60955.86616678079,60955.86245190254,NIRSPEC,f,,NONE,0,,,0,8,,1,21,2,1,1,1,4,60956.41316931713,V07874001001P0000000002101,1,,STSCI,FINEGUIDE,"Alberts, Stacey",NRS_FULL_IFU,PRDOPSSOC-073,7874,-27.761591666666668,53.18371499999999,60953.30940622685,NRSIRS2RAPID,491,Nearby Galaxies to Cosmic Noon,2026_1b,,1,1,FULL,,2048,2048,1,1,-27.761591666666675,53.183715,,f,SMILES-22-NS,FIXED,0.1,0.1,JWST,NIRSpec IFU Spectroscopy,14.58889,14.589,UTC,Dust After Quenching: A Mid-Infrared View into the Hidden ISM of Distant Massive Galaxies,10,f,1,07874001001,/Date(1759872641948)/,60955.89631881945,02,SUCCESSFUL,PRIME_TARGETED_FIXED,/Date(1759866090402)/,60955.82049077546,0.1292004,0.1855004,f,,,,,,IFUImageModel,f,,,,,/Date(1759869330152)/,60955.857987881944,NIRSpec IFU,0.0,IFU,2025281T025921459_001_osf.xml,,,,,EXTENDED,,2,,4-POINT-DITHER,,,f,CALCULATED_TRACK_TR_202111,11.0,5,305.0388276478306,,,,,-27.75820501242078,53.188536497059424,f,,Galaxy,Active galactic nuclei; Elliptical galaxies; Infrared excess galaxies,GSC32,0.0843371608911151,0.3636173408053852,583.556,,,,,,,,,,,,,POLYGON ICRS  53.183061449 -27.762126744 53.184299352 -27.762126744 53.184299352 -27.761173415 53.183061449 -27.761173415,2.0.1,RELEASE,jwst_1535.pmap,13.1.13,,3,,G235M,159.023142,69.3160204,36.15106,159.0460148,0.3174301,69.3274568,0.138368145,f,,,,,,,,16,4,,,,,,,,,203051520,1929773723c40a8d9a031da987e9b695,/Date(1785808162116)/,61256.07595041666,/Date(1785808333722)/,61256.077936608795,86,/Date(1791463604000)/,61321.5324537037,False,False,False,6798417,mast:JWST/product/jw07874001001_02101_00002_nrs1_cal.fits,"GO-7874 Alberts, Stacey",F170LP,NIRSPEC-F170LP,2026-10-08 12:46:44.000,2025-10-07 20:35:30.152
249321521,jw07874001001_02101_00003_nrs1_rate.fits,jw07874001001_02101_00003,2b,01,NRS_FULL_IFU,jw07874_20260803t223310_pool.csv,jw07874-o001_20260803t223310_spec2_00006_asn.json,383.4102399414405,60955.87812930795,f,,,60955.87441442968,60955.870699551386,GO,,58,f,/Date(1785807724446)/,61256.07088479167,/Date(1759870686942)/,60955.873691469904,/Date(1759870045031)/,60955.8662619213,NRS1,0,0,641.911,612.733,306.366,OK,NRS_IFU,1,60955.873691458335,60955.869976695605,3,PRIME,60955.86626193287,2,F170LP,1,1.0,S33T007694,0,-27.8677854524739,15.45009899139404,1,53.1915506128361,/Date(1759868354464)/,60955.84669517361,/Date(1759868092320)/,60955.84366111111,0.08693056,0.05339000374078751,0.0535860248,385.7146072201431,60955.87815597871,f,60955.87444110052,60955.8707262223,NIRSPEC,f,,NONE,0,,,0,8,,1,21,2,1,1,1,4,60956.41316931713,V07874001001P0000000002101,1,,STSCI,FINEGUIDE,"Alberts, Stacey",NRS_FULL_IFU,PRDOPSSOC-073,7874,-27.761591666666668,53.18371499999999,60953.30940622685,NRSIRS2RAPID,491,Nearby Galaxies to Cosmic Noon,2026_1b,,1,1,FULL,,2048,2048,1,1,-27.761591666666675,53.183715,,f,SMILES-22-NS,FIXED,0.1,0.1,JWST,NIRSpec IFU Spectroscopy,14.58889,14.589,UTC,Dust After Quenching: A Mid-Infrared View into the Hidden ISM of Distant Massive Galaxies,10,f,1,07874001001,/Date(1759872641948)/,60955.89631881945,02,SUCCESSFUL,PRIME_TARGETED_FIXED,/Date(1759866090402)/,60955.82049077546,-0.0259002,-0.1333002,f,,,,,,IFUImageModel,f,,,,,/Date(1759870045031)/,60955.8662619213,NIRSpec IFU,0.0,IFU,2025281T030328200_001_osf.xml,,,,,EXTENDED,,3,,4-POINT-DITHER,,,f,CALCULATED_TRACK_TR_202111,11.0,5,305.0388276478306,,,,,-27.75815332299535,53.18863136737652,f,,Galaxy,Active galactic nuclei; Elliptical galaxies; Infrared excess galaxies,GSC32,0.08594483980804679,0.36443445842517264,583.556,,,,,,,,,,,,,POLYGON ICRS  53.183155742 -27.762074676 53.184393645 -27.762074676 53.184393645 -27.761121346 53.183155742 -27.761121346,2.0.1,RELEASE,jwst_1535.pmap,13.1.13,,3,,G235M,159.023142,69.3160204,36.15106,159.0460148,0.3174301,69.3274568,0.138368145,f,,,,,,,,16,4,,,,,,,,,203051520,e5e33c859075768c905b4d30d2513557,/Date(1785808167152)/,61256.07600871528,/Date(1785808335347)/,61256.07795539352,86,/Date(1791463715000)/,61321.533738425926,False,False,False,6798717,mast:JWST/product/jw07874001001_02101_00003_nrs1_cal.fits,"GO-7874 Alberts, Stacey",F170LP,NIRSPEC-F170LP,2026-10-08 12:48:35.000,2025-10-07 20:47:25.031
249321530,jw07874001001_02101_00004_nrs1_rate.fits,jw07874001001_02101_00004,2b,01,NRS_FULL_IFU,jw07874_20260803t223310_pool.csv,jw07874-o001_20260803t223310_spec2_00005_asn.json,383.4324762923643,60955.88640362775,f,,,60955.88268874951,60955.87897387125,GO,,58,f,/Date(1785807707483)/,61256.07068846065,/Date(1759871401821)/,60955.88196550926,/Date(1759870759910)/,60955.87453599537,NRS1,0,0,641.911,612.733,306.366,OK,NRS_IFU,1,60955.881965520835,60955.878250758105,4,PRIME,60955.87453599537,2,F170LP,1,1.0,S33T007694,0,-27.8677854524739,15.45009899139404,1,53.1915506128361,/Date(1759868354464)/,60955.84669517361,/Date(1759868092320)/,60955.84366111111,0.08693056,0.05339000374078751,0.0535860248,385.7368278549984,60955.88643029833,f,60955.88271542017,60955.87900054199,NIRSPEC,f,,NONE,0,,,0,8,,1,21,2,1,1,1,4,60956.41316931713,V07874001001P0000000002101,1,,STSCI,FINEGUIDE,"Alberts, Stacey",NRS_FULL_IFU,PRDOPSSOC-073,7874,-27.761591666666668,53.18371499999999,60953.30940622685,NRSIRS2RAPID,491,Nearby Galaxies to Cosmic Noon,2026_1b,,1,1,FULL,,2048,2048,1,1,-27.761591666666675,53.183715,,f,SMILES-22-NS,FIXED,0.1,0.1,JWST,NIRSpec IFU Spectroscopy,14.58889,14.589,UTC,Dust After Quenching: A Mid-Infrared View into the Hidden ISM of Distant Massive Galaxies,10,f,1,07874001001,/Date(1759872641948)/,60955.89631881945,02,SUCCESSFUL,PRIME_TARGETED_FIXED,/Date(1759866090402)/,60955.82049077546,-0.0775997,0.2415001,f,,,,,,IFUImageModel,f,,,,,/Date(1759870759910)/,60955.87453599537,NIRSpec IFU,0.0,IFU,2025281T030328200_001_osf.xml,,,,,EXTENDED,,4,,4-POINT-DITHER,,,f,CALCULATED_TRACK_TR_202111,11.0,5,305.0388276478306,,,,,-27.75815026990483,53.18851341476673,f,,Galaxy,Active galactic nuclei; Elliptical galaxies; Infrared excess galaxies,GSC32,0.08399846563771324,0.38077681082092024,583.556,,,,,,,,,,,,,POLYGON ICRS  53.183037197 -27.762071238 53.184275099 -27.762071238 53.184275099 -27.761117909 53.183037197 -27.761117909,2.0.1,RELEASE,jwst_1535.pmap,13.1.13,,3,,G235M,159.023142,69.3160204,36.15106,159.0460148,0.3174301,69.3274568,0.138368145,f,,,,,,,,16,4,,,,,,,,,203051520,757e09cedd2577f5845eddc75923e36b,/Date(1785808170326)/,61256.07604543981,/Date(1785808336702)/,61256.077971099534,86,/Date(1791463905000)/,61321.5359375,False,False,False,6798736,mast:JWST/product/jw07874001001_02101_00004_nrs1_cal.fits,"GO-7874 Alberts, Stacey",F170LP,NIRSPEC-F170LP,2026-10-08 12:51:45.000,2025-10-07 20:59:19.910
249320691,jw07874001001_02103_00001_nrs1_rate.fits,jw07874001001_02103_00001,2b,03,NRS_FULL_IFU,jw07874_20260803t223310_pool.csv,jw07874-o001_20260803t223310_spec2_00004_asn.json,383.4594978718087,60955.89088969314,f,,,60955.88996097214,60955.889032251136,GO,,58,f,/Date(1785807699297)/,61256.070593703706,/Date(1759871789405)/,60955.88645145833,/Date(1759871628927)/,60955.88459405093,NRS1,0,0,160.478,145.889,145.889,OK,NRS_IFU,5,60955.88645144676,60955.88552275463,1,PRIME,60955.8845940625,2,F290LP,1,1.0,S33T007694,0,-27.8677854524739,15.45009899139404,1,53.1915506128361,/Date(1759868354464)/,60955.84669517361,/Date(1759868092320)/,60955.84366111111,0.08693056,0.05339000374078751,0.0535860248,385.7638312038034,60955.89091636362,f,60955.889987642644,60955.88905892166,NIRSPEC,f,,NONE,0,,,0,8,,1,10,1,1,1,1,4,60956.41316931713,V07874001001P0000000002103,1,,STSCI,FINEGUIDE,"Alberts, Stacey",NRS_FULL_IFU,PRDOPSSOC-073,7874,-27.761591666666668,53.18371499999999,60953.30940622685,NRSIRS2RAPID,491,Nearby Galaxies to Cosmic Noon,2026_1b,,1,1,FULL,,2048,2048,1,1,-27.761591666666675,53.183715,,f,SMILES-22-NS,FIXED,0.1,0.1,JWST,NIRSpec IFU Spectroscopy,14.58889,14.589,UTC,Dust After Quenching: A Mid-Infrared View into the Hidden ISM of Distant Massive Galaxies,10,f,1,07874001001,/Date(1759872641948)/,60955.89631881945,02,SUCCESSFUL,PRIME_TARGETED_FIXED,/Date(1759866090402)/,60955.82049077546,-0.2328004,-0.0774004,f,,,,,,IFUImageModel,f,,,,,/Date(1759871628927)/,60955.88459405093,NIRSpec IFU,0.0,IFU,2025281T030926976_001_osf.xml,,,,,EXTENDED,,1,,4-POINT-DITHER,,,f,CALCULATED_TRACK_TR_202111,11.0,5,305.0388276478306,,,,,-27.75809860351945,53.18860837919899,f,,Galaxy,Active galactic nuclei; Elliptical galaxies; Infrared excess galaxies,GSC32,0.06553828055774666,0.30868887858634453,131.3,,,,,,,,,,,,,POLYGON ICRS  53.183129779 -27.762020461 53.184367856 -27.762020461 53.184367856 -27.761067131 53.183129779 -27.761067131,2.0.1,RELEASE,jwst_1535.pmap,13.1.13,,3,,G395M,141.6626868,88.87226439999999,36.1477737,141.6855596,0.282758236,88.9065736,0.1773968,f,,,,,,,,16,4,,,,,,,,,203051520,ac036255e831d3f659d927bb3eb0f912,/Date(1785807991402)/,61256.07397457176,/Date(1785808215952)/,61256.076573530096,86,/Date(1791463660000)/,61321.533101851855,False,False,False,6798714,mast:JWST/product/jw07874001001_02103_00001_nrs1_cal.fits,"GO-7874 Alberts, Stacey",F290LP,NIRSPEC-F290LP,2026-10-08 12:47:40.000,2025-10-07 21:13:48.927
249321548,jw07874001001_02103_00002_nrs1_rate.fits,jw07874001001_02103_00002,2b,03,NRS_FULL_IFU,jw07874_20260803t223310_pool.csv,jw07874-o001_20260803t223310_spec2_00003_asn.json,383.4667542949319,60955.89359124702,f,,,60955.89266252603,60955.89173380502,GO,,58,f,/Date(1785807719537)/,61256.07082796296,/Date(1759872022812)/,60955.88915292824,/Date(1759871862334)/,60955.887295520835,NRS1,0,0,160.478,145.889,145.889,OK,NRS_IFU,5,60955.889152916665,60955.88822422454,2,PRIME,60955.887295532404,2,F290LP,1,1.0,S33T007694,0,-27.8677854524739,15.45009899139404,1,53.1915506128361,/Date(1759868354464)/,60955.84669517361,/Date(1759868092320)/,60955.84366111111,0.08693056,0.05339000374078751,0.0535860248,385.7710825977847,60955.89361791745,f,60955.89268919647,60955.89176047549,NIRSPEC,f,,NONE,0,,,0,8,,1,10,1,1,1,1,4,60956.41316931713,V07874001001P0000000002103,1,,STSCI,FINEGUIDE,"Alberts, Stacey",NRS_FULL_IFU,PRDOPSSOC-073,7874,-27.761591666666668,53.18371499999999,60953.30940622685,NRSIRS2RAPID,491,Nearby Galaxies to Cosmic Noon,2026_1b,,1,1,FULL,,2048,2048,1,1,-27.761591666666675,53.183715,,f,SMILES-22-NS,FIXED,0.1,0.1,JWST,NIRSpec IFU Spectroscopy,14.58889,14.589,UTC,Dust After Quenching: A Mid-Infrared View into the Hidden ISM of Distant Massive Galaxies,10,f,1,07874001001,/Date(1759872641948)/,60955.89631881945,02,SUCCESSFUL,PRIME_TARGETED_FIXED,/Date(1759866090402)/,60955.82049077546,0.1292004,0.1855004,f,,,,,,IFUImageModel,f,,,,,/Date(1759871862334)/,60955.887295520835,NIRSpec IFU,0.0,IFU,2025281T030926976_001_osf.xml,,,,,EXTENDED,,2,,4-POINT-DITHER,,,f,CALCULATED_TRACK_TR_202111,11.0,5,305.0388276478306,,,,,-27.758206373539878,53.18853840328134,f,,Galaxy,Active galactic nuclei; Elliptical galaxies; Infrared excess galaxies,GSC32,0.0635190921284054,0.32139959711637045,131.3,,,,,,,,,,,,,POLYGON ICRS  53.183059602 -27.762128107 53.184297680 -27.762128107 53.184297680 -27.761174778 53.183059602 -27.761174778,2.0.1,RELEASE,jwst_1535.pmap,13.1.13,,3,,G395M,141.6626868,88.87226439999999,36.1477737,141.6855596,0.282758236,88.9065736,0.1773968,f,,,,,,,,16,4,,,,,,,,,203051520,51afcf6b26e5c3996774cc90f671cdc1,/Date(1785808174655)/,61256.07609555555,/Date(1785808338765)/,61256.077994976855,86,/Date(1791463710000)/,61321.533680555556,False,False,False,6798733,mast:JWST/product/jw07874001001_02103_00002_nrs1_cal.fits,"GO-7874 Alberts, Stacey",F290LP,NIRSPEC-F290LP,2026-10-08 12:48:30.000,2025-10-07 21:17:42.334
249321468,jw07874001001_02103_00003_nrs1_rate.fits,jw07874001001_02103_00003,2b,03,NRS_FULL_IFU,jw07874_20260803t223310_pool.csv,jw07874-o001_20260803t223310_spec2_00002_asn.json,383.4740113466978,60955.89629355324,f,,,60955.89536483224,60955.894436111244,GO,,58,f,/Date(1785807699226)/,61256.07059289352,/Date(1759872256284)/,60955.89185512732,/Date(1759872095806)/,60955.88999775463,NRS1,0,0,160.478,145.889,145.889,OK,NRS_IFU,5,60955.89185513889,60955.89092644676,3,PRIME,60955.88999775463,2,F290LP,1,1.0,S33T007694,0,-27.8677854524739,15.45009899139404,1,53.1915506128361,/Date(1759868354464)/,60955.84669517361,/Date(1759868092320)/,60955.84366111111,0.08693056,0.05339000374078751,0.0535860248,385.7783346204087,60955.89632022361,f,60955.89539150263,60955.89446278165,NIRSPEC,f,,NONE,0,,,0,8,,1,10,1,1,1,1,4,60956.41316931713,V07874001001P0000000002103,1,,STSCI,FINEGUIDE,"Alberts, Stacey",NRS_FULL_IFU,PRDOPSSOC-073,7874,-27.761591666666668,53.18371499999999,60953.30940622685,NRSIRS2RAPID,491,Nearby Galaxies to Cosmic Noon,2026_1b,,1,1,FULL,,2048,2048,1,1,-27.761591666666675,53.183715,,f,SMILES-22-NS,FIXED,0.1,0.1,JWST,NIRSpec IFU Spectroscopy,14.58889,14.589,UTC,Dust After Quenching: A Mid-Infrared View into the Hidden ISM of Distant Massive Galaxies,10,f,1,07874001001,/Date(1759872641948)/,60955.89631881945,02,SUCCESSFUL,PRIME_TARGETED_FIXED,/Date(1759866090402)/,60955.82049077546,-0.0259002,-0.1333002,f,,,,,,IFUImageModel,f,,,,,/Date(1759872095806)/,60955.88999775463,NIRSpec IFU,0.0,IFU,2025281T030926976_001_osf.xml,,,,,EXTENDED,,3,,4-POINT-DITHER,,,f,CALCULATED_TRACK_TR_202111,11.0,5,305.0388276478306,,,,,-27.758154392914893,53.18863299516523,f,,Galaxy,Active galactic nuclei; Elliptical galaxies; Infrared excess galaxies,GSC32,0.06805863446055752,0.4140062606922738,131.3,,,,,,,,,,,,,POLYGON ICRS  53.183154011 -27.762076004 53.184392089 -27.762076004 53.184392089 -27.761122674 53.183154011 -27.761122674,2.0.1,RELEASE,jwst_1535.pmap,13.1.13,,3,,G395M,141.6626868,88.87226439999999,36.1477737,141.6855596,0.282758236,88.9065736,0.1773968,f,,,,,,,,16,4,,,,,,,,,203051520,4439785ea9edeb6a64ab628e0b7b8359,/Date(1785808152717)/,61256.07584162037,/Date(1785808329343)/,61256.077885914354,86,/Date(1791463605000)/,61321.53246527778,False,False,False,6798722,mast:JWST/product/jw07874001001_02103_00003_nrs1_cal.fits,"GO-7874 Alberts, Stacey",F290LP,NIRSPEC-F290LP,2026-10-08 12:46:45.000,2025-10-07 21:21:35.806
249320712,jw07874001001_02103_00004_nrs1_rate.fits,jw07874001001_02103_00004,2b,03,NRS_FULL_IFU,jw07874_20260803t223310_pool.csv,jw07874-o001_20260803t223310_spec2_00001_asn.json,383.4812665125355,60955.89899511868,f,,,60955.89806639769,60955.89713767669,GO,,58,f,/Date(1785807698418)/,61256.07058351852,/Date(1759872489692)/,60955.894556631945,/Date(1759872329214)/,60955.89269922454,NRS1,0,0,160.478,145.889,145.889,OK,NRS_IFU,5,60955.89455662037,60955.89362792824,4,PRIME,60955.89269923611,2,F290LP,1,1.0,S33T007694,0,-27.8677854524739,15.45009899139404,1,53.1915506128361,/Date(1759868354464)/,60955.84669517361,/Date(1759868092320)/,60955.84366111111,0.08693056,0.05339000374078751,0.0535860248,385.7855847571045,60955.89902178899,f,60955.89809306802,60955.89716434704,NIRSPEC,f,,NONE,0,,,0,8,,1,10,1,1,1,1,4,60956.41316931713,V07874001001P0000000002103,1,,STSCI,FINEGUIDE,"Alberts, Stacey",NRS_FULL_IFU,PRDOPSSOC-073,7874,-27.761591666666668,53.18371499999999,60953.30940622685,NRSIRS2RAPID,491,Nearby Galaxies to Cosmic Noon,2026_1b,,1,1,FULL,,2048,2048,1,1,-27.761591666666675,53.183715,,f,SMILES-22-NS,FIXED,0.1,0.1,JWST,NIRSpec IFU Spectroscopy,14.58889,14.589,UTC,Dust After Quenching: A Mid-Infrared View into the Hidden ISM of Distant Massive Galaxies,10,f,1,07874001001,/Date(1759872641948)/,60955.89631881945,02,SUCCESSFUL,PRIME_TARGETED_FIXED,/Date(1759866090402)/,60955.82049077546,-0.0775997,0.2415001,f,,,,,,IFUImageModel,f,,,,,/Date(1759872329214)/,60955.89269922454,NIRSpec IFU,0.0,IFU,2025281T030926976_001_osf.xml,,,,,EXTENDED,,4,,4-POINT-DITHER,,,f,CALCULATED_TRACK_TR_202111,11.0,5,305.0388276478306,,,,,-27.758151133136796,53.1885144745477,f,,Galaxy,Active galactic nuclei; Elliptical galaxies; Infrared excess galaxies,GSC32,0.06940233899087454,0.44669096548376913,131.3,,,,,,,,,,,,,POLYGON ICRS  53.183035293 -27.762072616 53.184273370 -27.762072616 53.184273370 -27.761119286 53.183035293 -27.761119286,2.0.1,RELEASE,jwst_1535.pmap,13.1.13,,3,,G395M,141.6626868,88.87226439999999,36.1477737,141.6855596,0.282758236,88.9065736,0.1773968,f,,,,,,,,16,4,,,,,,,,,203051520,78367940b0957d7740869a9a2840ffce,/Date(1785807991396)/,61256.07397449074,/Date(1785808218394)/,61256.07660177083,86,/Date(1791463663000)/,61321.53313657407,False,False,False,6798728,mast:JWST/product/jw07874001001_02103_00004_nrs1_cal.fits,"GO-7874 Alberts, Stacey",F290LP,NIRSPEC-F290LP,2026-10-08 12:47:43.000,2025-10-07 21:25:29.214
249321692,jw07874003001_02101_00001_nrs1_rate.fits,jw07874003001_02101_00001,2b,01,NRS_FULL_IFU,jw07874_20260803t223310_pool.csv,jw07874-o003_20260803t223310_spec2_00008_asn.json,383.46830955706537,60955.92030696909,f,,,60955.91659209167,60955.91287721423,GO,,58,f,/Date(1785807706270)/,61256.070674421295,/Date(1759874331034)/,60955.9158684375,/Date(1759873689123)/,60955.90843892361,NRS1,0,0,641.911,612.733,306.366,OK,NRS_IFU,1,60955.915868449076,60955.912153686346,1,PRIME,60955.90843892361,2,F170LP,1,1.0,S33T007324,0,-27.93251036998928,16.12800979614258,1,53.1134046315338,/Date(1759873443739)/,60955.90559884259,/Date(1759873203099)/,60955.902813657405,0.108424053,0.08235005289316177,0.0597737171,385.7684014365077,60955.920333590366,f,60955.916618713025,60955.91290383566,NIRSPEC,f,,NONE,0,,,0,8,,1,21,2,1,1,1,4,60956.41316931713,V07874003001P0000000002101,3,,STSCI,FINEGUIDE,"Alberts, Stacey",NRS_FULL_IFU,PRDOPSSOC-073,7874,-27.86127777777778,53.116192083333324,60953.30940622685,NRSIRS2RAPID,491,Nearby Galaxies to Cosmic Noon,2026_1b,,1,1,FULL,,2048,2048,1,1,-27.861277777777786,53.11619208333333,,f,SMILES-172-NS,FIXED,0.1,0.1,JWST,NIRSpec IFU Spectroscopy,14.58889,14.589,UTC,Dust After Quenching: A Mid-Infrared View into the Hidden ISM of Distant Massive Galaxies,10,f,1,07874003001,/Date(1759877840791)/,60955.956490625,02,SUCCESSFUL,PRIME_TARGETED_FIXED,/Date(1759872645020)/,60955.89635439815,-0.2328004,-0.0774004,f,,,,,,IFUImageModel,f,,,,,/Date(1759873689123)/,60955.90843892361,NIRSpec IFU,0.0,IFU,2025281T031337290_001_osf.xml,,,,,EXTENDED,,1,,4-POINT-DITHER,,,f,CALCULATED_TRACK_TR_202111,11.0,5,305.238552220817,,,,,-27.857785118070503,53.12109466623535,f,,Galaxy,Active galactic nuclei; Elliptical galaxies; Infrared excess galaxies,GSC32,0.08573443202095153,0.40406466298486066,583.556,,,,,,,,,,,,,POLYGON ICRS  53.115608181 -27.861703806 53.116844358 -27.861703806 53.116844358 -27.860753455 53.115608181 -27.860753455,2.0.1,RELEASE,jwst_1535.pmap,13.1.13,,3,,G235M,159.25187,69.2931476,36.15106,159.25187,0.3178635,69.2588384,0.1382997,f,,,,,,,,16,4,,,,,,,,,203051520,c369120daee6dfaf6b8cc86cac9ea3e5,/Date(1785808198466)/,61256.07637113426,/Date(1785808359821)/,61256.07823865741,86,/Date(1791464073000)/,61321.537881944445,False,False,False,6798763,mast:JWST/product/jw07874003001_02101_00001_nrs1_cal.fits,"GO-7874 Alberts, Stacey",F170LP,NIRSPEC-F170LP,2026-10-08 12:54:33.000,2025-10-07 21:48:09.123
249321459,jw07874003001_02101_00002_nrs1_rate.fits,jw07874003001_02101_00002,2b,01,NRS_FULL_IFU,jw07874_20260803t223310_pool.csv,jw07874-o003_20260803t223310_spec2_00007_asn.json,383.49038183223456,60955.92858129856,f,,,60955.92486642117,60955.92115154377,GO,,58,f,/Date(1785807704280)/,61256.07065138889,/Date(1759875045914)/,60955.924142511576,/Date(1759874404003)/,60955.916712997685,NRS1,0,0,641.911,612.733,306.366,OK,NRS_IFU,1,60955.924142523145,60955.920427760415,2,PRIME,60955.916712997685,2,F170LP,1,1.0,S33T007324,0,-27.93251036998928,16.12800979614258,1,53.1134046315338,/Date(1759873443739)/,60955.90559884259,/Date(1759873203099)/,60955.902813657405,0.108424053,0.08235005289316177,0.0597737171,385.7904586242512,60955.92860791966,f,60955.92489304236,60955.92117816503,NIRSPEC,f,,NONE,0,,,0,8,,1,21,2,1,1,1,4,60956.41316931713,V07874003001P0000000002101,3,,STSCI,FINEGUIDE,"Alberts, Stacey",NRS_FULL_IFU,PRDOPSSOC-073,7874,-27.86127777777778,53.116192083333324,60953.30940622685,NRSIRS2RAPID,491,Nearby Galaxies to Cosmic Noon,2026_1b,,1,1,FULL,,2048,2048,1,1,-27.861277777777786,53.11619208333333,,f,SMILES-172-NS,FIXED,0.1,0.1,JWST,NIRSpec IFU Spectroscopy,14.58889,14.589,UTC,Dust After Quenching: A Mid-Infrared View into the Hidden ISM of Distant Massive Galaxies,10,f,1,07874003001,/Date(1759877840791)/,60955.956490625,02,SUCCESSFUL,PRIME_TARGETED_FIXED,/Date(1759872645020)/,60955.89635439815,0.1292004,0.1855004,f,,,,,,IFUImageModel,f,,,,,/Date(1759874404003)/,60955.916712997685,NIRSpec IFU,0.0,IFU,2025281T032758726_001_osf.xml,,,,,EXTENDED,,2,,4-POINT-DITHER,,,f,CALCULATED_TRACK_TR_202111,11.0,5,305.238552220817,,,,,-27.85789296366622,53.1210245064809,f,,Galaxy,Active galactic nuclei; Elliptical galaxies; Infrared excess galaxies,GSC32,0.08250436606993201,0.35217769412836186,583.556,,,,,,,,,,,,,POLYGON ICRS  53.115537427 -27.861811271 53.116773606 -27.861811271 53.116773606 -27.860860919 53.115537427 -27.860860919,2.0.1,RELEASE,jwst_1535.pmap,13.1.13,,3,,G235M,159.25187,69.2931476,36.15106,159.25187,0.3178635,69.2588384,0.1382997,f,,,,,,,,16,4,,,,,,,,,203051520,7fd0e0caf4f61dd3f970cd34e4f50a6d,/Date(1785808152920)/,61256.07584398148,/Date(1785808328173)/,61256.07787237268,86,/Date(1791464059000)/,61321.53771990741,False,False,False,6798769,mast:JWST/product/jw07874003001_02101_00002_nrs1_cal.fits,"GO-7874 Alberts, Stacey",F170LP,NIRSPEC-F170LP,2026-10-08 12:54:19.000,2025-10-07 22:00:04.003
249321477,jw07874003001_02101_00003_nrs1_rate.fits,jw07874003001_02101_00003,2b,01,NRS_FULL_IFU,jw07874_20260803t223310_pool.csv,jw07874-o003_20260803t223310_spec2_00006_asn.json,383.5124478209764,60955.93685561638,f,,,60955.933140739035,60955.929425861665,GO,,58,f,/Date(1785807700664)/,61256.070609525465,/Date(1759875760793)/,60955.932416585645,/Date(1759875118882)/,60955.92498707176,NRS1,0,0,641.911,612.733,306.366,OK,NRS_IFU,1,60955.932416585645,60955.928701822915,3,PRIME,60955.924987060185,2,F170LP,1,1.0,S33T007324,0,-27.93251036998928,16.12800979614258,1,53.1134046315338,/Date(1759873443739)/,60955.90559884259,/Date(1759873203099)/,60955.902813657405,0.108424053,0.08235005289316177,0.0597737171,385.8125095255673,60955.936882237314,f,60955.93316736004,60955.92945248275,NIRSPEC,f,,NONE,0,,,0,8,,1,21,2,1,1,1,4,60956.41316931713,V07874003001P0000000002101,3,,STSCI,FINEGUIDE,"Alberts, Stacey",NRS_FULL_IFU,PRDOPSSOC-073,7874,-27.86127777777778,53.116192083333324,60953.30940622685,NRSIRS2RAPID,491,Nearby Galaxies to Cosmic Noon,2026_1b,,1,1,FULL,,2048,2048,1,1,-27.861277777777786,53.11619208333333,,f,SMILES-172-NS,FIXED,0.1,0.1,JWST,NIRSpec IFU Spectroscopy,14.58889,14.589,UTC,Dust After Quenching: A Mid-Infrared View into the Hidden ISM of Distant Massive Galaxies,10,f,1,07874003001,/Date(1759877840791)/,60955.956490625,02,SUCCESSFUL,PRIME_TARGETED_FIXED,/Date(1759872645020)/,60955.89635439815,-0.0259002,-0.1333002,f,,,,,,IFUImageModel,f,,,,,/Date(1759875118882)/,60955.92498707176,NIRSpec IFU,0.0,IFU,2025281T032758726_001_osf.xml,,,,,EXTENDED,,3,,4-POINT-DITHER,,,f,CALCULATED_TRACK_TR_202111,11.0,5,305.238552220817,,,,,-27.85784155751152,53.1211198988837,f,,Galaxy,Active galactic nuclei; Elliptical galaxies; Infrared excess galaxies,GSC32,0.08401848501939803,0.3909907810682625,583.556,,,,,,,,,,,,,POLYGON ICRS  53.115632244 -27.861759484 53.116868422 -27.861759484 53.116868422 -27.860809133 53.115632244 -27.860809133,2.0.1,RELEASE,jwst_1535.pmap,13.1.13,,3,,G235M,159.25187,69.2931476,36.15106,159.25187,0.3178635,69.2588384,0.1382997,f,,,,,,,,16,4,,,,,,,,,203051520,c0ac7a751e8711aeeafa141b88cd1266,/Date(1785808154077)/,61256.07585736111,/Date(1785808330334)/,61256.077897372685,86,/Date(1791464211000)/,61321.53947916667,False,False,False,6798801,mast:JWST/product/jw07874003001_02101_00003_nrs1_cal.fits,"GO-7874 Alberts, Stacey",F170LP,NIRSPEC-F170LP,2026-10-08 12:56:51.000,2025-10-07 22:11:58.882
249321444,jw07874003001_02101_00004_nrs1_rate.fits,jw07874003001_02101_00004,2b,01,NRS_FULL_IFU,jw07874_20260803t223310_pool.csv,jw07874-o003_20260803t223310_spec2_00005_asn.json,383.5345075232908,60955.94512993414,f,,,60955.94141505682,60955.937700179486,GO,,58,f,/Date(1785807692237)/,61256.07051199074,/Date(1759876475672)/,60955.94069065972,/Date(1759875833761)/,60955.93326111111,NRS1,0,0,641.911,612.733,306.366,OK,NRS_IFU,1,60955.940690648145,60955.936975885415,4,PRIME,60955.933261122686,2,F170LP,1,1.0,S33T007324,0,-27.93251036998928,16.12800979614258,1,53.1134046315338,/Date(1759873443739)/,60955.90559884259,/Date(1759873203099)/,60955.902813657405,0.108424053,0.08235005289316177,0.0597737171,385.8345535118133,60955.94515655489,f,60955.94144167765,60955.93772680039,NIRSPEC,f,,NONE,0,,,0,8,,1,21,2,1,1,1,4,60956.41316931713,V07874003001P0000000002101,3,,STSCI,FINEGUIDE,"Alberts, Stacey",NRS_FULL_IFU,PRDOPSSOC-073,7874,-27.86127777777778,53.116192083333324,60953.30940622685,NRSIRS2RAPID,491,Nearby Galaxies to Cosmic Noon,2026_1b,,1,1,FULL,,2048,2048,1,1,-27.861277777777786,53.11619208333333,,f,SMILES-172-NS,FIXED,0.1,0.1,JWST,NIRSpec IFU Spectroscopy,14.58889,14.589,UTC,Dust After Quenching: A Mid-Infrared View into the Hidden ISM of Distant Massive Galaxies,10,f,1,07874003001,/Date(1759877840791)/,60955.956490625,02,SUCCESSFUL,PRIME_TARGETED_FIXED,/Date(1759872645020)/,60955.89635439815,-0.0775997,0.2415001,f,,,,,,IFUImageModel,f,,,,,/Date(1759875833761)/,60955.93326111111,NIRSpec IFU,0.0,IFU,2025281T031741031_002_osf.xml,,,,,EXTENDED,,4,,4-POINT-DITHER,,,f,CALCULATED_TRACK_TR_202111,11.0,5,305.238552220817,,,,,-27.85783816239306,53.121001629338345,f,,Galaxy,Active galactic nuclei; Elliptical galaxies; Infrared excess galaxies,GSC32,0.08419661666051169,0.37056284057357797,583.556,,,,,,,,,,,,,POLYGON ICRS  53.115513383 -27.861755703 53.116749561 -27.861755703 53.116749561 -27.860805351 53.115513383 -27.860805351,2.0.1,RELEASE,jwst_1535.pmap,13.1.13,,3,,G235M,159.25187,69.2931476,36.15106,159.25187,0.3178635,69.2588384,0.1382997,f,,,,,,,,16,4,,,,,,,,,203051520,3ccccaa97a87c580ee12b3c68e938ded,/Date(1785808149778)/,61256.07580759259,/Date(1785808325755)/,61256.07784439815,86,/Date(1791464131000)/,61321.53855324074,False,False,False,6798826,mast:JWST/product/jw07874003001_02101_00004_nrs1_cal.fits,"GO-7874 Alberts, Stacey",F170LP,NIRSPEC-F170LP,2026-10-08 12:55:31.000,2025-10-07 22:23:53.761
249321345,jw07874003001_02103_00001_nrs1_rate.fits,jw07874003001_02103_00001,2b,03,NRS_FULL_IFU,jw07874_20260803t223310_pool.csv,jw07874-o003_20260803t223310_spec2_00004_asn.json,383.5613480536267,60955.949966379594,f,,,60955.94886879945,60955.947771219304,GO,,58,f,/Date(1785807677172)/,61256.07033765046,/Date(1759876893528)/,60955.9455269213,/Date(1759876703872)/,60955.943331863426,NRS1,0,0,189.656,175.067,175.067,OK,NRS_IFU,5,60955.945526944444,60955.94442939815,1,PRIME,60955.94333185185,2,F290LP,1,1.0,S33T007324,0,-27.93251036998928,16.12800979614258,1,53.1134046315338,/Date(1759873443739)/,60955.90559884259,/Date(1759873203099)/,60955.902813657405,0.108424053,0.08235005289316177,0.0597737171,385.8613758115098,60955.94999300024,f,60955.94889542012,60955.947797839995,NIRSPEC,f,,NONE,0,,,0,8,,1,12,1,1,1,1,4,60956.41316931713,V07874003001P0000000002103,3,,STSCI,FINEGUIDE,"Alberts, Stacey",NRS_FULL_IFU,PRDOPSSOC-073,7874,-27.86127777777778,53.116192083333324,60953.30940622685,NRSIRS2RAPID,491,Nearby Galaxies to Cosmic Noon,2026_1b,,1,1,FULL,,2048,2048,1,1,-27.861277777777786,53.11619208333333,,f,SMILES-172-NS,FIXED,0.1,0.1,JWST,NIRSpec IFU Spectroscopy,14.58889,14.589,UTC,Dust After Quenching: A Mid-Infrared View into the Hidden ISM of Distant Massive Galaxies,10,f,1,07874003001,/Date(1759877840791)/,60955.956490625,02,SUCCESSFUL,PRIME_TARGETED_FIXED,/Date(1759872645020)/,60955.89635439815,-0.2328004,-0.0774004,f,,,,,,IFUImageModel,f,,,,,/Date(1759876703872)/,60955.943331863426,NIRSpec IFU,0.0,IFU,2025281T031741031_002_osf.xml,,,,,EXTENDED,,1,,4-POINT-DITHER,,,f,CALCULATED_TRACK_TR_202111,11.0,5,305.238552220817,,,,,-27.857786724162917,53.12109688043756,f,,Galaxy,Active galactic nuclei; Elliptical galaxies; Infrared excess galaxies,GSC32,0.09783126411454389,0.3773597735018094,160.478,,,,,,,,,,,,,POLYGON ICRS  53.115606243 -27.861705134 53.116842565 -27.861705134 53.116842565 -27.860754787 53.115606243 -27.860754787,2.0.1,RELEASE,jwst_1535.pmap,13.1.13,,3,,G395M,141.4797044,88.88370080000001,36.1477737,141.5025772,0.282370448,88.8837008,0.177442431,f,,,,,,,,16,4,,,,,,,,,203051520,8c931fdac30aa0679015e841c6ba887e,/Date(1785808144169)/,61256.07574270833,/Date(1785808311801)/,61256.07768287037,86,/Date(1791463945000)/,61321.53640046297,False,False,False,6798793,mast:JWST/product/jw07874003001_02103_00001_nrs1_cal.fits,"GO-7874 Alberts, Stacey",F290LP,NIRSPEC-F290LP,2026-10-08 12:52:25.000,2025-10-07 22:38:23.872
249320673,jw07874003001_02103_00002_nrs1_rate.fits,jw07874003001_02103_00002,2b,03,NRS_FULL_IFU,jw07874_20260803t223310_pool.csv,jw07874-o003_20260803t223310_spec2_00003_asn.json,383.5694462293759,60955.95300572101,f,,,60955.951908140865,60955.950810560724,GO,,58,f,/Date(1785807691465)/,61256.07050307871,/Date(1759877156119)/,60955.948566203704,/Date(1759876966463)/,60955.94637109954,NRS1,0,0,189.656,175.067,175.067,OK,NRS_IFU,5,60955.94856619213,60955.947468645834,2,PRIME,60955.94637109954,2,F290LP,1,1.0,S33T007324,0,-27.93251036998928,16.12800979614258,1,53.1134046315338,/Date(1759873443739)/,60955.90559884259,/Date(1759873203099)/,60955.902813657405,0.108424053,0.08235005289316177,0.0597737171,385.86946895811707,60955.95303234159,f,60955.95193476147,60955.95083718136,NIRSPEC,f,,NONE,0,,,0,8,,1,12,1,1,1,1,4,60956.41316931713,V07874003001P0000000002103,3,,STSCI,FINEGUIDE,"Alberts, Stacey",NRS_FULL_IFU,PRDOPSSOC-073,7874,-27.86127777777778,53.116192083333324,60953.30940622685,NRSIRS2RAPID,491,Nearby Galaxies to Cosmic Noon,2026_1b,,1,1,FULL,,2048,2048,1,1,-27.861277777777786,53.11619208333333,,f,SMILES-172-NS,FIXED,0.1,0.1,JWST,NIRSpec IFU Spectroscopy,14.58889,14.589,UTC,Dust After Quenching: A Mid-Infrared View into the Hidden ISM of Distant Massive Galaxies,10,f,1,07874003001,/Date(1759877840791)/,60955.956490625,02,SUCCESSFUL,PRIME_TARGETED_FIXED,/Date(1759872645020)/,60955.89635439815,0.1292004,0.1855004,f,,,,,,IFUImageModel,f,,,,,/Date(1759876966463)/,60955.94637109954,NIRSpec IFU,0.0,IFU,2025281T031741031_002_osf.xml,,,,,EXTENDED,,2,,4-POINT-DITHER,,,f,CALCULATED_TRACK_TR_202111,11.0,5,305.238552220817,,,,,-27.857894305594833,53.12102645802925,f,,Galaxy,Active galactic nuclei; Elliptical galaxies; Infrared excess galaxies,GSC32,0.08951746375030718,0.3773597735018094,160.478,,,,,,,,,,,,,POLYGON ICRS  53.115535596 -27.861812576 53.116771919 -27.861812576 53.116771919 -27.860862229 53.115535596 -27.860862229,2.0.1,RELEASE,jwst_1535.pmap,13.1.13,,3,,G395M,141.4797044,88.88370080000001,36.1477737,141.5025772,0.282370448,88.8837008,0.177442431,f,,,,,,,,16,4,,,,,,,,,203051520,297a05476000569ac27327b0af1a4bd8,/Date(1785807988193)/,61256.07393741898,/Date(1785808213972)/,61256.07655061343,86,/Date(1791464057000)/,61321.53769675926,False,False,False,6798808,mast:JWST/product/jw07874003001_02103_00002_nrs1_cal.fits,"GO-7874 Alberts, Stacey",F290LP,NIRSPEC-F290LP,2026-10-08 12:54:17.000,2025-10-07 22:42:46.463
249321111,jw07874003001_02103_00003_nrs1_rate.fits,jw07874003001_02103_00003,2b,03,NRS_FULL_IFU,jw07874_20260803t223310_pool.csv,jw07874-o003_20260803t223310_spec2_00002_asn.json,383.57754566241056,60955.956045814746,f,,,60955.954948234605,60955.95385065446,GO,,58,f,/Date(1785807574010)/,61256.06914363426,/Date(1759877418775)/,60955.9516062037,/Date(1759877229119)/,60955.94941111111,NRS1,0,0,189.656,175.067,175.067,OK,NRS_IFU,5,60955.95160619213,60955.95050864583,3,PRIME,60955.94941109954,2,F290LP,1,1.0,S33T007324,0,-27.93251036998928,16.12800979614258,1,53.1134046315338,/Date(1759873443739)/,60955.90559884259,/Date(1759873203099)/,60955.902813657405,0.108424053,0.08235005289316177,0.0597737171,385.8775627333671,60955.95607243526,f,60955.95497485514,60955.95387727503,NIRSPEC,f,,NONE,0,,,0,8,,1,12,1,1,1,1,4,60956.41316931713,V07874003001P0000000002103,3,,STSCI,FINEGUIDE,"Alberts, Stacey",NRS_FULL_IFU,PRDOPSSOC-073,7874,-27.86127777777778,53.116192083333324,60953.30940622685,NRSIRS2RAPID,491,Nearby Galaxies to Cosmic Noon,2026_1b,,1,1,FULL,,2048,2048,1,1,-27.861277777777786,53.11619208333333,,f,SMILES-172-NS,FIXED,0.1,0.1,JWST,NIRSpec IFU Spectroscopy,14.58889,14.589,UTC,Dust After Quenching: A Mid-Infrared View into the Hidden ISM of Distant Massive Galaxies,10,f,1,07874003001,/Date(1759877840791)/,60955.956490625,02,SUCCESSFUL,PRIME_TARGETED_FIXED,/Date(1759872645020)/,60955.89635439815,-0.0259002,-0.1333002,f,,,,,,IFUImageModel,f,,,,,/Date(1759877229119)/,60955.94941111111,NIRSpec IFU,0.0,IFU,2025281T031741031_002_osf.xml,,,,,EXTENDED,,3,,4-POINT-DITHER,,,f,CALCULATED_TRACK_TR_202111,11.0,5,305.238552220817,,,,,-27.857842632365635,53.12112138761996,f,,Galaxy,Active galactic nuclei; Elliptical galaxies; Infrared excess galaxies,GSC32,0.08786540048993705,0.31496170071804563,160.478,,,,,,,,,,,,,POLYGON ICRS  53.115630320 -27.861760764 53.116866642 -27.861760764 53.116866642 -27.860810417 53.115630320 -27.860810417,2.0.1,RELEASE,jwst_1535.pmap,13.1.13,,3,,G395M,141.4797044,88.88370080000001,36.1477737,141.5025772,0.282370448,88.8837008,0.177442431,f,,,,,,,,16,4,,,,,,,,,203051520,6a230a5d15a089f70032dd79521d8b1a,/Date(1785808100437)/,61256.07523652778,/Date(1785808279683)/,61256.07731114583,86,/Date(1791464052000)/,61321.53763888889,False,False,False,6798820,mast:JWST/product/jw07874003001_02103_00003_nrs1_cal.fits,"GO-7874 Alberts, Stacey",F290LP,NIRSPEC-F290LP,2026-10-08 12:54:12.000,2025-10-07 22:47:09.119
249321249,jw07874003001_02103_00004_nrs1_rate.fits,jw07874003001_02103_00004,2b,03,NRS_FULL_IFU,jw07874_20260803t223310_pool.csv,jw07874-o003_20260803t223310_spec2_00001_asn.json,383.58564258087426,60955.959085167706,f,,,60955.95798758757,60955.95689000744,GO,,58,f,/Date(1785807622391)/,61256.069703587964,/Date(1759877681367)/,60955.954645439815,/Date(1759877491711)/,60955.95245034722,NRS1,0,0,189.656,175.067,175.067,OK,NRS_IFU,5,60955.95464545139,60955.95354790509,4,PRIME,60955.952450358796,2,F290LP,1,1.0,S33T007324,0,-27.93251036998928,16.12800979614258,1,53.1134046315338,/Date(1759873443739)/,60955.90559884259,/Date(1759873203099)/,60955.902813657405,0.108424053,0.08235005289316177,0.0597737171,385.88565399404615,60955.959111788165,f,60955.958014208045,60955.95691662794,NIRSPEC,f,,NONE,0,,,0,8,,1,12,1,1,1,1,4,60956.41316931713,V07874003001P0000000002103,3,,STSCI,FINEGUIDE,"Alberts, Stacey",NRS_FULL_IFU,PRDOPSSOC-073,7874,-27.86127777777778,53.116192083333324,60953.30940622685,NRSIRS2RAPID,491,Nearby Galaxies to Cosmic Noon,2026_1b,,1,1,FULL,,2048,2048,1,1,-27.861277777777786,53.11619208333333,,f,SMILES-172-NS,FIXED,0.1,0.1,JWST,NIRSpec IFU Spectroscopy,14.58889,14.589,UTC,Dust After Quenching: A Mid-Infrared View into the Hidden ISM of Distant Massive Galaxies,10,f,1,07874003001,/Date(1759877840791)/,60955.956490625,02,SUCCESSFUL,PRIME_TARGETED_FIXED,/Date(1759872645020)/,60955.89635439815,-0.0775997,0.2415001,f,,,,,,IFUImageModel,f,,,,,/Date(1759877491711)/,60955.95245034722,NIRSpec IFU,0.0,IFU,2025281T032344499_002_osf.xml,,,,,EXTENDED,,4,,4-POINT-DITHER,,,f,CALCULATED_TRACK_TR_202111,11.0,5,305.238552220817,,,,,-27.857839013632535,53.12100280220207,f,,Galaxy,Active galactic nuclei; Elliptical galaxies; Infrared excess galaxies,GSC32,0.09149637405859226,0.3818167787006497,160.478,,,,,,,,,,,,,POLYGON ICRS  53.115511513 -27.861757000 53.116747835 -27.861757000 53.116747835 -27.860806654 53.115511513 -27.860806654,2.0.1,RELEASE,jwst_1535.pmap,13.1.13,,3,,G395M,141.4797044,88.88370080000001,36.1477737,141.5025772,0.282370448,88.8837008,0.177442431,f,,,,,,,,16,4,,,,,,,,,203051520,39a916985779cc4d933a38f40b8f6781,/Date(1785808119163)/,61256.075453275465,/Date(1785808298721)/,61256.07753148148,86,/Date(1791464012000)/,61321.53717592593,False,False,False,6798844,mast:JWST/product/jw07874003001_02103_00004_nrs1_cal.fits,"GO-7874 Alberts, Stacey",F290LP,NIRSPEC-F290LP,2026-10-08 12:53:32.000,2025-10-07 22:51:31.711
241785858,jw07711007001_02101_00001_nrs1_rate.fits,jw07711007001_02101_00001,2b,01,NRS_FULL_IFU,jw07711_20260712t145555_pool.csv,jw07711-c1009_20260712t145555_spec2_00004_asn.json,342.3215056071058,60959.085789102646,f,,,60959.076840630674,60959.06789215863,GO,,54,f,/Date(1783874723679)/,61233.69819074074,/Date(1760147869983)/,60959.08182850695,/Date(1760146323561)/,60959.06393009259,NRS1,0,0,1546.422,1531.833,1531.833,OK,NRS_IFU,1,60959.08182850695,60959.07287930555,1,PRIME,60959.06393010417,2,F290LP,8,1.0,N0EC006386,0,0.3644809970785663,14.35770606994629,1,319.5432368995541,/Date(1760146089441)/,60959.06122037037,/Date(1760145847777)/,60959.058423333336,0.04321842,0.01911426708102226,0.0468303524,342.0641367556527,60959.08578612322,f,60959.076837651555,60959.06788917982,NIRSPEC,f,,NONE,0.002221,/Date(1435838400000)/,57205.5,-0.00761799962293519,4,,5,21,1,1,1,1,4,60959.57767900463,V07711007001P0000000002101,7,NIRSpec MAKANI-Halo,STSCI,FINEGUIDE,"Veilleux, Sylvain",NRS_FULL_IFU,PRDOPSSOC-073,7711,0.29206944444444444,319.59937499999995,60956.426127210645,NRSIRS2,491,Nearby Galaxies to Cosmic Noon,2026_1b,,1,1,FULL,,2048,2048,1,1,0.2920757846112746,319.59935325303195,Makani Halo NIRSpec IFU,f,MAKANI-Halo-NIRSpec-IFU,FIXED,0.1,0.1,JWST,NIRSpec IFU Spectroscopy,14.58889,72.944,UTC,Warm Dust in the Circumgalactic Medium in Formation around the Makani Galaxy,10,f,1,07711007001,/Date(1760152886746)/,60959.139892893516,02,SUCCESSFUL,PRIME_TARGETED_FIXED,/Date(1760144767458)/,60959.04591962963,-0.2328004,-0.0774004,f,,,,,,IFUImageModel,f,,,,,/Date(1760146323561)/,60959.06393009259,,-0.00160015163406142,IFU,2025284T021954635_001_osf.xml,,,,,EXTENDED,,1,,4-POINT-DITHER,,,f,CALCULATED_TRACK_TR_202111,11.0,5,81.72615614748726,,,,,0.29420424570975845,319.6020224090634,f,,Galaxy,Active galaxies; Starburst galaxies,GSC32,0.12142828457918729,0.6728238718476727,1458.889,,,,,,,,,,,,,POLYGON ICRS  319.598710629 0.291373360 319.600019723 0.291373360 319.600019723 0.292668878 319.598710629 0.292668878,2.0.1,RELEASE,jwst_1535.pmap,13.1.13,,3,,G395M,141.696996,88.9065736,36.12643,141.7198688,0.282803863,88.87226439999999,0.17746523,f,,,,,,,,16,4,,,,,,,,,203054400,6185e4d829fdd3fe1c426a8d8290f998,/Date(1783875166264)/,61233.70331322917,/Date(1783875339048)/,61233.705313032406,86,/Date(1791715774000)/,61324.45108796296,False,False,False,6815475,mast:JWST/product/jw07711007001_02101_00001_nrs1_cal.fits,"GO-7711 Veilleux, Sylvain",F290LP,NIRSPEC-F290LP,2026-10-11 10:49:34.000,2025-10-11 01:32:03.561
241785715,jw07711007001_02101_00002_nrs1_rate.fits,jw07711007001_02101_00002,2b,01,NRS_FULL_IFU,jw07711_20260712t145555_pool.csv,jw07711-c1009_20260712t145555_spec2_00003_asn.json,342.18952080700547,60959.10453052612,f,,,60959.09558205431,60959.08663358242,GO,,54,f,/Date(1783874625341)/,61233.6970525463,/Date(1760149489374)/,60959.10057144676,/Date(1760147942952)/,60959.08267306713,NRS1,0,0,1546.422,1531.833,1531.833,OK,NRS_IFU,1,60959.10057145833,60959.09162225694,2,PRIME,60959.08267305556,2,F290LP,8,1.0,N0EC006386,0,0.3644809970785663,14.35770606994629,1,319.5432368995541,/Date(1760146089441)/,60959.06122037037,/Date(1760145847777)/,60959.058423333336,0.04321842,0.01911426708102226,0.0468303524,341.93209600634873,60959.10452754605,f,60959.09557907454,60959.086630602964,NIRSPEC,f,,NONE,0.002221,/Date(1435838400000)/,57205.5,-0.00761799962293519,4,,5,21,1,1,1,1,4,60959.57767900463,V07711007001P0000000002101,7,NIRSpec MAKANI-Halo,STSCI,FINEGUIDE,"Veilleux, Sylvain",NRS_FULL_IFU,PRDOPSSOC-073,7711,0.29206944444444444,319.59937499999995,60956.426127210645,NRSIRS2,491,Nearby Galaxies to Cosmic Noon,2026_1b,,1,1,FULL,,2048,2048,1,1,0.2920757846429333,319.5993532529234,Makani Halo NIRSpec IFU,f,MAKANI-Halo-NIRSpec-IFU,FIXED,0.1,0.1,JWST,NIRSpec IFU Spectroscopy,14.58889,72.944,UTC,Warm Dust in the Circumgalactic Medium in Formation around the Makani Galaxy,10,f,1,07711007001,/Date(1760152886746)/,60959.139892893516,02,SUCCESSFUL,PRIME_TARGETED_FIXED,/Date(1760144767458)/,60959.04591962963,0.1292004,0.1855004,f,,,,,,IFUImageModel,f,,,,,/Date(1760147942952)/,60959.08267306713,,0.005044929803828192,IFU,2025284T024414238_001_osf.xml,,,,,EXTENDED,,2,,4-POINT-DITHER,,,f,CALCULATED_TRACK_TR_202111,11.0,5,81.72615614748726,,,,,0.29432478120643457,319.60199197544455,f,,Galaxy,Active galaxies; Starburst galaxies,GSC32,0.12365185552899527,0.6983182910869822,1458.889,,,,,,,,,,,,,POLYGON ICRS  319.598681764 0.291494132 319.599990859 0.291494132 319.599990859 0.292789649 319.598681764 0.292789649,2.0.1,RELEASE,jwst_1535.pmap,13.1.13,,3,,G395M,141.696996,88.9065736,36.12643,141.7198688,0.282803863,88.87226439999999,0.17746523,f,,,,,,,,16,4,,,,,,,,,203054400,8092dae7a29d599ae2bc81a080391a31,/Date(1783875107089)/,61233.702628356485,/Date(1783875263660)/,61233.70444050926,86,/Date(1791715612000)/,61324.449212962965,False,False,False,6815477,mast:JWST/product/jw07711007001_02101_00002_nrs1_cal.fits,"GO-7711 Veilleux, Sylvain",F290LP,NIRSPEC-F290LP,2026-10-11 10:46:52.000,2025-10-11 01:59:02.952
241785696,jw07711007001_02101_00003_nrs1_rate.fits,jw07711007001_02101_00003,2b,01,NRS_FULL_IFU,jw07711_20260712t145555_pool.csv,jw07711-c1009_20260712t145555_spec2_00002_asn.json,342.0575083466247,60959.12327193771,f,,,60959.11432346604,60959.10537499431,GO,,54,f,/Date(1783874636194)/,61233.697178159724,/Date(1760151108764)/,60959.119314386575,/Date(1760149562342)/,60959.101416006946,NRS1,0,0,1546.422,1531.833,1531.833,OK,NRS_IFU,1,60959.11931439815,60959.11036519676,3,PRIME,60959.10141599537,2,F290LP,8,1.0,N0EC006386,0,0.3644809970785663,14.35770606994629,1,319.5432368995541,/Date(1760146089441)/,60959.06122037037,/Date(1760145847777)/,60959.058423333336,0.04321842,0.01911426708102226,0.0468303524,341.80002759676427,60959.12326895699,f,60959.114320485634,60959.10537201421,NIRSPEC,f,,NONE,0.002221,/Date(1435838400000)/,57205.5,-0.00761799962293519,4,,5,21,1,1,1,1,4,60959.57767900463,V07711007001P0000000002101,7,NIRSpec MAKANI-Halo,STSCI,FINEGUIDE,"Veilleux, Sylvain",NRS_FULL_IFU,PRDOPSSOC-073,7711,0.29206944444444444,319.59937499999995,60956.426127210645,NRSIRS2,491,Nearby Galaxies to Cosmic Noon,2026_1b,,1,1,FULL,,2048,2048,1,1,0.29207578467459205,319.59935325281475,Makani Halo NIRSpec IFU,f,MAKANI-Halo-NIRSpec-IFU,FIXED,0.1,0.1,JWST,NIRSpec IFU Spectroscopy,14.58889,72.944,UTC,Warm Dust in the Circumgalactic Medium in Formation around the Makani Galaxy,10,f,1,07711007001,/Date(1760152886746)/,60959.139892893516,02,SUCCESSFUL,PRIME_TARGETED_FIXED,/Date(1760144767458)/,60959.04591962963,-0.0259002,-0.1333002,f,,,,,,IFUImageModel,f,,,,,/Date(1760149562342)/,60959.101416006946,,-0.00462143594547474,IFU,2025284T030907830_001_osf.xml,,,,,EXTENDED,,3,,4-POINT-DITHER,,,f,CALCULATED_TRACK_TR_202111,11.0,5,81.72615614748726,,,,,0.2942292513458355,319.601965258137,f,,Galaxy,Active galaxies; Starburst galaxies,GSC32,0.12157111869723317,0.6914544089840912,1458.889,,,,,,,,,,,,,POLYGON ICRS  319.598656616 0.291398855 319.599965711 0.291398855 319.599965711 0.292694372 319.598656616 0.292694372,2.0.1,RELEASE,jwst_1535.pmap,13.1.13,,3,,G395M,141.696996,88.9065736,36.12643,141.7198688,0.282803863,88.87226439999999,0.17746523,f,,,,,,,,16,4,,,,,,,,,203054400,ca6cac3eb2edeb7a48f2e7f3731f78af,/Date(1783875096929)/,61233.70251076389,/Date(1783875262135)/,61233.70442287037,86,/Date(1791716048000)/,61324.45425925926,False,False,False,6815489,mast:JWST/product/jw07711007001_02101_00003_nrs1_cal.fits,"GO-7711 Veilleux, Sylvain",F290LP,NIRSPEC-F290LP,2026-10-11 10:54:08.000,2025-10-11 02:26:02.342
241785807,jw07711007001_02101_00004_nrs1_rate.fits,jw07711007001_02101_00004,2b,01,NRS_FULL_IFU,jw07711_20260712t145555_pool.csv,jw07711-c1009_20260712t145555_spec2_00001_asn.json,341.9254675973207,60959.14201334896,f,,,60959.133064877446,60959.124116405874,GO,,54,f,/Date(1783874717379)/,61233.698117824075,/Date(1760152728154)/,60959.13805732639,/Date(1760151181732)/,60959.12015894676,NRS1,0,0,1546.422,1531.833,1531.833,OK,NRS_IFU,1,60959.138057337965,60959.12910813657,4,PRIME,60959.120158935184,2,F290LP,8,1.0,N0EC006386,0,0.3644809970785663,14.35770606994629,1,319.5432368995541,/Date(1760146089441)/,60959.06122037037,/Date(1760145847777)/,60959.058423333336,0.04321842,0.01911426708102226,0.0468303524,341.6679308982566,60959.1420103676,f,60959.13306189639,60959.124113425125,NIRSPEC,f,,NONE,0.002221,/Date(1435838400000)/,57205.5,-0.00761799962293519,4,,5,21,1,1,1,1,4,60959.57767900463,V07711007001P0000000002101,7,NIRSpec MAKANI-Halo,STSCI,FINEGUIDE,"Veilleux, Sylvain",NRS_FULL_IFU,PRDOPSSOC-073,7711,0.29206944444444444,319.59937499999995,60956.426127210645,NRSIRS2,491,Nearby Galaxies to Cosmic Noon,2026_1b,,1,1,FULL,,2048,2048,1,1,0.2920757847062508,319.5993532527062,Makani Halo NIRSpec IFU,f,MAKANI-Halo-NIRSpec-IFU,FIXED,0.1,0.1,JWST,NIRSpec IFU Spectroscopy,14.58889,72.944,UTC,Warm Dust in the Circumgalactic Medium in Formation around the Makani Galaxy,10,f,1,07711007001,/Date(1760152886746)/,60959.139892893516,02,SUCCESSFUL,PRIME_TARGETED_FIXED,/Date(1760144767458)/,60959.04591962963,-0.0775997,0.2415001,f,,,,,,IFUImageModel,f,,,,,/Date(1760151181732)/,60959.12015894676,,0.004082179003282528,IFU,2025284T033357389_001_osf.xml,,,,,EXTENDED,,4,,4-POINT-DITHER,,,f,CALCULATED_TRACK_TR_202111,11.0,5,81.72615614748726,,,,,0.2942986508119212,319.6020425554342,f,,Galaxy,Active galaxies; Starburst galaxies,GSC32,0.1231552046311218,0.7110655007066369,1458.889,,,,,,,,,,,,,POLYGON ICRS  319.598735474 0.291468495 319.600044569 0.291468495 319.600044569 0.292764012 319.598735474 0.292764012,2.0.1,RELEASE,jwst_1535.pmap,13.1.13,,3,,G395M,141.696996,88.90657360000002,36.12643,141.7198688,0.282803863,88.87226439999999,0.17746523,f,,,,,,,,16,4,,,,,,,,,203054400,c8b4e98b3928cb20975f00ab5cbd4969,/Date(1783875162513)/,61233.70326982639,/Date(1783875302334)/,61233.704888113425,86,/Date(1791716044000)/,61324.45421296296,False,False,False,6815491,mast:JWST/product/jw07711007001_02101_00004_nrs1_cal.fits,"GO-7711 Veilleux, Sylvain",F290LP,NIRSPEC-F290LP,2026-10-11 10:54:04.000,2025-10-11 02:53:01.732
241785673,jw07711008001_02101_00001_nrs1_rate.fits,jw07711008001_02101_00001,2b,01,NRS_FULL_IFU,jw07711_20260712t145555_pool.csv,jw07711-o008_20260712t145555_spec2_00004_asn.json,341.7395358206704,60959.168899321514,t,,,60959.15995085023,60959.15100237889,GO,,54,f,/Date(1783874632790)/,61233.69713877315,/Date(1760155051288)/,60959.164945439814,/Date(1760153504866)/,60959.147047060185,NRS1,0,0,1546.422,1531.833,1531.833,OK,NRS_IFU,1,60959.164945462966,60959.15599626157,1,PRIME,60959.147047060185,2,F290LP,8,1.0,N0EC006386,0,0.3644809970771742,14.35770606994629,1,319.5432368995558,/Date(1760153322970)/,60959.144941782404,/Date(1760153234906)/,60959.14392252315,0.04321842,0.01911426708102226,0.0468303524,341.48191928397864,60959.16889633922,f,60959.159947868255,60959.150999397214,NIRSPEC,f,,NONE,0.002221,/Date(1435838400000)/,57205.5,-0.00761800140342826,4,,5,21,1,1,1,1,4,60959.57767900463,V07711008001P0000000002101,8,NIRSpec MAKANI-BG,STSCI,FINEGUIDE,"Veilleux, Sylvain",NRS_FULL_IFU,PRDOPSSOC-073,7711,0.2894305555555555,319.60024458333334,60956.426127210645,NRSIRS2,491,Nearby Galaxies to Cosmic Noon,2026_1b,,1,1,FULL,,2048,2048,1,1,0.28943689586277865,319.6002228358837,Makani BG,f,MAKANI-BG,FIXED,0.1,0.1,JWST,NIRSpec IFU Spectroscopy,14.58889,72.944,UTC,Warm Dust in the Circumgalactic Medium in Formation around the Makani Galaxy,10,f,1,07711008001,/Date(1760160069075)/,60959.22302171296,02,SUCCESSFUL,PRIME_TARGETED_FIXED,/Date(1760152890842)/,60959.1399403125,-0.2328004,-0.0774004,f,,,,,,IFUImageModel,f,,,,,/Date(1760153504866)/,60959.147047060185,,-0.00313512093886498,IFU,2025284T144109350_001_osf.xml,,,,,UNKNOWN,,1,,4-POINT-DITHER,,,f,CALCULATED_TRACK_TR_202111,11.0,5,81.6931268796237,,,,,0.29156381855258684,319.6028848321695,f,,Unidentified,Blank field,GSC32,0.12344544878861548,0.6664502670378454,1458.889,,,,,,,,,,,,,POLYGON ICRS  319.599579990 0.288734231 319.600888964 0.288734231 319.600888964 0.290029739 319.599579990 0.290029739,2.0.1,RELEASE,jwst_1535.pmap,13.1.13,,3,,G395M,141.696996,88.9065736,36.12643,141.7198688,0.282803863,88.87226439999999,0.17746523,f,,,,,,,,16,4,,,,,,,,,203051520,2250721b387999707c450c71d2279d03,/Date(1783875096028)/,61233.702500300926,/Date(1783875260894)/,61233.7044084838,86,/Date(1791737785000)/,61324.70584490741,False,False,False,6815788,mast:JWST/product/jw07711008001_02101_00001_nrs1_cal.fits,"GO-7711 Veilleux, Sylvain",F290LP,NIRSPEC-F290LP,2026-10-11 16:56:25.000,2025-10-11 03:31:44.866
241785664,jw07711008001_02101_00002_nrs1_rate.fits,jw07711008001_02101_00002,2b,01,NRS_FULL_IFU,jw07711_20260712t145555_pool.csv,jw07711-o008_20260712t145555_spec2_00003_asn.json,341.6074246633798,60959.18764074352,t,,,60959.178692272406,60959.16974380121,GO,,54,f,/Date(1783874634239)/,61233.69715555556,/Date(1760156670679)/,60959.183688425925,/Date(1760155124257)/,60959.16579,NRS1,0,0,1546.422,1531.833,1531.833,OK,NRS_IFU,1,60959.18368841435,60959.17473921296,2,PRIME,60959.165790011575,2,F290LP,8,1.0,N0EC006386,0,0.3644809970771742,14.35770606994629,1,319.5432368995558,/Date(1760153322970)/,60959.144941782404,/Date(1760153234906)/,60959.14392252315,0.04321842,0.01911426708102226,0.0468303524,341.34975280612707,60959.18763776058,f,60959.17868928978,60959.1697408189,NIRSPEC,f,,NONE,0.002221,/Date(1435838400000)/,57205.5,-0.00761800140342826,4,,5,21,1,1,1,1,4,60959.57767900463,V07711008001P0000000002101,8,NIRSpec MAKANI-BG,STSCI,FINEGUIDE,"Veilleux, Sylvain",NRS_FULL_IFU,PRDOPSSOC-073,7711,0.2894305555555555,319.60024458333334,60956.426127210645,NRSIRS2,491,Nearby Galaxies to Cosmic Noon,2026_1b,,1,1,FULL,,2048,2048,1,1,0.2894368958944374,319.6002228357751,Makani BG,f,MAKANI-BG,FIXED,0.1,0.1,JWST,NIRSpec IFU Spectroscopy,14.58889,72.944,UTC,Warm Dust in the Circumgalactic Medium in Formation around the Makani Galaxy,10,f,1,07711008001,/Date(1760160069075)/,60959.22302171296,02,SUCCESSFUL,PRIME_TARGETED_FIXED,/Date(1760152890842)/,60959.1399403125,0.1292004,0.1855004,f,,,,,,IFUImageModel,f,,,,,/Date(1760155124257)/,60959.16579,,0.003494214370120295,IFU,2025284T143656836_002_osf.xml,,,,,UNKNOWN,,2,,4-POINT-DITHER,,,f,CALCULATED_TRACK_TR_202111,11.0,5,81.6931268796237,,,,,0.291684526512972,319.60285454696145,f,,Unidentified,Blank field,GSC32,0.1216317496558087,0.6937423696850548,1458.889,,,,,,,,,,,,,POLYGON ICRS  319.599551275 0.288855175 319.600860249 0.288855175 319.600860249 0.290150683 319.599551275 0.290150683,2.0.1,RELEASE,jwst_1535.pmap,13.1.13,,3,,G395M,141.696996,88.9065736,36.12643,141.7198688,0.282803863,88.87226439999999,0.17746523,f,,,,,,,,16,4,,,,,,,,,203051520,e1dd429e9332b7050ef9fdc14dcbd730,/Date(1783875095614)/,61233.70249552083,/Date(1783875260397)/,61233.704402731484,86,/Date(1791737744000)/,61324.70537037037,False,False,False,6815785,mast:JWST/product/jw07711008001_02101_00002_nrs1_cal.fits,"GO-7711 Veilleux, Sylvain",F290LP,NIRSPEC-F290LP,2026-10-11 16:55:44.000,2025-10-11 03:58:44.257
241785549,jw07711008001_02101_00003_nrs1_rate.fits,jw07711008001_02101_00003,2b,01,NRS_FULL_IFU,jw07711_20260712t145555_pool.csv,jw07711-o008_20260712t145555_spec2_00002_asn.json,341.4752858458087,60959.20638215364,t,,,60959.197433682675,60959.18848521164,GO,,54,f,/Date(1783874612057)/,61233.6968987963,/Date(1760158290069)/,60959.20243136574,/Date(1760156743647)/,60959.18453293981,NRS1,0,0,1546.422,1531.833,1531.833,OK,NRS_IFU,1,60959.20243135417,60959.193482152776,3,PRIME,60959.18453295139,2,F290LP,8,1.0,N0EC006386,0,0.3644809970771742,14.35770606994629,1,319.5432368995558,/Date(1760153322970)/,60959.144941782404,/Date(1760153234906)/,60959.14392252315,0.04321842,0.01911426708102226,0.0468303524,341.21755741070956,60959.206379170064,f,60959.1974306994,60959.188482228674,NIRSPEC,f,,NONE,0.002221,/Date(1435838400000)/,57205.5,-0.00761800140342826,4,,5,21,1,1,1,1,4,60959.57767900463,V07711008001P0000000002101,8,NIRSpec MAKANI-BG,STSCI,FINEGUIDE,"Veilleux, Sylvain",NRS_FULL_IFU,PRDOPSSOC-073,7711,0.2894305555555555,319.60024458333334,60956.426127210645,NRSIRS2,491,Nearby Galaxies to Cosmic Noon,2026_1b,,1,1,FULL,,2048,2048,1,1,0.28943689592609617,319.60022283566656,Makani BG,f,MAKANI-BG,FIXED,0.1,0.1,JWST,NIRSpec IFU Spectroscopy,14.58889,72.944,UTC,Warm Dust in the Circumgalactic Medium in Formation around the Makani Galaxy,10,f,1,07711008001,/Date(1760160069075)/,60959.22302171296,02,SUCCESSFUL,PRIME_TARGETED_FIXED,/Date(1760152890842)/,60959.1399403125,-0.0259002,-0.1333002,f,,,,,,IFUImageModel,f,,,,,/Date(1760156743647)/,60959.18453293981,,0.0,IFU,2025284T143045659_002_osf.xml,,,,,UNKNOWN,,3,,4-POINT-DITHER,,,f,CALCULATED_TRACK_TR_202111,11.0,5,81.6931268796237,,,,,0.29158908465729966,319.6028280147353,f,,Unidentified,Blank field,GSC32,0.1211269274697175,0.6819757146515274,1458.889,,,,,,,,,,,,,POLYGON ICRS  319.599526313 0.288759988 319.600835287 0.288759988 319.600835287 0.290055496 319.599526313 0.290055496,2.0.1,RELEASE,jwst_1535.pmap,13.1.13,,3,,G395M,141.696996,88.9065736,36.12643,141.7198688,0.282803863,88.87226439999999,0.17746523,f,,,,,,,,16,4,,,,,,,,,203051520,bcbd0f1fcc1c092577fcca6a6de9df3d,/Date(1783875034907)/,61233.70179289352,/Date(1783875239666)/,61233.704162800925,86,/Date(1791737786000)/,61324.70585648148,False,False,False,6815792,mast:JWST/product/jw07711008001_02101_00003_nrs1_cal.fits,"GO-7711 Veilleux, Sylvain",F290LP,NIRSPEC-F290LP,2026-10-11 16:56:26.000,2025-10-11 04:25:43.647
241785682,jw07711008001_02101_00004_nrs1_rate.fits,jw07711008001_02101_00004,2b,01,NRS_FULL_IFU,jw07711_20260712t145555_pool.csv,jw07711-o008_20260712t145555_spec2_00001_asn.json,341.34311811067164,60959.22512356343,t,,,60959.21617509262,60959.20722662174,GO,,54,f,/Date(1783874634074)/,61233.697153622685,/Date(1760159909459)/,60959.22117430555,/Date(1760158363037)/,60959.20327587963,NRS1,0,0,1546.422,1531.833,1531.833,OK,NRS_IFU,1,60959.22117429398,60959.21222509259,4,PRIME,60959.2032758912,2,F290LP,8,1.0,N0EC006386,0,0.3644809970771742,14.35770606994629,1,319.5432368995558,/Date(1760153322970)/,60959.144941782404,/Date(1760153234906)/,60959.14392252315,0.04321842,0.01911426708102226,0.0468303524,341.0853343550116,60959.225120579205,f,60959.2161721087,60959.20722363813,NIRSPEC,f,,NONE,0.002221,/Date(1435838400000)/,57205.5,-0.00761800140342826,4,,5,21,1,1,1,1,4,60959.57767900463,V07711008001P0000000002101,8,NIRSpec MAKANI-BG,STSCI,FINEGUIDE,"Veilleux, Sylvain",NRS_FULL_IFU,PRDOPSSOC-073,7711,0.2894305555555555,319.60024458333334,60956.426127210645,NRSIRS2,491,Nearby Galaxies to Cosmic Noon,2026_1b,,1,1,FULL,,2048,2048,1,1,0.2894368959577549,319.60022283555793,Makani BG,f,MAKANI-BG,FIXED,0.1,0.1,JWST,NIRSpec IFU Spectroscopy,14.58889,72.944,UTC,Warm Dust in the Circumgalactic Medium in Formation around the Makani Galaxy,10,f,1,07711008001,/Date(1760160069075)/,60959.22302171296,02,SUCCESSFUL,PRIME_TARGETED_FIXED,/Date(1760152890842)/,60959.1399403125,-0.0775997,0.2415001,f,,,,,,IFUImageModel,f,,,,,/Date(1760158363037)/,60959.20327587963,,0.0,IFU,2025284T145016019_001_osf.xml,,,,,UNKNOWN,,4,,4-POINT-DITHER,,,f,CALCULATED_TRACK_TR_202111,11.0,5,81.6931268796237,,,,,0.2916584046638518,319.6029051205697,f,,Unidentified,Blank field,GSC32,0.12254807791654465,0.6924349635702184,1458.889,,,,,,,,,,,,,POLYGON ICRS  319.599604981 0.288829549 319.600913955 0.288829549 319.600913955 0.290125057 319.599604981 0.290125057,2.0.1,RELEASE,jwst_1535.pmap,13.1.13,,3,,G395M,141.696996,88.90657360000002,36.12643,141.7198688,0.282803863,88.87226439999999,0.17746523,f,,,,,,,,16,4,,,,,,,,,203051520,ddbec53e1888bce98d561f223c8fb6f4,/Date(1783875095691)/,61233.702496412036,/Date(1783875261403)/,61233.70441438657,86,/Date(1791738332000)/,61324.712175925924,False,False,False,6815923,mast:JWST/product/jw07711008001_02101_00004_nrs1_cal.fits,"GO-7711 Veilleux, Sylvain",F290LP,NIRSPEC-F290LP,2026-10-11 17:05:32.000,2025-10-11 04:52:43.037
241785000,jw07711009001_02101_00001_nrs1_rate.fits,jw07711009001_02101_00001,2b,01,NRS_FULL_IFU,jw07711_20260712t145555_pool.csv,jw07711-c1011_20260712t145555_spec2_00004_asn.json,341.15076914895326,60959.251890943226,f,,,60959.24294247263,60959.23399400196,GO,,54,f,/Date(1783874598417)/,61233.69674092592,/Date(1760162222353)/,60959.24794390046,/Date(1760160675931)/,60959.23004548611,NRS1,0,0,1546.422,1531.833,1531.833,OK,NRS_IFU,1,60959.24794390046,60959.23899469907,1,PRIME,60959.23004549769,2,F290LP,8,1.0,N0EC006386,0,0.3644809970785663,14.35770606994629,1,319.5432368995541,/Date(1760160495059)/,60959.22795208333,/Date(1760160406995)/,60959.22693282407,0.04321842,0.01911426708102226,0.0468303524,340.89290618430823,60959.251887958075,f,60959.24293948779,60959.233991017434,NIRSPEC,f,,NONE,0.002221,/Date(1435838400000)/,57205.5,-0.00761799962293519,4,,5,21,1,1,1,1,4,60959.57767900463,V07711009001P0000000002101,9,NIRSpec MAKANI-Halo,STSCI,FINEGUIDE,"Veilleux, Sylvain",NRS_FULL_IFU,PRDOPSSOC-073,7711,0.29206944444444444,319.59937499999995,60956.426127210645,NRSIRS2,491,Nearby Galaxies to Cosmic Noon,2026_1b,,1,1,FULL,,2048,2048,1,1,0.29207578489186037,319.59935325206953,Makani Halo NIRSpec IFU,f,MAKANI-Halo-NIRSpec-IFU,FIXED,0.1,0.1,JWST,NIRSpec IFU Spectroscopy,14.58889,72.944,UTC,Warm Dust in the Circumgalactic Medium in Formation around the Makani Galaxy,10,f,1,07711009001,/Date(1760167239116)/,60959.306008287036,02,SUCCESSFUL,PRIME_TARGETED_FIXED,/Date(1760160073171)/,60959.22306909722,-0.2328004,-0.0774004,f,,,,,,IFUImageModel,f,,,,,/Date(1760160675931)/,60959.23004548611,,0.0,IFU,2025284T144514160_002_osf.xml,,,,,EXTENDED,,1,,4-POINT-DITHER,,,f,CALCULATED_TRACK_TR_202111,11.0,5,81.66449344816058,,,,,0.29420216236087704,319.6020086509341,f,,Galaxy,Active galaxies; Starburst galaxies,GSC32,0.12014130668489523,0.6890030225187729,1458.889,,,,,,,,,,,,,POLYGON ICRS  319.598710876 0.291373445 319.600019745 0.291373445 319.600019745 0.292668944 319.598710876 0.292668944,2.0.1,RELEASE,jwst_1535.pmap,13.1.13,,3,,G395M,141.696996,88.9065736,36.12643,141.7198688,0.282803863,88.87226439999999,0.17746523,f,,,,,,,,16,4,,,,,,,,,203054400,44e96f6d568d4157c59250d2c1f32abf,/Date(1783874904092)/,61233.700278854165,/Date(1783875110426)/,61233.70266696759,86,/Date(1791761741000)/,61324.98311342593,False,False,False,6815928,mast:JWST/product/jw07711009001_02101_00001_nrs1_cal.fits,"GO-7711 Veilleux, Sylvain",F290LP,NIRSPEC-F290LP,2026-10-11 23:35:41.000,2025-10-11 05:31:15.931
241784988,jw07711009001_02101_00002_nrs1_rate.fits,jw07711009001_02101_00002,2b,01,NRS_FULL_IFU,jw07711_20260712t145555_pool.csv,jw07711-c1011_20260712t145555_spec2_00003_asn.json,341.0185410641134,60959.270631611565,f,,,60959.26168314113,60959.25273467061,GO,,54,f,/Date(1783874592779)/,61233.696675694446,/Date(1760163841679)/,60959.266686111114,/Date(1760162295257)/,60959.24878768519,NRS1,0,0,1546.422,1531.833,1531.833,OK,NRS_IFU,1,60959.26668609954,60959.25773689815,2,PRIME,60959.24878769676,2,F290LP,8,1.0,N0EC006386,0,0.3644809970785663,14.35770606994629,1,319.5432368995541,/Date(1760160495059)/,60959.22795208333,/Date(1760160406995)/,60959.22693282407,0.04321842,0.01911426708102226,0.0468303524,340.76062152162194,60959.270628625774,f,60959.26168015564,60959.25273168543,NIRSPEC,f,,NONE,0.002221,/Date(1435838400000)/,57205.5,-0.00761799962293519,4,,5,21,1,1,1,1,4,60959.57767900463,V07711009001P0000000002101,9,NIRSpec MAKANI-Halo,STSCI,FINEGUIDE,"Veilleux, Sylvain",NRS_FULL_IFU,PRDOPSSOC-073,7711,0.29206944444444444,319.59937499999995,60956.426127210645,NRSIRS2,491,Nearby Galaxies to Cosmic Noon,2026_1b,,1,1,FULL,,2048,2048,1,1,0.2920757849235179,319.59935325196096,Makani Halo NIRSpec IFU,f,MAKANI-Halo-NIRSpec-IFU,FIXED,0.1,0.1,JWST,NIRSpec IFU Spectroscopy,14.58889,72.944,UTC,Warm Dust in the Circumgalactic Medium in Formation around the Makani Galaxy,10,f,1,07711009001,/Date(1760167239116)/,60959.306008287036,02,SUCCESSFUL,PRIME_TARGETED_FIXED,/Date(1760160073171)/,60959.22306909722,0.1292004,0.1855004,f,,,,,,IFUImageModel,f,,,,,/Date(1760162295257)/,60959.24878768519,,0.0,IFU,2025284T150230061_001_osf.xml,,,,,EXTENDED,,2,,4-POINT-DITHER,,,f,CALCULATED_TRACK_TR_202111,11.0,5,81.66449344816058,,,,,0.29432294956217847,319.60197845173974,f,,Galaxy,Active galaxies; Starburst galaxies,GSC32,0.11789861492065777,0.6826294177089456,1458.889,,,,,,,,,,,,,POLYGON ICRS  319.598682248 0.291494469 319.599991117 0.291494469 319.599991117 0.292789969 319.598682248 0.292789969,2.0.1,RELEASE,jwst_1535.pmap,13.1.13,,3,,G395M,141.696996,88.9065736,36.12643,141.7198688,0.282803863,88.87226439999999,0.17746523,f,,,,,,,,16,4,,,,,,,,,203054400,cc68fdaa3b3cad694dea7df407ac100d,/Date(1783874901319)/,61233.70024675926,/Date(1783875107006)/,61233.70262738426,86,/Date(1791761721000)/,61324.982881944445,False,False,False,6815933,mast:JWST/product/jw07711009001_02101_00002_nrs1_cal.fits,"GO-7711 Veilleux, Sylvain",F290LP,NIRSPEC-F290LP,2026-10-11 23:35:21.000,2025-10-11 05:58:15.257
241785009,jw07711009001_02101_00003_nrs1_rate.fits,jw07711009001_02101_00003,2b,01,NRS_FULL_IFU,jw07711_20260712t145555_pool.csv,jw07711-c1011_20260712t145555_spec2_00002_asn.json,340.88627903256565,60959.28937303184,f,,,60959.28042456155,60959.27147609119,GO,,54,f,/Date(1783874602626)/,61233.69678965278,/Date(1760165461070)/,60959.28542905093,/Date(1760163914648)/,60959.267530625,NRS1,0,0,1546.422,1531.833,1531.833,OK,NRS_IFU,1,60959.28542905093,60959.276479849534,3,PRIME,60959.26753064815,2,F290LP,8,1.0,N0EC006386,0,0.3644809970785663,14.35770606994629,1,319.5432368995541,/Date(1760160495059)/,60959.22795208333,/Date(1760160406995)/,60959.22693282407,0.04321842,0.01911426708102226,0.0468303524,340.6283041695133,60959.2893700454,f,60959.28042157542,60959.27147310537,NIRSPEC,f,,NONE,0.002221,/Date(1435838400000)/,57205.5,-0.00761799962293519,4,,5,21,1,1,1,1,4,60959.57767900463,V07711009001P0000000002101,9,NIRSpec MAKANI-Halo,STSCI,FINEGUIDE,"Veilleux, Sylvain",NRS_FULL_IFU,PRDOPSSOC-073,7711,0.29206944444444444,319.59937499999995,60956.426127210645,NRSIRS2,491,Nearby Galaxies to Cosmic Noon,2026_1b,,1,1,FULL,,2048,2048,1,1,0.2920757849551766,319.59935325185234,Makani Halo NIRSpec IFU,f,MAKANI-Halo-NIRSpec-IFU,FIXED,0.1,0.1,JWST,NIRSpec IFU Spectroscopy,14.58889,72.944,UTC,Warm Dust in the Circumgalactic Medium in Formation around the Makani Galaxy,10,f,1,07711009001,/Date(1760167239116)/,60959.306008287036,02,SUCCESSFUL,PRIME_TARGETED_FIXED,/Date(1760160073171)/,60959.22306909722,-0.0259002,-0.1333002,f,,,,,,IFUImageModel,f,,,,,/Date(1760163914648)/,60959.267530625,,0.0,IFU,2025284T145826550_002_osf.xml,,,,,EXTENDED,,3,,4-POINT-DITHER,,,f,CALCULATED_TRACK_TR_202111,11.0,5,81.66449344816058,,,,,0.2942274369634161,319.60195188891373,f,,Galaxy,Active galaxies; Starburst galaxies,GSC32,0.12027139359332145,0.6757655356060546,1458.889,,,,,,,,,,,,,POLYGON ICRS  319.598657257 0.291399212 319.599966126 0.291399212 319.599966126 0.292694712 319.598657257 0.292694712,2.0.1,RELEASE,jwst_1535.pmap,13.1.13,,3,,G395M,141.696996,88.9065736,36.12643,141.7198688,0.282803863,88.87226439999999,0.17746523,f,,,,,,,,16,4,,,,,,,,,203054400,18eab47d4a7aadc697c5eeb7e2d795ef,/Date(1783874905627)/,61233.70029659722,/Date(1783875111783)/,61233.70268267361,86,/Date(1791761677000)/,61324.98237268518,False,False,False,6815936,mast:JWST/product/jw07711009001_02101_00003_nrs1_cal.fits,"GO-7711 Veilleux, Sylvain",F290LP,NIRSPEC-F290LP,2026-10-11 23:34:37.000,2025-10-11 06:25:14.648
241785051,jw07711009001_02101_00004_nrs1_rate.fits,jw07711009001_02101_00004,2b,01,NRS_FULL_IFU,jw07711_20260712t145555_pool.csv,jw07711-c1011_20260712t145555_spec2_00001_asn.json,340.75398934073746,60959.30811444022,f,,,60959.299165970086,60959.290217499874,GO,,54,f,/Date(1783874602671)/,61233.69679016204,/Date(1760167080460)/,60959.30417199074,/Date(1760165534038)/,60959.286273564816,NRS1,0,0,1546.422,1531.833,1531.833,OK,NRS_IFU,1,60959.30417199074,60959.295222789355,4,PRIME,60959.28627358796,2,F290LP,8,1.0,N0EC006386,0,0.3644809970785663,14.35770606994629,1,319.5432368995541,/Date(1760160495059)/,60959.22795208333,/Date(1760160406995)/,60959.22693282407,0.04321842,0.01911426708102226,0.0468303524,340.4959585284814,60959.30811145313,f,60959.29916298331,60959.29021451341,NIRSPEC,f,,NONE,0.002221,/Date(1435838400000)/,57205.5,-0.00761799962293519,4,,5,21,1,1,1,1,4,60959.57767900463,V07711009001P0000000002101,9,NIRSpec MAKANI-Halo,STSCI,FINEGUIDE,"Veilleux, Sylvain",NRS_FULL_IFU,PRDOPSSOC-073,7711,0.29206944444444444,319.59937499999995,60956.426127210645,NRSIRS2,491,Nearby Galaxies to Cosmic Noon,2026_1b,,1,1,FULL,,2048,2048,1,1,0.29207578498683534,319.59935325174376,Makani Halo NIRSpec IFU,f,MAKANI-Halo-NIRSpec-IFU,FIXED,0.1,0.1,JWST,NIRSpec IFU Spectroscopy,14.58889,72.944,UTC,Warm Dust in the Circumgalactic Medium in Formation around the Makani Galaxy,10,f,1,07711009001,/Date(1760167239116)/,60959.306008287036,02,SUCCESSFUL,PRIME_TARGETED_FIXED,/Date(1760160073171)/,60959.22306909722,-0.0775997,0.2415001,f,,,,,,IFUImageModel,f,,,,,/Date(1760165534038)/,60959.286273564816,,0.0,IFU,2025284T150824476_001_osf.xml,,,,,EXTENDED,,4,,4-POINT-DITHER,,,f,CALCULATED_TRACK_TR_202111,11.0,5,81.66449344816058,,,,,0.29429684082729246,319.6020290172781,f,,Galaxy,Active galaxies; Starburst galaxies,GSC32,0.12336814840207577,0.7001159744948822,1458.889,,,,,,,,,,,,,POLYGON ICRS  319.598735949 0.291468858 319.600044818 0.291468858 319.600044818 0.292764358 319.598735949 0.292764358,2.0.1,RELEASE,jwst_1535.pmap,13.1.13,,3,,G395M,141.696996,88.90657360000002,36.12643,141.7198688,0.282803863,88.87226439999999,0.17746523,f,,,,,,,,16,4,,,,,,,,,203054400,b00f6a02f79bee4a71e397170b7a84ce,/Date(1783874914126)/,61233.700394976855,/Date(1783875156923)/,61233.70320512731,86,/Date(1791761825000)/,61324.984085648146,False,False,False,6815940,mast:JWST/product/jw07711009001_02101_00004_nrs1_cal.fits,"GO-7711 Veilleux, Sylvain",F290LP,NIRSPEC-F290LP,2026-10-11 23:37:05.000,2025-10-11 06:52:14.038
241783898,jw07711010001_02101_00001_nrs1_rate.fits,jw07711010001_02101_00001,2b,01,NRS_FULL_IFU,jw07711_20260712t145555_pool.csv,jw07711-o010_20260712t145555_spec2_00004_asn.json,340.5677539296448,60959.33499077962,t,,,60959.326042309716,60959.317093839745,GO,,54,f,/Date(1783874301462)/,61233.69330396991,/Date(1760169402762)/,60959.33105049768,/Date(1760167856340)/,60959.313152083334,NRS1,0,0,1546.422,1531.833,1531.833,OK,NRS_IFU,1,60959.331050486115,60959.32210128472,1,PRIME,60959.313152083334,2,F290LP,8,1.0,N0EC006386,0,0.3644809970771742,14.35770606994629,1,319.5432368995558,/Date(1760167674316)/,60959.31104532407,/Date(1760167586252)/,60959.31002607639,0.04321842,0.01911426708102226,0.0468303524,340.3096432797611,60959.33498779161,f,60959.32603932201,60959.31709085235,NIRSPEC,f,,NONE,0.002221,/Date(1435838400000)/,57205.5,-0.00761800140342826,4,,5,21,1,1,1,1,4,60959.57767900463,V07711010001P0000000002101,10,NIRSpec MAKANI-BG,STSCI,FINEGUIDE,"Veilleux, Sylvain",NRS_FULL_IFU,PRDOPSSOC-073,7711,0.2894305555555555,319.60024458333334,60956.426127210645,NRSIRS2,491,Nearby Galaxies to Cosmic Noon,2026_1b,,1,1,FULL,,2048,2048,1,1,0.28943689614334694,319.60022283492134,Makani BG,f,MAKANI-BG,FIXED,0.1,0.1,JWST,NIRSpec IFU Spectroscopy,14.58889,72.944,UTC,Warm Dust in the Circumgalactic Medium in Formation around the Makani Galaxy,10,f,1,07711010001,/Date(1760174420421)/,60959.38912523148,02,SUCCESSFUL,PRIME_TARGETED_FIXED,/Date(1760167243212)/,60959.306055706016,-0.2328004,-0.0774004,f,,,,,,IFUImageModel,f,,,,,/Date(1760167856340)/,60959.313152083334,,0.0,IFU,2025284T151235513_001_osf.xml,,,,,UNKNOWN,,1,,4-POINT-DITHER,,,f,CALCULATED_TRACK_TR_202111,11.0,5,81.63235540581405,,,,,0.2915618911613095,319.6028712345824,f,,Unidentified,Blank field,GSC32,0.12342354973619196,0.7110655007066369,1458.889,,,,,,,,,,,,,POLYGON ICRS  319.599580406 0.288734480 319.600889157 0.288734480 319.600889157 0.290029970 319.599580406 0.290029970,2.0.1,RELEASE,jwst_1535.pmap,13.1.13,,3,,G395M,141.696996,88.9065736,36.12643,141.7198688,0.282803863,88.87226439999999,0.17746523,f,,,,,,,,16,4,,,,,,,,,203051520,83f399b3b7285e3e75c5fde2ff38a1da,/Date(1783874727249)/,61233.69823206018,/Date(1783874898827)/,61233.70021789352,86,/Date(1791761332000)/,61324.97837962963,False,False,False,6815947,mast:JWST/product/jw07711010001_02101_00001_nrs1_cal.fits,"GO-7711 Veilleux, Sylvain",F290LP,NIRSPEC-F290LP,2026-10-11 23:28:52.000,2025-10-11 07:30:56.340
241783916,jw07711010001_02101_00002_nrs1_rate.fits,jw07711010001_02101_00002,2b,01,NRS_FULL_IFU,jw07711_20260712t145555_pool.csv,jw07711-o010_20260712t145555_spec2_00003_asn.json,340.43539445847273,60959.353732187185,t,,,60959.34478371744,60959.33583524762,GO,,54,f,/Date(1783874303918)/,61233.69333236111,/Date(1760171022152)/,60959.3497934375,/Date(1760169475730)/,60959.33189502315,NRS1,0,0,1546.422,1531.833,1531.833,OK,NRS_IFU,1,60959.34979342593,60959.340844224535,2,PRIME,60959.33189502315,2,F290LP,8,1.0,N0EC006386,0,0.3644809970771742,14.35770606994629,1,319.5432368995558,/Date(1760167674316)/,60959.31104532407,/Date(1760167586252)/,60959.31002607639,0.04321842,0.01911426708102226,0.0468303524,340.1772278593853,60959.35372919853,f,60959.34478072909,60959.33583225958,NIRSPEC,f,,NONE,0.002221,/Date(1435838400000)/,57205.5,-0.00761800140342826,4,,5,21,1,1,1,1,4,60959.57767900463,V07711010001P0000000002101,10,NIRSpec MAKANI-BG,STSCI,FINEGUIDE,"Veilleux, Sylvain",NRS_FULL_IFU,PRDOPSSOC-073,7711,0.2894305555555555,319.60024458333334,60956.426127210645,NRSIRS2,491,Nearby Galaxies to Cosmic Noon,2026_1b,,1,1,FULL,,2048,2048,1,1,0.2894368961750057,319.60022283481277,Makani BG,f,MAKANI-BG,FIXED,0.1,0.1,JWST,NIRSpec IFU Spectroscopy,14.58889,72.944,UTC,Warm Dust in the Circumgalactic Medium in Formation around the Makani Galaxy,10,f,1,07711010001,/Date(1760174420421)/,60959.38912523148,02,SUCCESSFUL,PRIME_TARGETED_FIXED,/Date(1760167243212)/,60959.306055706016,0.1292004,0.1855004,f,,,,,,IFUImageModel,f,,,,,/Date(1760169475730)/,60959.33189502315,,0.0,IFU,2025284T151637067_001_osf.xml,,,,,UNKNOWN,,2,,4-POINT-DITHER,,,f,CALCULATED_TRACK_TR_202111,11.0,5,81.63235540581405,,,,,0.2916826020851015,319.60284091230443,f,,Unidentified,Blank field,GSC32,0.12378553780423729,0.7252835422054825,1458.889,,,,,,,,,,,,,POLYGON ICRS  319.599551657 0.288855430 319.600860408 0.288855430 319.600860408 0.290150919 319.599551657 0.290150919,2.0.1,RELEASE,jwst_1535.pmap,13.1.13,,3,,G395M,141.696996,88.9065736,36.12643,141.7198688,0.282803863,88.87226439999999,0.17746523,f,,,,,,,,16,4,,,,,,,,,203051520,67923c740af1026775057bf104ffac3f,/Date(1783874728768)/,61233.69824960648,/Date(1783874899974)/,61233.70023116898,86,/Date(1791761315000)/,61324.97818287037,False,False,False,6815957,mast:JWST/product/jw07711010001_02101_00002_nrs1_cal.fits,"GO-7711 Veilleux, Sylvain",F290LP,NIRSPEC-F290LP,2026-10-11 23:28:35.000,2025-10-11 07:57:55.730
241783719,jw07711010001_02101_00003_nrs1_rate.fits,jw07711010001_02101_00003,2b,01,NRS_FULL_IFU,jw07711_20260712t145555_pool.csv,jw07711-o010_20260712t145555_spec2_00002_asn.json,340.30300669837743,60959.372473606,t,,,60959.36352513641,60959.354576666745,GO,,54,f,/Date(1783874241754)/,61233.69261288195,/Date(1760172641543)/,60959.36853637732,/Date(1760171095121)/,60959.35063796296,NRS1,0,0,1546.422,1531.833,1531.833,OK,NRS_IFU,1,60959.36853637732,60959.359587175924,3,PRIME,60959.35063797454,2,F290LP,8,1.0,N0EC006386,0,0.3644809970771742,14.35770606994629,1,319.5432368995558,/Date(1760167674316)/,60959.31104532407,/Date(1760167586252)/,60959.31002607639,0.04321842,0.01911426708102226,0.0468303524,340.04478415008634,60959.3724706167,f,60959.36352214741,60959.35457367806,NIRSPEC,f,,NONE,0.002221,/Date(1435838400000)/,57205.5,-0.00761800140342826,4,,5,21,1,1,1,1,4,60959.57767900463,V07711010001P0000000002101,10,NIRSpec MAKANI-BG,STSCI,FINEGUIDE,"Veilleux, Sylvain",NRS_FULL_IFU,PRDOPSSOC-073,7711,0.2894305555555555,319.60024458333334,60956.426127210645,NRSIRS2,491,Nearby Galaxies to Cosmic Noon,2026_1b,,1,1,FULL,,2048,2048,1,1,0.28943689620666446,319.6002228347042,Makani BG,f,MAKANI-BG,FIXED,0.1,0.1,JWST,NIRSpec IFU Spectroscopy,14.58889,72.944,UTC,Warm Dust in the Circumgalactic Medium in Formation around the Makani Galaxy,10,f,1,07711010001,/Date(1760174420421)/,60959.38912523148,02,SUCCESSFUL,PRIME_TARGETED_FIXED,/Date(1760167243212)/,60959.306055706016,-0.0259002,-0.1333002,f,,,,,,IFUImageModel,f,,,,,/Date(1760171095121)/,60959.35063796296,,0.0,IFU,2025284T152238484_001_osf.xml,,,,,UNKNOWN,,3,,4-POINT-DITHER,,,f,CALCULATED_TRACK_TR_202111,11.0,5,81.63235540581405,,,,,0.2915870820971218,319.6028144198357,f,,Unidentified,Blank field,GSC32,0.12398442695945677,0.7059993020116458,1458.889,,,,,,,,,,,,,POLYGON ICRS  319.599526738 0.288760166 319.600835488 0.288760166 319.600835488 0.290055656 319.599526738 0.290055656,2.0.1,RELEASE,jwst_1535.pmap,13.1.13,,3,,G395M,141.696996,88.9065736,36.12643,141.7198688,0.282803863,88.87226439999999,0.17746523,f,,,,,,,,16,4,,,,,,,,,203051520,dfc87171df4a09bda5092fa17e1e7238,/Date(1783874678997)/,61233.69767356481,/Date(1783874852832)/,61233.69968556713,86,/Date(1791894456000)/,61326.519166666665,False,False,False,6815962,mast:JWST/product/jw07711010001_02101_00003_nrs1_cal.fits,"GO-7711 Veilleux, Sylvain",F290LP,NIRSPEC-F290LP,2026-10-13 12:27:36.000,2025-10-11 08:24:55.121
241783676,jw07711010001_02101_00004_nrs1_rate.fits,jw07711010001_02101_00004,2b,01,NRS_FULL_IFU,jw07711_20260712t145555_pool.csv,jw07711-o010_20260712t145555_spec2_00001_asn.json,340.17059630714357,60959.39121427224,t,,,60959.3822658028,60959.37331733329,GO,,54,f,/Date(1783874233897)/,61233.692521944446,/Date(1760174260869)/,60959.387278587965,/Date(1760172714447)/,60959.36938016204,NRS1,0,0,1546.422,1531.833,1531.833,OK,NRS_IFU,1,60959.38727857639,60959.378329375,4,PRIME,60959.36938017361,2,F290LP,8,1.0,N0EC006386,0,0.3644809970771742,14.35770606994629,1,319.5432368995558,/Date(1760167674316)/,60959.31104532407,/Date(1760167586252)/,60959.31002607639,0.04321842,0.01911426708102226,0.0468303524,339.91231843829155,60959.39121128229,f,60959.38226281316,60959.37331434396,NIRSPEC,f,,NONE,0.002221,/Date(1435838400000)/,57205.5,-0.00761800140342826,4,,5,21,1,1,1,1,4,60959.57767900463,V07711010001P0000000002101,10,NIRSpec MAKANI-BG,STSCI,FINEGUIDE,"Veilleux, Sylvain",NRS_FULL_IFU,PRDOPSSOC-073,7711,0.2894305555555555,319.60024458333334,60956.426127210645,NRSIRS2,491,Nearby Galaxies to Cosmic Noon,2026_1b,,1,1,FULL,,2048,2048,1,1,0.2894368962383219,319.60022283459557,Makani BG,f,MAKANI-BG,FIXED,0.1,0.1,JWST,NIRSpec IFU Spectroscopy,14.58889,72.944,UTC,Warm Dust in the Circumgalactic Medium in Formation around the Makani Galaxy,10,f,1,07711010001,/Date(1760174420421)/,60959.38912523148,02,SUCCESSFUL,PRIME_TARGETED_FIXED,/Date(1760167243212)/,60959.306055706016,-0.0775997,0.2415001,f,,,,,,IFUImageModel,f,,,,,/Date(1760172714447)/,60959.36938016204,,0.0,IFU,2025284T152649484_001_osf.xml,,,,,UNKNOWN,,4,,4-POINT-DITHER,,,f,CALCULATED_TRACK_TR_202111,11.0,5,81.63235540581405,,,,,0.2916565664748901,319.60289155128737,f,,Unidentified,Blank field,GSC32,0.12180154902497307,0.6978280137939185,1458.889,,,,,,,,,,,,,POLYGON ICRS  319.599605434 0.288829894 319.600914184 0.288829894 319.600914184 0.290125383 319.599605434 0.290125383,2.0.1,RELEASE,jwst_1535.pmap,13.1.13,,3,,G395M,141.696996,88.9065736,36.12643,141.7198688,0.282803863,88.87226439999999,0.17746523,f,,,,,,,,16,4,,,,,,,,,203051520,779e7d778e33f5f4481b9b6c251811da,/Date(1783874676056)/,61233.69763953704,/Date(1783874850012)/,61233.69965292824,86,/Date(1791761661000)/,61324.9821875,False,False,False,6816412,mast:JWST/product/jw07711010001_02101_00004_nrs1_cal.fits,"GO-7711 Veilleux, Sylvain",F290LP,NIRSPEC-F290LP,2026-10-11 23:34:21.000,2025-10-11 08:51:54.447
241783126,jw07711011001_02101_00001_nrs1_rate.fits,jw07711011001_02101_00001,2b,01,NRS_FULL_IFU,jw07711_20260712t145555_pool.csv,jw07711-c1010_20260712t145555_spec2_00004_asn.json,339.97807069681585,60959.41795868702,f,,,60959.4090102178,60959.4000617485,GO,,54,f,/Date(1783874344104)/,61233.69379748843,/Date(1760176571779)/,60959.41402523148,/Date(1760175025357)/,60959.39612680556,NRS1,0,0,1546.422,1531.833,1531.833,OK,NRS_IFU,1,60959.41402521991,60959.40507601852,1,PRIME,60959.396126817126,2,F290LP,8,1.0,N0EC006386,0,0.3644809970785663,14.35770606994629,1,319.5432368995541,/Date(1760174843333)/,60959.39402005787,/Date(1760174755269)/,60959.39300081018,0.04321842,0.01911426708102226,0.0468303524,339.7197129903361,60959.41795569615,f,60959.409007227245,60959.40005875825,NIRSPEC,f,,NONE,0.002221,/Date(1435838400000)/,57205.5,-0.00761799962293519,4,,5,21,1,1,1,1,4,60959.57767900463,V07711011001P0000000002101,11,NIRSpec MAKANI-Halo,STSCI,FINEGUIDE,"Veilleux, Sylvain",NRS_FULL_IFU,PRDOPSSOC-073,7711,0.29206944444444444,319.59937499999995,60956.426127210645,NRSIRS2,491,Nearby Galaxies to Cosmic Noon,2026_1b,,1,1,FULL,,2048,2048,1,1,0.29207578517238864,319.5993532511073,Makani Halo NIRSpec IFU,f,MAKANI-Halo-NIRSpec-IFU,FIXED,0.1,0.1,JWST,NIRSpec IFU Spectroscopy,14.58889,72.944,UTC,Warm Dust in the Circumgalactic Medium in Formation around the Makani Galaxy,10,f,1,07711011001,/Date(1760181590462)/,60959.47211184028,02,SUCCESSFUL,PRIME_TARGETED_FIXED,/Date(1760174424517)/,60959.38917263889,-0.2328004,-0.0774004,f,,,,,,IFUImageModel,f,,,,,/Date(1760175025357)/,60959.39612680556,,0.0,IFU,2025284T153612866_001_osf.xml,,,,,EXTENDED,,1,,4-POINT-DITHER,,,f,CALCULATED_TRACK_TR_202111,11.0,5,81.60382741374112,,,,,0.29419962841831254,319.60199431757576,f,,Galaxy,Active galaxies; Starburst galaxies,GSC32,0.12333235815968212,0.6811585858297546,1458.889,,,,,,,,,,,,,POLYGON ICRS  319.598710565 0.291373096 319.600019212 0.291373096 319.600019212 0.292668577 319.598710565 0.292668577,2.0.1,RELEASE,jwst_1535.pmap,13.1.13,,3,,G395M,141.696996,88.9065736,36.12643,141.7198688,0.282803863,88.87226439999999,0.17746523,f,,,,,,,,16,4,,,,,,,,,203054400,c9258c3e3a269a8fd487a43e3f373f83,/Date(1783874618284)/,61233.696970868055,/Date(1783874754441)/,61233.69854675926,86,/Date(1791761663000)/,61324.98221064815,False,False,False,6816415,mast:JWST/product/jw07711011001_02101_00001_nrs1_cal.fits,"GO-7711 Veilleux, Sylvain",F290LP,NIRSPEC-F290LP,2026-10-11 23:34:23.000,2025-10-11 09:30:25.357
241783952,jw07711011001_02101_00002_nrs1_rate.fits,jw07711011001_02101_00002,2b,01,NRS_FULL_IFU,jw07711_20260712t145555_pool.csv,jw07711-c1010_20260712t145555_spec2_00003_asn.json,339.8455892689526,60959.43670009318,f,,,60959.42775162411,60959.41880315497,GO,,54,f,/Date(1783874327635)/,61233.693606898145,/Date(1760178191169)/,60959.4327681713,/Date(1760176644747)/,60959.41486974537,NRS1,0,0,1546.422,1531.833,1531.833,OK,NRS_IFU,1,60959.43276815972,60959.423818958334,2,PRIME,60959.41486975695,2,F290LP,8,1.0,N0EC006386,0,0.3644809970785663,14.35770606994629,1,319.5432368995541,/Date(1760174843333)/,60959.39402005787,/Date(1760174755269)/,60959.39300081018,0.04321842,0.01911426708102226,0.0468303524,339.5871756132692,60959.436697101664,f,60959.4277486329,60959.41880016407,NIRSPEC,f,,NONE,0.002221,/Date(1435838400000)/,57205.5,-0.00761799962293519,4,,5,21,1,1,1,1,4,60959.57767900463,V07711011001P0000000002101,11,NIRSpec MAKANI-Halo,STSCI,FINEGUIDE,"Veilleux, Sylvain",NRS_FULL_IFU,PRDOPSSOC-073,7711,0.29206944444444444,319.59937499999995,60956.426127210645,NRSIRS2,491,Nearby Galaxies to Cosmic Noon,2026_1b,,1,1,FULL,,2048,2048,1,1,0.29207578520404737,319.5993532509987,Makani Halo NIRSpec IFU,f,MAKANI-Halo-NIRSpec-IFU,FIXED,0.1,0.1,JWST,NIRSpec IFU Spectroscopy,14.58889,72.944,UTC,Warm Dust in the Circumgalactic Medium in Formation around the Makani Galaxy,10,f,1,07711011001,/Date(1760181590462)/,60959.47211184028,02,SUCCESSFUL,PRIME_TARGETED_FIXED,/Date(1760174424517)/,60959.38917263889,0.1292004,0.1855004,f,,,,,,IFUImageModel,f,,,,,/Date(1760176644747)/,60959.41486974537,,0.0,IFU,2025284T154006794_001_osf.xml,,,,,EXTENDED,,2,,4-POINT-DITHER,,,f,CALCULATED_TRACK_TR_202111,11.0,5,81.60382741374112,,,,,0.29432010472441317,319.60196363225396,f,,Galaxy,Active galaxies; Starburst galaxies,GSC32,0.12239315029193654,0.6867150618178093,1458.889,,,,,,,,,,,,,POLYGON ICRS  319.598681454 0.291493812 319.599990101 0.291493812 319.599990101 0.292789293 319.598681454 0.292789293,2.0.1,RELEASE,jwst_1535.pmap,13.1.13,,3,,G395M,141.696996,88.9065736,36.12643,141.7198688,0.282803863,88.87226439999999,0.17746523,f,,,,,,,,16,4,,,,,,,,,203054400,d9f4ff28357295633d06e8c997832925,/Date(1783874729320)/,61233.69825601852,/Date(1783874902281)/,61233.70025787037,86,/Date(1791761720000)/,61324.98287037037,False,False,False,6816425,mast:JWST/product/jw07711011001_02101_00002_nrs1_cal.fits,"GO-7711 Veilleux, Sylvain",F290LP,NIRSPEC-F290LP,2026-10-11 23:35:20.000,2025-10-11 09:57:24.747
241783961,jw07711011001_02101_00003_nrs1_rate.fits,jw07711011001_02101_00003,2b,01,NRS_FULL_IFU,jw07711_20260712t145555_pool.csv,jw07711-c1010_20260712t145555_spec2_00002_asn.json,339.71307955216616,60959.45544151058,f,,,60959.44649304167,60959.43754457268,GO,,54,f,/Date(1783874312118)/,61233.69342726852,/Date(1760179810560)/,60959.45151111111,/Date(1760178264138)/,60959.433612685185,NRS1,0,0,1546.422,1531.833,1531.833,OK,NRS_IFU,1,60959.45151111111,60959.442561909724,3,PRIME,60959.43361270833,2,F290LP,8,1.0,N0EC006386,0,0.3644809970785663,14.35770606994629,1,319.5432368995541,/Date(1760174843333)/,60959.39402005787,/Date(1760174755269)/,60959.39300081018,0.04321842,0.01911426708102226,0.0468303524,339.4546099472791,60959.455438518424,f,60959.44649004982,60959.43754158113,NIRSPEC,f,,NONE,0.002221,/Date(1435838400000)/,57205.5,-0.00761799962293519,4,,5,21,1,1,1,1,4,60959.57767900463,V07711011001P0000000002101,11,NIRSpec MAKANI-Halo,STSCI,FINEGUIDE,"Veilleux, Sylvain",NRS_FULL_IFU,PRDOPSSOC-073,7711,0.29206944444444444,319.59937499999995,60956.426127210645,NRSIRS2,491,Nearby Galaxies to Cosmic Noon,2026_1b,,1,1,FULL,,2048,2048,1,1,0.29207578523570615,319.59935325089015,Makani Halo NIRSpec IFU,f,MAKANI-Halo-NIRSpec-IFU,FIXED,0.1,0.1,JWST,NIRSpec IFU Spectroscopy,14.58889,72.944,UTC,Warm Dust in the Circumgalactic Medium in Formation around the Makani Galaxy,10,f,1,07711011001,/Date(1760181590462)/,60959.47211184028,02,SUCCESSFUL,PRIME_TARGETED_FIXED,/Date(1760174424517)/,60959.38917263889,-0.0259002,-0.1333002,f,,,,,,IFUImageModel,f,,,,,/Date(1760178264138)/,60959.433612685185,,0.0,IFU,2025284T154413547_001_osf.xml,,,,,EXTENDED,,3,,4-POINT-DITHER,,,f,CALCULATED_TRACK_TR_202111,11.0,5,81.60382741374112,,,,,0.2942245448559776,319.60193714278864,f,,Galaxy,Active galaxies; Starburst galaxies,GSC32,0.12239380399499396,0.6914544089840912,1458.889,,,,,,,,,,,,,POLYGON ICRS  319.598656538 0.291398509 319.599965186 0.291398509 319.599965186 0.292693990 319.598656538 0.292693990,2.0.1,RELEASE,jwst_1535.pmap,13.1.13,,3,,G395M,141.696996,88.9065736,36.12643,141.7198688,0.282803863,88.87226439999999,0.17746523,f,,,,,,,,16,4,,,,,,,,,203054400,c853f3a24a7d3f8c8c46330a6b0c6977,/Date(1783874729553)/,61233.698258715274,/Date(1783874904078)/,61233.70027865741,86,/Date(1791761757000)/,61324.983298611114,False,False,False,6816421,mast:JWST/product/jw07711011001_02101_00003_nrs1_cal.fits,"GO-7711 Veilleux, Sylvain",F290LP,NIRSPEC-F290LP,2026-10-11 23:35:57.000,2025-10-11 10:24:24.138
241783970,jw07711011001_02101_00004_nrs1_rate.fits,jw07711011001_02101_00004,2b,01,NRS_FULL_IFU,jw07711_20260712t145555_pool.csv,jw07711-c1010_20260712t145555_spec2_00001_asn.json,339.58054720424116,60959.474182175414,f,,,60959.46523370665,60959.456285237815,GO,,54,f,/Date(1783874333649)/,61233.69367650463,/Date(1760181429886)/,60959.47025331019,/Date(1760179883464)/,60959.45235489583,NRS1,0,0,1546.422,1531.833,1531.833,OK,NRS_IFU,1,60959.47025331019,60959.461304108794,4,PRIME,60959.45235490741,2,F290LP,8,1.0,N0EC006386,0,0.3644809970785663,14.35770606994629,1,319.5432368995541,/Date(1760174843333)/,60959.39402005787,/Date(1760174755269)/,60959.39300081018,0.04321842,0.01911426708102226,0.0468303524,339.32202227879316,60959.47417918261,f,60959.46523071415,60959.45628224563,NIRSPEC,f,,NONE,0.002221,/Date(1435838400000)/,57205.5,-0.00761799962293519,4,,5,21,1,1,1,1,4,60959.57767900463,V07711011001P0000000002101,11,NIRSpec MAKANI-Halo,STSCI,FINEGUIDE,"Veilleux, Sylvain",NRS_FULL_IFU,PRDOPSSOC-073,7711,0.29206944444444444,319.59937499999995,60956.426127210645,NRSIRS2,491,Nearby Galaxies to Cosmic Noon,2026_1b,,1,1,FULL,,2048,2048,1,1,0.2920757852673636,319.5993532507815,Makani Halo NIRSpec IFU,f,MAKANI-Halo-NIRSpec-IFU,FIXED,0.1,0.1,JWST,NIRSpec IFU Spectroscopy,14.58889,72.944,UTC,Warm Dust in the Circumgalactic Medium in Formation around the Makani Galaxy,10,f,1,07711011001,/Date(1760181590462)/,60959.47211184028,02,SUCCESSFUL,PRIME_TARGETED_FIXED,/Date(1760174424517)/,60959.38917263889,-0.0775997,0.2415001,f,,,,,,IFUImageModel,f,,,,,/Date(1760179883464)/,60959.45235489583,,0.0,IFU,2025284T154820851_001_osf.xml,,,,,EXTENDED,,4,,4-POINT-DITHER,,,f,CALCULATED_TRACK_TR_202111,11.0,5,81.60382741374112,,,,,0.29429408167305493,319.60201426296754,f,,Galaxy,Active galaxies; Starburst galaxies,GSC32,0.12471003735319096,0.7171122539877551,1458.889,,,,,,,,,,,,,POLYGON ICRS  319.598735224 0.291468290 319.600043872 0.291468290 319.600043872 0.292763771 319.598735224 0.292763771,2.0.1,RELEASE,jwst_1535.pmap,13.1.13,,3,,G395M,141.696996,88.9065736,36.12643,141.7198688,0.282803863,88.87226439999999,0.17746523,f,,,,,,,,16,4,,,,,,,,,203054400,8994d46e9ed7d603656cd01177dcdbb6,/Date(1783874729521)/,61233.69825833333,/Date(1783874905911)/,61233.70029988426,86,/Date(1791761800000)/,61324.9837962963,False,False,False,6816433,mast:JWST/product/jw07711011001_02101_00004_nrs1_cal.fits,"GO-7711 Veilleux, Sylvain",F290LP,NIRSPEC-F290LP,2026-10-11 23:36:40.000,2025-10-11 10:51:23.464
241784016,jw07711012001_02101_00001_nrs1_rate.fits,jw07711012001_02101_00001,2b,01,NRS_FULL_IFU,jw07711_20260712t145555_pool.csv,jw07711-o012_20260712t145555_spec2_00004_asn.json,339.39396226778626,60959.501055547815,t,,,60959.49210707928,60959.483158610674,GO,,54,f,/Date(1783874344257)/,61233.69379925926,/Date(1760183751932)/,60959.497128854164,/Date(1760182205510)/,60959.479230439814,NRS1,0,0,1546.422,1531.833,1531.833,OK,NRS_IFU,1,60959.497128842595,60959.4881796412,1,PRIME,60959.479230439814,2,F290LP,8,1.0,N0EC006386,0,0.3644809970771742,14.35770606994629,1,319.5432368995558,/Date(1760182023614)/,60959.477125150464,/Date(1760181935550)/,60959.47610590278,0.04321842,0.01911426708102226,0.0468303524,339.13535750471056,60959.501052554086,f,60959.49210408585,60959.48315561756,NIRSPEC,f,,NONE,0.002221,/Date(1435838400000)/,57205.5,-0.00761800140342826,4,,5,21,1,1,1,1,4,60959.57767900463,V07711012001P0000000002101,12,NIRSpec MAKANI-BG,STSCI,FINEGUIDE,"Veilleux, Sylvain",NRS_FULL_IFU,PRDOPSSOC-073,7711,0.2894305555555555,319.60024458333334,60956.426127210645,NRSIRS2,491,Nearby Galaxies to Cosmic Noon,2026_1b,,1,1,FULL,,2048,2048,1,1,0.2894368964238702,319.60022283395915,Makani BG,f,MAKANI-BG,FIXED,0.1,0.1,JWST,NIRSpec IFU Spectroscopy,14.58889,72.944,UTC,Warm Dust in the Circumgalactic Medium in Formation around the Makani Galaxy,10,f,1,07711012001,/Date(1760188765623)/,60959.55515767361,02,SUCCESSFUL,PRIME_TARGETED_FIXED,/Date(1760181594558)/,60959.472159212964,-0.2328004,-0.0774004,f,,,,,,IFUImageModel,f,,,,,/Date(1760182205510)/,60959.479230439814,,0.0,IFU,2025284T155837837_001_osf.xml,,,,,UNKNOWN,,1,,4-POINT-DITHER,,,f,CALCULATED_TRACK_TR_202111,11.0,5,81.57180658718279,,,,,0.2915592200310159,319.6028567483705,f,,Unidentified,Blank field,GSC32,0.12176249026729234,0.6863882102891001,1458.889,,,,,,,,,,,,,POLYGON ICRS  319.599579953 0.288734004 319.600888482 0.288734004 319.600888482 0.290029474 319.599579953 0.290029474,2.0.1,RELEASE,jwst_1535.pmap,13.1.13,,3,,G395M,141.696996,88.9065736,36.12643,141.7198688,0.282803863,88.87226439999999,0.17746523,f,,,,,,,,16,4,,,,,,,,,203051520,a0d8ba360978b7292b64e282d9ef4989,/Date(1783874742838)/,61233.698412453705,/Date(1783874916641)/,61233.70042407407,86,/Date(1791781093000)/,61325.207094907404,False,False,False,6816679,mast:JWST/product/jw07711012001_02101_00001_nrs1_cal.fits,"GO-7711 Veilleux, Sylvain",F290LP,NIRSPEC-F290LP,2026-10-12 04:58:13.000,2025-10-11 11:30:05.510
241783135,jw07711012001_02101_00002_nrs1_rate.fits,jw07711012001_02101_00002,2b,01,NRS_FULL_IFU,jw07711_20260712t145555_pool.csv,jw07711-o012_20260712t145555_spec2_00003_asn.json,339.26135511137545,60959.51979695252,t,,,60959.51084848414,60959.50190001568,GO,,54,f,/Date(1783874344065)/,61233.69379706019,/Date(1760185371322)/,60959.515871793985,/Date(1760183824900)/,60959.49797337963,NRS1,0,0,1546.422,1531.833,1531.833,OK,NRS_IFU,1,60959.51587178241,60959.50692258102,2,PRIME,60959.49797337963,2,F290LP,8,1.0,N0EC006386,0,0.3644809970771742,14.35770606994629,1,319.5432368995558,/Date(1760182023614)/,60959.477125150464,/Date(1760181935550)/,60959.47610590278,0.04321842,0.01911426708102226,0.0468303524,339.0026943990961,60959.51979395814,f,60959.51084549008,60959.501897021924,NIRSPEC,f,,NONE,0.002221,/Date(1435838400000)/,57205.5,-0.00761800140342826,4,,5,21,1,1,1,1,4,60959.57767900463,V07711012001P0000000002101,12,NIRSpec MAKANI-BG,STSCI,FINEGUIDE,"Veilleux, Sylvain",NRS_FULL_IFU,PRDOPSSOC-073,7711,0.2894305555555555,319.60024458333334,60956.426127210645,NRSIRS2,491,Nearby Galaxies to Cosmic Noon,2026_1b,,1,1,FULL,,2048,2048,1,1,0.28943689645552895,319.6002228338506,Makani BG,f,MAKANI-BG,FIXED,0.1,0.1,JWST,NIRSpec IFU Spectroscopy,14.58889,72.944,UTC,Warm Dust in the Circumgalactic Medium in Formation around the Makani Galaxy,10,f,1,07711012001,/Date(1760188765623)/,60959.55515767361,02,SUCCESSFUL,PRIME_TARGETED_FIXED,/Date(1760181594558)/,60959.472159212964,0.1292004,0.1855004,f,,,,,,IFUImageModel,f,,,,,/Date(1760183824900)/,60959.49797337963,,0.0,IFU,2025284T160245637_001_osf.xml,,,,,UNKNOWN,,2,,4-POINT-DITHER,,,f,CALCULATED_TRACK_TR_202111,11.0,5,81.57180658718279,,,,,0.29167995460973256,319.6028263378901,f,,Unidentified,Blank field,GSC32,0.12205159044443553,0.6800146054792728,1458.889,,,,,,,,,,,,,POLYGON ICRS  319.599551118 0.288854979 319.600859647 0.288854979 319.600859647 0.290150449 319.599551118 0.290150449,2.0.1,RELEASE,jwst_1535.pmap,13.1.13,,3,,G395M,141.696996,88.9065736,36.12643,141.7198688,0.282803863,88.87226439999999,0.17746523,f,,,,,,,,16,4,,,,,,,,,203051520,3048302ed4b0a01a0775adfb0fb1f7fa,/Date(1783874618285)/,61233.696970902776,/Date(1783874757348)/,61233.69858039352,86,/Date(1791781026000)/,61325.20631944444,False,False,False,6816682,mast:JWST/product/jw07711012001_02101_00002_nrs1_cal.fits,"GO-7711 Veilleux, Sylvain",F290LP,NIRSPEC-F290LP,2026-10-12 04:57:06.000,2025-10-11 11:57:04.900
241783979,jw07711012001_02101_00003_nrs1_rate.fits,jw07711012001_02101_00003,2b,01,NRS_FULL_IFU,jw07711_20260712t145555_pool.csv,jw07711-o012_20260712t145555_spec2_00002_asn.json,339.1287202946842,60959.53853836848,t,,,60959.529589900245,60959.52064143195,GO,,54,f,/Date(1783874340895)/,61233.69376037037,/Date(1760186990713)/,60959.5346147338,/Date(1760185444291)/,60959.51671631944,NRS1,0,0,1546.422,1531.833,1531.833,OK,NRS_IFU,1,60959.5346147338,60959.525665532405,3,PRIME,60959.51671633102,2,F290LP,8,1.0,N0EC006386,0,0.3644809970771742,14.35770606994629,1,319.5432368995558,/Date(1760182023614)/,60959.477125150464,/Date(1760181935550)/,60959.47610590278,0.04321842,0.01911426708102226,0.0468303524,338.8700036332011,60959.53853537345,f,60959.52958690553,60959.52063843754,NIRSPEC,f,,NONE,0.002221,/Date(1435838400000)/,57205.5,-0.00761800140342826,4,,5,21,1,1,1,1,4,60959.57767900463,V07711012001P0000000002101,12,NIRSpec MAKANI-BG,STSCI,FINEGUIDE,"Veilleux, Sylvain",NRS_FULL_IFU,PRDOPSSOC-073,7711,0.2894305555555555,319.60024458333334,60956.426127210645,NRSIRS2,491,Nearby Galaxies to Cosmic Noon,2026_1b,,1,1,FULL,,2048,2048,1,1,0.2894368964871877,319.60022283374195,Makani BG,f,MAKANI-BG,FIXED,0.1,0.1,JWST,NIRSpec IFU Spectroscopy,14.58889,72.944,UTC,Warm Dust in the Circumgalactic Medium in Formation around the Makani Galaxy,10,f,1,07711012001,/Date(1760188765623)/,60959.55515767361,02,SUCCESSFUL,PRIME_TARGETED_FIXED,/Date(1760181594558)/,60959.472159212964,-0.0259002,-0.1333002,f,,,,,,IFUImageModel,f,,,,,/Date(1760185444291)/,60959.51671631944,,0.0,IFU,2025284T161235743_001_osf.xml,,,,,UNKNOWN,,3,,4-POINT-DITHER,,,f,CALCULATED_TRACK_TR_202111,11.0,5,81.57180658718279,,,,,0.291584292876262,319.6027997915753,f,,Unidentified,Blank field,GSC32,0.1212419792078231,0.6765826644278273,1458.889,,,,,,,,,,,,,POLYGON ICRS  319.599526147 0.288759576 319.600834676 0.288759576 319.600834676 0.290055046 319.599526147 0.290055046,2.0.1,RELEASE,jwst_1535.pmap,13.1.13,,3,,G395M,141.696996,88.9065736,36.12643,141.7198688,0.282803863,88.87226439999999,0.17746523,f,,,,,,,,16,4,,,,,,,,,203051520,05a960b34e081d8a1302f29866446723,/Date(1783874741350)/,61233.69839525463,/Date(1783874907422)/,61233.70031739584,86,/Date(1791781113000)/,61325.20732638889,False,False,False,6816687,mast:JWST/product/jw07711012001_02101_00003_nrs1_cal.fits,"GO-7711 Veilleux, Sylvain",F290LP,NIRSPEC-F290LP,2026-10-12 04:58:33.000,2025-10-11 12:24:04.291
241784086,jw07711012001_02101_00004_nrs1_rate.fits,jw07711012001_02101_00004,2b,01,NRS_FULL_IFU,jw07711_20260712t145555_pool.csv,jw07711-o012_20260712t145555_spec2_00001_asn.json,338.9960578177124,60959.55727977253,t,,,60959.54833130446,60959.539382836316,GO,,54,f,/Date(1783874365901)/,61233.69404976852,/Date(1760188610103)/,60959.55335767361,/Date(1760187063681)/,60959.535459259256,NRS1,0,0,1546.422,1531.833,1531.833,OK,NRS_IFU,1,60959.55335767361,60959.544408472226,4,PRIME,60959.53545927083,2,F290LP,8,1.0,N0EC006386,0,0.3644809970771742,14.35770606994629,1,319.5432368995558,/Date(1760182023614)/,60959.477125150464,/Date(1760181935550)/,60959.47610590278,0.04321842,0.01911426708102226,0.0468303524,338.7372852070257,60959.55727677687,f,60959.5483283091,60959.53937984126,NIRSPEC,f,,NONE,0.002221,/Date(1435838400000)/,57205.5,-0.00761800140342826,4,,5,21,1,1,1,1,4,60959.57767900463,V07711012001P0000000002101,12,NIRSpec MAKANI-BG,STSCI,FINEGUIDE,"Veilleux, Sylvain",NRS_FULL_IFU,PRDOPSSOC-073,7711,0.2894305555555555,319.60024458333334,60956.426127210645,NRSIRS2,491,Nearby Galaxies to Cosmic Noon,2026_1b,,1,1,FULL,,2048,2048,1,1,0.2894368965188464,319.6002228336334,Makani BG,f,MAKANI-BG,FIXED,0.1,0.1,JWST,NIRSpec IFU Spectroscopy,14.58889,72.944,UTC,Warm Dust in the Circumgalactic Medium in Formation around the Makani Galaxy,10,f,1,07711012001,/Date(1760188765623)/,60959.55515767361,02,SUCCESSFUL,PRIME_TARGETED_FIXED,/Date(1760181594558)/,60959.472159212964,-0.0775997,0.2415001,f,,,,,,IFUImageModel,f,,,,,/Date(1760187063681)/,60959.535459259256,,0.0,IFU,2025284T160826964_002_osf.xml,,,,,UNKNOWN,,4,,4-POINT-DITHER,,,f,CALCULATED_TRACK_TR_202111,11.0,5,81.57180658718279,,,,,0.29165384037293857,319.60287682669525,f,,Unidentified,Blank field,GSC32,0.13139529509564243,0.6963571819147275,1458.889,,,,,,,,,,,,,POLYGON ICRS  319.599604749 0.288829368 319.600913278 0.288829368 319.600913278 0.290124839 319.599604749 0.290124839,2.0.1,RELEASE,jwst_1535.pmap,13.1.13,,3,,G395M,141.696996,88.90657360000002,36.12643,141.7198688,0.282803863,88.87226439999999,0.17746523,f,,,,,,,,16,4,,,,,,,,,203051520,2497b85a5095aca70f5414c3dc3641c6,/Date(1783874763948)/,61233.698656782406,/Date(1783874928578)/,61233.70056222222,86,/Date(1791781069000)/,61325.20681712963,False,False,False,6816701,mast:JWST/product/jw07711012001_02101_00004_nrs1_cal.fits,"GO-7711 Veilleux, Sylvain",F290LP,NIRSPEC-F290LP,2026-10-12 04:57:49.000,2025-10-11 12:51:03.681
246342195,jw06362006001_02101_00001_nrs1_rate.fits,jw06362006001_02101_00001,2b,01,NRS_FULL_IFU,jw06362_20260725t225002_pool.csv,jw06362-o006_20260725t225002_spec2_00018_asn.json,387.7934457734227,60960.29104098809,f,,,60960.28496185081,60960.278882713494,GO,,58,f,/Date(1785030713536)/,61247.07770296296,/Date(1760251958073)/,60960.286551770834,/Date(1760250907673)/,60960.27439436343,NRS1,0,0,1050.4,875.333,72.944,OK,NRS_IFU,1,60960.286551770834,60960.28047306713,1,PRIME,60960.27439436343,2,F290LP,1,1.0,NA4R000202,0,5.31144586016657,13.42358016967773,2,68.07762117307789,/Date(1760250645883)/,60960.27136438657,/Date(1760250405243)/,60960.26857920139,0.0149735259,0.01551194954663515,0.0269534364,390.9271072363481,60960.29107725716,f,60960.28499811996,60960.27891898272,NIRSPEC,f,,NONE,0.007756,/Date(946684800000)/,51544,0.11217400000000001,9,,1,5,12,1,1,1,9,60963.448617685186,V06362006001P0000000002101,6,HIP21152,STSCI,FINEGUIDE,"Rickman, Emily",NRS_FULL_IFU,PRDOPSSOC-073,6362,5.410041666666667,68.02003583333332,60959.58973319444,NRSIRS2RAPID,491,Stellar Physics and Stellar Types,2026_1b,,1,1,FULL,,2048,2048,1,1,5.410097209043539,68.02084272972388,HD 28736,f,HIP-21152,FIXED,0.1,0.1,JWST,NIRSpec IFU Spectroscopy,14.58889,14.589,UTC,Breaking the degeneracy: substellar anchors for evolutionary models,10,f,1,06362006001,/Date(1760261111153)/,60960.39249019676,02,SUCCESSFUL,PRIME_TARGETED_FIXED,/Date(1760248363389)/,60960.24494664352,-0.2328004,-0.0774004,f,,,,,,IFUImageModel,f,,,,,/Date(1760250907673)/,60960.27439436343,,0.0,IFU,2025285T124307771_001_osf.xml,,,,,POINT,,1,SMALL,CYCLING,,,f,CALCULATED_TRACK_TR_202111,11.0,5,280.0053046173385,,,,,5.4119328481111895,68.02454505990453,f,,Star,F stars,GSC32,0.42787376809709043,1.0149281769109115,700.267,,,,,,,,,,,,,POLYGON ICRS  68.020191565 5.409535345 68.021506023 5.409535345 68.021506023 5.410770577 68.020191565 5.410770577,2.0.1,RELEASE,jwst_1535.pmap,13.1.13,,3,,G395H,160.7614748,72.4267212,36.16585,160.795784,0.320851684,72.4381576,0.144549772,f,,,,,,,,16,4,1,,,,,,,,203051520,232e7b0c32b97a73b90a6aaab6bd470a,/Date(1785031299097)/,61247.08448027778,/Date(1785031571941)/,61247.08763819445,86,/Date(1791832272000)/,61325.79944444444,False,False,False,6819424,mast:JWST/product/jw06362006001_02101_00001_nrs1_cal.fits,"GO-6362 Rickman, Emily",F290LP,NIRSPEC-F290LP,2026-10-12 19:11:12.000,2025-10-12 06:35:07.673
246343024,jw06362006001_02101_00002_nrs1_rate.fits,jw06362006001_02101_00002,2b,01,NRS_FULL_IFU,jw06362_20260725t225002_pool.csv,jw06362-o006_20260725t225002_spec2_00016_asn.json,387.87357257679105,60960.304043385215,f,,,60960.29796424802,60960.2918851108,GO,,58,f,/Date(1785030980570)/,61247.08079363426,/Date(1760253081400)/,60960.299553240744,/Date(1760252031000)/,60960.28739583334,NRS1,0,0,1050.4,875.333,72.944,OK,NRS_IFU,1,60960.299553240744,60960.29347453704,2,PRIME,60960.28739583334,2,F290LP,1,1.0,NA4R000202,0,5.31144586016657,13.42358016967773,2,68.07762117307789,/Date(1760250645883)/,60960.27136438657,/Date(1760250405243)/,60960.26857920139,0.0149735259,0.01551194954663515,0.0269534364,391.00721958093345,60960.304079654125,f,60960.29800051701,60960.29192137986,NIRSPEC,f,,NONE,0.007756,/Date(946684800000)/,51544,0.11217400000000001,9,,1,5,12,1,1,1,9,60963.448617685186,V06362006001P0000000002101,6,HIP21152,STSCI,FINEGUIDE,"Rickman, Emily",NRS_FULL_IFU,PRDOPSSOC-073,6362,5.410041666666667,68.02003583333332,60959.58973319444,NRSIRS2RAPID,491,Stellar Physics and Stellar Types,2026_1b,,1,1,FULL,,2048,2048,1,1,5.410097209120229,68.020842730838,HD 28736,f,HIP-21152,FIXED,0.1,0.1,JWST,NIRSpec IFU Spectroscopy,14.58889,14.589,UTC,Breaking the degeneracy: substellar anchors for evolutionary models,10,f,1,06362006001,/Date(1760261111153)/,60960.39249019676,02,SUCCESSFUL,PRIME_TARGETED_FIXED,/Date(1760248363389)/,60960.24494664352,0.1292004,0.1855004,f,,,,,,IFUImageModel,f,,,,,/Date(1760252031000)/,60960.28739583334,,0.0,IFU,2025285T123856042_002_osf.xml,,,,,POINT,,2,SMALL,CYCLING,,,f,CALCULATED_TRACK_TR_202111,11.0,5,280.0053046173385,,,,,5.411808878148733,68.0245352801005,f,,Star,F stars,GSC32,0.41094241008374605,1.1334102317800818,700.267,,,,,,,,,,,,,POLYGON ICRS  68.020180800 5.409411470 68.021495258 5.409411470 68.021495258 5.410646702 68.020180800 5.410646702,2.0.1,RELEASE,jwst_1535.pmap,13.1.13,,3,,G395H,160.7614748,72.4267212,36.16585,160.795784,0.320851684,72.4381576,0.144549772,f,,,,,,,,16,4,1,,,,,,,,203051520,bd3d9394f9f0c5b67f38a3933c1b63db,/Date(1785031526568)/,61247.08711303241,/Date(1785031828556)/,61247.090608287035,86,/Date(1791832092000)/,61325.79736111111,False,False,False,6819426,mast:JWST/product/jw06362006001_02101_00002_nrs1_cal.fits,"GO-6362 Rickman, Emily",F290LP,NIRSPEC-F290LP,2026-10-12 19:08:12.000,2025-10-12 06:53:51.000
246342013,jw06362006001_02101_00003_nrs1_rate.fits,jw06362006001_02101_00003,2b,01,NRS_FULL_IFU,jw06362_20260725t225002_pool.csv,jw06362-o006_20260725t225002_spec2_00014_asn.json,387.95368743594736,60960.317046522934,f,,,60960.310967385834,60960.3048882487,GO,,58,f,/Date(1785030486963)/,61247.07508059028,/Date(1760254204791)/,60960.312555439814,/Date(1760253154391)/,60960.30039803241,NRS1,0,0,1050.4,875.333,72.944,OK,NRS_IFU,1,60960.31255545139,60960.30647674768,3,PRIME,60960.30039804398,2,F290LP,1,1.0,NA4R000202,0,5.31144586016657,13.42358016967773,2,68.07762117307789,/Date(1760250645883)/,60960.27136438657,/Date(1760250405243)/,60960.26857920139,0.0149735259,0.01551194954663515,0.0269534364,391.0873199813068,60960.31708279168,f,60960.31100365465,60960.30492451759,NIRSPEC,f,,NONE,0.007756,/Date(946684800000)/,51544,0.11217400000000001,9,,1,5,12,1,1,1,9,60963.448617685186,V06362006001P0000000002101,6,HIP21152,STSCI,FINEGUIDE,"Rickman, Emily",NRS_FULL_IFU,PRDOPSSOC-073,6362,5.410041666666667,68.02003583333332,60959.58973319444,NRSIRS2RAPID,491,Stellar Physics and Stellar Types,2026_1b,,1,1,FULL,,2048,2048,1,1,5.410097209196923,68.02084273195219,HD 28736,f,HIP-21152,FIXED,0.1,0.1,JWST,NIRSpec IFU Spectroscopy,14.58889,14.589,UTC,Breaking the degeneracy: substellar anchors for evolutionary models,10,f,1,06362006001,/Date(1760261111153)/,60960.39249019676,02,SUCCESSFUL,PRIME_TARGETED_FIXED,/Date(1760248363389)/,60960.24494664352,-0.0259002,-0.1333002,f,,,,,,IFUImageModel,f,,,,,/Date(1760253154391)/,60960.30039803241,,0.0,IFU,2025285T124719079_001_osf.xml,,,,,POINT,,3,SMALL,CYCLING,,,f,CALCULATED_TRACK_TR_202111,11.0,5,280.0053046173385,,,,,5.411891319687443,68.02459018954872,f,,Star,F stars,GSC32,0.387491815327198,0.9594322719003517,700.267,,,,,,,,,,,,,POLYGON ICRS  68.020234727 5.409494022 68.021549186 5.409494022 68.021549186 5.410729254 68.020234727 5.410729254,2.0.1,RELEASE,jwst_1535.pmap,13.1.13,,3,,G395H,160.7614748,72.4267212,36.16585,160.795784,0.320851684,72.4381576,0.144549772,f,,,,,,,,16,4,1,,,,,,,,203051520,fa286aeb024ebac080640118d04051cb,/Date(1785031271647)/,61247.084162569445,/Date(1785031519227)/,61247.087028078706,86,/Date(1791832272000)/,61325.79944444444,False,False,False,6819433,mast:JWST/product/jw06362006001_02101_00003_nrs1_cal.fits,"GO-6362 Rickman, Emily",F290LP,NIRSPEC-F290LP,2026-10-12 19:11:12.000,2025-10-12 07:12:34.391
246342915,jw06362006001_02101_00004_nrs1_rate.fits,jw06362006001_02101_00004,2b,01,NRS_FULL_IFU,jw06362_20260725t225002_pool.csv,jw06362-o006_20260725t225002_spec2_00012_asn.json,388.0337809212506,60960.33004891968,f,,,60960.323969782665,60960.317890645616,GO,,58,f,/Date(1785030959722)/,61247.08055234954,/Date(1760255328118)/,60960.32555689815,/Date(1760254277718)/,60960.31339949074,NRS1,0,0,1050.4,875.333,72.944,OK,NRS_IFU,1,60960.3255569213,60960.31947821759,4,PRIME,60960.31339951389,2,F290LP,1,1.0,NA4R000202,0,5.31144586016657,13.42358016967773,2,68.07762117307789,/Date(1760250645883)/,60960.27136438657,/Date(1760250405243)/,60960.26857920139,0.0149735259,0.01551194954663515,0.0269534364,391.16739900782704,60960.330085188245,f,60960.32400605131,60960.317926914344,NIRSPEC,f,,NONE,0.007756,/Date(946684800000)/,51544,0.11217400000000001,9,,1,5,12,1,1,1,9,60963.448617685186,V06362006001P0000000002101,6,HIP21152,STSCI,FINEGUIDE,"Rickman, Emily",NRS_FULL_IFU,PRDOPSSOC-073,6362,5.410041666666667,68.02003583333332,60959.58973319444,NRSIRS2RAPID,491,Stellar Physics and Stellar Types,2026_1b,,1,1,FULL,,2048,2048,1,1,5.410097209273613,68.0208427330663,HD 28736,f,HIP-21152,FIXED,0.1,0.1,JWST,NIRSpec IFU Spectroscopy,14.58889,14.589,UTC,Breaking the degeneracy: substellar anchors for evolutionary models,10,f,1,06362006001,/Date(1760261111153)/,60960.39249019676,02,SUCCESSFUL,PRIME_TARGETED_FIXED,/Date(1760248363389)/,60960.24494664352,-0.0775997,0.2415001,f,,,,,,IFUImageModel,f,,,,,/Date(1760254277718)/,60960.31339949074,,0.0,IFU,2025285T125741517_001_osf.xml,,,,,POINT,,4,SMALL,CYCLING,,,f,CALCULATED_TRACK_TR_202111,11.0,5,280.0053046173385,,,,,5.41184986387228,68.02449414591698,f,,Star,F stars,GSC32,0.43688078752687176,1.0864259686423074,700.267,,,,,,,,,,,,,POLYGON ICRS  68.020137692 5.409452667 68.021452151 5.409452667 68.021452151 5.410687899 68.020137692 5.410687899,2.0.1,RELEASE,jwst_1535.pmap,13.1.13,,3,,G395H,160.7614748,72.4267212,36.16585,160.795784,0.320851684,72.4381576,0.144549772,f,,,,,,,,16,4,1,,,,,,,,203051520,07eb823da5e86d5bf63dc5a48f069874,/Date(1785031512527)/,61247.08695053241,/Date(1785031796130)/,61247.09023298611,86,/Date(1791832229000)/,61325.798946759256,False,False,False,6819431,mast:JWST/product/jw06362006001_02101_00004_nrs1_cal.fits,"GO-6362 Rickman, Emily",F290LP,NIRSPEC-F290LP,2026-10-12 19:10:29.000,2025-10-12 07:31:17.718
246342878,jw06362006001_02101_00005_nrs1_rate.fits,jw06362006001_02101_00005,2b,01,NRS_FULL_IFU,jw06362_20260725t225002_pool.csv,jw06362-o006_20260725t225002_spec2_00010_asn.json,388.1138624623418,60960.34305205701,f,,,60960.336972920086,60960.33089378313,GO,,58,f,/Date(1785030881378)/,61247.079645555554,/Date(1760256451509)/,60960.33855914352,/Date(1760255401109)/,60960.326401736114,NRS1,0,0,1050.4,875.333,72.944,OK,NRS_IFU,1,60960.338559131946,60960.33248042824,5,PRIME,60960.32640172454,2,F290LP,1,1.0,NA4R000202,0,5.31144586016657,13.42358016967773,2,68.07762117307789,/Date(1760250645883)/,60960.27136438657,/Date(1760250405243)/,60960.26857920139,0.0149735259,0.01551194954663515,0.0269534364,391.2474660901353,60960.34308832542,f,60960.33700918857,60960.33093005169,NIRSPEC,f,,NONE,0.007756,/Date(946684800000)/,51544,0.11217400000000001,9,,1,5,12,1,1,1,9,60963.448617685186,V06362006001P0000000002101,6,HIP21152,STSCI,FINEGUIDE,"Rickman, Emily",NRS_FULL_IFU,PRDOPSSOC-073,6362,5.410041666666667,68.02003583333332,60959.58973319444,NRSIRS2RAPID,491,Stellar Physics and Stellar Types,2026_1b,,1,1,FULL,,2048,2048,1,1,5.410097209350307,68.02084273418048,HD 28736,f,HIP-21152,FIXED,0.1,0.1,JWST,NIRSpec IFU Spectroscopy,14.58889,14.589,UTC,Breaking the degeneracy: substellar anchors for evolutionary models,10,f,1,06362006001,/Date(1760261111153)/,60960.39249019676,02,SUCCESSFUL,PRIME_TARGETED_FIXED,/Date(1760248363389)/,60960.24494664352,0.0,0.0,f,,,,,,IFUImageModel,f,,,,,/Date(1760255401109)/,60960.326401736114,,0.0,IFU,2025285T125741517_001_osf.xml,,,,,POINT,,5,SMALL,CYCLING,,,f,CALCULATED_TRACK_TR_202111,11.0,5,280.0053046173385,,,,,5.411865887655587,68.02456404924689,f,,Star,F stars,GSC32,0.38620349321333325,0.9802006780699477,700.267,,,,,,,,,,,,,POLYGON ICRS  68.020206616 5.409468797 68.021521074 5.409468797 68.021521074 5.410704029 68.020206616 5.410704029,2.0.1,RELEASE,jwst_1535.pmap,13.1.13,,3,,G395H,160.7614748,72.4267212,36.16585,160.795784,0.320851684,72.4381576,0.144549772,f,,,,,,,,16,4,1,,,,,,,,203051520,7652b6239118db6551b5420f04867fc5,/Date(1785031508057)/,61247.0868987963,/Date(1785031788195)/,61247.09014115741,86,/Date(1791832309000)/,61325.79987268519,False,False,False,6819429,mast:JWST/product/jw06362006001_02101_00005_nrs1_cal.fits,"GO-6362 Rickman, Emily",F290LP,NIRSPEC-F290LP,2026-10-12 19:11:49.000,2025-10-12 07:50:01.109
246342869,jw06362006001_02101_00006_nrs1_rate.fits,jw06362006001_02101_00006,2b,01,NRS_FULL_IFU,jw06362_20260725t225002_pool.csv,jw06362-o006_20260725t225002_spec2_00008_asn.json,388.1939226295799,60960.35605445337,f,,,60960.34997531653,60960.34389617966,GO,,58,f,/Date(1785030865168)/,61247.07945793981,/Date(1760257574836)/,60960.351560601855,/Date(1760256524436)/,60960.33940319444,NRS1,0,0,1050.4,875.333,72.944,OK,NRS_IFU,1,60960.351560601855,60960.34548189815,6,PRIME,60960.33940319444,2,F290LP,1,1.0,NA4R000202,0,5.31144586016657,13.42358016967773,2,68.07762117307789,/Date(1760250645883)/,60960.27136438657,/Date(1760250405243)/,60960.26857920139,0.0149735259,0.01551194954663515,0.0269534364,391.3275117985904,60960.35609072161,f,60960.35001158485,60960.34393244805,NIRSPEC,f,,NONE,0.007756,/Date(946684800000)/,51544,0.11217400000000001,9,,1,5,12,1,1,1,9,60963.448617685186,V06362006001P0000000002101,6,HIP21152,STSCI,FINEGUIDE,"Rickman, Emily",NRS_FULL_IFU,PRDOPSSOC-073,6362,5.410041666666667,68.02003583333332,60959.58973319444,NRSIRS2RAPID,491,Stellar Physics and Stellar Types,2026_1b,,1,1,FULL,,2048,2048,1,1,5.410097209426997,68.0208427352946,HD 28736,f,HIP-21152,FIXED,0.1,0.1,JWST,NIRSpec IFU Spectroscopy,14.58889,14.589,UTC,Breaking the degeneracy: substellar anchors for evolutionary models,10,f,1,06362006001,/Date(1760261111153)/,60960.39249019676,02,SUCCESSFUL,PRIME_TARGETED_FIXED,/Date(1760248363389)/,60960.24494664352,-0.1552001,0.0552998,f,,,,,,IFUImageModel,f,,,,,/Date(1760256524436)/,60960.33940319444,,0.0,IFU,2025285T125324106_002_osf.xml,,,,,POINT,,6,SMALL,CYCLING,,,f,CALCULATED_TRACK_TR_202111,11.0,5,280.0053046173385,,,,,5.4118948146487025,68.02452949590081,f,,Star,F stars,GSC32,0.4776743632977321,1.1279627809814994,700.267,,,,,,,,,,,,,POLYGON ICRS  68.020171075 5.409497831 68.021485534 5.409497831 68.021485534 5.410733062 68.020171075 5.410733062,2.0.1,RELEASE,jwst_1535.pmap,13.1.13,,3,,G395H,160.7614748,72.4267212,36.16585,160.795784,0.320851684,72.4381576,0.144549772,f,,,,,,,,16,4,1,,,,,,,,203051520,ae5b391bc6ff11dc493bba5cd41b7a94,/Date(1785031505276)/,61247.08686662037,/Date(1785031785060)/,61247.09010486111,86,/Date(1791832369000)/,61325.80056712963,False,False,False,6819450,mast:JWST/product/jw06362006001_02101_00006_nrs1_cal.fits,"GO-6362 Rickman, Emily",F290LP,NIRSPEC-F290LP,2026-10-12 19:12:49.000,2025-10-12 08:08:44.436
246342850,jw06362006001_02101_00007_nrs1_rate.fits,jw06362006001_02101_00007,2b,01,NRS_FULL_IFU,jw06362_20260725t225002_pool.csv,jw06362-o006_20260725t225002_spec2_00006_asn.json,388.273970852606,60960.36905759032,f,,,60960.36297845357,60960.356899316794,GO,,58,f,/Date(1785030862075)/,61247.07942217593,/Date(1760258698227)/,60960.364562800925,/Date(1760257647827)/,60960.35240539352,NRS1,0,0,1050.4,875.333,72.944,OK,NRS_IFU,1,60960.3645628125,60960.358484108794,7,PRIME,60960.352405405094,2,F290LP,1,1.0,NA4R000202,0,5.31144586016657,13.42358016967773,2,68.07762117307789,/Date(1760250645883)/,60960.27136438657,/Date(1760250405243)/,60960.26857920139,0.0149735259,0.01551194954663515,0.0269534364,391.4075461914763,60960.36909385839,f,60960.363014721726,60960.35693558503,NIRSPEC,f,,NONE,0.007756,/Date(946684800000)/,51544,0.11217400000000001,9,,1,5,12,1,1,1,9,60963.448617685186,V06362006001P0000000002101,6,HIP21152,STSCI,FINEGUIDE,"Rickman, Emily",NRS_FULL_IFU,PRDOPSSOC-073,6362,5.410041666666667,68.02003583333332,60959.58973319444,NRSIRS2RAPID,491,Stellar Physics and Stellar Types,2026_1b,,1,1,FULL,,2048,2048,1,1,5.410097209503691,68.02084273640878,HD 28736,f,HIP-21152,FIXED,0.1,0.1,JWST,NIRSpec IFU Spectroscopy,14.58889,14.589,UTC,Breaking the degeneracy: substellar anchors for evolutionary models,10,f,1,06362006001,/Date(1760261111153)/,60960.39249019676,02,SUCCESSFUL,PRIME_TARGETED_FIXED,/Date(1760248363389)/,60960.24494664352,2e-07,0.1604002,f,,,,,,IFUImageModel,f,,,,,/Date(1760257647827)/,60960.35240539352,,0.0,IFU,2025285T130734127_001_osf.xml,,,,,POINT,,7,SMALL,CYCLING,,,f,CALCULATED_TRACK_TR_202111,11.0,5,280.0053046173385,,,,,5.411842735116904,68.02452771451476,f,,Star,F stars,GSC32,0.38578403950184237,0.9253857044092108,700.267,,,,,,,,,,,,,POLYGON ICRS  68.020168310 5.409445852 68.021482768 5.409445852 68.021482768 5.410681084 68.020168310 5.410681084,2.0.1,RELEASE,jwst_1535.pmap,13.1.13,,3,,G395H,160.7614748,72.4267212,36.16585,160.795784,0.320851684,72.4381576,0.144549772,f,,,,,,,,16,4,1,,,,,,,,203051520,a3b4c494805ab26617c89f1f59b93c8c,/Date(1785031487757)/,61247.086663842594,/Date(1785031779879)/,61247.09004490741,86,/Date(1791832110000)/,61325.79756944445,False,False,False,6819453,mast:JWST/product/jw06362006001_02101_00007_nrs1_cal.fits,"GO-6362 Rickman, Emily",F290LP,NIRSPEC-F290LP,2026-10-12 19:08:30.000,2025-10-12 08:27:27.827
246342718,jw06362006001_02101_00008_nrs1_rate.fits,jw06362006001_02101_00008,2b,01,NRS_FULL_IFU,jw06362_20260725t225002_pool.csv,jw06362-o006_20260725t225002_spec2_00004_asn.json,388.3540027309209,60960.382060727075,f,,,60960.37598159043,60960.369902453735,GO,,58,f,/Date(1785030822784)/,61247.078967395835,/Date(1760259821618)/,60960.377565,/Date(1760258771218)/,60960.365407592595,NRS1,0,0,1050.4,875.333,72.944,OK,NRS_IFU,1,60960.37756502315,60960.37148631945,8,PRIME,60960.36540761574,2,F290LP,1,1.0,NA4R000202,0,5.31144586016657,13.42358016967773,2,68.07762117307789,/Date(1760250645883)/,60960.27136438657,/Date(1760250405243)/,60960.26857920139,0.0149735259,0.01551194954663515,0.0269534364,391.4875636110082,60960.38209699499,f,60960.37601785842,60960.3699387218,NIRSPEC,f,,NONE,0.007756,/Date(946684800000)/,51544,0.11217400000000001,9,,1,5,12,1,1,1,9,60963.448617685186,V06362006001P0000000002101,6,HIP21152,STSCI,FINEGUIDE,"Rickman, Emily",NRS_FULL_IFU,PRDOPSSOC-073,6362,5.410041666666667,68.02003583333332,60959.58973319444,NRSIRS2RAPID,491,Stellar Physics and Stellar Types,2026_1b,,1,1,FULL,,2048,2048,1,1,5.410097209580385,68.02084273752295,HD 28736,f,HIP-21152,FIXED,0.1,0.1,JWST,NIRSpec IFU Spectroscopy,14.58889,14.589,UTC,Breaking the degeneracy: substellar anchors for evolutionary models,10,f,1,06362006001,/Date(1760261111153)/,60960.39249019676,02,SUCCESSFUL,PRIME_TARGETED_FIXED,/Date(1760248363389)/,60960.24494664352,0.0517002,0.1063002,f,,,,,,IFUImageModel,f,,,,,/Date(1760258771218)/,60960.365407592595,,0.0,IFU,2025285T130142684_002_osf.xml,,,,,POINT,,8,SMALL,CYCLING,,,f,CALCULATED_TRACK_TR_202111,11.0,5,280.0053046173385,,,,,5.411838074906023,68.0245490728335,f,,Star,F stars,GSC32,0.43911185909456624,1.1538381722747664,700.267,,,,,,,,,,,,,POLYGON ICRS  68.020188685 5.409441297 68.021503143 5.409441297 68.021503143 5.410676528 68.020188685 5.410676528,2.0.1,RELEASE,jwst_1535.pmap,13.1.13,,3,,G395H,160.7614748,72.4267212,36.16585,160.795784,0.320851684,72.4381576,0.144549772,f,,,,,,,,16,4,1,,,,,,,,203051520,800b1a43a75599fcaa5d7712b36fdf42,/Date(1785031475155)/,61247.08651800926,/Date(1785031745337)/,61247.089645092594,86,/Date(1791832349000)/,61325.80033564815,False,False,False,6819472,mast:JWST/product/jw06362006001_02101_00008_nrs1_cal.fits,"GO-6362 Rickman, Emily",F290LP,NIRSPEC-F290LP,2026-10-12 19:12:29.000,2025-10-12 08:46:11.218
246342778,jw06362006001_02101_00009_nrs1_rate.fits,jw06362006001_02101_00009,2b,01,NRS_FULL_IFU,jw06362_20260725t225002_pool.csv,jw06362-o006_20260725t225002_spec2_00002_asn.json,388.4350523818284,60960.395232023766,f,,,60960.389152887205,60960.38307375061,GO,,58,f,/Date(1785030801651)/,61247.07872280093,/Date(1760260959537)/,60960.39073537037,/Date(1760259909137)/,60960.37857796296,NRS1,0,0,1050.4,875.333,72.944,OK,NRS_IFU,1,60960.390735381945,60960.38465667824,9,PRIME,60960.37857797454,2,F290LP,1,1.0,NA4R000202,0,5.31144586016657,13.42358016967773,2,68.07762117307789,/Date(1760250645883)/,60960.27136438657,/Date(1760250405243)/,60960.26857920139,0.0149735259,0.01551194954663515,0.0269534364,391.5685988031328,60960.39526829151,f,60960.38918915502,60960.383110018505,NIRSPEC,f,,NONE,0.007756,/Date(946684800000)/,51544,0.11217400000000001,9,,1,5,12,1,1,1,9,60963.448617685186,V06362006001P0000000002101,6,HIP21152,STSCI,FINEGUIDE,"Rickman, Emily",NRS_FULL_IFU,PRDOPSSOC-073,6362,5.410041666666667,68.02003583333332,60959.58973319444,NRSIRS2RAPID,491,Stellar Physics and Stellar Types,2026_1b,,1,1,FULL,,2048,2048,1,1,5.410097209658072,68.02084273865155,HD 28736,f,HIP-21152,FIXED,0.1,0.1,JWST,NIRSpec IFU Spectroscopy,14.58889,14.589,UTC,Breaking the degeneracy: substellar anchors for evolutionary models,10,f,1,06362006001,/Date(1760261111153)/,60960.39249019676,02,SUCCESSFUL,PRIME_TARGETED_FIXED,/Date(1760248363389)/,60960.24494664352,-0.1552004,-0.1585004,f,,,,,,IFUImageModel,f,,,,,/Date(1760259909137)/,60960.37857796296,,0.0,IFU,2025285T130142684_002_osf.xml,,,,,POINT,,9,SMALL,CYCLING,,,f,CALCULATED_TRACK_TR_202111,11.0,5,280.0053046173385,,,,,5.4119251593644835,68.02458368867016,f,,Star,F stars,GSC32,0.4809629212517014,1.2917267706138873,700.267,,,,,,,,,,,,,POLYGON ICRS  68.020222306 5.409528494 68.021536764 5.409528494 68.021536764 5.410763725 68.020222306 5.410763725,2.0.1,RELEASE,jwst_1535.pmap,13.1.13,,3,,G395H,160.7614748,72.4267212,36.16585,160.795784,0.320851684,72.4381576,0.144549772,f,,,,,,,,16,4,1,,,,,,,,203051520,dd4c08466a5b8808e5d42fd77fba2398,/Date(1785031475205)/,61247.08651858797,/Date(1785031757943)/,61247.08979100695,86,/Date(1791832174000)/,61325.798310185186,False,False,False,6819461,mast:JWST/product/jw06362006001_02101_00009_nrs1_cal.fits,"GO-6362 Rickman, Emily",F290LP,NIRSPEC-F290LP,2026-10-12 19:09:34.000,2025-10-12 09:05:09.137
261694069,jw07793002001_04101_00001_nrs1_rate.fits,jw07793002001_04101_00001,2b,01,NRS_S200A1_SLIT,jw07793_20261007t161112_pool.csv,jw07793-o002_20261007t161112_spec2_00006_asn.json,97.06189746502787,60961.29690681858,f,,,60961.26162842031,60961.22635002196,GO,,50,f,/Date(1791398077916)/,61320.7740499537,/Date(1760339156300)/,60961.29579050926,/Date(1760333059580)/,60961.22522662037,NRS1,0,0,6096.72,6076.2,467.4,OK,NRS_FIXEDSLIT,4,60961.29579050926,60961.26050856482,1,PRIME,60961.22522662037,2,F290LP,1,1.429,SA3H020262,0,-15.71022009428341,12.79215431213379,1,293.7650169725902,/Date(1760332338387)/,60961.21687946759,/Date(1760332094675)/,60961.21405875,0.0145311467,0.009611698798835278,0.0175968558,95.24169825017452,60961.29688575005,f,60961.261607352484,60961.22632895484,NIRSPEC,f,,NONE,0.0431,/Date(1663600099000)/,59841.63077546296,0.2902,5,,1,300,13,1,1,1,3,60963.448617685186,V07793002001P0000000004101,2,1935-1546,STSCI,FINEGUIDE,"Faherty, Jacqueline Kelly",NRS_S200A1_SLIT,PRDOPSSOC-074,7793,-15.77231388888889,293.82807499999996,60959.58973319444,NRSRAPID,491,Stars and Stellar Populations,2026_2a,,1,1,SUBS200A1,,2048,64,1,1054,-15.77227718948857,293.8283317711955,CWISEP J193518.59-154620.3,f,J193518.59-154620.3,FIXED,0.0001,0.0001,JWST,NIRSpec Fixed Slit Spectroscopy,1.558,1.558,UTC,A Deep Dive Spectroscopic Study of an Auroral Emitting World,10,f,1,07793002001,/Date(1760351597760)/,60961.43978888889,04,SUCCESSFUL,PRIME_TARGETED_FIXED,/Date(1760329626838)/,60961.18549578704,1.1e-06,0.873701,f,,,,,,MultiSlitModel,f,,,,,/Date(1760333059580)/,60961.22522662037,NIRSPEC,0.0,FIXEDSLIT,2025286T204554968_001_osf.xml,,,,,POINT,,1,,3-POINT-NOD,3,1,f,CALCULATED_TRACK_TR_202111,11.0,1,80.91313597393737,,,,,-15.771524288485416,293.8286765511599,f,,Star,Brown dwarfs,GSC32,0.3559265227526488,13.220538328931186,6055.946,,,,,,,,,,,,,POLYGON ICRS  293.828258740 -15.772489368 293.828924868 -15.771718308 293.828881809 -15.771684416 293.828215669 -15.772455468,3.0.0,RELEASE,jwst_1584.pmap,13.2.6,,3,S200A1,G395H,159.6978896,72.3809756,36.1790123,159.7207624,0.318798721,72.3809756,0.144504145,,,,,PRIMARYPARK_ALLCLOSED,,,NONE,,,,,,1,1,,,,3242880,bc6c22d00f81ed536ec78746eca9c958,/Date(1791398109578)/,61320.774416388886,/Date(1791398110262)/,61320.77442434028,86,/Date(1791936956000)/,61327.01106481482,False,False,False,6821931,mast:JWST/product/jw07793002001_04101_00001_nrs1_cal.fits,"GO-7793 Faherty, Jacqueline Kelly",F290LP,NIRSPEC-F290LP,2026-10-14 00:15:56.000,2025-10-13 05:24:19.580
261694081,jw07793002001_04101_00002_nrs1_rate.fits,jw07793002001_04101_00002,2b,01,NRS_S200A1_SLIT,jw07793_20261007t161112_pool.csv,jw07793-o002_20261007t161112_spec2_00005_asn.json,96.4404878905043,60961.36845807509,f,,,60961.33317967698,60961.2979012788,GO,,50,f,/Date(1791398075926)/,61320.774026921295,/Date(1760345338950)/,60961.36734895833,/Date(1760339242230)/,60961.29678506945,NRS1,0,0,6096.72,6076.2,467.4,OK,NRS_FIXEDSLIT,4,60961.36734895833,60961.332067013886,2,PRIME,60961.29678506945,2,F290LP,1,1.429,SA3H020262,0,-15.71022009428341,12.79215431213379,1,293.7650169725902,/Date(1760332338387)/,60961.21687946759,/Date(1760332094675)/,60961.21405875,0.0145311467,0.009611698798835278,0.0175968558,94.62016609031707,60961.36843700515,f,60961.33315860774,60961.29788021026,NIRSPEC,f,,NONE,0.0431,/Date(1663600099000)/,59841.63077546296,0.2902,5,,1,300,13,1,1,1,3,60963.448617685186,V07793002001P0000000004101,2,1935-1546,STSCI,FINEGUIDE,"Faherty, Jacqueline Kelly",NRS_S200A1_SLIT,PRDOPSSOC-074,7793,-15.77231388888889,293.82807499999996,60959.58973319444,NRSRAPID,491,Stars and Stellar Populations,2026_2a,,1,1,SUBS200A1,,2048,64,1,1054,-15.772277187143017,293.82833178760643,CWISEP J193518.59-154620.3,f,J193518.59-154620.3,FIXED,0.0001,0.0001,JWST,NIRSpec Fixed Slit Spectroscopy,1.558,1.558,UTC,A Deep Dive Spectroscopic Study of an Auroral Emitting World,10,f,1,07793002001,/Date(1760351597760)/,60961.43978888889,04,SUCCESSFUL,PRIME_TARGETED_FIXED,/Date(1760329626838)/,60961.18549578704,0.0,0.0,f,,,,,,MultiSlitModel,f,,,,,/Date(1760339242230)/,60961.29678506945,NIRSPEC,0.0,FIXEDSLIT,2025286T210455318_001_osf.xml,,,,,POINT,,2,,3-POINT-NOD,3,1,f,CALCULATED_TRACK_TR_202111,11.0,1,80.91313597393737,,,,,-15.771711974872924,293.8285081460473,f,,Star,Brown dwarfs,GSC32,0.37325910959555286,12.709051902254412,6055.946,,,,,,,,,,,,,POLYGON ICRS  293.828097675 -15.772675869 293.828763803 -15.771904808 293.828720743 -15.771870916 293.828054603 -15.772641969,3.0.0,RELEASE,jwst_1584.pmap,13.2.6,,3,S200A1,G395H,159.6978896,72.3809756,36.1790123,159.7207624,0.318798721,72.3809756,0.144504145,,,,,PRIMARYPARK_ALLCLOSED,,,NONE,,,,,,1,1,,,,3242880,a562259b59e95a9da8246f22bd101c52,/Date(1791398109299)/,61320.77441319444,/Date(1791398110906)/,61320.77443178241,86,/Date(1791936956000)/,61327.01106481482,False,False,False,6822110,mast:JWST/product/jw07793002001_04101_00002_nrs1_cal.fits,"GO-7793 Faherty, Jacqueline Kelly",F290LP,NIRSPEC-F290LP,2026-10-14 00:15:56.000,2025-10-13 07:07:22.230
261694048,jw07793002001_04101_00003_nrs1_rate.fits,jw07793002001_04101_00003,2b,01,NRS_S200A1_SLIT,jw07793_20261007t161112_pool.csv,jw07793-o002_20261007t161112_spec2_00004_asn.json,95.81905757077038,60961.440008590645,f,,,60961.404730192684,60961.36945179465,GO,,50,f,/Date(1791398064903)/,61320.773899340275,/Date(1760351521536)/,60961.43890666667,/Date(1760345424816)/,60961.36834277778,NRS1,0,0,6096.72,6076.2,467.4,OK,NRS_FIXEDSLIT,4,60961.43890666667,60961.403624722225,3,PRIME,60961.36834277778,2,F290LP,1,1.429,SA3H020262,0,-15.71022009428341,12.79215431213379,1,293.7650169725902,/Date(1760332338387)/,60961.21687946759,/Date(1760332094675)/,60961.21405875,0.0145311467,0.009611698798835278,0.0175968558,93.99861255660653,60961.43998751928,f,60961.40470912202,60961.369430724684,NIRSPEC,f,,NONE,0.0431,/Date(1663600099000)/,59841.63077546296,0.2902,5,,1,300,13,1,1,1,3,60963.448617685186,V07793002001P0000000004101,2,1935-1546,STSCI,FINEGUIDE,"Faherty, Jacqueline Kelly",NRS_S200A1_SLIT,PRDOPSSOC-074,7793,-15.77231388888889,293.82807499999996,60959.58973319444,NRSRAPID,491,Stars and Stellar Populations,2026_2a,,1,1,SUBS200A1,,2048,64,1,1054,-15.772277184797487,293.8283318040171,CWISEP J193518.59-154620.3,f,J193518.59-154620.3,FIXED,0.0001,0.0001,JWST,NIRSpec Fixed Slit Spectroscopy,1.558,1.558,UTC,A Deep Dive Spectroscopic Study of an Auroral Emitting World,10,f,1,07793002001,/Date(1760351597760)/,60961.43978888889,04,SUCCESSFUL,PRIME_TARGETED_FIXED,/Date(1760329626838)/,60961.18549578704,-1.4e-06,-1.0832012,f,,,,,,MultiSlitModel,f,,,,,/Date(1760345424816)/,60961.36834277778,NIRSPEC,0.0,FIXEDSLIT,2025286T212347548_001_osf.xml,,,,,POINT,,3,,3-POINT-NOD,3,1,f,CALCULATED_TRACK_TR_202111,11.0,1,80.91313597393737,,,,,-15.771944717575826,293.82830073736966,f,,Star,Brown dwarfs,GSC32,0.3045498528849013,11.584033727322494,6055.946,,,,,,,,,,,,,POLYGON ICRS  293.827897608 -15.772907419 293.828563740 -15.772136362 293.828520680 -15.772102469 293.827854537 -15.772873520,3.0.0,RELEASE,jwst_1584.pmap,13.2.6,,3,S200A1,G395H,159.6978896,72.3809756,36.1790123,159.7207624,0.318798721,72.3809756,0.144504145,,,,,PRIMARYPARK_ALLCLOSED,,,NONE,,,,,,1,1,,,,3242880,98962ea8795a6ba379573fb7548f9794,/Date(1791398105034)/,61320.77436380787,/Date(1791398105868)/,61320.77437344907,86,/Date(1791936933000)/,61327.01079861111,False,False,False,6822121,mast:JWST/product/jw07793002001_04101_00003_nrs1_cal.fits,"GO-7793 Faherty, Jacqueline Kelly",F290LP,NIRSPEC-F290LP,2026-10-14 00:15:33.000,2025-10-13 08:50:24.816
261693193,jw07793005001_03102_00001_nrs1_rate.fits,jw07793005001_03102_00001,2b,02,NRS_S200A1_SLIT,jw07793_20261007t161112_pool.csv,jw07793-o005_20261007t161112_spec2_00005_asn.json,95.09742096997797,60961.45938885299,f,,,60961.45596244976,60961.45253604654,GO,,50,f,/Date(1791397447468)/,61320.7667530787,/Date(1760353196159)/,60961.45828888889,/Date(1760352604017)/,60961.45143537037,NRS1,0,0,592.142,584.25,116.85,OK,NRS_FIXEDSLIT,3,60961.458288877315,60961.45486212963,1,PRIME,60961.45143538195,2,CLEAR,1,1.429,SA3H020262,0,-15.71022009957901,12.79215431213379,1,293.7650169762478,/Date(1760352001216)/,60961.44445851852,/Date(1760351913152)/,60961.443439270835,0.0145311467,0.009611698798835278,0.0175968558,93.27683388255537,60961.45936778125,f,60961.45594137809,60961.45251497493,NIRSPEC,f,,NONE,0.0431,/Date(1663600099000)/,59841.63077546296,0.2902,7,,1,75,5,1,1,1,5,60963.448617685186,V07793005001P0000000003102,5,W1935-1546,STSCI,FINEGUIDE,"Faherty, Jacqueline Kelly",NRS_S200A1_SLIT,PRDOPSSOC-074,7793,-15.77231388888889,293.82807499999996,60959.58973319444,NRSRAPID,491,Stars and Stellar Populations,2026_2a,,1,1,SUBS200A1,,2048,64,1,1054,-15.77227718311802,293.82833181576774,CWISEP J193518.59-154620.3,f,J193518.59-154620.3,FIXED,0.0001,0.0001,JWST,NIRSpec Fixed Slit Spectroscopy,1.558,1.558,UTC,A Deep Dive Spectroscopic Study of an Auroral Emitting World,10,f,1,07793005001,/Date(1760355955900)/,60961.490230324074,03,SUCCESSFUL,PRIME_TARGETED_FIXED,/Date(1760351601856)/,60961.4398362963,1.1e-06,0.880701,f,,,,,,MultiSlitModel,f,,,,,/Date(1760352604017)/,60961.45143537037,NIRSPEC,0.0,FIXEDSLIT,2025286T212742384_001_osf.xml,,,,,POINT,,1,,5-POINT-NOD,5,1,f,CALCULATED_TRACK_TR_202111,11.0,1,80.89082884777999,,,,,-15.771526418502953,293.8286559431708,f,,Star,Brown dwarfs,GSC32,0.3681686449542249,15.577485624815685,576.46,,,,,,,,,,,,,POLYGON ICRS  293.828257355 -15.772492804 293.828923077 -15.771721560 293.828880002 -15.771687685 293.828214269 -15.772458922,3.0.0,RELEASE,jwst_1584.pmap,13.2.6,,3,S200A1,PRISM,168.8470096,16.0567056,36.1987648,168.8470096,0.337001473,16.0223964,0.03204867,,,,,PRIMARYPARK_ALLCLOSED,,,NONE,,,,,,1,1,,,,1278720,c33df854491a59fdbb283d4b9d249346,/Date(1791397479599)/,61320.767125,/Date(1791397480257)/,61320.76713259259,86,/Date(1791967933000)/,61327.36959490741,False,False,False,6822098,mast:JWST/product/jw07793005001_03102_00001_nrs1_cal.fits,"GO-7793 Faherty, Jacqueline Kelly",CLEAR,NIRSPEC,2026-10-14 08:52:13.000,2025-10-13 10:50:04.017
261693203,jw07793005001_03102_00002_nrs1_rate.fits,jw07793005001_03102_00002,2b,02,NRS_S200A1_SLIT,jw07793_20261007t161112_pool.csv,jw07793-o005_20261007t161112_spec2_00004_asn.json,95.03034730441868,60961.46711102807,f,,,60961.46368462484,60961.46025822161,GO,,50,f,/Date(1791397439375)/,61320.766659444445,/Date(1760353863422)/,60961.466011840275,/Date(1760353271280)/,60961.45915833333,NRS1,0,0,592.142,584.25,116.85,OK,NRS_FIXEDSLIT,3,60961.46601182871,60961.46258508102,2,PRIME,60961.45915833333,2,CLEAR,1,1.429,SA3H020262,0,-15.71022009957901,12.79215431213379,1,293.7650169762478,/Date(1760352001216)/,60961.44445851852,/Date(1760351913152)/,60961.443439270835,0.0145311467,0.009611698798835278,0.0175968558,93.20974701549858,60961.46708995617,f,60961.46366355301,60961.46023714985,NIRSPEC,f,,NONE,0.0431,/Date(1663600099000)/,59841.63077546296,0.2902,7,,1,75,5,1,1,1,5,60963.448617685186,V07793005001P0000000003102,5,W1935-1546,STSCI,FINEGUIDE,"Faherty, Jacqueline Kelly",NRS_S200A1_SLIT,PRDOPSSOC-074,7793,-15.77231388888889,293.82807499999996,60959.58973319444,NRSRAPID,491,Stars and Stellar Populations,2026_2a,,1,1,SUBS200A1,,2048,64,1,1054,-15.772277182864874,293.82833181753887,CWISEP J193518.59-154620.3,f,J193518.59-154620.3,FIXED,0.0001,0.0001,JWST,NIRSpec Fixed Slit Spectroscopy,1.558,1.558,UTC,A Deep Dive Spectroscopic Study of an Auroral Emitting World,10,f,1,07793005001,/Date(1760355955900)/,60961.490230324074,03,SUCCESSFUL,PRIME_TARGETED_FIXED,/Date(1760351601856)/,60961.4398362963,5e-07,0.4403005,f,,,,,,MultiSlitModel,f,,,,,/Date(1760353271280)/,60961.45915833333,NIRSPEC,0.0,FIXEDSLIT,2025286T212742384_001_osf.xml,,,,,POINT,,2,,5-POINT-NOD,5,1,f,CALCULATED_TRACK_TR_202111,11.0,1,80.89082884777999,,,,,-15.771620684225937,293.82857398718,f,,Star,Brown dwarfs,GSC32,0.28582105314657563,13.380491050712537,576.46,,,,,,,,,,,,,POLYGON ICRS  293.828176197 -15.772586934 293.828841920 -15.771815690 293.828798845 -15.771781815 293.828133111 -15.772553052,3.0.0,RELEASE,jwst_1584.pmap,13.2.6,,3,S200A1,PRISM,168.8470096,16.0567056,36.1987648,168.8470096,0.337001473,16.0223964,0.03204867,,,,,PRIMARYPARK_ALLCLOSED,,,NONE,,,,,,1,1,,,,1278720,3989665b6198baa3e2a9ee009d3333fd,/Date(1791397480688)/,61320.76713756944,/Date(1791397481462)/,61320.7671465625,86,/Date(1791967935000)/,61327.369618055556,False,False,False,6822102,mast:JWST/product/jw07793005001_03102_00002_nrs1_cal.fits,"GO-7793 Faherty, Jacqueline Kelly",CLEAR,NIRSPEC,2026-10-14 08:52:15.000,2025-10-13 11:01:11.280
261693157,jw07793005001_03102_00003_nrs1_rate.fits,jw07793005001_03102_00003,2b,02,NRS_S200A1_SLIT,jw07793_20261007t161112_pool.csv,jw07793-o005_20261007t161112_spec2_00003_asn.json,94.96326735243201,60961.4748339438,f,,,60961.47140754057,60961.46798113736,GO,,50,f,/Date(1791397432932)/,61320.76658487268,/Date(1760354530749)/,60961.47373553241,/Date(1760353938607)/,60961.46688201389,NRS1,0,0,592.142,584.25,116.85,OK,NRS_FIXEDSLIT,3,60961.473735520834,60961.47030877315,3,PRIME,60961.46688202547,2,CLEAR,1,1.429,SA3H020262,0,-15.71022009957901,12.79215431213379,1,293.7650169762478,/Date(1760352001216)/,60961.44445851852,/Date(1760351913152)/,60961.443439270835,0.0145311467,0.009611698798835278,0.0175968558,93.14265386201441,60961.474812871755,f,60961.47138646859,60961.46796006544,NIRSPEC,f,,NONE,0.0431,/Date(1663600099000)/,59841.63077546296,0.2902,7,,1,75,5,1,1,1,5,60963.448617685186,V07793005001P0000000003102,5,W1935-1546,STSCI,FINEGUIDE,"Faherty, Jacqueline Kelly",NRS_S200A1_SLIT,PRDOPSSOC-074,7793,-15.77231388888889,293.82807499999996,60959.58973319444,NRSRAPID,491,Stars and Stellar Populations,2026_2a,,1,1,SUBS200A1,,2048,64,1,1054,-15.772277182611706,293.8283318193102,CWISEP J193518.59-154620.3,f,J193518.59-154620.3,FIXED,0.0001,0.0001,JWST,NIRSpec Fixed Slit Spectroscopy,1.558,1.558,UTC,A Deep Dive Spectroscopic Study of an Auroral Emitting World,10,f,1,07793005001,/Date(1760355955900)/,60961.490230324074,03,SUCCESSFUL,PRIME_TARGETED_FIXED,/Date(1760351601856)/,60961.4398362963,0.0,0.0,f,,,,,,MultiSlitModel,f,,,,,/Date(1760353938607)/,60961.46688201389,NIRSPEC,0.0,FIXEDSLIT,2025286T213151425_001_osf.xml,,,,,POINT,,3,,5-POINT-NOD,5,1,f,CALCULATED_TRACK_TR_202111,11.0,1,80.89082884777999,,,,,-15.77171492620677,293.82849196708514,f,,Star,Brown dwarfs,GSC32,0.41022917963193456,17.655366035262638,576.46,,,,,,,,,,,,,POLYGON ICRS  293.828094975 -15.772681040 293.828760699 -15.771909797 293.828717624 -15.771875922 293.828051889 -15.772647158,3.0.0,RELEASE,jwst_1584.pmap,13.2.6,,3,S200A1,PRISM,168.8470096,16.0567056,36.1987648,168.8470096,0.337001473,16.0223964,0.03204867,,,,,PRIMARYPARK_ALLCLOSED,,,NONE,,,,,,1,1,,,,1278720,959942431a98d33f7b50f8a3ba50d440,/Date(1791397473635)/,61320.767055972225,/Date(1791397475523)/,61320.7670778125,86,/Date(1791967914000)/,61327.369375,False,False,False,6822239,mast:JWST/product/jw07793005001_03102_00003_nrs1_cal.fits,"GO-7793 Faherty, Jacqueline Kelly",CLEAR,NIRSPEC,2026-10-14 08:51:54.000,2025-10-13 11:12:18.607
261693181,jw07793005001_03102_00004_nrs1_rate.fits,jw07793005001_03102_00004,2b,02,NRS_S200A1_SLIT,jw07793_20261007t161112_pool.csv,jw07793-o005_20261007t161112_spec2_00002_asn.json,94.8961867718026,60961.4825568711,f,,,60961.47913046788,60961.47570406466,GO,,50,f,/Date(1791397435539)/,61320.7666150463,/Date(1760355198077)/,60961.48145921296,/Date(1760354605935)/,60961.47460574074,NRS1,0,0,592.142,584.25,116.85,OK,NRS_FIXEDSLIT,3,60961.48145922454,60961.47803247685,4,PRIME,60961.47460572916,2,CLEAR,1,1.429,SA3H020262,0,-15.71022009957901,12.79215431213379,1,293.7650169762478,/Date(1760352001216)/,60961.44445851852,/Date(1760351913152)/,60961.443439270835,0.0145311467,0.009611698798835278,0.0175968558,93.07556007988751,60961.4825357989,f,60961.47910939575,60961.47568299259,NIRSPEC,f,,NONE,0.0431,/Date(1663600099000)/,59841.63077546296,0.2902,7,,1,75,5,1,1,1,5,60963.448617685186,V07793005001P0000000003102,5,W1935-1546,STSCI,FINEGUIDE,"Faherty, Jacqueline Kelly",NRS_S200A1_SLIT,PRDOPSSOC-074,7793,-15.77231388888889,293.82807499999996,60959.58973319444,NRSRAPID,491,Stars and Stellar Populations,2026_2a,,1,1,SUBS200A1,,2048,64,1,1054,-15.772277182358538,293.8283318210815,CWISEP J193518.59-154620.3,f,J193518.59-154620.3,FIXED,0.0001,0.0001,JWST,NIRSpec Fixed Slit Spectroscopy,1.558,1.558,UTC,A Deep Dive Spectroscopic Study of an Auroral Emitting World,10,f,1,07793005001,/Date(1760355955900)/,60961.490230324074,03,SUCCESSFUL,PRIME_TARGETED_FIXED,/Date(1760351601856)/,60961.4398362963,-8e-07,-0.6499007,f,,,,,,MultiSlitModel,f,,,,,/Date(1760354605935)/,60961.47460574074,NIRSPEC,0.0,FIXEDSLIT,2025286T213151425_001_osf.xml,,,,,POINT,,4,,5-POINT-NOD,5,1,f,CALCULATED_TRACK_TR_202111,11.0,1,80.89082884777999,,,,,-15.77185391735852,293.82837132184403,f,,Star,Brown dwarfs,GSC32,0.35326613959012765,15.815713952128073,576.46,,,,,,,,,,,,,POLYGON ICRS  293.827975132 -15.772819891 293.828640856 -15.772048648 293.828597781 -15.772014773 293.827932046 -15.772786009,3.0.0,RELEASE,jwst_1584.pmap,13.2.6,,3,S200A1,PRISM,168.8470096,16.0567056,36.1987648,168.8470096,0.337001473,16.0223964,0.03204867,,,,,PRIMARYPARK_ALLCLOSED,,,NONE,,,,,,1,1,,,,1278720,35900148b6dfb52d0182d0120b1d3e29,/Date(1791397476776)/,61320.76709231482,/Date(1791397478503)/,61320.76711230324,86,/Date(1791967935000)/,61327.369618055556,False,False,False,6822244,mast:JWST/product/jw07793005001_03102_00004_nrs1_cal.fits,"GO-7793 Faherty, Jacqueline Kelly",CLEAR,NIRSPEC,2026-10-14 08:52:15.000,2025-10-13 11:23:25.935
261693147,jw07793005001_03102_00005_nrs1_rate.fits,jw07793005001_03102_00005,2b,02,NRS_S200A1_SLIT,jw07793_20261007t161112_pool.csv,jw07793-o005_20261007t161112_spec2_00001_asn.json,94.82911184895784,60961.490279046164,f,,,60961.48685264295,60961.48342623972,GO,,50,f,/Date(1791397431634)/,61320.76656982639,/Date(1760355865340)/,60961.48918217592,/Date(1760355273198)/,60961.48232865741,NRS1,0,0,592.142,584.25,116.85,OK,NRS_FIXEDSLIT,3,60961.48918217592,60961.48575542824,5,PRIME,60961.482328680555,2,CLEAR,1,1.429,SA3H020262,0,-15.71022009957901,12.79215431213379,1,293.7650169762478,/Date(1760352001216)/,60961.44445851852,/Date(1760351913152)/,60961.443439270835,0.0145311467,0.009611698798835278,0.0175968558,93.00847258418798,60961.49025797381,f,60961.48683157066,60961.483405167506,NIRSPEC,f,,NONE,0.0431,/Date(1663600099000)/,59841.63077546296,0.2902,7,,1,75,5,1,1,1,5,60963.448617685186,V07793005001P0000000003102,5,W1935-1546,STSCI,FINEGUIDE,"Faherty, Jacqueline Kelly",NRS_S200A1_SLIT,PRDOPSSOC-074,7793,-15.77231388888889,293.82807499999996,60959.58973319444,NRSRAPID,491,Stars and Stellar Populations,2026_2a,,1,1,SUBS200A1,,2048,64,1,1054,-15.772277182105393,293.82833182285265,CWISEP J193518.59-154620.3,f,J193518.59-154620.3,FIXED,0.0001,0.0001,JWST,NIRSpec Fixed Slit Spectroscopy,1.558,1.558,UTC,A Deep Dive Spectroscopic Study of an Auroral Emitting World,10,f,1,07793005001,/Date(1760355955900)/,60961.490230324074,03,SUCCESSFUL,PRIME_TARGETED_FIXED,/Date(1760351601856)/,60961.4398362963,-1.5e-06,-1.1950013,f,,,,,,MultiSlitModel,f,,,,,/Date(1760355273198)/,60961.48232865741,NIRSPEC,0.0,FIXEDSLIT,2025286T214223259_001_osf.xml,,,,,POINT,,5,,5-POINT-NOD,5,1,f,CALCULATED_TRACK_TR_202111,11.0,1,80.89082884777999,,,,,-15.771970528070781,293.82826998948366,f,,Star,Brown dwarfs,GSC32,0.4428796953808048,20.117058750823993,576.46,,,,,,,,,,,,,POLYGON ICRS  293.827874600 -15.772936364 293.828540324 -15.772165121 293.828497249 -15.772131246 293.827831513 -15.772902482,3.0.0,RELEASE,jwst_1584.pmap,13.2.6,,3,S200A1,PRISM,168.8470096,16.0567056,36.1987648,168.8470096,0.337001473,16.0223964,0.03204867,,,,,PRIMARYPARK_ALLCLOSED,,,NONE,,,,,,1,1,,,,1278720,2d3dbc7a9a496a29ef496da60a2d824b,/Date(1791397473385)/,61320.76705307871,/Date(1791397473998)/,61320.76706013889,86,/Date(1791967892000)/,61327.36912037037,False,False,False,6822250,mast:JWST/product/jw07793005001_03102_00005_nrs1_cal.fits,"GO-7793 Faherty, Jacqueline Kelly",CLEAR,NIRSPEC,2026-10-14 08:51:32.000,2025-10-13 11:34:33.198
257564443,jw05553001001_02101_00001_nrs1_rate.fits,jw05553001001_02101_00001,2b,01,NRS_FULL_IFU,jw05553_20260927t074742_pool.csv,jw05553-o001_20260927t074742_spec2_00008_asn.json,263.48183441441506,60963.111524665175,f,,,60963.10721932238,60963.102913979565,GO,,54,f,/Date(1790504675436)/,61310.433743472226,/Date(1760495772319)/,60963.108475925925,/Date(1760495028286)/,60963.099864421296,NRS1,0,0,744.033,729.444,729.444,OK,NRS_IFU,1,60963.10847591435,60963.104170167826,1,PRIME,60963.099864421296,2,F100LP,8,1.0,SC8P000120,0,-16.17109858221729,12.72868633270264,1,316.9065363056098,/Date(1760494615520)/,60963.095087037036,/Date(1760494374881)/,60963.09230185185,0.0119880037,0.009861402213573456,0.0144595858,262.7936384640634,60963.11151669966,f,60963.10721135701,60963.102906014334,NIRSPEC,f,,NONE,0,,,0,8,,5,10,1,1,1,1,4,60963.448617685186,V05553001001P0000000002101,1,,STSCI,FINEGUIDE,"Lemon, Cameron",NRS_FULL_IFU,PRDOPSSOC-074,5553,-16.19253888888889,316.96820833333334,60959.58973319444,NRSIRS2,491,Supermassive Black Holes and Active Galaxies,2026_2a,,1,1,FULL,,2048,2048,1,1,-16.192538888888862,316.96820833333334,,f,PSJ2107-1611,FIXED,0.1,0.1,JWST,NIRSpec IFU Spectroscopy,14.58889,72.944,UTC,The first changing-multiplicity lensed quasar: a subparsec-scale probe of a quasar at Cosmic Noon,10,f,1,05553001001,/Date(1760502031321)/,60963.18091805556,02,SUCCESSFUL,PRIME_TARGETED_FIXED,/Date(1760492124131)/,60963.06625150463,-0.2328004,-0.0774004,f,,,,,,IFUImageModel,f,,,,,/Date(1760495028286)/,60963.099864421296,NIRSPEC PSJ2107-1611,0.0,IFU,2025288T171137074_002_osf.xml,,,,,EXTENDED,,1,SMALL,CYCLING,,,f,CALCULATED_TRACK_TR_202111,11.0,5,72.01718715529387,,,,,-16.191958872411046,316.9704045318483,f,,Galaxy,Quasars,GSC32,0.10596889729114103,0.6896567255761912,656.5,,,,,,,,,,,,,POLYGON ICRS  316.967576375 -16.193233658 316.968883972 -16.193233658 316.968883972 -16.191958612 316.967576375 -16.191958612,3.0.0,RELEASE,jwst_1584.pmap,13.2.6,,3,,G140M,165.599072,62.3626892,36.1379166,165.5876356,0.330500484,62.38556199999999,0.124453768,f,,,,,,,,16,4,1,,,,,,,,203068800,33c52c3834ba22137d343172cc9639b2,/Date(1790505567707)/,61310.4440706713,/Date(1790505848035)/,61310.44731523148,86,/Date(1792124782000)/,61329.18497685185,False,False,False,6825151,mast:JWST/product/jw05553001001_02101_00001_nrs1_cal.fits,"GO-5553 Lemon, Cameron",F100LP,NIRSPEC-F100LP,2026-10-16 04:26:22.000,2025-10-15 02:23:48.286
257564349,jw05553001001_02101_00002_nrs1_rate.fits,jw05553001001_02101_00002,2b,01,NRS_FULL_IFU,jw05553_20260927t074742_pool.csv,jw05553-o001_20260927t074742_spec2_00007_asn.json,263.4052267530933,60963.12098007475,f,,,60963.11667473198,60963.1123693892,GO,,54,f,/Date(1790504672906)/,61310.433714189814,/Date(1760496589343)/,60963.11793221065,/Date(1760495845310)/,60963.109320717595,NRS1,0,0,744.033,729.444,729.444,OK,NRS_IFU,1,60963.11793221065,60963.11362646412,2,PRIME,60963.109320717595,2,F100LP,8,1.0,SC8P000120,0,-16.17109858221729,12.72868633270264,1,316.9065363056098,/Date(1760494615520)/,60963.095087037036,/Date(1760494374881)/,60963.09230185185,0.0119880037,0.009861402213573456,0.0144595858,262.71700439974666,60963.12097210894,f,60963.116666766306,60963.112361423664,NIRSPEC,f,,NONE,0,,,0,8,,5,10,1,1,1,1,4,60963.448617685186,V05553001001P0000000002101,1,,STSCI,FINEGUIDE,"Lemon, Cameron",NRS_FULL_IFU,PRDOPSSOC-074,5553,-16.19253888888889,316.96820833333334,60959.58973319444,NRSIRS2,491,Supermassive Black Holes and Active Galaxies,2026_2a,,1,1,FULL,,2048,2048,1,1,-16.192538888888862,316.96820833333334,,f,PSJ2107-1611,FIXED,0.1,0.1,JWST,NIRSpec IFU Spectroscopy,14.58889,72.944,UTC,The first changing-multiplicity lensed quasar: a subparsec-scale probe of a quasar at Cosmic Noon,10,f,1,05553001001,/Date(1760502031321)/,60963.18091805556,02,SUCCESSFUL,PRIME_TARGETED_FIXED,/Date(1760492124131)/,60963.06625150463,0.1292004,0.1855004,f,,,,,,IFUImageModel,f,,,,,/Date(1760495845310)/,60963.109320717595,NIRSPEC PSJ2107-1611,0.0,IFU,2025288T171552837_002_osf.xml,,,,,EXTENDED,,2,SMALL,CYCLING,,,f,CALCULATED_TRACK_TR_202111,11.0,5,72.01718715529387,,,,,-16.191845435746234,316.9703527455469,f,,Galaxy,Quasars,GSC32,0.10544448217174555,0.6696824654884131,656.5,,,,,,,,,,,,,POLYGON ICRS  316.967525465 -16.193119975 316.968833067 -16.193119975 316.968833067 -16.191844926 316.967525465 -16.191844926,3.0.0,RELEASE,jwst_1584.pmap,13.2.6,,3,,G140M,165.599072,62.3626892,36.1379166,165.5876356,0.330500484,62.38556199999999,0.124453768,f,,,,,,,,16,4,1,,,,,,,,203068800,4e1999c9d7f104b521ce3944c39bc78e,/Date(1790505563488)/,61310.444021828705,/Date(1790505826232)/,61310.44706288195,86,/Date(1792124781000)/,61329.184965277775,False,False,False,6825161,mast:JWST/product/jw05553001001_02101_00002_nrs1_cal.fits,"GO-5553 Lemon, Cameron",F100LP,NIRSPEC-F100LP,2026-10-16 04:26:21.000,2025-10-15 02:37:25.310
257564576,jw05553001001_02101_00003_nrs1_rate.fits,jw05553001001_02101_00003,2b,01,NRS_FULL_IFU,jw05553_20260927t074742_pool.csv,jw05553-o001_20260927t074742_spec2_00006_asn.json,263.328620349057,60963.13043473203,f,,,60963.12612938929,60963.12182404653,GO,,54,f,/Date(1790504686211)/,61310.4338681713,/Date(1760497406302)/,60963.1273877662,/Date(1760496662269)/,60963.11877627315,NRS1,0,0,744.033,729.444,729.444,OK,NRS_IFU,1,60963.12738775463,60963.123082008104,3,PRIME,60963.118776261574,2,F100LP,8,1.0,SC8P000120,0,-16.17109858221729,12.72868633270264,1,316.9065363056098,/Date(1760494615520)/,60963.095087037036,/Date(1760494374881)/,60963.09230185185,0.0119880037,0.009861402213573456,0.0144595858,262.6403715927154,60963.130426765914,f,60963.12612142331,60963.12181608069,NIRSPEC,f,,NONE,0,,,0,8,,5,10,1,1,1,1,4,60963.448617685186,V05553001001P0000000002101,1,,STSCI,FINEGUIDE,"Lemon, Cameron",NRS_FULL_IFU,PRDOPSSOC-074,5553,-16.19253888888889,316.96820833333334,60959.58973319444,NRSIRS2,491,Supermassive Black Holes and Active Galaxies,2026_2a,,1,1,FULL,,2048,2048,1,1,-16.192538888888862,316.96820833333334,,f,PSJ2107-1611,FIXED,0.1,0.1,JWST,NIRSpec IFU Spectroscopy,14.58889,72.944,UTC,The first changing-multiplicity lensed quasar: a subparsec-scale probe of a quasar at Cosmic Noon,10,f,1,05553001001,/Date(1760502031321)/,60963.18091805556,02,SUCCESSFUL,PRIME_TARGETED_FIXED,/Date(1760492124131)/,60963.06625150463,-0.0259002,-0.1333002,f,,,,,,IFUImageModel,f,,,,,/Date(1760496662269)/,60963.11877627315,NIRSPEC PSJ2107-1611,0.0,IFU,2025288T171552837_002_osf.xml,,,,,EXTENDED,,3,SMALL,CYCLING,,,f,CALCULATED_TRACK_TR_202111,11.0,5,72.01718715529387,,,,,-16.191943763580827,316.9703428780252,f,,Galaxy,Quasars,GSC32,0.10903294878860618,0.6627822665489989,656.5,,,,,,,,,,,,,POLYGON ICRS  316.967516470 -16.193218036 316.968824072 -16.193218036 316.968824072 -16.191942987 316.967516470 -16.191942987,3.0.0,RELEASE,jwst_1584.pmap,13.2.6,,3,,G140M,165.599072,62.3626892,36.1379166,165.5876356,0.330500484,62.38556199999999,0.124453768,f,,,,,,,,16,4,1,,,,,,,,203068800,74e14c351d766abfc02d87dde82847ed,/Date(1790505569655)/,61310.44409324074,/Date(1790505888204)/,61310.44778012732,86,/Date(1792124759000)/,61329.18471064815,False,False,False,6825168,mast:JWST/product/jw05553001001_02101_00003_nrs1_cal.fits,"GO-5553 Lemon, Cameron",F100LP,NIRSPEC-F100LP,2026-10-16 04:25:59.000,2025-10-15 02:51:02.269
257565094,jw05553001001_02101_00004_nrs1_rate.fits,jw05553001001_02101_00004,2b,01,NRS_FULL_IFU,jw05553_20260927t074742_pool.csv,jw05553-o001_20260927t074742_spec2_00005_asn.json,263.2520032580942,60963.139890129925,f,,,60963.13558478721,60963.13127944448,GO,,54,f,/Date(1790504696600)/,61310.433988425924,/Date(1760498223325)/,60963.136844050925,/Date(1760497479292)/,60963.12823255787,NRS1,0,0,744.033,729.444,729.444,OK,NRS_IFU,1,60963.13684403935,60963.132538292826,4,PRIME,60963.128232546296,2,F100LP,8,1.0,SC8P000120,0,-16.17109858221729,12.72868633270264,1,316.9065363056098,/Date(1760494615520)/,60963.095087037036,/Date(1760494374881)/,60963.09230185185,0.0119880037,0.009861402213573456,0.0144595858,262.5637274701148,60963.1398821635,f,60963.135576820925,60963.13127147833,NIRSPEC,f,,NONE,0,,,0,8,,5,10,1,1,1,1,4,60963.448617685186,V05553001001P0000000002101,1,,STSCI,FINEGUIDE,"Lemon, Cameron",NRS_FULL_IFU,PRDOPSSOC-074,5553,-16.19253888888889,316.96820833333334,60959.58973319444,NRSIRS2,491,Supermassive Black Holes and Active Galaxies,2026_2a,,1,1,FULL,,2048,2048,1,1,-16.192538888888862,316.96820833333334,,f,PSJ2107-1611,FIXED,0.1,0.1,JWST,NIRSpec IFU Spectroscopy,14.58889,72.944,UTC,The first changing-multiplicity lensed quasar: a subparsec-scale probe of a quasar at Cosmic Noon,10,f,1,05553001001,/Date(1760502031321)/,60963.18091805556,02,SUCCESSFUL,PRIME_TARGETED_FIXED,/Date(1760492124131)/,60963.06625150463,-0.0775997,0.2415001,f,,,,,,IFUImageModel,f,,,,,/Date(1760497479292)/,60963.12823255787,NIRSPEC PSJ2107-1611,0.0,IFU,2025288T172141968_002_osf.xml,,,,,EXTENDED,,4,SMALL,CYCLING,,,f,CALCULATED_TRACK_TR_202111,11.0,5,72.01718715529387,,,,,-16.191862156257155,316.9704106155323,f,,Galaxy,Quasars,GSC32,0.10820710392606787,0.6457133533830794,656.5,,,,,,,,,,,,,POLYGON ICRS  316.967585075 -16.193136179 316.968892677 -16.193136179 316.968892677 -16.191861130 316.967585075 -16.191861130,3.0.0,RELEASE,jwst_1584.pmap,13.2.6,,3,,G140M,165.599072,62.3626892,36.1379166,165.5876356,0.330500484,62.38556199999999,0.124453768,f,,,,,,,,16,4,1,,,,,,,,203068800,c2498237963bd12c37c59a75cd9a624b,/Date(1790505583826)/,61310.44425724537,/Date(1790506041953)/,61310.4495596412,86,/Date(1792124750000)/,61329.18460648148,False,False,False,6825178,mast:JWST/product/jw05553001001_02101_00004_nrs1_cal.fits,"GO-5553 Lemon, Cameron",F100LP,NIRSPEC-F100LP,2026-10-16 04:25:50.000,2025-10-15 03:04:39.292
257564454,jw05553001001_04101_00001_nrs1_rate.fits,jw05553001001_04101_00001,2b,01,NRS_FULL_IFU,jw05553_20260927t074742_pool.csv,jw05553-o001_20260927t074742_spec2_00004_asn.json,263.145668967627,60963.153011850525,f,,,60963.14870650784,60963.14440116515,GO,,54,f,/Date(1790504673225)/,61310.43371789352,/Date(1760499357148)/,60963.14996696759,/Date(1760498613115)/,60963.14135550926,NRS1,0,0,744.033,729.444,729.444,OK,NRS_IFU,9,60963.14996699074,60963.14566124421,1,PRIME,60963.14135549768,2,F170LP,8,1.0,SC8P000120,0,-16.17109858221729,12.72868633270264,1,316.9065363056098,/Date(1760494615520)/,60963.095087037036,/Date(1760494374881)/,60963.09230185185,0.0119880037,0.009861402213573456,0.0144595858,262.4573567183688,60963.15300388367,f,60963.148698541125,60963.14439319857,NIRSPEC,f,,NONE,0,,,0,8,,5,10,1,1,1,1,4,60963.448617685186,V05553001001P0000000004101,1,,STSCI,FINEGUIDE,"Lemon, Cameron",NRS_FULL_IFU,PRDOPSSOC-074,5553,-16.19253888888889,316.96820833333334,60959.58973319444,NRSIRS2,491,Supermassive Black Holes and Active Galaxies,2026_2a,,1,1,FULL,,2048,2048,1,1,-16.192538888888862,316.96820833333334,,f,PSJ2107-1611,FIXED,0.1,0.1,JWST,NIRSpec IFU Spectroscopy,14.58889,72.944,UTC,The first changing-multiplicity lensed quasar: a subparsec-scale probe of a quasar at Cosmic Noon,10,f,1,05553001001,/Date(1760502031321)/,60963.18091805556,04,SUCCESSFUL,PRIME_TARGETED_FIXED,/Date(1760492124131)/,60963.06625150463,-0.2328004,-0.0774004,f,,,,,,IFUImageModel,f,,,,,/Date(1760498613115)/,60963.14135550926,NIRSPEC PSJ2107-1611,0.0,IFU,2025288T172141968_002_osf.xml,,,,,EXTENDED,,1,SMALL,CYCLING,,,f,CALCULATED_TRACK_TR_202111,11.0,5,72.01718715529387,,,,,-16.191960595246528,316.97040032725374,f,,Galaxy,Quasars,GSC32,0.10915933137970704,0.6838460317324739,656.5,,,,,,,,,,,,,POLYGON ICRS  316.967576487 -16.193230715 316.968883501 -16.193230715 316.968883501 -16.191954179 316.967576487 -16.191954179,3.0.0,RELEASE,jwst_1584.pmap,13.2.6,,3,,G235M,159.1718152,69.28171119999999,36.1428452,159.25187,0.317703843,69.2588384,0.1382997,f,,,,,,,,16,4,1,,,,,,,,203068800,8d25a5a9453f451a18efe3800dda6148,/Date(1790505568092)/,61310.444075150466,/Date(1790505854946)/,61310.447395208335,86,/Date(1792124761000)/,61329.1847337963,False,False,False,6825185,mast:JWST/product/jw05553001001_04101_00001_nrs1_cal.fits,"GO-5553 Lemon, Cameron",F170LP,NIRSPEC-F170LP,2026-10-16 04:26:01.000,2025-10-15 03:23:33.115
257564477,jw05553001001_04101_00002_nrs1_rate.fits,jw05553001001_04101_00002,2b,01,NRS_FULL_IFU,jw05553_20260927t074742_pool.csv,jw05553-o001_20260927t074742_spec2_00003_asn.json,263.0690393038094,60963.16246724828,f,,,60963.15816190562,60963.15385656295,GO,,54,f,/Date(1790504672999)/,61310.43371527778,/Date(1760500174171)/,60963.15942326389,/Date(1760499430138)/,60963.15081175926,NRS1,0,0,744.033,729.444,729.444,OK,NRS_IFU,9,60963.159423275465,60963.155117528935,2,PRIME,60963.150811782405,2,F170LP,8,1.0,SC8P000120,0,-16.17109858221729,12.72868633270264,1,316.9065363056098,/Date(1760494615520)/,60963.095087037036,/Date(1760494374881)/,60963.09230185185,0.0119880037,0.009861402213573456,0.0144595858,262.38070065155625,60963.16245928112,f,60963.1581539386,60963.15384859607,NIRSPEC,f,,NONE,0,,,0,8,,5,10,1,1,1,1,4,60963.448617685186,V05553001001P0000000004101,1,,STSCI,FINEGUIDE,"Lemon, Cameron",NRS_FULL_IFU,PRDOPSSOC-074,5553,-16.19253888888889,316.96820833333334,60959.58973319444,NRSIRS2,491,Supermassive Black Holes and Active Galaxies,2026_2a,,1,1,FULL,,2048,2048,1,1,-16.192538888888862,316.96820833333334,,f,PSJ2107-1611,FIXED,0.1,0.1,JWST,NIRSpec IFU Spectroscopy,14.58889,72.944,UTC,The first changing-multiplicity lensed quasar: a subparsec-scale probe of a quasar at Cosmic Noon,10,f,1,05553001001,/Date(1760502031321)/,60963.18091805556,04,SUCCESSFUL,PRIME_TARGETED_FIXED,/Date(1760492124131)/,60963.06625150463,0.1292004,0.1855004,f,,,,,,IFUImageModel,f,,,,,/Date(1760499430138)/,60963.15081175926,NIRSPEC PSJ2107-1611,0.0,IFU,2025288T172539657_002_osf.xml,,,,,EXTENDED,,2,SMALL,CYCLING,,,f,CALCULATED_TRACK_TR_202111,11.0,5,72.01718715529387,,,,,-16.19184649487404,316.9703487962855,f,,Galaxy,Quasars,GSC32,0.1085219708987243,0.6990991030722317,656.5,,,,,,,,,,,,,POLYGON ICRS  316.967525835 -16.193116368 316.968832848 -16.193116368 316.968832848 -16.191839831 316.967525835 -16.191839831,3.0.0,RELEASE,jwst_1584.pmap,13.2.6,,3,,G235M,159.1718152,69.28171119999999,36.1428452,159.25187,0.317703843,69.2588384,0.1382997,f,,,,,,,,16,4,1,,,,,,,,203068800,10886d091a1c7446ce34ec7f1b317fdb,/Date(1790505568844)/,61310.44408383102,/Date(1790505862916)/,61310.447487453705,86,/Date(1792124880000)/,61329.186111111114,False,False,False,6825196,mast:JWST/product/jw05553001001_04101_00002_nrs1_cal.fits,"GO-5553 Lemon, Cameron",F170LP,NIRSPEC-F170LP,2026-10-16 04:28:00.000,2025-10-15 03:37:10.138
257563248,jw05553001001_04101_00003_nrs1_rate.fits,jw05553001001_04101_00003,2b,01,NRS_FULL_IFU,jw05553_20260927t074742_pool.csv,jw05553-o001_20260927t074742_spec2_00002_asn.json,262.98830460291356,60963.17242852444,f,,,60963.168123181815,60963.16381783917,GO,,54,f,/Date(1790504690632)/,61310.43391936342,/Date(1760501034906)/,60963.16938548611,/Date(1760500290873)/,60963.160773993055,NRS1,0,0,744.033,729.444,729.444,OK,NRS_IFU,9,60963.16938548611,60963.165079739585,3,PRIME,60963.160773993055,2,F170LP,8,1.0,SC8P000120,0,-16.17109858221729,12.72868633270264,1,316.9065363056098,/Date(1760494615520)/,60963.095087037036,/Date(1760494374881)/,60963.09230185185,0.0119880037,0.009861402213573456,0.0144595858,262.29993829037994,60963.172420556955,f,60963.168115214474,60963.16380987197,NIRSPEC,f,,NONE,0,,,0,8,,5,10,1,1,1,1,4,60963.448617685186,V05553001001P0000000004101,1,,STSCI,FINEGUIDE,"Lemon, Cameron",NRS_FULL_IFU,PRDOPSSOC-074,5553,-16.19253888888889,316.96820833333334,60959.58973319444,NRSIRS2,491,Supermassive Black Holes and Active Galaxies,2026_2a,,1,1,FULL,,2048,2048,1,1,-16.192538888888862,316.96820833333334,,f,PSJ2107-1611,FIXED,0.1,0.1,JWST,NIRSpec IFU Spectroscopy,14.58889,72.944,UTC,The first changing-multiplicity lensed quasar: a subparsec-scale probe of a quasar at Cosmic Noon,10,f,1,05553001001,/Date(1760502031321)/,60963.18091805556,04,SUCCESSFUL,PRIME_TARGETED_FIXED,/Date(1760492124131)/,60963.06625150463,-0.0259002,-0.1333002,f,,,,,,IFUImageModel,f,,,,,/Date(1760500290873)/,60963.160773993055,NIRSPEC PSJ2107-1611,0.0,IFU,2025288T172952714_002_osf.xml,,,,,EXTENDED,,3,SMALL,CYCLING,,,f,CALCULATED_TRACK_TR_202111,11.0,5,72.01718715529387,,,,,-16.191944846188502,316.9703388888736,f,,Galaxy,Quasars,GSC32,0.11080121555892239,0.6776721695235244,656.5,,,,,,,,,,,,,POLYGON ICRS  316.967516847 -16.193214438 316.968823861 -16.193214438 316.968823861 -16.191937902 316.967516847 -16.191937902,3.0.0,RELEASE,jwst_1584.pmap,13.2.6,,3,,G235M,159.1718152,69.28171119999999,36.1428452,159.25187,0.317703843,69.2588384,0.1382997,f,,,,,,,,16,4,1,,,,,,,,203068800,995dcd3ab10e51b2789bf3a779a2a3d2,/Date(1790505192779)/,61310.43973125,/Date(1790505529134)/,61310.443624224536,86,/Date(1792124923000)/,61329.1866087963,False,False,False,6825202,mast:JWST/product/jw05553001001_04101_00003_nrs1_cal.fits,"GO-5553 Lemon, Cameron",F170LP,NIRSPEC-F170LP,2026-10-16 04:28:43.000,2025-10-15 03:51:30.873
257564466,jw05553001001_04101_00004_nrs1_rate.fits,jw05553001001_04101_00004,2b,01,NRS_FULL_IFU,jw05553_20260927t074742_pool.csv,jw05553-o001_20260927t074742_spec2_00001_asn.json,262.91166488081217,60963.18188392207,f,,,60963.17757857948,60963.17327323686,GO,,54,f,/Date(1790504678797)/,61310.43378236111,/Date(1760501851929)/,60963.17884178241,/Date(1760501107896)/,60963.17023027778,NRS1,0,0,744.033,729.444,729.444,OK,NRS_IFU,9,60963.17884177083,60963.17453602431,4,PRIME,60963.17023027778,2,F170LP,8,1.0,SC8P000120,0,-16.17109858221729,12.72868633270264,1,316.9065363056098,/Date(1760494615520)/,60963.095087037036,/Date(1760494374881)/,60963.09230185185,0.0119880037,0.009861402213573456,0.0144595858,262.22327216528356,60963.18187595429,f,60963.17757061183,60963.17326526935,NIRSPEC,f,,NONE,0,,,0,8,,5,10,1,1,1,1,4,60963.448617685186,V05553001001P0000000004101,1,,STSCI,FINEGUIDE,"Lemon, Cameron",NRS_FULL_IFU,PRDOPSSOC-074,5553,-16.19253888888889,316.96820833333334,60959.58973319444,NRSIRS2,491,Supermassive Black Holes and Active Galaxies,2026_2a,,1,1,FULL,,2048,2048,1,1,-16.192538888888862,316.96820833333334,,f,PSJ2107-1611,FIXED,0.1,0.1,JWST,NIRSpec IFU Spectroscopy,14.58889,72.944,UTC,The first changing-multiplicity lensed quasar: a subparsec-scale probe of a quasar at Cosmic Noon,10,f,1,05553001001,/Date(1760502031321)/,60963.18091805556,04,SUCCESSFUL,PRIME_TARGETED_FIXED,/Date(1760492124131)/,60963.06625150463,-0.0775997,0.2415001,f,,,,,,IFUImageModel,f,,,,,/Date(1760501107896)/,60963.17023027778,NIRSPEC PSJ2107-1611,0.0,IFU,2025288T172952714_002_osf.xml,,,,,EXTENDED,,4,SMALL,CYCLING,,,f,CALCULATED_TRACK_TR_202111,11.0,5,72.01718715529387,,,,,-16.191863231066616,316.97040660958424,f,,Galaxy,Quasars,GSC32,0.10682706413818502,0.6250127565648368,656.5,,,,,,,,,,,,,POLYGON ICRS  316.967585436 -16.193132574 316.968892449 -16.193132574 316.968892449 -16.191856037 316.967585436 -16.191856037,3.0.0,RELEASE,jwst_1584.pmap,13.2.6,,3,,G235M,159.1718152,69.28171119999999,36.1428452,159.25187,0.317703843,69.2588384,0.1382997,f,,,,,,,,16,4,1,,,,,,,,203068800,22dad1e94a970bcacbab8d72fef8d9d6,/Date(1790505568471)/,61310.44407951389,/Date(1790505859557)/,61310.44744856482,86,/Date(1792124945000)/,61329.18686342592,False,False,False,6825213,mast:JWST/product/jw05553001001_04101_00004_nrs1_cal.fits,"GO-5553 Lemon, Cameron",F170LP,NIRSPEC-F170LP,2026-10-16 04:29:05.000,2025-10-15 04:05:07.896
243762714,jw09254010001_03102_00001_nrs1_rate.fits,jw09254010001_03102_00001,2b,02,NRS_S400A1_SLIT,jw09254_20260717t194757_pool.csv,jw09254-o010_20260717t194757_spec2_00006_asn.json,379.12125445436686,60963.66277737408,f,,,60963.656698700106,60963.65062002609,GO,6133,58,f,/Date(1784339951435)/,61239.08277125,/Date(1760543284849)/,60963.65838946759,/Date(1760542234449)/,60963.646232060186,NRS1,0,0,1050.4,1021.222,510.611,OK,NRS_FIXEDSLIT,3,60963.65838945602,60963.65231075232,1,PRIME,60963.64623204861,2,CLEAR,1,1.0,S352018084,0,-39.80246224433203,15.12722015380859,1,39.75576135734522,/Date(1760541421491)/,60963.63682280092,/Date(1760541181875)/,60963.63404949074,0.0433801375,0.03781716525554657,0.0364307463,380.79208438284695,60963.66279671209,f,60963.65671803827,60963.6506393644,NIRSPEC,f,,NONE,0,,,0,8,,1,35,2,1,1,1,6,60966.94660236111,V09254010001P0000000003102,10,,STSCI,FINEGUIDE,"Gompertz, Benjamin Paul",NRS_S400A1_SLIT,PRDOPSSOC-073,9254,-39.69460833333333,39.80235,60963.461091875,NRSIRS2RAPID,491,,2026_1b,,1,1,FULL,,2048,2048,1,1,-39.69460833333335,39.802350000000004,,t,GRB250910A,FIXED,0.02,0.02,JWST,NIRSpec Fixed Slit Spectroscopy,14.58889,14.589,UTC,Identifying the progenitors of a complete sample of long gamma-ray bursts,10,f,1,09254010001,/Date(1760548865964)/,60963.72298568287,03,SUCCESSFUL,PRIME_TARGETED_FIXED,/Date(1760538425270)/,60963.6021443287,1.3e-06,1.0106011,f,,,,,,MultiSlitModel,f,,,,,/Date(1760542234449)/,60963.646232060186,,0.000527762921708023,FIXEDSLIT,2025288T201601515_002_osf.xml,,,,,UNKNOWN,,1,,3-POINT-NOD,3,2,f,CALCULATED_TRACK_TR_202111,11.0,5,333.0215883303606,,,,,-39.69207355965792,39.80884911013662,f,,Star,Gamma Ray bursters,GSC32,0.08650415681879126,0.3753934476787917,992.045,,,,,,,,,,,,,POLYGON ICRS  39.806169071 -39.693743249 39.804959395 -39.693370364 39.804934041 -39.693420222 39.806143714 -39.693793119 POLYGON ICRS  39.802323380 -39.698434466 39.801103568 -39.698057071 39.801078092 -39.698107300 39.802297901 -39.698484708 POLYGON ICRS  39.802751784 -39.694716990 39.801363126 -39.694288418 39.801311227 -39.694390547 39.802699878 -39.694819149 POLYGON ICRS  39.801664879 -39.693437154 39.801072617 -39.693254485 39.800862283 -39.693668201 39.801454532 -39.693850921,2.0.1,RELEASE,jwst_1535.pmap,13.1.13,,3,S400A1,PRISM,167.5775692,16.1596332,36.1773643,167.5661328,0.334492326,16.1710696,0.0322767757,,,,,PRIMARYPARK_ALLCLOSED,,,SPATIAL,16,4,,,,1,1,,,,3487680,2dd4c1f061bda53fd89584e626e3e49b,/Date(1784340423497)/,61239.08823490741,/Date(1784340573724)/,61239.08997364583,86,/Date(1792163386000)/,61329.63178240741,False,False,False,6827088,mast:JWST/product/jw09254010001_03102_00001_nrs1_cal.fits,"GO-9254 Gompertz, Benjamin Paul",CLEAR,NIRSPEC,2026-10-16 15:09:46.000,2025-10-15 15:30:34.449
243762616,jw09254010001_03102_00002_nrs1_rate.fits,jw09254010001_03102_00002,2b,02,NRS_S400A1_SLIT,jw09254_20260717t194757_pool.csv,jw09254-o010_20260717t194757_spec2_00005_asn.json,379.1159776272252,60963.67527211608,f,,,60963.66919344219,60963.66311476826,GO,6133,58,f,/Date(1784339947745)/,61239.08272854167,/Date(1760544364400)/,60963.670884259256,/Date(1760543314000)/,60963.65872685185,NRS1,0,0,1050.4,1021.222,510.611,OK,NRS_FIXEDSLIT,3,60963.670884259256,60963.664805555556,2,PRIME,60963.65872685185,2,CLEAR,1,1.0,S352018084,0,-39.80246224433203,15.12722015380859,1,39.75576135734522,/Date(1760541421491)/,60963.63682280092,/Date(1760541181875)/,60963.63404949074,0.0433801375,0.03781716525554657,0.0364307463,380.7867805240676,60963.67529145377,f,60963.66921278004,60963.66313410625,NIRSPEC,f,,NONE,0,,,0,8,,1,35,2,1,1,1,6,60966.94660236111,V09254010001P0000000003102,10,,STSCI,FINEGUIDE,"Gompertz, Benjamin Paul",NRS_S400A1_SLIT,PRDOPSSOC-073,9254,-39.69460833333333,39.80235,60963.461091875,NRSIRS2RAPID,491,,2026_1b,,1,1,FULL,,2048,2048,1,1,-39.69460833333335,39.802350000000004,,t,GRB250910A,FIXED,0.02,0.02,JWST,NIRSpec Fixed Slit Spectroscopy,14.58889,14.589,UTC,Identifying the progenitors of a complete sample of long gamma-ray bursts,10,f,1,09254010001,/Date(1760548865964)/,60963.72298568287,03,SUCCESSFUL,PRIME_TARGETED_FIXED,/Date(1760538425270)/,60963.6021443287,1.2e-06,0.9584011,f,,,,,,MultiSlitModel,f,,,,,/Date(1760543314000)/,60963.65872685185,,-0.00348081578790341,FIXEDSLIT,2025288T201601515_002_osf.xml,,,,,UNKNOWN,,2,,3-POINT-NOD,3,2,f,CALCULATED_TRACK_TR_202111,11.0,5,333.0215883303606,,,,,-39.69207981831099,39.808867097660254,f,,Star,Gamma Ray bursters,GSC32,0.08436595227077703,0.3710675308681526,992.045,,,,,,,,,,,,,POLYGON ICRS  39.806186557 -39.693748606 39.804976880 -39.693375722 39.804951526 -39.693425579 39.806161199 -39.693798476 POLYGON ICRS  39.802340866 -39.698439824 39.801121054 -39.698062429 39.801095578 -39.698112658 39.802315387 -39.698490066 POLYGON ICRS  39.802769269 -39.694722347 39.801380611 -39.694293776 39.801328712 -39.694395905 39.802717363 -39.694824506 POLYGON ICRS  39.801682364 -39.693442511 39.801090102 -39.693259843 39.800879768 -39.693673559 39.801472017 -39.693856279,2.0.1,RELEASE,jwst_1535.pmap,13.1.13,,3,S400A1,PRISM,167.5775692,16.1596332,36.1773643,167.5661328,0.334492326,16.1710696,0.0322767757,,,,,PRIMARYPARK_ALLCLOSED,,,SPATIAL,16,4,,,,2,1,,,,3487680,e11bd89a1eae0dbec93c5167d27795a8,/Date(1784340417833)/,61239.08816936343,/Date(1784340542681)/,61239.089614351855,86,/Date(1792163412000)/,61329.63208333333,False,False,False,6827086,mast:JWST/product/jw09254010001_03102_00002_nrs1_cal.fits,"GO-9254 Gompertz, Benjamin Paul",CLEAR,NIRSPEC,2026-10-16 15:10:12.000,2025-10-15 15:48:34.000
243762296,jw09254010001_03102_00003_nrs1_rate.fits,jw09254010001_03102_00003,2b,02,NRS_S400A1_SLIT,jw09254_20260717t194757_pool.csv,jw09254-o010_20260717t194757_spec2_00004_asn.json,379.11047134548426,60963.68827426283,f,,,60963.68219558902,60963.67611691518,GO,6133,58,f,/Date(1784339948765)/,61239.08274034722,/Date(1760545487791)/,60963.68388645833,/Date(1760544437391)/,60963.671729050926,NRS1,0,0,1050.4,1021.222,510.611,OK,NRS_FIXEDSLIT,3,60963.68388646991,60963.6778077662,3,PRIME,60963.6717290625,2,CLEAR,1,1.0,S352018084,0,-39.80246224433203,15.12722015380859,1,39.75576135734522,/Date(1760541421491)/,60963.63682280092,/Date(1760541181875)/,60963.63404949074,0.0433801375,0.03781716525554657,0.0364307463,380.78124658204615,60963.6882936002,f,60963.68221492654,60963.676136252856,NIRSPEC,f,,NONE,0,,,0,8,,1,35,2,1,1,1,6,60966.94660236111,V09254010001P0000000003102,10,,STSCI,FINEGUIDE,"Gompertz, Benjamin Paul",NRS_S400A1_SLIT,PRDOPSSOC-073,9254,-39.69460833333333,39.80235,60963.461091875,NRSIRS2RAPID,491,,2026_1b,,1,1,FULL,,2048,2048,1,1,-39.69460833333335,39.802350000000004,,t,GRB250910A,FIXED,0.02,0.02,JWST,NIRSpec Fixed Slit Spectroscopy,14.58889,14.589,UTC,Identifying the progenitors of a complete sample of long gamma-ray bursts,10,f,1,09254010001,/Date(1760548865964)/,60963.72298568287,03,SUCCESSFUL,PRIME_TARGETED_FIXED,/Date(1760538425270)/,60963.6021443287,0.0,0.0261,f,,,,,,MultiSlitModel,f,,,,,/Date(1760544437391)/,60963.671729050926,,0.005481658191038064,FIXEDSLIT,2025288T202642272_001_osf.xml,,,,,UNKNOWN,,3,,3-POINT-NOD,3,2,f,CALCULATED_TRACK_TR_202111,11.0,5,333.0215883303606,,,,,-39.69217729988836,39.809180210773214,f,,Star,Gamma Ray bursters,GSC32,0.08441473899925259,0.37563377639049383,992.045,,,,,,,,,,,,,POLYGON ICRS  39.806499151 -39.693845160 39.805289472 -39.693472277 39.805264118 -39.693522135 39.806473793 -39.693895030 POLYGON ICRS  39.802653468 -39.698536384 39.801433653 -39.698158991 39.801408177 -39.698209220 39.802627989 -39.698586626 POLYGON ICRS  39.803081862 -39.694818907 39.801693201 -39.694390337 39.801641301 -39.694492467 39.803029955 -39.694921066 POLYGON ICRS  39.801994951 -39.693539072 39.801402688 -39.693356405 39.801192355 -39.693770121 39.801784605 -39.693952840,2.0.1,RELEASE,jwst_1535.pmap,13.1.13,,3,S400A1,PRISM,167.5775692,16.1596332,36.1773643,167.5661328,0.334492326,16.1710696,0.0322767757,,,,,PRIMARYPARK_ALLCLOSED,,,SPATIAL,16,4,,,,1,1,,,,3487680,e6f361a236357d286c93689571a5d569,/Date(1784340372445)/,61239.087644050924,/Date(1784340458597)/,61239.08864115741,86,/Date(1792163386000)/,61329.63178240741,False,False,False,6827094,mast:JWST/product/jw09254010001_03102_00003_nrs1_cal.fits,"GO-9254 Gompertz, Benjamin Paul",CLEAR,NIRSPEC,2026-10-16 15:09:46.000,2025-10-15 16:07:17.391
243762696,jw09254010001_03102_00004_nrs1_rate.fits,jw09254010001_03102_00004,2b,02,NRS_S400A1_SLIT,jw09254_20260717t194757_pool.csv,jw09254-o010_20260717t194757_spec2_00003_asn.json,379.10516497213393,60963.700769745235,f,,,60963.694691071505,60963.688612397746,GO,6133,58,f,/Date(1784339946513)/,61239.08271427084,/Date(1760546567406)/,60963.69638201389,/Date(1760545517006)/,60963.684224606484,NRS1,0,0,1050.4,1021.222,510.611,OK,NRS_FIXEDSLIT,3,60963.69638201389,60963.690303310184,4,PRIME,60963.684224606484,2,CLEAR,1,1.0,S352018084,0,-39.80246224433203,15.12722015380859,1,39.75576135734522,/Date(1760541421491)/,60963.63682280092,/Date(1760541181875)/,60963.63404949074,0.0433801375,0.03781716525554657,0.0364307463,380.77591254841536,60963.700789082286,f,60963.69471040871,60963.6886317351,NIRSPEC,f,,NONE,0,,,0,8,,1,35,2,1,1,1,6,60966.94660236111,V09254010001P0000000003102,10,,STSCI,FINEGUIDE,"Gompertz, Benjamin Paul",NRS_S400A1_SLIT,PRDOPSSOC-073,9254,-39.69460833333333,39.80235,60963.461091875,NRSIRS2RAPID,491,,2026_1b,,1,1,FULL,,2048,2048,1,1,-39.69460833333335,39.802350000000004,,t,GRB250910A,FIXED,0.02,0.02,JWST,NIRSpec Fixed Slit Spectroscopy,14.58889,14.589,UTC,Identifying the progenitors of a complete sample of long gamma-ray bursts,10,f,1,09254010001,/Date(1760548865964)/,60963.72298568287,03,SUCCESSFUL,PRIME_TARGETED_FIXED,/Date(1760538425270)/,60963.6021443287,0.0,-0.0261,f,,,,,,MultiSlitModel,f,,,,,/Date(1760545517006)/,60963.684224606484,,0.006114986430339726,FIXEDSLIT,2025288T202224609_003_osf.xml,,,,,UNKNOWN,,4,,3-POINT-NOD,3,2,f,CALCULATED_TRACK_TR_202111,11.0,5,333.0215883303606,,,,,-39.69218350671836,39.80919815263327,f,,Star,Gamma Ray bursters,GSC32,0.0844056065082079,0.3616947111117679,992.045,,,,,,,,,,,,,POLYGON ICRS  39.806516591 -39.693850464 39.805306912 -39.693477582 39.805281558 -39.693527440 39.806491233 -39.693900335 POLYGON ICRS  39.802670910 -39.698541689 39.801451095 -39.698164296 39.801425619 -39.698214526 39.802645431 -39.698591931 POLYGON ICRS  39.803099302 -39.694824212 39.801710641 -39.694395643 39.801658741 -39.694497772 39.803047396 -39.694926371 POLYGON ICRS  39.802012391 -39.693544378 39.801420128 -39.693361710 39.801209794 -39.693775427 39.801802045 -39.693958146,2.0.1,RELEASE,jwst_1535.pmap,13.1.13,,3,S400A1,PRISM,167.5775692,16.1596332,36.1773643,167.5661328,0.334492326,16.1710696,0.0322767757,,,,,PRIMARYPARK_ALLCLOSED,,,SPATIAL,16,4,,,,2,1,,,,3487680,296f853216600177c75a6f3beafd0e4f,/Date(1784340422595)/,61239.08822449074,/Date(1784340569857)/,61239.08992888889,86,/Date(1792163366000)/,61329.63155092593,False,False,False,6827096,mast:JWST/product/jw09254010001_03102_00004_nrs1_cal.fits,"GO-9254 Gompertz, Benjamin Paul",CLEAR,NIRSPEC,2026-10-16 15:09:26.000,2025-10-15 16:25:17.006
243762625,jw09254010001_03102_00005_nrs1_rate.fits,jw09254010001_03102_00005,2b,02,NRS_S400A1_SLIT,jw09254_20260717t194757_pool.csv,jw09254-o010_20260717t194757_spec2_00002_asn.json,379.0996278868988,60963.71377115088,f,,,60963.70769247724,60963.70161380356,GO,6133,58,f,/Date(1784339947333)/,61239.082723761574,/Date(1760547690733)/,60963.709383483794,/Date(1760546640333)/,60963.69722607639,NRS1,0,0,1050.4,1021.222,510.611,OK,NRS_FIXEDSLIT,3,60963.709383483794,60963.703304780094,5,PRIME,60963.69722607639,2,CLEAR,1,1.0,S352018084,0,-39.80246224433203,15.12722015380859,1,39.75576135734522,/Date(1760541421491)/,60963.63682280092,/Date(1760541181875)/,60963.63404949074,0.0433801375,0.03781716525554657,0.0364307463,380.7703478028998,60963.71379048761,f,60963.707711814124,60963.7016331406,NIRSPEC,f,,NONE,0,,,0,8,,1,35,2,1,1,1,6,60966.94660236111,V09254010001P0000000003102,10,,STSCI,FINEGUIDE,"Gompertz, Benjamin Paul",NRS_S400A1_SLIT,PRDOPSSOC-073,9254,-39.69460833333333,39.80235,60963.461091875,NRSIRS2RAPID,491,,2026_1b,,1,1,FULL,,2048,2048,1,1,-39.69460833333335,39.802350000000004,,t,GRB250910A,FIXED,0.02,0.02,JWST,NIRSpec Fixed Slit Spectroscopy,14.58889,14.589,UTC,Identifying the progenitors of a complete sample of long gamma-ray bursts,10,f,1,09254010001,/Date(1760548865964)/,60963.72298568287,03,SUCCESSFUL,PRIME_TARGETED_FIXED,/Date(1760538425270)/,60963.6021443287,-1.5e-06,-1.1691013,f,,,,,,MultiSlitModel,f,,,,,/Date(1760546640333)/,60963.69722607639,,-0.00106483666981327,FIXEDSLIT,2025288T203640965_002_osf.xml,,,,,UNKNOWN,,5,,3-POINT-NOD,3,2,f,CALCULATED_TRACK_TR_202111,11.0,5,333.0215883303606,,,,,-39.69230274580906,39.8095818328173,f,,Star,Gamma Ray bursters,GSC32,0.09041742923143771,0.3900534990926241,992.045,,,,,,,,,,,,,POLYGON ICRS  39.806899754 -39.693968776 39.805690071 -39.693595897 39.805664717 -39.693645754 39.806874396 -39.694018646 POLYGON ICRS  39.803054085 -39.698660010 39.801834266 -39.698282620 39.801808791 -39.698332850 39.803028607 -39.698710252 POLYGON ICRS  39.803482463 -39.694942532 39.802093797 -39.694513966 39.802041898 -39.694616096 39.803430557 -39.695044691 POLYGON ICRS  39.802395544 -39.693662701 39.801803279 -39.693480035 39.801592947 -39.693893752 39.802185200 -39.694076469,2.0.1,RELEASE,jwst_1535.pmap,13.1.13,,3,S400A1,PRISM,167.5775692,16.1596332,36.1773643,167.5661328,0.334492326,16.1710696,0.0322767757,,,,,PRIMARYPARK_ALLCLOSED,,,SPATIAL,16,4,,,,1,1,,,,3487680,01f2f2c32a9613940f68c746cd3b21bc,/Date(1784340417862)/,61239.088169710645,/Date(1784340545527)/,61239.089647291665,86,/Date(1792163402000)/,61329.63196759259,False,False,False,6827102,mast:JWST/product/jw09254010001_03102_00005_nrs1_cal.fits,"GO-9254 Gompertz, Benjamin Paul",CLEAR,NIRSPEC,2026-10-16 15:10:02.000,2025-10-15 16:44:00.333
243762783,jw09254010001_03102_00006_nrs1_rate.fits,jw09254010001_03102_00006,2b,02,NRS_S400A1_SLIT,jw09254_20260717t194757_pool.csv,jw09254-o010_20260717t194757_spec2_00001_asn.json,379.0942913386971,60963.72626663294,f,,,60963.720187959385,60963.71410928578,GO,6133,58,f,/Date(1784339950439)/,61239.08275972222,/Date(1760548770348)/,60963.72187900463,/Date(1760547719948)/,60963.709721597224,NRS1,0,0,1050.4,1021.222,510.611,OK,NRS_FIXEDSLIT,3,60963.72187902778,60963.71580032408,6,PRIME,60963.70972162037,2,CLEAR,1,1.0,S352018084,0,-39.80246224433203,15.12722015380859,1,39.75576135734522,/Date(1760541421491)/,60963.63682280092,/Date(1760541181875)/,60963.63404949074,0.0433801375,0.03781716525554657,0.0364307463,380.7649842230603,60963.72628596936,f,60963.720207295955,60963.7141286225,NIRSPEC,f,,NONE,0,,,0,8,,1,35,2,1,1,1,6,60966.94660236111,V09254010001P0000000003102,10,,STSCI,FINEGUIDE,"Gompertz, Benjamin Paul",NRS_S400A1_SLIT,PRDOPSSOC-073,9254,-39.69460833333333,39.80235,60963.461091875,NRSIRS2RAPID,491,,2026_1b,,1,1,FULL,,2048,2048,1,1,-39.69460833333335,39.802350000000004,,t,GRB250910A,FIXED,0.02,0.02,JWST,NIRSpec Fixed Slit Spectroscopy,14.58889,14.589,UTC,Identifying the progenitors of a complete sample of long gamma-ray bursts,10,f,1,09254010001,/Date(1760548865964)/,60963.72298568287,03,SUCCESSFUL,PRIME_TARGETED_FIXED,/Date(1760538425270)/,60963.6021443287,-1.6e-06,-1.2212014,f,,,,,,MultiSlitModel,f,,,,,/Date(1760547719948)/,60963.709721597224,,0.00617424582056679,FIXEDSLIT,2025288T203640965_002_osf.xml,,,,,UNKNOWN,,6,,3-POINT-NOD,3,2,f,CALCULATED_TRACK_TR_202111,11.0,5,333.0215883303606,,,,,-39.692308942804445,39.80959975199283,f,,Star,Gamma Ray bursters,GSC32,0.08730324978520097,0.3708272021564504,992.045,,,,,,,,,,,,,POLYGON ICRS  39.806917172 -39.693974070 39.805707489 -39.693601192 39.805682134 -39.693651049 39.806891814 -39.694023941 POLYGON ICRS  39.803071505 -39.698665306 39.801851686 -39.698287916 39.801826210 -39.698338145 39.803046026 -39.698715548 POLYGON ICRS  39.803499881 -39.694947827 39.802111215 -39.694519262 39.802059316 -39.694621391 39.803447975 -39.695049987 POLYGON ICRS  39.802412962 -39.693667996 39.801820697 -39.693485330 39.801610365 -39.693899047 39.802202618 -39.694081764,2.0.1,RELEASE,jwst_1535.pmap,13.1.13,,3,S400A1,PRISM,167.5775692,16.1596332,36.1773643,167.5661328,0.334492326,16.1710696,0.0322767757,,,,,PRIMARYPARK_ALLCLOSED,,,SPATIAL,16,4,,,,2,1,,,,3487680,c595f06d5ef214662243c9c94d945cc2,/Date(1784340422934)/,61239.08822839121,/Date(1784340651245)/,61239.09087090278,86,/Date(1792163364000)/,61329.631527777776,False,False,False,6827107,mast:JWST/product/jw09254010001_03102_00006_nrs1_cal.fits,"GO-9254 Gompertz, Benjamin Paul",CLEAR,NIRSPEC,2026-10-16 15:09:24.000,2025-10-15 17:01:59.948
249251674,jw07195072001_02101_00001_nrs1_rate.fits,jw07195072001_02101_00001,2b,01,NRS_FULL_IFU,jw07195_20260803t195153_pool.csv,jw07195-o072_20260803t195153_spec2_00016_asn.json,359.9784028949216,60964.769708774635,f,,,60964.76672657137,60964.76374436809,GO,,50,f,/Date(1785794220071)/,61255.91458414352,/Date(1760638942900)/,60964.765542824076,/Date(1760638427535)/,60964.75957796296,NRS1,0,0,515.365,493.891,246.946,OK,NRS_IFU,1,60964.765542824076,60964.76256038773,1,PRIME,60964.75957795139,2,F290LP,1,1.0,SBKA003787,0,-26.00144618691833,15.16968154907227,1,338.8383357290497,/Date(1760638157556)/,60964.756453194444,/Date(1760637916917)/,60964.75366800926,0.0583676547,0.03094041720032692,0.06789501,360.21640012040734,60964.76971152901,f,60964.76672932585,60964.763747122684,NIRSPEC,f,,NONE,0,/Date(1435838400000)/,57205.5,0,8,,1,23,2,1,1,1,4,60966.94660236111,V07195072001P0000000002101,72,NGC7314- NIRSpec,STSCI,FINEGUIDE,"Alonso-Herrero, Almudena",NRS_FULL_IFU,PRDOPSSOC-073,7195,-26.05043888888889,338.9424987499999,60963.461091875,NRSRAPID,491,Supermassive Black Holes and Active Galaxies,2026_1b,,1,1,FULL,,2048,2048,1,1,-26.05043888888889,338.94249874999997,NGC 7314,f,NGC7314-NIRSPEC,FIXED,0.1,0.1,JWST,NIRSpec IFU Spectroscopy,10.73677,10.737,UTC,Deciphering the torus and extended dust properties of local active galactic nuclei,10,f,1,07195072001,/Date(1760643337967)/,60964.81641164352,02,SUCCESSFUL,PRIME_TARGETED_FIXED,/Date(1760636266230)/,60964.734562847225,-0.2328004,-0.0774004,f,,,,,,IFUImageModel,f,,,,,/Date(1760638427535)/,60964.75957796296,NGC7314,0.0,IFU,2025289T202334630_002_osf.xml,,,,,UNKNOWN,,1,,4-POINT-DITHER,,,f,CALCULATED_TRACK_TR_202111,11.0,4,55.5048438900364,,,,,-26.05035388770665,338.9466446192086,f,,Galaxy,Active galactic nuclei,GSC32,0.07119229198248034,0.3825371971157179,472.418,,,,,,,,,,,,,POLYGON ICRS  338.941934738 -26.051061384 338.943138755 -26.051061384 338.943138755 -26.049906457 338.941934738 -26.049906457,2.0.1,RELEASE,jwst_1535.pmap,13.1.13,,3,,G395H,159.7779444,72.44959399999999,36.17243,159.7779444,0.318912774,72.4152848,0.144572586,f,,,,,,,,,,,,,,,,,,203051520,89f3f354b580e6311af2149c331f2cd0,/Date(1785794724679)/,61255.920424537035,/Date(1785794972520)/,61255.92329305556,86,/Date(1792240798000)/,61330.52775462963,False,False,False,6830239,mast:JWST/product/jw07195072001_02101_00001_nrs1_cal.fits,"GO-7195 Alonso-Herrero, Almudena",F290LP,NIRSPEC-F290LP,2026-10-17 12:39:58.000,2025-10-16 18:13:47.535
249251626,jw07195072001_02101_00002_nrs1_rate.fits,jw07195072001_02101_00002,2b,01,NRS_FULL_IFU,jw07195_20260803t195153_pool.csv,jw07195-o072_20260803t195153_spec2_00014_asn.json,359.9322542315349,60964.77654304371,f,,,60964.77356084046,60964.7705786372,GO,,50,f,/Date(1785794215739)/,61255.914534027776,/Date(1760639533427)/,60964.77237761574,/Date(1760639018062)/,60964.76641276621,NRS1,0,0,515.365,493.891,246.946,OK,NRS_IFU,1,60964.77237762731,60964.769395190975,2,PRIME,60964.76641275463,2,F290LP,1,1.0,SBKA003787,0,-26.00144618691833,15.16968154907227,1,338.8383357290497,/Date(1760638157556)/,60964.756453194444,/Date(1760637916917)/,60964.75366800926,0.0583676547,0.03094041720032692,0.06789501,360.1702288258821,60964.77654579782,f,60964.77356359469,60964.77058139154,NIRSPEC,f,,NONE,0,/Date(1435838400000)/,57205.5,0,8,,1,23,2,1,1,1,4,60966.94660236111,V07195072001P0000000002101,72,NGC7314- NIRSpec,STSCI,FINEGUIDE,"Alonso-Herrero, Almudena",NRS_FULL_IFU,PRDOPSSOC-073,7195,-26.05043888888889,338.9424987499999,60963.461091875,NRSRAPID,491,Supermassive Black Holes and Active Galaxies,2026_1b,,1,1,FULL,,2048,2048,1,1,-26.05043888888889,338.94249874999997,NGC 7314,f,NGC7314-NIRSPEC,FIXED,0.1,0.1,JWST,NIRSpec IFU Spectroscopy,10.73677,10.737,UTC,Deciphering the torus and extended dust properties of local active galactic nuclei,10,f,1,07195072001,/Date(1760643337967)/,60964.81641164352,02,SUCCESSFUL,PRIME_TARGETED_FIXED,/Date(1760636266230)/,60964.734562847225,0.1292004,0.1855004,f,,,,,,IFUImageModel,f,,,,,/Date(1760639018062)/,60964.76641276621,NGC7314,0.0,IFU,2025289T202334630_002_osf.xml,,,,,UNKNOWN,,2,,4-POINT-DITHER,,,f,CALCULATED_TRACK_TR_202111,11.0,4,55.5048438900364,,,,,-26.050257887199194,338.94655613393576,f,,Galaxy,Active galactic nuclei,GSC32,0.07371259641835883,0.3613412046633958,472.418,,,,,,,,,,,,,POLYGON ICRS  338.941846782 -26.050965070 338.943050794 -26.050965070 338.943050794 -26.049810146 338.941846782 -26.049810146,2.0.1,RELEASE,jwst_1535.pmap,13.1.13,,3,,G395H,159.7779444,72.44959399999999,36.17243,159.7779444,0.318912774,72.4152848,0.144572586,f,,,,,,,,,,,,,,,,,,203051520,d8c24944a4359e66b21721fef1c511e7,/Date(1785794724536)/,61255.92042287037,/Date(1785794965029)/,61255.92320636574,86,/Date(1792240759000)/,61330.52730324074,False,False,False,6830241,mast:JWST/product/jw07195072001_02101_00002_nrs1_cal.fits,"GO-7195 Alonso-Herrero, Almudena",F290LP,NIRSPEC-F290LP,2026-10-17 12:39:19.000,2025-10-16 18:23:38.062
249251356,jw07195072001_02101_00003_nrs1_rate.fits,jw07195072001_02101_00003,2b,01,NRS_FULL_IFU,jw07195_20260803t195153_pool.csv,jw07195-o072_20260803t195153_spec2_00012_asn.json,359.88610179629177,60964.783377312735,f,,,60964.780395109505,60964.77741290627,GO,,50,f,/Date(1785794211637)/,61255.91448652778,/Date(1760640123954)/,60964.77921241898,/Date(1760639608589)/,60964.77324756944,NRS1,0,0,515.365,493.891,246.946,OK,NRS_IFU,1,60964.779212430556,60964.77622999421,3,PRIME,60964.77324755787,2,F290LP,1,1.0,SBKA003787,0,-26.00144618691833,15.16968154907227,1,338.8383357290497,/Date(1760638157556)/,60964.756453194444,/Date(1760637916917)/,60964.75366800926,0.0583676547,0.03094041720032692,0.06789501,360.1240543881431,60964.78338006659,f,60964.78039786348,60964.77741566035,NIRSPEC,f,,NONE,0,/Date(1435838400000)/,57205.5,0,8,,1,23,2,1,1,1,4,60966.94660236111,V07195072001P0000000002101,72,NGC7314- NIRSpec,STSCI,FINEGUIDE,"Alonso-Herrero, Almudena",NRS_FULL_IFU,PRDOPSSOC-073,7195,-26.05043888888889,338.9424987499999,60963.461091875,NRSRAPID,491,Supermassive Black Holes and Active Galaxies,2026_1b,,1,1,FULL,,2048,2048,1,1,-26.05043888888889,338.94249874999997,NGC 7314,f,NGC7314-NIRSPEC,FIXED,0.1,0.1,JWST,NIRSpec IFU Spectroscopy,10.73677,10.737,UTC,Deciphering the torus and extended dust properties of local active galactic nuclei,10,f,1,07195072001,/Date(1760643337967)/,60964.81641164352,02,SUCCESSFUL,PRIME_TARGETED_FIXED,/Date(1760636266230)/,60964.734562847225,-0.0259002,-0.1333002,f,,,,,,IFUImageModel,f,,,,,/Date(1760639608589)/,60964.77324756944,NGC7314,0.0,IFU,2025289T202334630_002_osf.xml,,,,,UNKNOWN,,3,,4-POINT-DITHER,,,f,CALCULATED_TRACK_TR_202111,11.0,4,55.5048438900364,,,,,-26.050354758488112,338.94657745115774,f,,Galaxy,Active galactic nuclei,GSC32,0.07108076068886217,0.3507432084372348,472.418,,,,,,,,,,,,,POLYGON ICRS  338.941868611 -26.051061618 338.943072624 -26.051061618 338.943072624 -26.049906693 338.941868611 -26.049906693,2.0.1,RELEASE,jwst_1535.pmap,13.1.13,,3,,G395H,159.7779444,72.44959399999999,36.17243,159.7779444,0.318912774,72.4152848,0.144572586,f,,,,,,,,,,,,,,,,,,203051520,b798b1319ec29861304c2cc52fee3a6b,/Date(1785794686504)/,61255.91998267361,/Date(1785794918998)/,61255.92267356481,86,/Date(1792240835000)/,61330.528182870374,False,False,False,6830248,mast:JWST/product/jw07195072001_02101_00003_nrs1_cal.fits,"GO-7195 Alonso-Herrero, Almudena",F290LP,NIRSPEC-F290LP,2026-10-17 12:40:35.000,2025-10-16 18:33:28.589
249251256,jw07195072001_02101_00004_nrs1_rate.fits,jw07195072001_02101_00004,2b,01,NRS_FULL_IFU,jw07195_20260803t195153_pool.csv,jw07195-o072_20260803t195153_spec2_00010_asn.json,359.8399449605495,60964.79021159328,f,,,60964.78722939008,60964.784247186864,GO,,50,f,/Date(1785794190469)/,61255.91424155093,/Date(1760640714482)/,60964.786047256945,/Date(1760640199117)/,60964.78008236111,NRS1,0,0,515.365,493.891,246.946,OK,NRS_IFU,1,60964.78604724537,60964.78306480903,4,PRIME,60964.78008237269,2,F290LP,1,1.0,SBKA003787,0,-26.00144618691833,15.16968154907227,1,338.8383357290497,/Date(1760638157556)/,60964.756453194444,/Date(1760637916917)/,60964.75366800926,0.0583676547,0.03094041720032692,0.06789501,360.077875549905,60964.79021434688,f,60964.7872321438,60964.78424994069,NIRSPEC,f,,NONE,0,/Date(1435838400000)/,57205.5,0,8,,1,23,2,1,1,1,4,60966.94660236111,V07195072001P0000000002101,72,NGC7314- NIRSpec,STSCI,FINEGUIDE,"Alonso-Herrero, Almudena",NRS_FULL_IFU,PRDOPSSOC-073,7195,-26.05043888888889,338.9424987499999,60963.461091875,NRSRAPID,491,Supermassive Black Holes and Active Galaxies,2026_1b,,1,1,FULL,,2048,2048,1,1,-26.05043888888889,338.94249874999997,NGC 7314,f,NGC7314-NIRSPEC,FIXED,0.1,0.1,JWST,NIRSpec IFU Spectroscopy,10.73677,10.737,UTC,Deciphering the torus and extended dust properties of local active galactic nuclei,10,f,1,07195072001,/Date(1760643337967)/,60964.81641164352,02,SUCCESSFUL,PRIME_TARGETED_FIXED,/Date(1760636266230)/,60964.734562847225,-0.0775997,0.2415001,f,,,,,,IFUImageModel,f,,,,,/Date(1760640199117)/,60964.78008236111,NGC7314,0.0,IFU,2025289T202752189_001_osf.xml,,,,,UNKNOWN,,4,,4-POINT-DITHER,,,f,CALCULATED_TRACK_TR_202111,11.0,4,55.5048438900364,,,,,-26.050257816849278,338.9466212799166,f,,Galaxy,Active galactic nuclei,GSC32,0.07369594242428915,0.3921258603679588,472.418,,,,,,,,,,,,,POLYGON ICRS  338.941912957 -26.050964368 338.943116969 -26.050964368 338.943116969 -26.049809443 338.941912957 -26.049809443,2.0.1,RELEASE,jwst_1535.pmap,13.1.13,,3,,G395H,159.7779444,72.44959399999999,36.17243,159.7779444,0.318912774,72.4152848,0.144572586,f,,,,,,,,,,,,,,,,,,203051520,a5f29b4ab9a235ee60790a409924ed9d,/Date(1785794670834)/,61255.91980130787,/Date(1785794890300)/,61255.92234143519,86,/Date(1792240855000)/,61330.52841435185,False,False,False,6830256,mast:JWST/product/jw07195072001_02101_00004_nrs1_cal.fits,"GO-7195 Alonso-Herrero, Almudena",F290LP,NIRSPEC-F290LP,2026-10-17 12:40:55.000,2025-10-16 18:43:19.117
249351759,jw08063013001_02101_00001_nrs1_rate.fits,jw08063013001_02101_00001,2b,01,NRS_FULL_IFU,jw08063_20260803t232327_pool.csv,jw08063-o013_20260803t232327_spec2_00064_asn.json,39.56942553631961,60965.1818878583,f,,,60965.17960831239,60965.1773287665,GO,,58,f,/Date(1785814600465)/,61256.15046835648,/Date(1760674875536)/,60965.18142981482,/Date(1760674481636)/,60965.176870787036,NRS1,0,0,393.9,350.133,116.711,OK,NRS_IFU,1,60965.18142981482,60965.17915030092,1,PRIME,60965.176870787036,2,F100LP,1,1.0,S4I0006979,0,-60.29387553534627,14.22908592224121,1,102.6049181337574,/Date(1760674204369)/,60965.17366168981,/Date(1760673964753)/,60965.17088834491,0.0251939818,0.02007495239377022,0.02824771,39.7185446228832,60965.18188958424,f,60965.17961003832,60965.17733049241,NIRSPEC,f,,NONE,0.108527,/Date(946684800000)/,51544,0.00483,32,,1,8,3,1,1,1,16,60966.94660236111,V08063013001P0000000002101,13,HR 2562 b roll 1,STSCI,FINEGUIDE,"Ruffio, Jean-Baptiste",NRS_FULL_IFU,PRDOPSSOC-073,8063,-60.24914444444445,102.50422958333331,60963.461091875,NRSIRS2RAPID,491,Exoplanet Atmospheres and Habitability,2026_1b,,1,1,FULL,,2048,2048,1,1,-60.248366855038654,102.50429932255837,HR 2562,f,HR-2562,FIXED,0.1,0.1,JWST,NIRSpec IFU Spectroscopy,14.58889,14.589,UTC,Beyond C/O and metallicity: Can refractory abundances reveal the origin of the largest planets?,10,f,1,08063013001,/Date(1760685502150)/,60965.30442303241,02,SUCCESSFUL,PRIME_TARGETED_FIXED,/Date(1760671367892)/,60965.140832094905,-0.2328004,-0.0774004,f,,,,,,IFUImageModel,f,,,,,/Date(1760674481636)/,60965.176870787036,,0.0,IFU,2025290T164424545_002_osf.xml,,,,,UNKNOWN,,1,SMALL,CYCLING,,,f,CALCULATED_TRACK_TR_202111,11.0,5,278.9126386133913,,,,,-60.242723091150076,102.50694121264891,f,,Star,F stars,GSC32,0.7233031785487077,2.0350119768990527,306.367,,,,,,,,,,,,,POLYGON ICRS  102.503008629 -60.248928562 102.505652630 -60.248928562 102.505652630 -60.247686778 102.503008629 -60.247686778,2.0.1,RELEASE,jwst_1535.pmap,13.1.13,,3,,G140H,179.1283332,66.78857599999999,36.1494179,179.1397696,0.357485235,66.8114488,0.13328141,f,,,,,,,,16,4,1,,,,,,,,203051520,b5de1653e1c6bbebf6d5aecb0ca465af,/Date(1785814808149)/,61256.15287210648,/Date(1785814990606)/,61256.15498386574,86,/Date(1792274015000)/,61330.912210648145,False,False,False,6830534,mast:JWST/product/jw08063013001_02101_00001_nrs1_cal.fits,"GO-8063 Ruffio, Jean-Baptiste",F100LP,NIRSPEC-F100LP,2026-10-17 21:53:35.000,2025-10-17 04:14:41.636
249350638,jw08063013001_02101_00002_nrs1_rate.fits,jw08063013001_02101_00002,2b,01,NRS_FULL_IFU,jw08063_20260803t232327_pool.csv,jw08063-o013_20260803t232327_spec2_00062_asn.json,39.57598165143281,60965.187291637885,f,,,60965.185012091984,60965.18273254608,GO,,58,f,/Date(1785814595553)/,61256.15041149306,/Date(1760675342416)/,60965.18683351852,/Date(1760674948516)/,60965.18227449074,NRS1,0,0,393.9,350.133,116.711,OK,NRS_IFU,1,60965.18683351852,60965.18455400463,2,PRIME,60965.18227449074,2,F100LP,1,1.0,S4I0006979,0,-60.29387553534627,14.22908592224121,1,102.6049181337574,/Date(1760674204369)/,60965.17366168981,/Date(1760673964753)/,60965.17088834491,0.0251939818,0.02007495239377022,0.02824771,39.72510325256735,60965.18729336385,f,60965.185013817936,60965.18273427203,NIRSPEC,f,,NONE,0.108527,/Date(946684800000)/,51544,0.00483,32,,1,8,3,1,1,1,16,60966.94660236111,V08063013001P0000000002101,13,HR 2562 b roll 1,STSCI,FINEGUIDE,"Ruffio, Jean-Baptiste",NRS_FULL_IFU,PRDOPSSOC-073,8063,-60.24914444444445,102.50422958333331,60963.461091875,NRSIRS2RAPID,491,Exoplanet Atmospheres and Habitability,2026_1b,,1,1,FULL,,2048,2048,1,1,-60.24836685459265,102.50429932259837,HR 2562,f,HR-2562,FIXED,0.1,0.1,JWST,NIRSpec IFU Spectroscopy,14.58889,14.589,UTC,Beyond C/O and metallicity: Can refractory abundances reveal the origin of the largest planets?,10,f,1,08063013001,/Date(1760685502150)/,60965.30442303241,02,SUCCESSFUL,PRIME_TARGETED_FIXED,/Date(1760671367892)/,60965.140832094905,0.1292004,0.1855004,f,,,,,,IFUImageModel,f,,,,,/Date(1760674948516)/,60965.18227449074,,0.0,IFU,2025290T164424545_002_osf.xml,,,,,UNKNOWN,,2,SMALL,CYCLING,,,f,CALCULATED_TRACK_TR_202111,11.0,5,278.9126386133913,,,,,-60.242847324343735,102.50692415582009,f,,Star,F stars,GSC32,0.6005736684711568,2.065362059919727,306.367,,,,,,,,,,,,,POLYGON ICRS  102.502990500 -60.249052668 102.505634512 -60.249052668 102.505634512 -60.247810882 102.502990500 -60.247810882,2.0.1,RELEASE,jwst_1535.pmap,13.1.13,,3,,G140H,179.1283332,66.78857599999999,36.1494179,179.1397696,0.357485235,66.8114488,0.13328141,f,,,,,,,,16,4,1,,,,,,,,203051520,6fb47b13322b4e65ecf2839d8774296a,/Date(1785814724134)/,61256.1518996875,/Date(1785814836899)/,61256.15320486111,86,/Date(1792274036000)/,61330.912453703706,False,False,False,6830539,mast:JWST/product/jw08063013001_02101_00002_nrs1_cal.fits,"GO-8063 Ruffio, Jean-Baptiste",F100LP,NIRSPEC-F100LP,2026-10-17 21:53:56.000,2025-10-17 04:22:28.516
249350521,jw08063013001_02101_00003_nrs1_rate.fits,jw08063013001_02101_00003,2b,01,NRS_FULL_IFU,jw08063_20260803t232327_pool.csv,jw08063-o013_20260803t232327_spec2_00060_asn.json,39.58253713790327,60965.19269467673,f,,,60965.190415130826,60965.18813558492,GO,,58,f,/Date(1785814599197)/,61256.15045365741,/Date(1760675809232)/,60965.19223649306,/Date(1760675415332)/,60965.18767746528,NRS1,0,0,393.9,350.133,116.711,OK,NRS_IFU,1,60965.19223648148,60965.189956967595,3,PRIME,60965.1876774537,2,F100LP,1,1.0,S4I0006979,0,-60.29387553534627,14.22908592224121,1,102.6049181337574,/Date(1760674204369)/,60965.17366168981,/Date(1760673964753)/,60965.17088834491,0.0251939818,0.02007495239377022,0.02824771,39.731660624966025,60965.19269640271,f,60965.1904168568,60965.188137310884,NIRSPEC,f,,NONE,0.108527,/Date(946684800000)/,51544,0.00483,32,,1,8,3,1,1,1,16,60966.94660236111,V08063013001P0000000002101,13,HR 2562 b roll 1,STSCI,FINEGUIDE,"Ruffio, Jean-Baptiste",NRS_FULL_IFU,PRDOPSSOC-073,8063,-60.24914444444445,102.50422958333331,60963.461091875,NRSIRS2RAPID,491,Exoplanet Atmospheres and Habitability,2026_1b,,1,1,FULL,,2048,2048,1,1,-60.24836685414672,102.50429932263836,HR 2562,f,HR-2562,FIXED,0.1,0.1,JWST,NIRSpec IFU Spectroscopy,14.58889,14.589,UTC,Beyond C/O and metallicity: Can refractory abundances reveal the origin of the largest planets?,10,f,1,08063013001,/Date(1760685502150)/,60965.30442303241,02,SUCCESSFUL,PRIME_TARGETED_FIXED,/Date(1760671367892)/,60965.140832094905,-0.0259002,-0.1333002,f,,,,,,IFUImageModel,f,,,,,/Date(1760675415332)/,60965.18767746528,,0.0,IFU,2025290T164424545_002_osf.xml,,,,,UNKNOWN,,3,SMALL,CYCLING,,,f,CALCULATED_TRACK_TR_202111,11.0,5,278.9126386133913,,,,,-60.24276406368508,102.5070302195785,f,,Star,F stars,GSC32,0.7208673898344844,2.218668889536979,306.367,,,,,,,,,,,,,POLYGON ICRS  102.503095539 -60.248969279 102.505739546 -60.248969279 102.505739546 -60.247727492 102.503095539 -60.247727492,2.0.1,RELEASE,jwst_1535.pmap,13.1.13,,3,,G140H,179.1283332,66.78857599999999,36.1494179,179.1397696,0.357485235,66.8114488,0.13328141,f,,,,,,,,16,4,1,,,,,,,,203051520,b8c3f80f7fec34a36c26821e4632ec3d,/Date(1785814724116)/,61256.15189949074,/Date(1785814828253)/,61256.15310478009,86,/Date(1792274036000)/,61330.912453703706,False,False,False,6830537,mast:JWST/product/jw08063013001_02101_00003_nrs1_cal.fits,"GO-8063 Ruffio, Jean-Baptiste",F100LP,NIRSPEC-F100LP,2026-10-17 21:53:56.000,2025-10-17 04:30:15.332
249350530,jw08063013001_02101_00004_nrs1_rate.fits,jw08063013001_02101_00004,2b,01,NRS_FULL_IFU,jw08063_20260803t232327_pool.csv,jw08063-o013_20260803t232327_spec2_00058_asn.json,39.58909388165921,60965.198098444744,f,,,60965.19581889884,60965.19353935294,GO,,58,f,/Date(1785814591458)/,61256.15036407408,/Date(1760676276111)/,60965.197640162034,/Date(1760675882211)/,60965.19308113426,NRS1,0,0,393.9,350.133,116.711,OK,NRS_IFU,1,60965.19764017361,60965.19536065972,4,PRIME,60965.19308114584,2,F100LP,1,1.0,S4I0006979,0,-60.29387553534627,14.22908592224121,1,102.6049181337574,/Date(1760674204369)/,60965.17366168981,/Date(1760673964753)/,60965.17088834491,0.0251939818,0.02007495239377022,0.02824771,39.738219254650176,60965.19810017075,f,60965.19582062484,60965.19354107893,NIRSPEC,f,,NONE,0.108527,/Date(946684800000)/,51544,0.00483,32,,1,8,3,1,1,1,16,60966.94660236111,V08063013001P0000000002101,13,HR 2562 b roll 1,STSCI,FINEGUIDE,"Ruffio, Jean-Baptiste",NRS_FULL_IFU,PRDOPSSOC-073,8063,-60.24914444444445,102.50422958333331,60963.461091875,NRSIRS2RAPID,491,Exoplanet Atmospheres and Habitability,2026_1b,,1,1,FULL,,2048,2048,1,1,-60.248366853700716,102.50429932267836,HR 2562,f,HR-2562,FIXED,0.1,0.1,JWST,NIRSpec IFU Spectroscopy,14.58889,14.589,UTC,Beyond C/O and metallicity: Can refractory abundances reveal the origin of the largest planets?,10,f,1,08063013001,/Date(1760685502150)/,60965.30442303241,02,SUCCESSFUL,PRIME_TARGETED_FIXED,/Date(1760671367892)/,60965.140832094905,-0.0775997,0.2415001,f,,,,,,IFUImageModel,f,,,,,/Date(1760675882211)/,60965.19308113426,,0.0,IFU,2025290T164424545_002_osf.xml,,,,,UNKNOWN,,4,SMALL,CYCLING,,,f,CALCULATED_TRACK_TR_202111,11.0,5,278.9126386133913,,,,,-60.242807173754656,102.50683824268546,f,,Star,F stars,GSC32,0.7132689741777187,2.1034942155098046,306.367,,,,,,,,,,,,,POLYGON ICRS  102.502902468 -60.249012256 102.505546478 -60.249012256 102.505546478 -60.247770470 102.502902468 -60.247770470,2.0.1,RELEASE,jwst_1535.pmap,13.1.13,,3,,G140H,179.1283332,66.78857599999999,36.1494179,179.1397696,0.357485235,66.8114488,0.13328141,f,,,,,,,,16,4,1,,,,,,,,203051520,1a21406b9a1d64db01789abfe68df8f4,/Date(1785814724122)/,61256.151899571756,/Date(1785814828811)/,61256.15311122685,86,/Date(1792274015000)/,61330.912210648145,False,False,False,6830547,mast:JWST/product/jw08063013001_02101_00004_nrs1_cal.fits,"GO-8063 Ruffio, Jean-Baptiste",F100LP,NIRSPEC-F100LP,2026-10-17 21:53:35.000,2025-10-17 04:38:02.211
249351605,jw08063013001_02101_00005_nrs1_rate.fits,jw08063013001_02101_00005,2b,01,NRS_FULL_IFU,jw08063_20260803t232327_pool.csv,jw08063-o013_20260803t232327_spec2_00056_asn.json,39.595651254057884,60965.20350222434,f,,,60965.20122267844,60965.198943132535,GO,,58,f,/Date(1785814587832)/,61256.150322141206,/Date(1760676742991)/,60965.20304386574,/Date(1760676349091)/,60965.198484837965,NRS1,0,0,393.9,350.133,116.711,OK,NRS_IFU,1,60965.203043877314,60965.20076436343,5,PRIME,60965.198484849534,2,F100LP,1,1.0,S4I0006979,0,-60.29387553534627,14.22908592224121,1,102.6049181337574,/Date(1760674204369)/,60965.17366168981,/Date(1760673964753)/,60965.17088834491,0.0251939818,0.02007495239377022,0.02824771,39.744778512977064,60965.203503950375,f,60965.20122440446,60965.198944858545,NIRSPEC,f,,NONE,0.108527,/Date(946684800000)/,51544,0.00483,32,,1,8,3,1,1,1,16,60966.94660236111,V08063013001P0000000002101,13,HR 2562 b roll 1,STSCI,FINEGUIDE,"Ruffio, Jean-Baptiste",NRS_FULL_IFU,PRDOPSSOC-073,8063,-60.24914444444445,102.50422958333331,60963.461091875,NRSIRS2RAPID,491,Exoplanet Atmospheres and Habitability,2026_1b,,1,1,FULL,,2048,2048,1,1,-60.248366853254716,102.50429932271837,HR 2562,f,HR-2562,FIXED,0.1,0.1,JWST,NIRSpec IFU Spectroscopy,14.58889,14.589,UTC,Beyond C/O and metallicity: Can refractory abundances reveal the origin of the largest planets?,10,f,1,08063013001,/Date(1760685502150)/,60965.30442303241,02,SUCCESSFUL,PRIME_TARGETED_FIXED,/Date(1760671367892)/,60965.140832094905,0.0,0.0,f,,,,,,IFUImageModel,f,,,,,/Date(1760676349091)/,60965.198484837965,,0.0,IFU,2025290T164930441_002_osf.xml,,,,,UNKNOWN,,5,SMALL,CYCLING,,,f,CALCULATED_TRACK_TR_202111,11.0,5,278.9126386133913,,,,,-60.242790056258144,102.50697674908385,f,,Star,F stars,GSC32,0.6654847139798095,2.161859759780332,306.367,,,,,,,,,,,,,POLYGON ICRS  102.503039948 -60.248995011 102.505683958 -60.248995011 102.505683958 -60.247753225 102.503039948 -60.247753225,2.0.1,RELEASE,jwst_1535.pmap,13.1.13,,3,,G140H,179.1283332,66.78857599999999,36.1494179,179.1397696,0.357485235,66.8114488,0.13328141,f,,,,,,,,16,4,1,,,,,,,,203051520,ebe3b7049e121d0b27ac559660102ec0,/Date(1785814789809)/,61256.152659837964,/Date(1785814956003)/,61256.15458336806,86,/Date(1792273979000)/,61330.91179398148,False,False,False,6830560,mast:JWST/product/jw08063013001_02101_00005_nrs1_cal.fits,"GO-8063 Ruffio, Jean-Baptiste",F100LP,NIRSPEC-F100LP,2026-10-17 21:52:59.000,2025-10-17 04:45:49.091
249351700,jw08063013001_02101_00006_nrs1_rate.fits,jw08063013001_02101_00006,2b,01,NRS_FULL_IFU,jw08063_20260803t232327_pool.csv,jw08063-o013_20260803t232327_spec2_00054_asn.json,39.60220736917108,60965.208905251624,f,,,60965.206625705716,60965.20434615981,GO,,58,f,/Date(1785814584684)/,61256.150285682874,/Date(1760677209806)/,60965.20844682871,/Date(1760676815906)/,60965.203887800926,NRS1,0,0,393.9,350.133,116.711,OK,NRS_IFU,1,60965.20844682871,60965.20616731481,6,PRIME,60965.203887800926,2,F100LP,1,1.0,S4I0006979,0,-60.29387553534627,14.22908592224121,1,102.6049181337574,/Date(1760674204369)/,60965.17366168981,/Date(1760673964753)/,60965.17088834491,0.0251939818,0.02007495239377022,0.02824771,39.751336514018476,60965.20890697768,f,60965.206627431755,60965.20434788584,NIRSPEC,f,,NONE,0.108527,/Date(946684800000)/,51544,0.00483,32,,1,8,3,1,1,1,16,60966.94660236111,V08063013001P0000000002101,13,HR 2562 b roll 1,STSCI,FINEGUIDE,"Ruffio, Jean-Baptiste",NRS_FULL_IFU,PRDOPSSOC-073,8063,-60.24914444444445,102.50422958333331,60963.461091875,NRSIRS2RAPID,491,Exoplanet Atmospheres and Habitability,2026_1b,,1,1,FULL,,2048,2048,1,1,-60.24836685280877,102.50429932275836,HR 2562,f,HR-2562,FIXED,0.1,0.1,JWST,NIRSpec IFU Spectroscopy,14.58889,14.589,UTC,Beyond C/O and metallicity: Can refractory abundances reveal the origin of the largest planets?,10,f,1,08063013001,/Date(1760685502150)/,60965.30442303241,02,SUCCESSFUL,PRIME_TARGETED_FIXED,/Date(1760671367892)/,60965.140832094905,-0.1552001,0.0552998,f,,,,,,IFUImageModel,f,,,,,/Date(1760676815906)/,60965.203887800926,,0.0,IFU,2025290T164930441_002_osf.xml,,,,,UNKNOWN,,6,SMALL,CYCLING,,,f,CALCULATED_TRACK_TR_202111,11.0,5,278.9126386133913,,,,,-60.242761729684936,102.50690565413734,f,,Star,F stars,GSC32,0.7428766474752718,2.076256961516892,306.367,,,,,,,,,,,,,POLYGON ICRS  102.502967791 -60.248966553 102.505611797 -60.248966553 102.505611797 -60.247724767 102.502967791 -60.247724767,2.0.1,RELEASE,jwst_1535.pmap,13.1.13,,3,,G140H,179.1283332,66.78857599999999,36.1494179,179.1397696,0.357485235,66.8114488,0.13328141,f,,,,,,,,16,4,1,,,,,,,,203051520,48670f857c993feb354ba89d02c2db18,/Date(1785814795185)/,61256.152722060186,/Date(1785814977134)/,61256.15482792824,86,/Date(1792273975000)/,61330.91174768518,False,False,False,6830569,mast:JWST/product/jw08063013001_02101_00006_nrs1_cal.fits,"GO-8063 Ruffio, Jean-Baptiste",F100LP,NIRSPEC-F100LP,2026-10-17 21:52:55.000,2025-10-17 04:53:35.906
249351774,jw08063013001_02101_00007_nrs1_rate.fits,jw08063013001_02101_00007,2b,01,NRS_FULL_IFU,jw08063_20260803t232327_pool.csv,jw08063-o013_20260803t232327_spec2_00052_asn.json,39.608765370212495,60965.21430903123,f,,,60965.212029485316,60965.209749939415,GO,,58,f,/Date(1785814610143)/,61256.15058035879,/Date(1760677676686)/,60965.21385053241,/Date(1760677282786)/,60965.20929150463,NRS1,0,0,393.9,350.133,116.711,OK,NRS_IFU,1,60965.21385053241,60965.21157101852,7,PRIME,60965.20929150463,2,F100LP,1,1.0,S4I0006979,0,-60.29387553534627,14.22908592224121,1,102.6049181337574,/Date(1760674204369)/,60965.17366168981,/Date(1760673964753)/,60965.17088834491,0.0251939818,0.02007495239377022,0.02824771,39.7578964009881,60965.2143107573,f,60965.212031211384,60965.20975166547,NIRSPEC,f,,NONE,0.108527,/Date(946684800000)/,51544,0.00483,32,,1,8,3,1,1,1,16,60966.94660236111,V08063013001P0000000002101,13,HR 2562 b roll 1,STSCI,FINEGUIDE,"Ruffio, Jean-Baptiste",NRS_FULL_IFU,PRDOPSSOC-073,8063,-60.24914444444445,102.50422958333331,60963.461091875,NRSIRS2RAPID,491,Exoplanet Atmospheres and Habitability,2026_1b,,1,1,FULL,,2048,2048,1,1,-60.24836685236277,102.50429932279836,HR 2562,f,HR-2562,FIXED,0.1,0.1,JWST,NIRSpec IFU Spectroscopy,14.58889,14.589,UTC,Beyond C/O and metallicity: Can refractory abundances reveal the origin of the largest planets?,10,f,1,08063013001,/Date(1760685502150)/,60965.30442303241,02,SUCCESSFUL,PRIME_TARGETED_FIXED,/Date(1760671367892)/,60965.140832094905,2e-07,0.1604002,f,,,,,,IFUImageModel,f,,,,,/Date(1760677282786)/,60965.20929150463,,0.0,IFU,2025290T164930441_002_osf.xml,,,,,UNKNOWN,,7,SMALL,CYCLING,,,f,CALCULATED_TRACK_TR_202111,11.0,5,278.9126386133913,,,,,-60.24281387268565,102.506902925984,f,,Star,F stars,GSC32,0.6586847389686646,2.144739200127644,306.367,,,,,,,,,,,,,POLYGON ICRS  102.502964002 -60.249018567 102.505608012 -60.249018567 102.505608012 -60.247776781 102.502964002 -60.247776781,2.0.1,RELEASE,jwst_1535.pmap,13.1.13,,3,,G140H,179.12833319999996,66.78857599999999,36.1494179,179.1397696,0.357485235,66.8114488,0.13328141,f,,,,,,,,16,4,1,,,,,,,,203051520,0aeb3773f362bfeb0e1d3c9bdf2f2ad3,/Date(1785814809309)/,61256.15288553241,/Date(1785814994249)/,61256.15502604167,86,/Date(1792273955000)/,61330.911516203705,False,False,False,6830564,mast:JWST/product/jw08063013001_02101_00007_nrs1_cal.fits,"GO-8063 Ruffio, Jean-Baptiste",F100LP,NIRSPEC-F100LP,2026-10-17 21:52:35.000,2025-10-17 05:01:22.786
249350440,jw08063013001_02101_00008_nrs1_rate.fits,jw08063013001_02101_00008,2b,01,NRS_FULL_IFU,jw08063_20260803t232327_pool.csv,jw08063-o013_20260803t232327_spec2_00050_asn.json,39.61532274261117,60965.21971279926,f,,,60965.21743325335,60965.21515370744,GO,,58,f,/Date(1785814587113)/,61256.15031380787,/Date(1760678143565)/,60965.21925423611,/Date(1760677749665)/,60965.214695208335,NRS1,0,0,393.9,350.133,116.711,OK,NRS_IFU,1,60965.21925422454,60965.216974710645,8,PRIME,60965.21469519676,2,F100LP,1,1.0,S4I0006979,0,-60.29387553534627,14.22908592224121,1,102.6049181337574,/Date(1760674204369)/,60965.17366168981,/Date(1760673964753)/,60965.17088834491,0.0251939818,0.02007495239377022,0.02824771,39.76445628795773,60965.21971452536,f,60965.21743497943,60965.21515543352,NIRSPEC,f,,NONE,0.108527,/Date(946684800000)/,51544,0.00483,32,,1,8,3,1,1,1,16,60966.94660236111,V08063013001P0000000002101,13,HR 2562 b roll 1,STSCI,FINEGUIDE,"Ruffio, Jean-Baptiste",NRS_FULL_IFU,PRDOPSSOC-073,8063,-60.24914444444445,102.50422958333331,60963.461091875,NRSIRS2RAPID,491,Exoplanet Atmospheres and Habitability,2026_1b,,1,1,FULL,,2048,2048,1,1,-60.24836685191677,102.50429932283836,HR 2562,f,HR-2562,FIXED,0.1,0.1,JWST,NIRSpec IFU Spectroscopy,14.58889,14.589,UTC,Beyond C/O and metallicity: Can refractory abundances reveal the origin of the largest planets?,10,f,1,08063013001,/Date(1760685502150)/,60965.30442303241,02,SUCCESSFUL,PRIME_TARGETED_FIXED,/Date(1760671367892)/,60965.140832094905,0.0517002,0.1063002,f,,,,,,IFUImageModel,f,,,,,/Date(1760677749665)/,60965.214695208335,,0.0,IFU,2025290T165335765_002_osf.xml,,,,,UNKNOWN,,8,SMALL,CYCLING,,,f,CALCULATED_TRACK_TR_202111,11.0,5,278.9126386133913,,,,,-60.242818254988265,102.50694493940809,f,,Star,F stars,GSC32,0.6266591757237978,1.9237283391565807,306.367,,,,,,,,,,,,,POLYGON ICRS  102.503004969 -60.249022820 102.505648980 -60.249022820 102.505648980 -60.247781035 102.503004969 -60.247781035,2.0.1,RELEASE,jwst_1535.pmap,13.1.13,,3,,G140H,179.12833319999996,66.78857599999999,36.1494179,179.1397696,0.357485235,66.8114488,0.13328141,f,,,,,,,,16,4,1,,,,,,,,203051520,02c1014288f44cafc5b3893205d8c297,/Date(1785814721667)/,61256.15187113426,/Date(1785814821306)/,61256.153024375,86,/Date(1792273932000)/,61330.91125,False,False,False,6830515,mast:JWST/product/jw08063013001_02101_00008_nrs1_cal.fits,"GO-8063 Ruffio, Jean-Baptiste",F100LP,NIRSPEC-F100LP,2026-10-17 21:52:12.000,2025-10-17 05:09:09.665
249350386,jw08063013001_02101_00009_nrs1_rate.fits,jw08063013001_02101_00009,2b,01,NRS_FULL_IFU,jw08063_20260803t232327_pool.csv,jw08063-o013_20260803t232327_spec2_00048_asn.json,39.62188137229532,60965.22511657887,f,,,60965.222837032954,60965.22055748705,GO,,58,f,/Date(1785814584039)/,61256.15027824074,/Date(1760678610445)/,60965.22465793981,/Date(1760678216545)/,60965.22009891204,NRS1,0,0,393.9,350.133,116.711,OK,NRS_IFU,1,60965.224657928244,60965.22237841435,9,PRIME,60965.22009890046,2,F100LP,1,1.0,S4I0006979,0,-60.29387553534627,14.22908592224121,1,102.6049181337574,/Date(1760674204369)/,60965.17366168981,/Date(1760673964753)/,60965.17088834491,0.0251939818,0.02007495239377022,0.02824771,39.771016174927354,60965.22511830499,f,60965.222838759066,60965.22055921315,NIRSPEC,f,,NONE,0.108527,/Date(946684800000)/,51544,0.00483,32,,1,8,3,1,1,1,16,60966.94660236111,V08063013001P0000000002101,13,HR 2562 b roll 1,STSCI,FINEGUIDE,"Ruffio, Jean-Baptiste",NRS_FULL_IFU,PRDOPSSOC-073,8063,-60.24914444444445,102.50422958333331,60963.461091875,NRSIRS2RAPID,491,Exoplanet Atmospheres and Habitability,2026_1b,,1,1,FULL,,2048,2048,1,1,-60.24836685147077,102.50429932287835,HR 2562,f,HR-2562,FIXED,0.1,0.1,JWST,NIRSpec IFU Spectroscopy,14.58889,14.589,UTC,Beyond C/O and metallicity: Can refractory abundances reveal the origin of the largest planets?,10,f,1,08063013001,/Date(1760685502150)/,60965.30442303241,02,SUCCESSFUL,PRIME_TARGETED_FIXED,/Date(1760671367892)/,60965.140832094905,-0.1552004,-0.1585004,f,,,,,,IFUImageModel,f,,,,,/Date(1760678216545)/,60965.22009891204,,0.0,IFU,2025290T165335765_002_osf.xml,,,,,UNKNOWN,,9,SMALL,CYCLING,,,f,CALCULATED_TRACK_TR_202111,11.0,5,278.9126386133913,,,,,-60.242730632924946,102.50701022063534,f,,Star,F stars,GSC32,0.7506493815575922,2.2591356668978775,306.367,,,,,,,,,,,,,POLYGON ICRS  102.503069219 -60.248935069 102.505713223 -60.248935069 102.505713223 -60.247693282 102.503069219 -60.247693282,2.0.1,RELEASE,jwst_1535.pmap,13.1.13,,3,,G140H,179.12833319999996,66.78857599999999,36.1494179,179.1397696,0.357485235,66.8114488,0.13328141,f,,,,,,,,16,4,1,,,,,,,,203051520,39c4ac5d7bf4532ad4fd77430db59820,/Date(1785814720972)/,61256.151863113424,/Date(1785814815716)/,61256.15295967593,86,/Date(1792273954000)/,61330.91150462963,False,False,False,6830524,mast:JWST/product/jw08063013001_02101_00009_nrs1_cal.fits,"GO-8063 Ruffio, Jean-Baptiste",F100LP,NIRSPEC-F100LP,2026-10-17 21:52:34.000,2025-10-17 05:16:56.545
249351727,jw08063013001_02101_00010_nrs1_rate.fits,jw08063013001_02101_00010,2b,01,NRS_FULL_IFU,jw08063_20260803t232327_pool.csv,jw08063-o013_20260803t232327_spec2_00046_asn.json,39.628438744693995,60965.23051960616,f,,,60965.22824006025,60965.22596051434,GO,,58,f,/Date(1785814578600)/,61256.150215277776,/Date(1760679077260)/,60965.23006087963,/Date(1760678683360)/,60965.225501851855,NRS1,0,0,393.9,350.133,116.711,OK,NRS_IFU,1,60965.23006087963,60965.22778136574,10,PRIME,60965.225501851855,2,F100LP,1,1.0,S4I0006979,0,-60.29387553534627,14.22908592224121,1,102.6049181337574,/Date(1760674204369)/,60965.17366168981,/Date(1760673964753)/,60965.17088834491,0.0251939818,0.02007495239377022,0.02824771,39.77757543325424,60965.2305213323,f,60965.228241786375,60965.22596224046,NIRSPEC,f,,NONE,0.108527,/Date(946684800000)/,51544,0.00483,32,,1,8,3,1,1,1,16,60966.94660236111,V08063013001P0000000002101,13,HR 2562 b roll 1,STSCI,FINEGUIDE,"Ruffio, Jean-Baptiste",NRS_FULL_IFU,PRDOPSSOC-073,8063,-60.24914444444445,102.50422958333331,60963.461091875,NRSIRS2RAPID,491,Exoplanet Atmospheres and Habitability,2026_1b,,1,1,FULL,,2048,2048,1,1,-60.24836685102483,102.50429932291836,HR 2562,f,HR-2562,FIXED,0.1,0.1,JWST,NIRSpec IFU Spectroscopy,14.58889,14.589,UTC,Beyond C/O and metallicity: Can refractory abundances reveal the origin of the largest planets?,10,f,1,08063013001,/Date(1760685502150)/,60965.30442303241,02,SUCCESSFUL,PRIME_TARGETED_FIXED,/Date(1760671367892)/,60965.140832094905,-0.0629001,-0.001,f,,,,,,IFUImageModel,f,,,,,/Date(1760678683360)/,60965.225501851855,,0.0,IFU,2025290T165335765_002_osf.xml,,,,,UNKNOWN,,10,SMALL,CYCLING,,,f,CALCULATED_TRACK_TR_202111,11.0,5,278.9126386133913,,,,,-60.24277569681843,102.50696395120511,f,,Star,F stars,GSC32,0.717219154213948,2.1034942155098046,306.367,,,,,,,,,,,,,POLYGON ICRS  102.503021883 -60.248980002 102.505665890 -60.248980002 102.505665890 -60.247738216 102.503021883 -60.247738216,2.0.1,RELEASE,jwst_1535.pmap,13.1.13,,3,,G140H,179.12833319999996,66.78857599999999,36.1494179,179.1397696,0.357485235,66.8114488,0.13328141,f,,,,,,,,16,4,1,,,,,,,,203051520,5cb0e20a98e5c9e99baf15a091be201e,/Date(1785814797178)/,61256.15274509259,/Date(1785814981936)/,61256.15488351852,86,/Date(1792273933000)/,61330.911261574074,False,False,False,6830598,mast:JWST/product/jw08063013001_02101_00010_nrs1_cal.fits,"GO-8063 Ruffio, Jean-Baptiste",F100LP,NIRSPEC-F100LP,2026-10-17 21:52:13.000,2025-10-17 05:24:43.360
249351427,jw08063013001_02101_00011_nrs1_rate.fits,jw08063013001_02101_00011,2b,01,NRS_FULL_IFU,jw08063_20260803t232327_pool.csv,jw08063-o013_20260803t232327_spec2_00044_asn.json,39.634997374378145,60965.23592338577,f,,,60965.23364383986,60965.23136429395,GO,,58,f,/Date(1785814551355)/,61256.14989995371,/Date(1760679544140)/,60965.23546458333,/Date(1760679150240)/,60965.23090555555,NRS1,0,0,393.9,350.133,116.711,OK,NRS_IFU,1,60965.23546458333,60965.233185069446,11,PRIME,60965.23090555555,2,F100LP,1,1.0,S4I0006979,0,-60.29387553534627,14.22908592224121,1,102.6049181337574,/Date(1760674204369)/,60965.17366168981,/Date(1760673964753)/,60965.17088834491,0.0251939818,0.02007495239377022,0.02824771,39.784135948866606,60965.235925111934,f,60965.23364556602,60965.23136602009,NIRSPEC,f,,NONE,0.108527,/Date(946684800000)/,51544,0.00483,32,,1,8,3,1,1,1,16,60966.94660236111,V08063013001P0000000002101,13,HR 2562 b roll 1,STSCI,FINEGUIDE,"Ruffio, Jean-Baptiste",NRS_FULL_IFU,PRDOPSSOC-073,8063,-60.24914444444445,102.50422958333331,60963.461091875,NRSIRS2RAPID,491,Exoplanet Atmospheres and Habitability,2026_1b,,1,1,FULL,,2048,2048,1,1,-60.248366850578826,102.50429932295836,HR 2562,f,HR-2562,FIXED,0.1,0.1,JWST,NIRSpec IFU Spectroscopy,14.58889,14.589,UTC,Beyond C/O and metallicity: Can refractory abundances reveal the origin of the largest planets?,10,f,1,08063013001,/Date(1760685502150)/,60965.30442303241,02,SUCCESSFUL,PRIME_TARGETED_FIXED,/Date(1760671367892)/,60965.140832094905,0.0581002,0.1156002,f,,,,,,IFUImageModel,f,,,,,/Date(1760679150240)/,60965.23090555555,,0.0,IFU,2025290T165743702_001_osf.xml,,,,,UNKNOWN,,11,SMALL,CYCLING,,,f,CALCULATED_TRACK_TR_202111,11.0,5,278.9126386133913,,,,,-60.242821518991704,102.50694556241758,f,,Star,F stars,GSC32,0.6291190888629863,2.0669184744336078,306.367,,,,,,,,,,,,,POLYGON ICRS  102.503002432 -60.249025695 102.505646443 -60.249025695 102.505646443 -60.247783909 102.503002432 -60.247783909,2.0.1,RELEASE,jwst_1535.pmap,13.1.13,,3,,G140H,179.1283332,66.78857599999999,36.1494179,179.1397696,0.357485235,66.8114488,0.13328141,f,,,,,,,,16,4,1,,,,,,,,203051520,ceea8ee5d67c2e26b9e6ae89f76916c6,/Date(1785814775123)/,61256.15248984953,/Date(1785814913074)/,61256.15408649306,86,/Date(1792273933000)/,61330.911261574074,False,False,False,6830854,mast:JWST/product/jw08063013001_02101_00011_nrs1_cal.fits,"GO-8063 Ruffio, Jean-Baptiste",F100LP,NIRSPEC-F100LP,2026-10-17 21:52:13.000,2025-10-17 05:32:30.240
249350934,jw08063013001_02101_00012_nrs1_rate.fits,jw08063013001_02101_00012,2b,01,NRS_FULL_IFU,jw08063_20260803t232327_pool.csv,jw08063-o013_20260803t232327_spec2_00042_asn.json,39.641556004062295,60965.24132715382,f,,,60965.23904760791,60965.236768061994,GO,,58,f,/Date(1785814553911)/,61256.149929513886,/Date(1760680011019)/,60965.24086828704,/Date(1760679617119)/,60965.23630925926,NRS1,0,0,393.9,350.133,116.711,OK,NRS_IFU,1,60965.24086827546,60965.238588761575,12,PRIME,60965.23630924769,2,F100LP,1,1.0,S4I0006979,0,-60.29387553534627,14.22908592224121,1,102.6049181337574,/Date(1760674204369)/,60965.17366168981,/Date(1760673964753)/,60965.17088834491,0.0251939818,0.02007495239377022,0.02824771,39.79069709312171,60965.24132888,f,60965.23904933408,60965.236769788164,NIRSPEC,f,,NONE,0.108527,/Date(946684800000)/,51544,0.00483,32,,1,8,3,1,1,1,16,60966.94660236111,V08063013001P0000000002101,13,HR 2562 b roll 1,STSCI,FINEGUIDE,"Ruffio, Jean-Baptiste",NRS_FULL_IFU,PRDOPSSOC-073,8063,-60.24914444444445,102.50422958333331,60963.461091875,NRSIRS2RAPID,491,Exoplanet Atmospheres and Habitability,2026_1b,,1,1,FULL,,2048,2048,1,1,-60.248366850132825,102.50429932299835,HR 2562,f,HR-2562,FIXED,0.1,0.1,JWST,NIRSpec IFU Spectroscopy,14.58889,14.589,UTC,Beyond C/O and metallicity: Can refractory abundances reveal the origin of the largest planets?,10,f,1,08063013001,/Date(1760685502150)/,60965.30442303241,02,SUCCESSFUL,PRIME_TARGETED_FIXED,/Date(1760671367892)/,60965.140832094905,-0.0157001,-0.0753001,f,,,,,,IFUImageModel,f,,,,,/Date(1760679617119)/,60965.23630925926,,0.0,IFU,2025290T165743702_001_osf.xml,,,,,UNKNOWN,,12,SMALL,CYCLING,,,f,CALCULATED_TRACK_TR_202111,11.0,5,278.9126386133913,,,,,-60.24277610206965,102.50701531077021,f,,Star,F stars,GSC32,0.7052246457627261,2.0474632930100984,306.367,,,,,,,,,,,,,POLYGON ICRS  102.503071145 -60.248980149 102.505715152 -60.248980149 102.505715152 -60.247738363 102.503071145 -60.247738363,2.0.1,RELEASE,jwst_1535.pmap,13.1.13,,3,,G140H,179.1283332,66.78857599999999,36.1494179,179.1397696,0.357485235,66.8114488,0.13328141,f,,,,,,,,16,4,1,,,,,,,,203051520,0dc19d19678c24888101cb9b79d4ec4b,/Date(1785814741022)/,61256.15209517361,/Date(1785814858921)/,61256.15345972222,86,/Date(1792273932000)/,61330.91125,False,False,False,6830857,mast:JWST/product/jw08063013001_02101_00012_nrs1_cal.fits,"GO-8063 Ruffio, Jean-Baptiste",F100LP,NIRSPEC-F100LP,2026-10-17 21:52:12.000,2025-10-17 05:40:17.119
249350647,jw08063013001_02101_00013_nrs1_rate.fits,jw08063013001_02101_00013,2b,01,NRS_FULL_IFU,jw08063_20260803t232327_pool.csv,jw08063-o013_20260803t232327_spec2_00040_asn.json,39.648114633746445,60965.246730192695,f,,,60965.24445064677,60965.242171100865,GO,,58,f,/Date(1785814596178)/,61256.150418703706,/Date(1760680477835)/,60965.24627125,/Date(1760680083935)/,60965.241712222225,NRS1,0,0,393.9,350.133,116.711,OK,NRS_IFU,1,60965.24627123843,60965.243991724536,13,PRIME,60965.24171221065,2,F100LP,1,1.0,S4I0006979,0,-60.29387553534627,14.22908592224121,1,102.6049181337574,/Date(1760674204369)/,60965.17366168981,/Date(1760673964753)/,60965.17088834491,0.0251939818,0.02007495239377022,0.02824771,39.79725698009133,60965.2467319189,f,60965.24445237297,60965.24217282705,NIRSPEC,f,,NONE,0.108527,/Date(946684800000)/,51544,0.00483,32,,1,8,3,1,1,1,16,60966.94660236111,V08063013001P0000000002101,13,HR 2562 b roll 1,STSCI,FINEGUIDE,"Ruffio, Jean-Baptiste",NRS_FULL_IFU,PRDOPSSOC-073,8063,-60.24914444444445,102.50422958333331,60963.461091875,NRSIRS2RAPID,491,Exoplanet Atmospheres and Habitability,2026_1b,,1,1,FULL,,2048,2048,1,1,-60.24836684968688,102.50429932303835,HR 2562,f,HR-2562,FIXED,0.1,0.1,JWST,NIRSpec IFU Spectroscopy,14.58889,14.589,UTC,Beyond C/O and metallicity: Can refractory abundances reveal the origin of the largest planets?,10,f,1,08063013001,/Date(1760685502150)/,60965.30442303241,02,SUCCESSFUL,PRIME_TARGETED_FIXED,/Date(1760671367892)/,60965.140832094905,-0.2051001,0.1533998,f,,,,,,IFUImageModel,f,,,,,/Date(1760680083935)/,60965.241712222225,,0.0,IFU,2025290T165743702_001_osf.xml,,,,,UNKNOWN,,13,SMALL,CYCLING,,,f,CALCULATED_TRACK_TR_202111,11.0,5,278.9126386133913,,,,,-60.24276534253225,102.50685157124184,f,,Star,F stars,GSC32,0.7213716681369817,2.231898412904965,306.367,,,,,,,,,,,,,POLYGON ICRS  102.502906323 -60.248969255 102.505550330 -60.248969255 102.505550330 -60.247727470 102.502906323 -60.247727470,2.0.1,RELEASE,jwst_1535.pmap,13.1.13,,3,,G140H,179.1283332,66.78857599999999,36.1494179,179.1397696,0.357485235,66.8114488,0.13328141,f,,,,,,,,16,4,1,,,,,,,,203051520,70ac91bda3e18e95a04044f64456462c,/Date(1785814724121)/,61256.151899537035,/Date(1785814837375)/,61256.15321037037,86,/Date(1792273914000)/,61330.911041666666,False,False,False,6830862,mast:JWST/product/jw08063013001_02101_00013_nrs1_cal.fits,"GO-8063 Ruffio, Jean-Baptiste",F100LP,NIRSPEC-F100LP,2026-10-17 21:51:54.000,2025-10-17 05:48:03.935
249351493,jw08063013001_02101_00014_nrs1_rate.fits,jw08063013001_02101_00014,2b,01,NRS_FULL_IFU,jw08063_20260803t232327_pool.csv,jw08063-o013_20260803t232327_spec2_00038_asn.json,39.65467389207333,60965.25213397231,f,,,60965.2498544264,60965.247574880486,GO,,58,f,/Date(1785814554378)/,61256.14993490741,/Date(1760680944715)/,60965.2516749537,/Date(1760680550815)/,60965.24711592593,NRS1,0,0,393.9,350.133,116.711,OK,NRS_IFU,1,60965.25167494213,60965.24939542824,14,PRIME,60965.24711591435,2,F100LP,1,1.0,S4I0006979,0,-60.29387553534627,14.22908592224121,1,102.6049181337574,/Date(1760674204369)/,60965.17366168981,/Date(1760673964753)/,60965.17088834491,0.0251939818,0.02007495239377022,0.02824771,39.803818124346435,60965.25213569854,f,60965.249856152615,60965.24757660669,NIRSPEC,f,,NONE,0.108527,/Date(946684800000)/,51544,0.00483,32,,1,8,3,1,1,1,16,60966.94660236111,V08063013001P0000000002101,13,HR 2562 b roll 1,STSCI,FINEGUIDE,"Ruffio, Jean-Baptiste",NRS_FULL_IFU,PRDOPSSOC-073,8063,-60.24914444444445,102.50422958333331,60963.461091875,NRSIRS2RAPID,491,Exoplanet Atmospheres and Habitability,2026_1b,,1,1,FULL,,2048,2048,1,1,-60.24836684924088,102.50429932307834,HR 2562,f,HR-2562,FIXED,0.1,0.1,JWST,NIRSpec IFU Spectroscopy,14.58889,14.589,UTC,Beyond C/O and metallicity: Can refractory abundances reveal the origin of the largest planets?,10,f,1,08063013001,/Date(1760685502150)/,60965.30442303241,02,SUCCESSFUL,PRIME_TARGETED_FIXED,/Date(1760671367892)/,60965.140832094905,-0.0002,-0.0517,f,,,,,,IFUImageModel,f,,,,,/Date(1760680550815)/,60965.24711592593,,0.0,IFU,2025290T170153528_002_osf.xml,,,,,UNKNOWN,,14,SMALL,CYCLING,,,f,CALCULATED_TRACK_TR_202111,11.0,5,278.9126386133913,,,,,-60.242783418980785,102.50701093511213,f,,Star,F stars,GSC32,0.6720955846275178,2.1548558944678686,306.367,,,,,,,,,,,,,POLYGON ICRS  102.503064661 -60.248987205 102.505708669 -60.248987205 102.505708669 -60.247745420 102.503064661 -60.247745420,2.0.1,RELEASE,jwst_1535.pmap,13.1.13,,3,,G140H,179.1283332,66.78857599999999,36.1494179,179.1397696,0.357485235,66.8114488,0.13328141,f,,,,,,,,16,4,1,,,,,,,,203051520,51c123d4cdd2d8eb7673f9883097a5db,/Date(1785814780426)/,61256.15255122685,/Date(1785814924835)/,61256.15422263889,86,/Date(1792273913000)/,61330.91103009259,False,False,False,6830870,mast:JWST/product/jw08063013001_02101_00014_nrs1_cal.fits,"GO-8063 Ruffio, Jean-Baptiste",F100LP,NIRSPEC-F100LP,2026-10-17 21:51:53.000,2025-10-17 05:55:50.815
249350764,jw08063013001_02101_00015_nrs1_rate.fits,jw08063013001_02101_00015,2b,01,NRS_FULL_IFU,jw08063_20260803t232327_pool.csv,jw08063-o013_20260803t232327_spec2_00036_asn.json,39.66123377904296,60965.25753774037,f,,,60965.25525819445,60965.25297864854,GO,,58,f,/Date(1785814551010)/,61256.14989594907,/Date(1760681411594)/,60965.257078622686,/Date(1760681017694)/,60965.252519594906,NRS1,0,0,393.9,350.133,116.711,OK,NRS_IFU,1,60965.25707863426,60965.25479912037,15,PRIME,60965.25251960648,2,F100LP,1,1.0,S4I0006979,0,-60.29387553534627,14.22908592224121,1,102.6049181337574,/Date(1760674204369)/,60965.17366168981,/Date(1760673964753)/,60965.17088834491,0.0251939818,0.02007495239377022,0.02824771,39.810379897244275,60965.25753946663,f,60965.25525992069,60965.25298037477,NIRSPEC,f,,NONE,0.108527,/Date(946684800000)/,51544,0.00483,32,,1,8,3,1,1,1,16,60966.94660236111,V08063013001P0000000002101,13,HR 2562 b roll 1,STSCI,FINEGUIDE,"Ruffio, Jean-Baptiste",NRS_FULL_IFU,PRDOPSSOC-073,8063,-60.24914444444445,102.50422958333331,60963.461091875,NRSIRS2RAPID,491,Exoplanet Atmospheres and Habitability,2026_1b,,1,1,FULL,,2048,2048,1,1,-60.24836684879488,102.50429932311835,HR 2562,f,HR-2562,FIXED,0.1,0.1,JWST,NIRSpec IFU Spectroscopy,14.58889,14.589,UTC,Beyond C/O and metallicity: Can refractory abundances reveal the origin of the largest planets?,10,f,1,08063013001,/Date(1760685502150)/,60965.30442303241,02,SUCCESSFUL,PRIME_TARGETED_FIXED,/Date(1760671367892)/,60965.140832094905,-0.0162997,0.1685001,f,,,,,,IFUImageModel,f,,,,,/Date(1760681017694)/,60965.252519594906,,0.0,IFU,2025290T170153528_002_osf.xml,,,,,UNKNOWN,,15,SMALL,CYCLING,,,f,CALCULATED_TRACK_TR_202111,11.0,5,278.9126386133913,,,,,-60.242812342190525,102.50690252322342,f,,Star,F stars,GSC32,0.6953491956721529,2.1354007130443597,306.367,,,,,,,,,,,,,POLYGON ICRS  102.502955172 -60.249015997 102.505599183 -60.249015997 102.505599183 -60.247774211 102.502955172 -60.247774211,2.0.1,RELEASE,jwst_1535.pmap,13.1.13,,3,,G140H,179.1283332,66.78857599999999,36.1494179,179.1397696,0.357485235,66.8114488,0.13328141,f,,,,,,,,16,4,1,,,,,,,,203051520,3220ac55361e768d78d5fb0a0905519c,/Date(1785814729630)/,61256.151963310185,/Date(1785814848335)/,61256.153337222226,86,/Date(1792273851000)/,61330.9103125,False,False,False,6830883,mast:JWST/product/jw08063013001_02101_00015_nrs1_cal.fits,"GO-8063 Ruffio, Jean-Baptiste",F100LP,NIRSPEC-F100LP,2026-10-17 21:50:51.000,2025-10-17 06:03:37.694
249351436,jw08063013001_02101_00016_nrs1_rate.fits,jw08063013001_02101_00016,2b,01,NRS_FULL_IFU,jw08063_20260803t232327_pool.csv,jw08063-o013_20260803t232327_spec2_00034_asn.json,39.667793666012585,60965.262941520006,f,,,60965.26066197408,60965.25838242817,GO,,58,f,/Date(1785814567941)/,61256.15009189815,/Date(1760681878474)/,60965.26248232639,/Date(1760681484574)/,60965.25792329861,NRS1,0,0,393.9,350.133,116.711,OK,NRS_IFU,1,60965.26248233797,60965.26020282407,16,PRIME,60965.257923310186,2,F100LP,1,1.0,S4I0006979,0,-60.29387553534627,14.22908592224121,1,102.6049181337574,/Date(1760674204369)/,60965.17366168981,/Date(1760673964753)/,60965.17088834491,0.0251939818,0.02007495239377022,0.02824771,39.816941670142114,60965.26294324628,f,60965.26066370035,60965.25838415442,NIRSPEC,f,,NONE,0.108527,/Date(946684800000)/,51544,0.00483,32,,1,8,3,1,1,1,16,60966.94660236111,V08063013001P0000000002101,13,HR 2562 b roll 1,STSCI,FINEGUIDE,"Ruffio, Jean-Baptiste",NRS_FULL_IFU,PRDOPSSOC-073,8063,-60.24914444444445,102.50422958333331,60963.461091875,NRSIRS2RAPID,491,Exoplanet Atmospheres and Habitability,2026_1b,,1,1,FULL,,2048,2048,1,1,-60.24836684834888,102.50429932315835,HR 2562,f,HR-2562,FIXED,0.1,0.1,JWST,NIRSpec IFU Spectroscopy,14.58889,14.589,UTC,Beyond C/O and metallicity: Can refractory abundances reveal the origin of the largest planets?,10,f,1,08063013001,/Date(1760685502150)/,60965.30442303241,02,SUCCESSFUL,PRIME_TARGETED_FIXED,/Date(1760671367892)/,60965.140832094905,-0.12,0.1106999,f,,,,,,IFUImageModel,f,,,,,/Date(1760681484574)/,60965.25792329861,,0.0,IFU,2025290T170153528_002_osf.xml,,,,,UNKNOWN,,16,SMALL,CYCLING,,,f,CALCULATED_TRACK_TR_202111,11.0,5,278.9126386133913,,,,,-60.242779456483504,102.50690033678781,f,,Star,F stars,GSC32,0.718850276624495,2.1867623920024237,306.367,,,,,,,,,,,,,POLYGON ICRS  102.502951936 -60.248982980 102.505595943 -60.248982980 102.505595943 -60.247741195 102.502951936 -60.247741195,2.0.1,RELEASE,jwst_1535.pmap,13.1.13,,3,,G140H,179.1283332,66.78857599999999,36.1494179,179.1397696,0.357485235,66.8114488,0.13328141,f,,,,,,,,16,4,1,,,,,,,,203051520,3f853ad14c6c701fcc95dc976e3d18e2,/Date(1785814773876)/,61256.15247541667,/Date(1785814914994)/,61256.15410871528,86,/Date(1792273852000)/,61330.91032407407,False,False,False,6830900,mast:JWST/product/jw08063013001_02101_00016_nrs1_cal.fits,"GO-8063 Ruffio, Jean-Baptiste",F100LP,NIRSPEC-F100LP,2026-10-17 21:50:52.000,2025-10-17 06:11:24.574
249351340,jw08063013001_02103_00001_nrs1_rate.fits,jw08063013001_02103_00001,2b,03,NRS_FULL_IFU,jw08063_20260803t232327_pool.csv,jw08063-o013_20260803t232327_spec2_00032_asn.json,39.676888240501285,60965.26739342283,f,,,60965.266633574196,60965.265873725555,GO,,58,f,/Date(1785814538197)/,61256.14974763889,/Date(1760682263113)/,60965.26693417824,/Date(1760682131813)/,60965.26541450231,NRS1,0,0,131.3,116.711,116.711,OK,NRS_IFU,17,60965.26693417824,60965.26617434028,1,PRIME,60965.26541450231,2,F290LP,1,1.0,S4I0006979,0,-60.29387553534627,14.22908592224121,1,102.6049181337574,/Date(1760674204369)/,60965.17366168981,/Date(1760673964753)/,60965.17088834491,0.0251939818,0.02007495239377022,0.02824771,39.826038759201765,60965.26739514912,f,60965.26663530048,60965.265875451834,NIRSPEC,f,,NONE,0.108527,/Date(946684800000)/,51544,0.00483,32,,1,8,1,1,1,1,16,60966.94660236111,V08063013001P0000000002103,13,HR 2562 b roll 1,STSCI,FINEGUIDE,"Ruffio, Jean-Baptiste",NRS_FULL_IFU,PRDOPSSOC-073,8063,-60.24914444444445,102.50422958333331,60963.461091875,NRSIRS2RAPID,491,Exoplanet Atmospheres and Habitability,2026_1b,,1,1,FULL,,2048,2048,1,1,-60.24836684785601,102.50429932320256,HR 2562,f,HR-2562,FIXED,0.1,0.1,JWST,NIRSpec IFU Spectroscopy,14.58889,14.589,UTC,Beyond C/O and metallicity: Can refractory abundances reveal the origin of the largest planets?,10,f,1,08063013001,/Date(1760685502150)/,60965.30442303241,02,SUCCESSFUL,PRIME_TARGETED_FIXED,/Date(1760671367892)/,60965.140832094905,-0.2328004,-0.0774004,f,,,,,,IFUImageModel,f,,,,,/Date(1760682131813)/,60965.26541450231,,0.0,IFU,2025290T170153528_002_osf.xml,,,,,UNKNOWN,,1,SMALL,CYCLING,,,f,CALCULATED_TRACK_TR_202111,11.0,5,278.9126386133913,,,,,-60.24272533083757,102.50695695984663,f,,Star,F stars,GSC32,0.5613387931979944,1.5105002857212473,102.122,,,,,,,,,,,,,POLYGON ICRS  102.503001548 -60.248933983 102.505645530 -60.248933983 102.505645530 -60.247692176 102.503001548 -60.247692176,2.0.1,RELEASE,jwst_1535.pmap,13.1.13,,3,,G395H,159.480598,72.4267212,36.1543427,159.5034708,0.3183197,72.4267212,0.144526958,f,,,,,,,,16,4,1,,,,,,,,203051520,98f10bca3662469c550180cefc8380da,/Date(1785814771111)/,61256.152443402774,/Date(1785814896315)/,61256.153892546296,86,/Date(1792273829000)/,61330.91005787037,False,False,False,6830878,mast:JWST/product/jw08063013001_02103_00001_nrs1_cal.fits,"GO-8063 Ruffio, Jean-Baptiste",F290LP,NIRSPEC-F290LP,2026-10-17 21:50:29.000,2025-10-17 06:22:11.813
249351562,jw08063013001_02103_00002_nrs1_rate.fits,jw08063013001_02103_00002,2b,03,NRS_FULL_IFU,jw08063_20260803t232327_pool.csv,jw08063-o013_20260803t232327_spec2_00030_asn.json,39.67975862324238,60965.2697579005,f,,,60965.26899805186,60965.26823820322,GO,,58,f,/Date(1785814541636)/,61256.1497874537,/Date(1760682467401)/,60965.269298611114,/Date(1760682336101)/,60965.26777893519,NRS1,0,0,131.3,116.711,116.711,OK,NRS_IFU,17,60965.26929862268,60965.26853878472,2,PRIME,60965.267778946756,2,F290LP,1,1.0,S4I0006979,0,-60.29387553534627,14.22908592224121,1,102.6049181337574,/Date(1760674204369)/,60965.17366168981,/Date(1760673964753)/,60965.17088834491,0.0251939818,0.02007495239377022,0.02824771,39.828910399228334,60965.269759626804,f,60965.26899977816,60965.268239929515,NIRSPEC,f,,NONE,0.108527,/Date(946684800000)/,51544,0.00483,32,,1,8,1,1,1,1,16,60966.94660236111,V08063013001P0000000002103,13,HR 2562 b roll 1,STSCI,FINEGUIDE,"Ruffio, Jean-Baptiste",NRS_FULL_IFU,PRDOPSSOC-073,8063,-60.24914444444445,102.50422958333331,60963.461091875,NRSIRS2RAPID,491,Exoplanet Atmospheres and Habitability,2026_1b,,1,1,FULL,,2048,2048,1,1,-60.24836684766086,102.50429932322005,HR 2562,f,HR-2562,FIXED,0.1,0.1,JWST,NIRSpec IFU Spectroscopy,14.58889,14.589,UTC,Beyond C/O and metallicity: Can refractory abundances reveal the origin of the largest planets?,10,f,1,08063013001,/Date(1760685502150)/,60965.30442303241,02,SUCCESSFUL,PRIME_TARGETED_FIXED,/Date(1760671367892)/,60965.140832094905,0.1292004,0.1855004,f,,,,,,IFUImageModel,f,,,,,/Date(1760682336101)/,60965.26777893519,,0.0,IFU,2025290T171549648_001_osf.xml,,,,,UNKNOWN,,2,SMALL,CYCLING,,,f,CALCULATED_TRACK_TR_202111,11.0,5,278.9126386133913,,,,,-60.24284930357709,102.5069401927723,f,,Star,F stars,GSC32,0.5015771451085161,1.603885156554091,102.122,,,,,,,,,,,,,POLYGON ICRS  102.502984303 -60.249057900 102.505628294 -60.249057900 102.505628294 -60.247816093 102.502984303 -60.247816093,2.0.1,RELEASE,jwst_1535.pmap,13.1.13,,3,,G395H,159.480598,72.4267212,36.1543427,159.5034708,0.3183197,72.4267212,0.144526958,f,,,,,,,,16,4,1,,,,,,,,203051520,77a119ef16c605131cd10865c2e382fd,/Date(1785814786714)/,61256.15262399305,/Date(1785814944041)/,61256.154444907406,86,/Date(1792273830000)/,61330.91006944444,False,False,False,6830876,mast:JWST/product/jw08063013001_02103_00002_nrs1_cal.fits,"GO-8063 Ruffio, Jean-Baptiste",F290LP,NIRSPEC-F290LP,2026-10-17 21:50:30.000,2025-10-17 06:25:36.101
249350955,jw08063013001_02103_00003_nrs1_rate.fits,jw08063013001_02103_00003,2b,03,NRS_FULL_IFU,jw08063_20260803t232327_pool.csv,jw08063-o013_20260803t232327_spec2_00028_asn.json,39.682628377340734,60965.27212163743,f,,,60965.27136178878,60965.270601940145,GO,,58,f,/Date(1785814551649)/,61256.14990335648,/Date(1760682671625)/,60965.27166233796,/Date(1760682540325)/,60965.27014266204,NRS1,0,0,131.3,116.711,116.711,OK,NRS_IFU,17,60965.27166232639,60965.270902488424,3,PRIME,60965.270142650465,2,F290LP,1,1.0,S4I0006979,0,-60.29387553534627,14.22908592224121,1,102.6049181337574,/Date(1760674204369)/,60965.17366168981,/Date(1760673964753)/,60965.17088834491,0.0251939818,0.02007495239377022,0.02824771,39.83178078196943,60965.272123363735,f,60965.27136351509,60965.270603666446,NIRSPEC,f,,NONE,0.108527,/Date(946684800000)/,51544,0.00483,32,,1,8,1,1,1,1,16,60966.94660236111,V08063013001P0000000002103,13,HR 2562 b roll 1,STSCI,FINEGUIDE,"Ruffio, Jean-Baptiste",NRS_FULL_IFU,PRDOPSSOC-073,8063,-60.24914444444445,102.50422958333331,60963.461091875,NRSIRS2RAPID,491,Exoplanet Atmospheres and Habitability,2026_1b,,1,1,FULL,,2048,2048,1,1,-60.24836684746577,102.50429932323755,HR 2562,f,HR-2562,FIXED,0.1,0.1,JWST,NIRSpec IFU Spectroscopy,14.58889,14.589,UTC,Beyond C/O and metallicity: Can refractory abundances reveal the origin of the largest planets?,10,f,1,08063013001,/Date(1760685502150)/,60965.30442303241,02,SUCCESSFUL,PRIME_TARGETED_FIXED,/Date(1760671367892)/,60965.140832094905,-0.0259002,-0.1333002,f,,,,,,IFUImageModel,f,,,,,/Date(1760682540325)/,60965.27014266204,,0.0,IFU,2025290T171549648_001_osf.xml,,,,,UNKNOWN,,3,SMALL,CYCLING,,,f,CALCULATED_TRACK_TR_202111,11.0,5,278.9126386133913,,,,,-60.24276591453501,102.50704575307282,f,,Star,F stars,GSC32,0.5123397514720014,1.5922120476999855,102.122,,,,,,,,,,,,,POLYGON ICRS  102.503089431 -60.248974455 102.505733417 -60.248974455 102.505733417 -60.247732648 102.503089431 -60.247732648,2.0.1,RELEASE,jwst_1535.pmap,13.1.13,,3,,G395H,159.480598,72.4267212,36.1543427,159.5034708,0.3183197,72.4267212,0.144526958,f,,,,,,,,16,4,1,,,,,,,,203051520,250cd7687a5427c38743af41244cfd65,/Date(1785814744129)/,61256.15213113426,/Date(1785814859996)/,61256.15347217592,86,/Date(1792273830000)/,61330.91006944444,False,False,False,6830873,mast:JWST/product/jw08063013001_02103_00003_nrs1_cal.fits,"GO-8063 Ruffio, Jean-Baptiste",F290LP,NIRSPEC-F290LP,2026-10-17 21:50:30.000,2025-10-17 06:29:00.325
249351538,jw08063013001_02103_00004_nrs1_rate.fits,jw08063013001_02103_00004,2b,03,NRS_FULL_IFU,jw08063_20260803t232327_pool.csv,jw08063-o013_20260803t232327_spec2_00026_asn.json,39.68549876008183,60965.2744861151,f,,,60965.27372626645,60965.27296641781,GO,,58,f,/Date(1785814538938)/,61256.149756203704,/Date(1760682875913)/,60965.274026770836,/Date(1760682744613)/,60965.27250709491,NRS1,0,0,131.3,116.711,116.711,OK,NRS_IFU,17,60965.274026770836,60965.27326693287,4,PRIME,60965.27250709491,2,F290LP,1,1.0,S4I0006979,0,-60.29387553534627,14.22908592224121,1,102.6049181337574,/Date(1760674204369)/,60965.17366168981,/Date(1760673964753)/,60965.17088834491,0.0251939818,0.02007495239377022,0.02824771,39.834652421996,60965.274487841416,f,60965.27372799277,60965.27296814413,NIRSPEC,f,,NONE,0.108527,/Date(946684800000)/,51544,0.00483,32,,1,8,1,1,1,1,16,60966.94660236111,V08063013001P0000000002103,13,HR 2562 b roll 1,STSCI,FINEGUIDE,"Ruffio, Jean-Baptiste",NRS_FULL_IFU,PRDOPSSOC-073,8063,-60.24914444444445,102.50422958333331,60963.461091875,NRSIRS2RAPID,491,Exoplanet Atmospheres and Habitability,2026_1b,,1,1,FULL,,2048,2048,1,1,-60.24836684727062,102.50429932325505,HR 2562,f,HR-2562,FIXED,0.1,0.1,JWST,NIRSpec IFU Spectroscopy,14.58889,14.589,UTC,Beyond C/O and metallicity: Can refractory abundances reveal the origin of the largest planets?,10,f,1,08063013001,/Date(1760685502150)/,60965.30442303241,02,SUCCESSFUL,PRIME_TARGETED_FIXED,/Date(1760671367892)/,60965.140832094905,-0.0775997,0.2415001,f,,,,,,IFUImageModel,f,,,,,/Date(1760682744613)/,60965.27250709491,,0.0,IFU,2025290T171549648_001_osf.xml,,,,,UNKNOWN,,4,SMALL,CYCLING,,,f,CALCULATED_TRACK_TR_202111,11.0,5,278.9126386133913,,,,,-60.24280904755949,102.5068529714648,f,,Star,F stars,GSC32,0.5436773795017329,1.3984384407218347,102.122,,,,,,,,,,,,,POLYGON ICRS  102.502896149 -60.249017528 102.505540136 -60.249017528 102.505540136 -60.247775721 102.502896149 -60.247775721,2.0.1,RELEASE,jwst_1535.pmap,13.1.13,,3,,G395H,159.480598,72.4267212,36.1543427,159.5034708,0.3183197,72.4267212,0.144526958,f,,,,,,,,16,4,1,,,,,,,,203051520,f89a346ec35efdd01062174520c15b1f,/Date(1785814783741)/,61256.15258958333,/Date(1785814937599)/,61256.15437037037,86,/Date(1792273854000)/,61330.91034722222,False,False,False,6830898,mast:JWST/product/jw08063013001_02103_00004_nrs1_cal.fits,"GO-8063 Ruffio, Jean-Baptiste",F290LP,NIRSPEC-F290LP,2026-10-17 21:50:54.000,2025-10-17 06:32:24.613
249351353,jw08063013001_02103_00005_nrs1_rate.fits,jw08063013001_02103_00005,2b,03,NRS_FULL_IFU,jw08063_20260803t232327_pool.csv,jw08063-o013_20260803t232327_spec2_00024_asn.json,39.68836914282292,60965.27684984044,f,,,60965.2760899918,60965.27533014316,GO,,58,f,/Date(1785814551157)/,61256.14989763889,/Date(1760683080136)/,60965.27639046296,/Date(1760682948836)/,60965.274870787034,NRS1,0,0,131.3,116.711,116.711,OK,NRS_IFU,17,60965.27639046296,60965.275630625,5,PRIME,60965.274870787034,2,F290LP,1,1.0,S4I0006979,0,-60.29387553534627,14.22908592224121,1,102.6049181337574,/Date(1760674204369)/,60965.17366168981,/Date(1760673964753)/,60965.17088834491,0.0251939818,0.02007495239377022,0.02824771,39.83752343337983,60965.27685156677,f,60965.27609171813,60965.27533186948,NIRSPEC,f,,NONE,0.108527,/Date(946684800000)/,51544,0.00483,32,,1,8,1,1,1,1,16,60966.94660236111,V08063013001P0000000002103,13,HR 2562 b roll 1,STSCI,FINEGUIDE,"Ruffio, Jean-Baptiste",NRS_FULL_IFU,PRDOPSSOC-073,8063,-60.24914444444445,102.50422958333331,60963.461091875,NRSIRS2RAPID,491,Exoplanet Atmospheres and Habitability,2026_1b,,1,1,FULL,,2048,2048,1,1,-60.24836684707552,102.50429932327255,HR 2562,f,HR-2562,FIXED,0.1,0.1,JWST,NIRSpec IFU Spectroscopy,14.58889,14.589,UTC,Beyond C/O and metallicity: Can refractory abundances reveal the origin of the largest planets?,10,f,1,08063013001,/Date(1760685502150)/,60965.30442303241,02,SUCCESSFUL,PRIME_TARGETED_FIXED,/Date(1760671367892)/,60965.140832094905,0.0,0.0,f,,,,,,IFUImageModel,f,,,,,/Date(1760682948836)/,60965.274870787034,,0.0,IFU,2025290T171549648_001_osf.xml,,,,,UNKNOWN,,5,SMALL,CYCLING,,,f,CALCULATED_TRACK_TR_202111,11.0,5,278.9126386133913,,,,,-60.24279179575519,102.50699110201386,f,,Star,F stars,GSC32,0.5173218343309336,1.4661424720756464,102.122,,,,,,,,,,,,,POLYGON ICRS  102.503033846 -60.249000222 102.505677833 -60.249000222 102.505677833 -60.247758414 102.503033846 -60.247758414,2.0.1,RELEASE,jwst_1535.pmap,13.1.13,,3,,G395H,159.480598,72.4267212,36.1543427,159.5034708,0.3183197,72.4267212,0.144526958,f,,,,,,,,16,4,1,,,,,,,,203051520,738c1699e13ce9496624abf9fba935e8,/Date(1785814770814)/,61256.15243996528,/Date(1785814898967)/,61256.15392321759,86,/Date(1792273828000)/,61330.910046296296,False,False,False,6830890,mast:JWST/product/jw08063013001_02103_00005_nrs1_cal.fits,"GO-8063 Ruffio, Jean-Baptiste",F290LP,NIRSPEC-F290LP,2026-10-17 21:50:28.000,2025-10-17 06:35:48.836
249351502,jw08063013001_02103_00006_nrs1_rate.fits,jw08063013001_02103_00006,2b,03,NRS_FULL_IFU,jw08063_20260803t232327_pool.csv,jw08063-o013_20260803t232327_spec2_00022_asn.json,39.691239525564015,60965.27921431811,f,,,60965.27845446947,60965.277694620825,GO,,58,f,/Date(1785814529911)/,61256.14965173611,/Date(1760683284424)/,60965.27875489584,/Date(1760683153124)/,60965.27723521991,NRS1,0,0,131.3,116.711,116.711,OK,NRS_IFU,17,60965.278754907406,60965.277995069446,6,PRIME,60965.27723523148,2,F290LP,1,1.0,S4I0006979,0,-60.29387553534627,14.22908592224121,1,102.6049181337574,/Date(1760674204369)/,60965.17366168981,/Date(1760673964753)/,60965.17088834491,0.0251939818,0.02007495239377022,0.02824771,39.8403950734064,60965.27921604445,f,60965.27845619581,60965.27769634716,NIRSPEC,f,,NONE,0.108527,/Date(946684800000)/,51544,0.00483,32,,1,8,1,1,1,1,16,60966.94660236111,V08063013001P0000000002103,13,HR 2562 b roll 1,STSCI,FINEGUIDE,"Ruffio, Jean-Baptiste",NRS_FULL_IFU,PRDOPSSOC-073,8063,-60.24914444444445,102.50422958333331,60963.461091875,NRSIRS2RAPID,491,Exoplanet Atmospheres and Habitability,2026_1b,,1,1,FULL,,2048,2048,1,1,-60.24836684688037,102.50429932329006,HR 2562,f,HR-2562,FIXED,0.1,0.1,JWST,NIRSpec IFU Spectroscopy,14.58889,14.589,UTC,Beyond C/O and metallicity: Can refractory abundances reveal the origin of the largest planets?,10,f,1,08063013001,/Date(1760685502150)/,60965.30442303241,02,SUCCESSFUL,PRIME_TARGETED_FIXED,/Date(1760671367892)/,60965.140832094905,-0.1552001,0.0552998,f,,,,,,IFUImageModel,f,,,,,/Date(1760683153124)/,60965.27723521991,,0.0,IFU,2025290T171549648_001_osf.xml,,,,,UNKNOWN,,6,SMALL,CYCLING,,,f,CALCULATED_TRACK_TR_202111,11.0,5,278.9126386133913,,,,,-60.24276345165594,102.50691932239134,f,,Star,F stars,GSC32,0.5781900931397811,1.5922120476999855,102.122,,,,,,,,,,,,,POLYGON ICRS  102.502961596 -60.248971818 102.505605580 -60.248971818 102.505605580 -60.247730012 102.502961596 -60.247730012,2.0.1,RELEASE,jwst_1535.pmap,13.1.13,,3,,G395H,159.480598,72.4267212,36.1543427,159.5034708,0.3183197,72.4267212,0.144526958,f,,,,,,,,16,4,1,,,,,,,,203051520,9c373478bba526aba0bc1e6eb93278f3,/Date(1785814781488)/,61256.15256349537,/Date(1785814926661)/,61256.15424375,86,/Date(1792273830000)/,61330.91006944444,False,False,False,6830905,mast:JWST/product/jw08063013001_02103_00006_nrs1_cal.fits,"GO-8063 Ruffio, Jean-Baptiste",F290LP,NIRSPEC-F290LP,2026-10-17 21:50:30.000,2025-10-17 06:39:13.124
249351362,jw08063013001_02103_00007_nrs1_rate.fits,jw08063013001_02103_00007,2b,03,NRS_FULL_IFU,jw08063_20260803t232327_pool.csv,jw08063-o013_20260803t232327_spec2_00020_asn.json,39.694110536947846,60965.28157879578,f,,,60965.28081894715,60965.2800590985,GO,,58,f,/Date(1785814531451)/,61256.14966956018,/Date(1760683488712)/,60965.281119363426,/Date(1760683357412)/,60965.2795996875,NRS1,0,0,131.3,116.711,116.711,OK,NRS_IFU,17,60965.28111935185,60965.28035951389,7,PRIME,60965.27959967592,2,F290LP,1,1.0,S4I0006979,0,-60.29387553534627,14.22908592224121,1,102.6049181337574,/Date(1760674204369)/,60965.17366168981,/Date(1760673964753)/,60965.17088834491,0.0251939818,0.02007495239377022,0.02824771,39.84326671343297,60965.28158052213,f,60965.28082067349,60965.28006082484,NIRSPEC,f,,NONE,0.108527,/Date(946684800000)/,51544,0.00483,32,,1,8,1,1,1,1,16,60966.94660236111,V08063013001P0000000002103,13,HR 2562 b roll 1,STSCI,FINEGUIDE,"Ruffio, Jean-Baptiste",NRS_FULL_IFU,PRDOPSSOC-073,8063,-60.24914444444445,102.50422958333331,60963.461091875,NRSIRS2RAPID,491,Exoplanet Atmospheres and Habitability,2026_1b,,1,1,FULL,,2048,2048,1,1,-60.24836684668522,102.50429932330756,HR 2562,f,HR-2562,FIXED,0.1,0.1,JWST,NIRSpec IFU Spectroscopy,14.58889,14.589,UTC,Beyond C/O and metallicity: Can refractory abundances reveal the origin of the largest planets?,10,f,1,08063013001,/Date(1760685502150)/,60965.30442303241,02,SUCCESSFUL,PRIME_TARGETED_FIXED,/Date(1760671367892)/,60965.140832094905,2e-07,0.1604002,f,,,,,,IFUImageModel,f,,,,,/Date(1760683357412)/,60965.2795996875,,0.0,IFU,2025290T171549648_001_osf.xml,,,,,UNKNOWN,,7,SMALL,CYCLING,,,f,CALCULATED_TRACK_TR_202111,11.0,5,278.9126386133913,,,,,-60.24281555136733,102.50691586631913,f,,Star,F stars,GSC32,0.5149662009641751,1.433457767284151,102.122,,,,,,,,,,,,,POLYGON ICRS  102.502957672 -60.249023862 102.505601660 -60.249023862 102.505601660 -60.247782055 102.502957672 -60.247782055,2.0.1,RELEASE,jwst_1535.pmap,13.1.13,,3,,G395H,159.480598,72.4267212,36.1543427,159.5034708,0.3183197,72.4267212,0.144526958,f,,,,,,,,16,4,1,,,,,,,,203051520,3fd62fe83790890fe21f026e4f6ba079,/Date(1785814771668)/,61256.152449837966,/Date(1785814901094)/,61256.15394783565,86,/Date(1792273812000)/,61330.90986111111,False,False,False,6830917,mast:JWST/product/jw08063013001_02103_00007_nrs1_cal.fits,"GO-8063 Ruffio, Jean-Baptiste",F290LP,NIRSPEC-F290LP,2026-10-17 21:50:12.000,2025-10-17 06:42:37.412
249350794,jw08063013001_02103_00008_nrs1_rate.fits,jw08063013001_02103_00008,2b,03,NRS_FULL_IFU,jw08063_20260803t232327_pool.csv,jw08063-o013_20260803t232327_spec2_00018_asn.json,39.6969802910462,60965.28394253271,f,,,60965.28318268406,60965.28242283542,GO,,58,f,/Date(1785814530314)/,61256.14965640046,/Date(1760683692936)/,60965.28348305556,/Date(1760683561636)/,60965.28196337963,NRS1,0,0,131.3,116.711,116.711,OK,NRS_IFU,17,60965.28348305556,60965.28272321759,8,PRIME,60965.28196337963,2,F290LP,1,1.0,S4I0006979,0,-60.29387553534627,14.22908592224121,1,102.6049181337574,/Date(1760674204369)/,60965.17366168981,/Date(1760673964753)/,60965.17088834491,0.0251939818,0.02007495239377022,0.02824771,39.8461377248168,60965.28394425907,f,60965.28318441042,60965.28242456178,NIRSPEC,f,,NONE,0.108527,/Date(946684800000)/,51544,0.00483,32,,1,8,1,1,1,1,16,60966.94660236111,V08063013001P0000000002103,13,HR 2562 b roll 1,STSCI,FINEGUIDE,"Ruffio, Jean-Baptiste",NRS_FULL_IFU,PRDOPSSOC-073,8063,-60.24914444444445,102.50422958333331,60963.461091875,NRSIRS2RAPID,491,Exoplanet Atmospheres and Habitability,2026_1b,,1,1,FULL,,2048,2048,1,1,-60.24836684649013,102.50429932332506,HR 2562,f,HR-2562,FIXED,0.1,0.1,JWST,NIRSpec IFU Spectroscopy,14.58889,14.589,UTC,Beyond C/O and metallicity: Can refractory abundances reveal the origin of the largest planets?,10,f,1,08063013001,/Date(1760685502150)/,60965.30442303241,02,SUCCESSFUL,PRIME_TARGETED_FIXED,/Date(1760671367892)/,60965.140832094905,0.0517002,0.1063002,f,,,,,,IFUImageModel,f,,,,,/Date(1760683561636)/,60965.28196337963,,0.0,IFU,2025290T171549648_001_osf.xml,,,,,UNKNOWN,,8,SMALL,CYCLING,,,f,CALCULATED_TRACK_TR_202111,11.0,5,278.9126386133913,,,,,-60.2428198038531,102.50695744518093,f,,Star,F stars,GSC32,0.5421155175370536,1.629565996033123,102.122,,,,,,,,,,,,,POLYGON ICRS  102.502998797 -60.249028058 102.505642786 -60.249028058 102.505642786 -60.247786251 102.502998797 -60.247786251,2.0.1,RELEASE,jwst_1535.pmap,13.1.13,,3,,G395H,159.480598,72.4267212,36.1543427,159.5034708,0.3183197,72.4267212,0.144526958,f,,,,,,,,16,4,1,,,,,,,,203051520,ee98f9e82797ba6d8d72f70c9ac0ce49,/Date(1785814732828)/,61256.15200030093,/Date(1785814850113)/,61256.15335778935,86,/Date(1792273812000)/,61330.90986111111,False,False,False,6830919,mast:JWST/product/jw08063013001_02103_00008_nrs1_cal.fits,"GO-8063 Ruffio, Jean-Baptiste",F290LP,NIRSPEC-F290LP,2026-10-17 21:50:12.000,2025-10-17 06:46:01.636
249351302,jw08063013001_02103_00009_nrs1_rate.fits,jw08063013001_02103_00009,2b,03,NRS_FULL_IFU,jw08063_20260803t232327_pool.csv,jw08063-o013_20260803t232327_spec2_00016_asn.json,39.699851302430034,60965.286307010385,f,,,60965.28554716174,60965.284787313096,GO,,58,f,/Date(1785814543555)/,61256.149809675924,/Date(1760683897224)/,60965.28584748843,/Date(1760683765924)/,60965.2843278125,NRS1,0,0,131.3,116.711,116.711,OK,NRS_IFU,17,60965.2858475,60965.285087662036,9,PRIME,60965.284327824076,2,F290LP,1,1.0,S4I0006979,0,-60.29387553534627,14.22908592224121,1,102.6049181337574,/Date(1760674204369)/,60965.17366168981,/Date(1760673964753)/,60965.17088834491,0.0251939818,0.02007495239377022,0.02824771,39.84900936484337,60965.28630873675,f,60965.2855488881,60965.28478903946,NIRSPEC,f,,NONE,0.108527,/Date(946684800000)/,51544,0.00483,32,,1,8,1,1,1,1,16,60966.94660236111,V08063013001P0000000002103,13,HR 2562 b roll 1,STSCI,FINEGUIDE,"Ruffio, Jean-Baptiste",NRS_FULL_IFU,PRDOPSSOC-073,8063,-60.24914444444445,102.50422958333331,60963.461091875,NRSIRS2RAPID,491,Exoplanet Atmospheres and Habitability,2026_1b,,1,1,FULL,,2048,2048,1,1,-60.24836684629498,102.50429932334255,HR 2562,f,HR-2562,FIXED,0.1,0.1,JWST,NIRSpec IFU Spectroscopy,14.58889,14.589,UTC,Beyond C/O and metallicity: Can refractory abundances reveal the origin of the largest planets?,10,f,1,08063013001,/Date(1760685502150)/,60965.30442303241,02,SUCCESSFUL,PRIME_TARGETED_FIXED,/Date(1760671367892)/,60965.140832094905,-0.1552004,-0.1585004,f,,,,,,IFUImageModel,f,,,,,/Date(1760683765924)/,60965.2843278125,,0.0,IFU,2025290T170743468_002_osf.xml,,,,,UNKNOWN,,9,SMALL,CYCLING,,,f,CALCULATED_TRACK_TR_202111,11.0,5,278.9126386133913,,,,,-60.24273215516808,102.50702208838571,f,,Star,F stars,GSC32,0.5888966685807666,1.6225621307206597,102.122,,,,,,,,,,,,,POLYGON ICRS  102.503063002 -60.248940352 102.505706984 -60.248940352 102.505706984 -60.247698545 102.503063002 -60.247698545,2.0.1,RELEASE,jwst_1535.pmap,13.1.13,,3,,G395H,159.480598,72.4267212,36.1543427,159.5034708,0.3183197,72.4267212,0.144526958,f,,,,,,,,16,4,1,,,,,,,,203051520,ebbb88f670c3f784a1ee1d36df4d0be8,/Date(1785814763466)/,61256.15235493056,/Date(1785814885100)/,61256.15376273148,86,/Date(1792273768000)/,61330.90935185185,False,False,False,6830902,mast:JWST/product/jw08063013001_02103_00009_nrs1_cal.fits,"GO-8063 Ruffio, Jean-Baptiste",F290LP,NIRSPEC-F290LP,2026-10-17 21:49:28.000,2025-10-17 06:49:25.924
249351206,jw08063013001_02103_00010_nrs1_rate.fits,jw08063013001_02103_00010,2b,03,NRS_FULL_IFU,jw08063_20260803t232327_pool.csv,jw08063-o013_20260803t232327_spec2_00014_asn.json,39.70292662270367,60965.28883962699,f,,,60965.28807977835,60965.2873199297,GO,,58,f,/Date(1785814500910)/,61256.14931608796,/Date(1760684116039)/,60965.28838009259,/Date(1760683984739)/,60965.286860416665,NRS1,0,0,131.3,116.711,116.711,OK,NRS_IFU,17,60965.288380081016,60965.287620243056,10,PRIME,60965.28686040509,2,F290LP,1,1.0,S4I0006979,0,-60.29387553534627,14.22908592224121,1,102.6049181337574,/Date(1760674204369)/,60965.17366168981,/Date(1760673964753)/,60965.17088834491,0.0251939818,0.02007495239377022,0.02824771,39.852085313759744,60965.288841353366,f,60965.288081504725,60965.28732165608,NIRSPEC,f,,NONE,0.108527,/Date(946684800000)/,51544,0.00483,32,,1,8,1,1,1,1,16,60966.94660236111,V08063013001P0000000002103,13,HR 2562 b roll 1,STSCI,FINEGUIDE,"Ruffio, Jean-Baptiste",NRS_FULL_IFU,PRDOPSSOC-073,8063,-60.24914444444445,102.50422958333331,60963.461091875,NRSIRS2RAPID,491,Exoplanet Atmospheres and Habitability,2026_1b,,1,1,FULL,,2048,2048,1,1,-60.24836684608595,102.50429932336131,HR 2562,f,HR-2562,FIXED,0.1,0.1,JWST,NIRSpec IFU Spectroscopy,14.58889,14.589,UTC,Beyond C/O and metallicity: Can refractory abundances reveal the origin of the largest planets?,10,f,1,08063013001,/Date(1760685502150)/,60965.30442303241,02,SUCCESSFUL,PRIME_TARGETED_FIXED,/Date(1760671367892)/,60965.140832094905,-0.0629001,-0.001,f,,,,,,IFUImageModel,f,,,,,/Date(1760683984739)/,60965.286860416665,,0.0,IFU,2025290T170743468_002_osf.xml,,,,,UNKNOWN,,10,SMALL,CYCLING,,,f,CALCULATED_TRACK_TR_202111,11.0,5,278.9126386133913,,,,,-60.24277711517452,102.50697520001673,f,,Star,F stars,GSC32,0.547720944408795,1.454469363221541,102.122,,,,,,,,,,,,,POLYGON ICRS  102.503015606 -60.248985251 102.505659591 -60.248985251 102.505659591 -60.247743444 102.503015606 -60.247743444,2.0.1,RELEASE,jwst_1535.pmap,13.1.13,,3,,G395H,159.480598,72.4267212,36.1543427,159.5034708,0.3183197,72.4267212,0.144526958,f,,,,,,,,16,4,1,,,,,,,,203051520,965caf6326ff607083111f4e668bf0c6,/Date(1785814762981)/,61256.15234930556,/Date(1785814877546)/,61256.15367530093,86,/Date(1792273743000)/,61330.9090625,False,False,False,6830922,mast:JWST/product/jw08063013001_02103_00010_nrs1_cal.fits,"GO-8063 Ruffio, Jean-Baptiste",F290LP,NIRSPEC-F290LP,2026-10-17 21:49:03.000,2025-10-17 06:53:04.739
249350810,jw08063013001_02103_00011_nrs1_rate.fits,jw08063013001_02103_00011,2b,03,NRS_FULL_IFU,jw08063_20260803t232327_pool.csv,jw08063-o013_20260803t232327_spec2_00012_asn.json,39.7057976340875,60965.291204104666,f,,,60965.290444256025,60965.28968440738,GO,,58,f,/Date(1785814532407)/,61256.149680625,/Date(1760684320327)/,60965.29074451389,/Date(1760684189027)/,60965.289224837965,NRS1,0,0,131.3,116.711,116.711,OK,NRS_IFU,17,60965.29074452546,60965.2899846875,11,PRIME,60965.289224849534,2,F290LP,1,1.0,S4I0006979,0,-60.29387553534627,14.22908592224121,1,102.6049181337574,/Date(1760674204369)/,60965.17366168981,/Date(1760673964753)/,60965.17088834491,0.0251939818,0.02007495239377022,0.02824771,39.85495758242905,60965.291205831054,f,60965.29044598241,60965.289686133765,NIRSPEC,f,,NONE,0.108527,/Date(946684800000)/,51544,0.00483,32,,1,8,1,1,1,1,16,60966.94660236111,V08063013001P0000000002103,13,HR 2562 b roll 1,STSCI,FINEGUIDE,"Ruffio, Jean-Baptiste",NRS_FULL_IFU,PRDOPSSOC-073,8063,-60.24914444444445,102.50422958333331,60963.461091875,NRSIRS2RAPID,491,Exoplanet Atmospheres and Habitability,2026_1b,,1,1,FULL,,2048,2048,1,1,-60.24836684589079,102.5042993233788,HR 2562,f,HR-2562,FIXED,0.1,0.1,JWST,NIRSpec IFU Spectroscopy,14.58889,14.589,UTC,Beyond C/O and metallicity: Can refractory abundances reveal the origin of the largest planets?,10,f,1,08063013001,/Date(1760685502150)/,60965.30442303241,02,SUCCESSFUL,PRIME_TARGETED_FIXED,/Date(1760671367892)/,60965.140832094905,0.0581002,0.1156002,f,,,,,,IFUImageModel,f,,,,,/Date(1760684189027)/,60965.289224837965,,0.0,IFU,2025290T170743468_002_osf.xml,,,,,UNKNOWN,,11,SMALL,CYCLING,,,f,CALCULATED_TRACK_TR_202111,11.0,5,278.9126386133913,,,,,-60.2428229071679,102.50695618055286,f,,Star,F stars,GSC32,0.5378618366706175,1.5688658299917746,102.122,,,,,,,,,,,,,POLYGON ICRS  102.502996116 -60.249030986 102.505640106 -60.249030986 102.505640106 -60.247789179 102.502996116 -60.247789179,2.0.1,RELEASE,jwst_1535.pmap,13.1.13,,3,,G395H,159.480598,72.4267212,36.1543427,159.5034708,0.3183197,72.4267212,0.144526958,f,,,,,,,,16,4,1,,,,,,,,203051520,b5552a6ec180d4f34171edf3aaa3f6ba,/Date(1785814735547)/,61256.15203178241,/Date(1785814850936)/,61256.153367314815,86,/Date(1792273767000)/,61330.90934027778,False,False,False,6830933,mast:JWST/product/jw08063013001_02103_00011_nrs1_cal.fits,"GO-8063 Ruffio, Jean-Baptiste",F290LP,NIRSPEC-F290LP,2026-10-17 21:49:27.000,2025-10-17 06:56:29.027
249350350,jw08063013001_02103_00012_nrs1_rate.fits,jw08063013001_02103_00012,2b,03,NRS_FULL_IFU,jw08063_20260803t232327_pool.csv,jw08063-o013_20260803t232327_spec2_00010_asn.json,39.7086680168286,60965.29356784159,f,,,60965.29280799295,60965.29204814431,GO,,58,f,/Date(1785814517553)/,61256.14950871528,/Date(1760684524551)/,60965.29310821759,/Date(1760684393251)/,60965.291588541666,NRS1,0,0,131.3,116.711,116.711,OK,NRS_IFU,17,60965.29310822917,60965.2923483912,12,PRIME,60965.29158855324,2,F290LP,1,1.0,S4I0006979,0,-60.29387553534627,14.22908592224121,1,102.6049181337574,/Date(1760674204369)/,60965.17366168981,/Date(1760673964753)/,60965.17088834491,0.0251939818,0.02007495239377022,0.02824771,39.85782859381288,60965.29356956799,f,60965.29280971934,60965.2920498707,NIRSPEC,f,,NONE,0.108527,/Date(946684800000)/,51544,0.00483,32,,1,8,1,1,1,1,16,60966.94660236111,V08063013001P0000000002103,13,HR 2562 b roll 1,STSCI,FINEGUIDE,"Ruffio, Jean-Baptiste",NRS_FULL_IFU,PRDOPSSOC-073,8063,-60.24914444444445,102.50422958333331,60963.461091875,NRSIRS2RAPID,491,Exoplanet Atmospheres and Habitability,2026_1b,,1,1,FULL,,2048,2048,1,1,-60.248366845695706,102.50429932339631,HR 2562,f,HR-2562,FIXED,0.1,0.1,JWST,NIRSpec IFU Spectroscopy,14.58889,14.589,UTC,Beyond C/O and metallicity: Can refractory abundances reveal the origin of the largest planets?,10,f,1,08063013001,/Date(1760685502150)/,60965.30442303241,02,SUCCESSFUL,PRIME_TARGETED_FIXED,/Date(1760671367892)/,60965.140832094905,-0.0157001,-0.0753001,f,,,,,,IFUImageModel,f,,,,,/Date(1760684393251)/,60965.291588541666,,0.0,IFU,2025290T170743468_002_osf.xml,,,,,UNKNOWN,,12,SMALL,CYCLING,,,f,CALCULATED_TRACK_TR_202111,11.0,5,278.9126386133913,,,,,-60.2427773612569,102.50702553657995,f,,Star,F stars,GSC32,0.5092323698950385,1.5431849905127426,102.122,,,,,,,,,,,,,POLYGON ICRS  102.503065030 -60.248985384 102.505709016 -60.248985384 102.505709016 -60.247743577 102.503065030 -60.247743577,2.0.1,RELEASE,jwst_1535.pmap,13.1.13,,3,,G395H,159.480598,72.4267212,36.1543427,159.5034708,0.3183197,72.4267212,0.144526958,f,,,,,,,,16,4,1,,,,,,,,203051520,a7a5b91ea69bf1223350b615ce2fe5a3,/Date(1785814716660)/,61256.15181319445,/Date(1785814812820)/,61256.15292615741,86,/Date(1792273745000)/,61330.90908564815,False,False,False,6830957,mast:JWST/product/jw08063013001_02103_00012_nrs1_cal.fits,"GO-8063 Ruffio, Jean-Baptiste",F290LP,NIRSPEC-F290LP,2026-10-17 21:49:05.000,2025-10-17 06:59:53.251
249350332,jw08063013001_02103_00013_nrs1_rate.fits,jw08063013001_02103_00013,2b,03,NRS_FULL_IFU,jw08063_20260803t232327_pool.csv,jw08063-o013_20260803t232327_spec2_00008_asn.json,39.71153902821243,60965.29593231927,f,,,60965.29517247062,60965.29441262198,GO,,58,f,/Date(1785814497669)/,61256.14927858796,/Date(1760684728839)/,60965.29547268518,/Date(1760684597539)/,60965.29395300926,NRS1,0,0,131.3,116.711,116.711,OK,NRS_IFU,17,60965.29547267361,60965.294712835646,13,PRIME,60965.29395299769,2,F290LP,1,1.0,S4I0006979,0,-60.29387553534627,14.22908592224121,1,102.6049181337574,/Date(1760674204369)/,60965.17366168981,/Date(1760673964753)/,60965.17088834491,0.0251939818,0.02007495239377022,0.02824771,39.86070023383945,60965.29593404568,f,60965.295174197025,60965.294414348384,NIRSPEC,f,,NONE,0.108527,/Date(946684800000)/,51544,0.00483,32,,1,8,1,1,1,1,16,60966.94660236111,V08063013001P0000000002103,13,HR 2562 b roll 1,STSCI,FINEGUIDE,"Ruffio, Jean-Baptiste",NRS_FULL_IFU,PRDOPSSOC-073,8063,-60.24914444444445,102.50422958333331,60963.461091875,NRSIRS2RAPID,491,Exoplanet Atmospheres and Habitability,2026_1b,,1,1,FULL,,2048,2048,1,1,-60.24836684550055,102.5042993234138,HR 2562,f,HR-2562,FIXED,0.1,0.1,JWST,NIRSpec IFU Spectroscopy,14.58889,14.589,UTC,Beyond C/O and metallicity: Can refractory abundances reveal the origin of the largest planets?,10,f,1,08063013001,/Date(1760685502150)/,60965.30442303241,02,SUCCESSFUL,PRIME_TARGETED_FIXED,/Date(1760671367892)/,60965.140832094905,-0.2051001,0.1533998,f,,,,,,IFUImageModel,f,,,,,/Date(1760684597539)/,60965.29395300926,,0.0,IFU,2025290T170743468_002_osf.xml,,,,,UNKNOWN,,13,SMALL,CYCLING,,,f,CALCULATED_TRACK_TR_202111,11.0,5,278.9126386133913,,,,,-60.242766575695846,102.50686094044616,f,,Star,F stars,GSC32,0.5733831069136605,1.3844307100969082,102.122,,,,,,,,,,,,,POLYGON ICRS  102.502899944 -60.248974538 102.505543929 -60.248974538 102.505543929 -60.247732731 102.502899944 -60.247732731,2.0.1,RELEASE,jwst_1535.pmap,13.1.13,,3,,G395H,159.480598,72.4267212,36.1543427,159.5034708,0.3183197,72.4267212,0.144526958,f,,,,,,,,16,4,1,,,,,,,,203051520,678ebfe65ad4b0a639bae9449795f9a8,/Date(1785814716663)/,61256.15181322917,/Date(1785814811491)/,61256.152910763885,86,/Date(1792273740000)/,61330.90902777778,False,False,False,6830963,mast:JWST/product/jw08063013001_02103_00013_nrs1_cal.fits,"GO-8063 Ruffio, Jean-Baptiste",F290LP,NIRSPEC-F290LP,2026-10-17 21:49:00.000,2025-10-17 07:03:17.539
249350323,jw08063013001_02103_00014_nrs1_rate.fits,jw08063013001_02103_00014,2b,03,NRS_FULL_IFU,jw08063_20260803t232327_pool.csv,jw08063-o013_20260803t232327_spec2_00006_asn.json,39.71440941095352,60965.29829605619,f,,,60965.29753620755,60965.296776358904,GO,,58,f,/Date(1785814502142)/,61256.1493303588,/Date(1760684933063)/,60965.297836377315,/Date(1760684801763)/,60965.29631670139,NRS1,0,0,131.3,116.711,116.711,OK,NRS_IFU,17,60965.297836377315,60965.297076539355,14,PRIME,60965.29631670139,2,F290LP,1,1.0,S4I0006979,0,-60.29387553534627,14.22908592224121,1,102.6049181337574,/Date(1760674204369)/,60965.17366168981,/Date(1760673964753)/,60965.17088834491,0.0251939818,0.02007495239377022,0.02824771,39.863571245223284,60965.29829778261,f,60965.29753793397,60965.296778085314,NIRSPEC,f,,NONE,0.108527,/Date(946684800000)/,51544,0.00483,32,,1,8,1,1,1,1,16,60966.94660236111,V08063013001P0000000002103,13,HR 2562 b roll 1,STSCI,FINEGUIDE,"Ruffio, Jean-Baptiste",NRS_FULL_IFU,PRDOPSSOC-073,8063,-60.24914444444445,102.50422958333331,60963.461091875,NRSIRS2RAPID,491,Exoplanet Atmospheres and Habitability,2026_1b,,1,1,FULL,,2048,2048,1,1,-60.24836684530546,102.5042993234313,HR 2562,f,HR-2562,FIXED,0.1,0.1,JWST,NIRSpec IFU Spectroscopy,14.58889,14.589,UTC,Beyond C/O and metallicity: Can refractory abundances reveal the origin of the largest planets?,10,f,1,08063013001,/Date(1760685502150)/,60965.30442303241,02,SUCCESSFUL,PRIME_TARGETED_FIXED,/Date(1760671367892)/,60965.140832094905,-0.0002,-0.0517,f,,,,,,IFUImageModel,f,,,,,/Date(1760684801763)/,60965.29631670139,,0.0,IFU,2025290T170743468_002_osf.xml,,,,,UNKNOWN,,14,SMALL,CYCLING,,,f,CALCULATED_TRACK_TR_202111,11.0,5,278.9126386133913,,,,,-60.24278461246942,102.50701982661882,f,,Star,F stars,GSC32,0.527951367253482,1.4871540680130364,102.122,,,,,,,,,,,,,POLYGON ICRS  102.503058397 -60.248992521 102.505702383 -60.248992521 102.505702383 -60.247750714 102.503058397 -60.247750714,2.0.1,RELEASE,jwst_1535.pmap,13.1.13,,3,,G395H,159.480598,72.4267212,36.1543427,159.5034708,0.3183197,72.4267212,0.144526958,f,,,,,,,,16,4,1,,,,,,,,203051520,752fc3f873345835750e19ab3c61f689,/Date(1785814716673)/,61256.151813344906,/Date(1785814810405)/,61256.152898217595,86,/Date(1792274074000)/,61330.91289351852,False,False,False,6830947,mast:JWST/product/jw08063013001_02103_00014_nrs1_cal.fits,"GO-8063 Ruffio, Jean-Baptiste",F290LP,NIRSPEC-F290LP,2026-10-17 21:54:34.000,2025-10-17 07:06:41.763
249351384,jw08063013001_02103_00015_nrs1_rate.fits,jw08063013001_02103_00015,2b,03,NRS_FULL_IFU,jw08063_20260803t232327_pool.csv,jw08063-o013_20260803t232327_spec2_00004_asn.json,39.71728105098009,60965.30066052229,f,,,60965.29990067365,60965.29914082501,GO,,58,f,/Date(1785814507554)/,61256.149392974534,/Date(1760685137350)/,60965.30020081018,/Date(1760685006050)/,60965.298681134256,NRS1,0,0,131.3,116.711,116.711,OK,NRS_IFU,17,60965.30020081018,60965.29944097222,15,PRIME,60965.298681134256,2,F290LP,1,1.0,S4I0006979,0,-60.29387553534627,14.22908592224121,1,102.6049181337574,/Date(1760674204369)/,60965.17366168981,/Date(1760673964753)/,60965.17088834491,0.0251939818,0.02007495239377022,0.02824771,39.86644351389259,60965.30066224872,f,60965.299902400075,60965.29914255143,NIRSPEC,f,,NONE,0.108527,/Date(946684800000)/,51544,0.00483,32,,1,8,1,1,1,1,16,60966.94660236111,V08063013001P0000000002103,13,HR 2562 b roll 1,STSCI,FINEGUIDE,"Ruffio, Jean-Baptiste",NRS_FULL_IFU,PRDOPSSOC-073,8063,-60.24914444444445,102.50422958333331,60963.461091875,NRSIRS2RAPID,491,Exoplanet Atmospheres and Habitability,2026_1b,,1,1,FULL,,2048,2048,1,1,-60.24836684511031,102.5042993234488,HR 2562,f,HR-2562,FIXED,0.1,0.1,JWST,NIRSpec IFU Spectroscopy,14.58889,14.589,UTC,Beyond C/O and metallicity: Can refractory abundances reveal the origin of the largest planets?,10,f,1,08063013001,/Date(1760685502150)/,60965.30442303241,02,SUCCESSFUL,PRIME_TARGETED_FIXED,/Date(1760671367892)/,60965.140832094905,-0.0162997,0.1685001,f,,,,,,IFUImageModel,f,,,,,/Date(1760685006050)/,60965.298681134256,,0.0,IFU,2025290T170743468_002_osf.xml,,,,,UNKNOWN,,15,SMALL,CYCLING,,,f,CALCULATED_TRACK_TR_202111,11.0,5,278.9126386133913,,,,,-60.24281338432466,102.5069107399956,f,,Star,F stars,GSC32,0.5104860617859694,1.531511881658637,102.122,,,,,,,,,,,,,POLYGON ICRS  102.502948825 -60.249021234 102.505592814 -60.249021234 102.505592814 -60.247779427 102.502948825 -60.247779427,2.0.1,RELEASE,jwst_1535.pmap,13.1.13,,3,,G395H,159.480598,72.4267212,36.1543427,159.5034708,0.3183197,72.4267212,0.144526958,f,,,,,,,,16,4,1,,,,,,,,203051520,99d0a8c92632760f5dc716224ba491f4,/Date(1785814771922)/,61256.1524528125,/Date(1785814905016)/,61256.15399324074,86,/Date(1792274055000)/,61330.912673611114,False,False,False,6830988,mast:JWST/product/jw08063013001_02103_00015_nrs1_cal.fits,"GO-8063 Ruffio, Jean-Baptiste",F290LP,NIRSPEC-F290LP,2026-10-17 21:54:15.000,2025-10-17 07:10:06.050
249351157,jw08063013001_02103_00016_nrs1_rate.fits,jw08063013001_02103_00016,2b,03,NRS_FULL_IFU,jw08063_20260803t232327_pool.csv,jw08063-o013_20260803t232327_spec2_00002_asn.json,39.72015206236392,60965.30302499997,f,,,60965.30226515133,60965.30150530268,GO,,58,f,/Date(1785814510351)/,61256.14942534722,/Date(1760685341638)/,60965.30256523148,/Date(1760685210338)/,60965.301045555556,NRS1,0,0,131.3,116.711,116.711,OK,NRS_IFU,17,60965.30256525463,60965.30180541667,16,PRIME,60965.3010455787,2,F290LP,1,1.0,S4I0006979,0,-60.29387553534627,14.22908592224121,1,102.6049181337574,/Date(1760674204369)/,60965.17366168981,/Date(1760673964753)/,60965.17088834491,0.0251939818,0.02007495239377022,0.02824771,39.8693157825619,60965.30302672641,f,60965.30226687776,60965.301507029115,NIRSPEC,f,,NONE,0.108527,/Date(946684800000)/,51544,0.00483,32,,1,8,1,1,1,1,16,60966.94660236111,V08063013001P0000000002103,13,HR 2562 b roll 1,STSCI,FINEGUIDE,"Ruffio, Jean-Baptiste",NRS_FULL_IFU,PRDOPSSOC-073,8063,-60.24914444444445,102.50422958333331,60963.461091875,NRSIRS2RAPID,491,Exoplanet Atmospheres and Habitability,2026_1b,,1,1,FULL,,2048,2048,1,1,-60.248366844915154,102.50429932346631,HR 2562,f,HR-2562,FIXED,0.1,0.1,JWST,NIRSpec IFU Spectroscopy,14.58889,14.589,UTC,Beyond C/O and metallicity: Can refractory abundances reveal the origin of the largest planets?,10,f,1,08063013001,/Date(1760685502150)/,60965.30442303241,02,SUCCESSFUL,PRIME_TARGETED_FIXED,/Date(1760671367892)/,60965.140832094905,-0.12,0.1106999,f,,,,,,IFUImageModel,f,,,,,/Date(1760685210338)/,60965.301045555556,,0.0,IFU,2025290T171147061_003_osf.xml,,,,,UNKNOWN,,16,SMALL,CYCLING,,,f,CALCULATED_TRACK_TR_202111,11.0,5,278.9126386133913,,,,,-60.24278043280906,102.50690795416102,f,,Star,F stars,GSC32,0.5316564120037751,1.4894886897838573,102.122,,,,,,,,,,,,,POLYGON ICRS  102.502945583 -60.248988224 102.505589568 -60.248988224 102.505589568 -60.247746418 102.502945583 -60.247746418,2.0.1,RELEASE,jwst_1535.pmap,13.1.13,,3,,G395H,159.480598,72.4267212,36.1543427,159.5034708,0.3183197,72.4267212,0.144526958,f,,,,,,,,16,4,1,,,,,,,,203051520,0863d641c82da4ed24c5f1c16d1d9d1b,/Date(1785814756548)/,61256.152274837965,/Date(1785814874581)/,61256.153640972225,86,/Date(1792274034000)/,61330.91243055555,False,False,False,6830983,mast:JWST/product/jw08063013001_02103_00016_nrs1_cal.fits,"GO-8063 Ruffio, Jean-Baptiste",F290LP,NIRSPEC-F290LP,2026-10-17 21:53:54.000,2025-10-17 07:13:30.338
249347914,jw08063014001_02101_00001_nrs1_rate.fits,jw08063014001_02101_00001,2b,01,NRS_FULL_IFU,jw08063_20260803t232327_pool.csv,jw08063-o014_20260803t232327_spec2_00064_asn.json,39.74513495340943,60965.326635679085,f,,,60965.32435613314,60965.32207658721,GO,,58,f,/Date(1785814317850)/,61256.14719733796,/Date(1760687381572)/,60965.32617561342,/Date(1760686987672)/,60965.32161658565,NRS1,0,0,393.9,350.133,116.711,OK,NRS_IFU,1,60965.326175601855,60965.32389608796,1,PRIME,60965.321616574074,2,F100LP,1,1.0,S4I0006979,0,-60.29387553336386,14.22908592224121,1,102.6049181304645,/Date(1760686708421)/,60965.31838449074,/Date(1760686468805)/,60965.31561118056,0.0251939818,0.02007495239377022,0.02824771,39.89430621732026,60965.32663740562,f,60965.32435785967,60965.32207831373,NIRSPEC,f,,NONE,0.108527,/Date(946684800000)/,51544,0.00483,32,,1,8,3,1,1,1,16,60966.94660236111,V08063014001P0000000002101,14,HR 2562 b roll 2,STSCI,FINEGUIDE,"Ruffio, Jean-Baptiste",NRS_FULL_IFU,PRDOPSSOC-073,8063,-60.24914444444445,102.50422958333331,60963.461091875,NRSIRS2RAPID,491,Exoplanet Atmospheres and Habitability,2026_1b,,1,1,FULL,,2048,2048,1,1,-60.24836684309187,102.50429932362984,HR 2562,f,HR-2562,FIXED,0.1,0.1,JWST,NIRSpec IFU Spectroscopy,14.58889,14.589,UTC,Beyond C/O and metallicity: Can refractory abundances reveal the origin of the largest planets?,10,f,1,08063014001,/Date(1760698005178)/,60965.449133981485,02,SUCCESSFUL,PRIME_TARGETED_FIXED,/Date(1760685506246)/,60965.30447043981,-0.2328004,-0.0774004,f,,,,,,IFUImageModel,f,,,,,/Date(1760686987672)/,60965.32161658565,,0.0,IFU,2025290T172126075_002_osf.xml,,,,,UNKNOWN,,1,SMALL,CYCLING,,,f,CALCULATED_TRACK_TR_202111,11.0,5,286.9126381998216,,,,,-60.24272561432138,102.50698745922357,f,,Star,F stars,GSC32,0.7177965839985977,2.150964858183167,306.367,,,,,,,,,,,,,POLYGON ICRS  102.503064231 -60.248899045 102.505629241 -60.248899045 102.505629241 -60.247720816 102.503064231 -60.247720816,2.0.1,RELEASE,jwst_1535.pmap,13.1.13,,3,,G140H,179.72302600000003,66.8343216,36.15763,179.7001532,0.3586942,66.8571944,0.133395463,f,,,,,,,,16,4,1,,,,,,,,203051520,01c6fddbe6d7e854353e944df2de848c,/Date(1785814524615)/,61256.14959046296,/Date(1785814606245)/,61256.15053525463,86,/Date(1792302401000)/,61331.240752314814,False,False,False,6831031,mast:JWST/product/jw08063014001_02101_00001_nrs1_cal.fits,"GO-8063 Ruffio, Jean-Baptiste",F100LP,NIRSPEC-F100LP,2026-10-18 05:46:41.000,2025-10-17 07:43:07.672
249348064,jw08063014001_02101_00002_nrs1_rate.fits,jw08063014001_02101_00002,2b,01,NRS_FULL_IFU,jw08063_20260803t232327_pool.csv,jw08063-o014_20260803t232327_spec2_00062_asn.json,39.75169861223549,60965.33203945875,f,,,60965.32975991281,60965.32748036688,GO,,58,f,/Date(1785814346646)/,61256.147530625,/Date(1760687848452)/,60965.33157931713,/Date(1760687454552)/,60965.327020289355,NRS1,0,0,393.9,350.133,116.711,OK,NRS_IFU,1,60965.33157930556,60965.329299791665,2,PRIME,60965.32702027778,2,F100LP,1,1.0,S4I0006979,0,-60.29387553336386,14.22908592224121,1,102.6049181304645,/Date(1760686708421)/,60965.31838449074,/Date(1760686468805)/,60965.31561118056,0.0251939818,0.02007495239377022,0.02824771,39.90087113343179,60965.33204118531,f,60965.32976163936,60965.32748209342,NIRSPEC,f,,NONE,0.108527,/Date(946684800000)/,51544,0.00483,32,,1,8,3,1,1,1,16,60966.94660236111,V08063014001P0000000002101,14,HR 2562 b roll 2,STSCI,FINEGUIDE,"Ruffio, Jean-Baptiste",NRS_FULL_IFU,PRDOPSSOC-073,8063,-60.24914444444445,102.50422958333331,60963.461091875,NRSIRS2RAPID,491,Exoplanet Atmospheres and Habitability,2026_1b,,1,1,FULL,,2048,2048,1,1,-60.24836684264587,102.50429932366983,HR 2562,f,HR-2562,FIXED,0.1,0.1,JWST,NIRSpec IFU Spectroscopy,14.58889,14.589,UTC,Beyond C/O and metallicity: Can refractory abundances reveal the origin of the largest planets?,10,f,1,08063014001,/Date(1760698005178)/,60965.449133981485,02,SUCCESSFUL,PRIME_TARGETED_FIXED,/Date(1760685506246)/,60965.30447043981,0.1292004,0.1855004,f,,,,,,IFUImageModel,f,,,,,/Date(1760687454552)/,60965.327020289355,,0.0,IFU,2025290T172126075_002_osf.xml,,,,,UNKNOWN,,2,SMALL,CYCLING,,,f,CALCULATED_TRACK_TR_202111,11.0,5,286.9126381998216,,,,,-60.242847304622714,102.50693595624863,f,,Star,F stars,GSC32,0.6004904002946642,2.1431827856137633,306.367,,,,,,,,,,,,,POLYGON ICRS  102.503011651 -60.249020605 102.505576671 -60.249020605 102.505576671 -60.247842376 102.503011651 -60.247842376,2.0.1,RELEASE,jwst_1535.pmap,13.1.13,,3,,G140H,179.72302600000003,66.8343216,36.15763,179.7001532,0.3586942,66.8571944,0.133395463,f,,,,,,,,16,4,1,,,,,,,,203051520,04082da6cf43bde31ad63f4073f78dfb,/Date(1785814529640)/,61256.149648611114,/Date(1785814619882)/,61256.150693090276,86,/Date(1792302413000)/,61331.240891203706,False,False,False,6831041,mast:JWST/product/jw08063014001_02101_00002_nrs1_cal.fits,"GO-8063 Ruffio, Jean-Baptiste",F100LP,NIRSPEC-F100LP,2026-10-18 05:46:53.000,2025-10-17 07:50:54.552
249347944,jw08063014001_02101_00003_nrs1_rate.fits,jw08063014001_02101_00003,2b,01,NRS_FULL_IFU,jw08063_20260803t232327_pool.csv,jw08063-o014_20260803t232327_spec2_00060_asn.json,39.758261013776064,60965.337442486096,f,,,60965.33516294016,60965.33288339422,GO,,58,f,/Date(1785814304026)/,61256.14703733796,/Date(1760688315267)/,60965.33698224537,/Date(1760687921367)/,60965.332423217595,NRS1,0,0,393.9,350.133,116.711,OK,NRS_IFU,1,60965.336982256944,60965.33470274306,3,PRIME,60965.33242322916,2,F100LP,1,1.0,S4I0006979,0,-60.29387553336386,14.22908592224121,1,102.6049181304645,/Date(1760686708421)/,60965.31838449074,/Date(1760686468805)/,60965.31561118056,0.0251939818,0.02007495239377022,0.02824771,39.90743604954332,60965.33744421267,f,60965.33516466673,60965.332885120784,NIRSPEC,f,,NONE,0.108527,/Date(946684800000)/,51544,0.00483,32,,1,8,3,1,1,1,16,60966.94660236111,V08063014001P0000000002101,14,HR 2562 b roll 2,STSCI,FINEGUIDE,"Ruffio, Jean-Baptiste",NRS_FULL_IFU,PRDOPSSOC-073,8063,-60.24914444444445,102.50422958333331,60963.461091875,NRSIRS2RAPID,491,Exoplanet Atmospheres and Habitability,2026_1b,,1,1,FULL,,2048,2048,1,1,-60.248366842199935,102.50429932370983,HR 2562,f,HR-2562,FIXED,0.1,0.1,JWST,NIRSpec IFU Spectroscopy,14.58889,14.589,UTC,Beyond C/O and metallicity: Can refractory abundances reveal the origin of the largest planets?,10,f,1,08063014001,/Date(1760698005178)/,60965.449133981485,02,SUCCESSFUL,PRIME_TARGETED_FIXED,/Date(1760685506246)/,60965.30447043981,-0.0259002,-0.1333002,f,,,,,,IFUImageModel,f,,,,,/Date(1760687921367)/,60965.332423217595,,0.0,IFU,2025290T172525123_002_osf.xml,,,,,UNKNOWN,,3,SMALL,CYCLING,,,f,CALCULATED_TRACK_TR_202111,11.0,5,286.9126381998216,,,,,-60.24277196883305,102.50706472807168,f,,Star,F stars,GSC32,0.7215529904278488,2.11438911710697,306.367,,,,,,,,,,,,,POLYGON ICRS  102.503139403 -60.248945140 102.505704417 -60.248945140 102.505704417 -60.247766911 102.503139403 -60.247766911,2.0.1,RELEASE,jwst_1535.pmap,13.1.13,,3,,G140H,179.72302600000003,66.8343216,36.15763,179.7001532,0.3586942,66.8571944,0.133395463,f,,,,,,,,16,4,1,,,,,,,,203051520,abfa7463075e4ebefe8ea596b7457e9e,/Date(1785814524958)/,61256.14959439815,/Date(1785814609432)/,61256.1505721412,86,/Date(1792302350000)/,61331.24016203704,False,False,False,6831063,mast:JWST/product/jw08063014001_02101_00003_nrs1_cal.fits,"GO-8063 Ruffio, Jean-Baptiste",F100LP,NIRSPEC-F100LP,2026-10-18 05:45:50.000,2025-10-17 07:58:41.367
249348305,jw08063014001_02101_00004_nrs1_rate.fits,jw08063014001_02101_00004,2b,01,NRS_FULL_IFU,jw08063_20260803t232327_pool.csv,jw08063-o014_20260803t232327_spec2_00058_asn.json,39.76482467260212,60965.342846265776,f,,,60965.34056671984,60965.338287173894,GO,,58,f,/Date(1785814368871)/,61256.14778784722,/Date(1760688782147)/,60965.34238594907,/Date(1760688388247)/,60965.3378269213,NRS1,0,0,393.9,350.133,116.711,OK,NRS_IFU,1,60965.34238596065,60965.34010644676,4,PRIME,60965.33782693287,2,F100LP,1,1.0,S4I0006979,0,-60.29387553336386,14.22908592224121,1,102.6049181304645,/Date(1760686708421)/,60965.31838449074,/Date(1760686468805)/,60965.31561118056,0.0251939818,0.02007495239377022,0.02824771,39.91400159429759,60965.342847992375,f,60965.34056844643,60965.33828890048,NIRSPEC,f,,NONE,0.108527,/Date(946684800000)/,51544,0.00483,32,,1,8,3,1,1,1,16,60966.94660236111,V08063014001P0000000002101,14,HR 2562 b roll 2,STSCI,FINEGUIDE,"Ruffio, Jean-Baptiste",NRS_FULL_IFU,PRDOPSSOC-073,8063,-60.24914444444445,102.50422958333331,60963.461091875,NRSIRS2RAPID,491,Exoplanet Atmospheres and Habitability,2026_1b,,1,1,FULL,,2048,2048,1,1,-60.24836684175393,102.50429932374983,HR 2562,f,HR-2562,FIXED,0.1,0.1,JWST,NIRSpec IFU Spectroscopy,14.58889,14.589,UTC,Beyond C/O and metallicity: Can refractory abundances reveal the origin of the largest planets?,10,f,1,08063014001,/Date(1760698005178)/,60965.449133981485,02,SUCCESSFUL,PRIME_TARGETED_FIXED,/Date(1760685506246)/,60965.30447043981,-0.0775997,0.2415001,f,,,,,,IFUImageModel,f,,,,,/Date(1760688388247)/,60965.3378269213,,0.0,IFU,2025290T172525123_002_osf.xml,,,,,UNKNOWN,,4,SMALL,CYCLING,,,f,CALCULATED_TRACK_TR_202111,11.0,5,286.9126381998216,,,,,-60.24280147124233,102.50686224171355,f,,Star,F stars,GSC32,0.7080915612972944,2.1517430654401073,306.367,,,,,,,,,,,,,POLYGON ICRS  102.502935823 -60.248974508 102.505500839 -60.248974508 102.505500839 -60.247796279 102.502935823 -60.247796279,2.0.1,RELEASE,jwst_1535.pmap,13.1.13,,3,,G140H,179.72302600000003,66.8343216,36.15763,179.7001532,0.3586942,66.8571944,0.133395463,f,,,,,,,,16,4,1,,,,,,,,203051520,541cc856cba892f4f83e2b3fcf9f6cb9,/Date(1785814547372)/,61256.149853854164,/Date(1785814636334)/,61256.150883483795,86,/Date(1792302393000)/,61331.24065972222,False,False,False,6831067,mast:JWST/product/jw08063014001_02101_00004_nrs1_cal.fits,"GO-8063 Ruffio, Jean-Baptiste",F100LP,NIRSPEC-F100LP,2026-10-18 05:46:33.000,2025-10-17 08:06:28.247
249348233,jw08063014001_02101_00005_nrs1_rate.fits,jw08063014001_02101_00005,2b,01,NRS_FULL_IFU,jw08063_20260803t232327_pool.csv,jw08063-o014_20260803t232327_spec2_00056_asn.json,39.77138896007091,60965.34825003388,f,,,60965.34597048794,60965.343690942005,GO,,58,f,/Date(1785814371958)/,61256.14782356482,/Date(1760689249026)/,60965.34778965278,/Date(1760688855126)/,60965.343230625,NRS1,0,0,393.9,350.133,116.711,OK,NRS_IFU,1,60965.34778965278,60965.34551013889,5,PRIME,60965.343230625,2,F100LP,1,1.0,S4I0006979,0,-60.29387553336386,14.22908592224121,1,102.6049181304645,/Date(1760686708421)/,60965.31838449074,/Date(1760686468805)/,60965.31561118056,0.0251939818,0.02007495239377022,0.02824771,39.92056776769459,60965.3482517605,f,60965.345972214556,60965.34369266861,NIRSPEC,f,,NONE,0.108527,/Date(946684800000)/,51544,0.00483,32,,1,8,3,1,1,1,16,60966.94660236111,V08063014001P0000000002101,14,HR 2562 b roll 2,STSCI,FINEGUIDE,"Ruffio, Jean-Baptiste",NRS_FULL_IFU,PRDOPSSOC-073,8063,-60.24914444444445,102.50422958333331,60963.461091875,NRSIRS2RAPID,491,Exoplanet Atmospheres and Habitability,2026_1b,,1,1,FULL,,2048,2048,1,1,-60.24836684130793,102.50429932378982,HR 2562,f,HR-2562,FIXED,0.1,0.1,JWST,NIRSpec IFU Spectroscopy,14.58889,14.589,UTC,Beyond C/O and metallicity: Can refractory abundances reveal the origin of the largest planets?,10,f,1,08063014001,/Date(1760698005178)/,60965.449133981485,02,SUCCESSFUL,PRIME_TARGETED_FIXED,/Date(1760685506246)/,60965.30447043981,0.0,0.0,f,,,,,,IFUImageModel,f,,,,,/Date(1760688855126)/,60965.343230625,,0.0,IFU,2025290T172525123_002_osf.xml,,,,,UNKNOWN,,5,SMALL,CYCLING,,,f,CALCULATED_TRACK_TR_202111,11.0,5,286.9126381998216,,,,,-60.24279393929078,102.5070044848962,f,,Star,F stars,GSC32,0.6748115279542397,2.2894857499185517,306.367,,,,,,,,,,,,,POLYGON ICRS  102.503077040 -60.248966848 102.505642056 -60.248966848 102.505642056 -60.247788619 102.503077040 -60.247788619,2.0.1,RELEASE,jwst_1535.pmap,13.1.13,,3,,G140H,179.72302600000003,66.8343216,36.15763,179.7001532,0.3586942,66.8571944,0.133395463,f,,,,,,,,16,4,1,,,,,,,,203051520,0bf5f4f648cf79da1c4dace8b3b0581f,/Date(1785814544795)/,61256.14982402778,/Date(1785814631626)/,61256.15082900463,86,/Date(1792302332000)/,61331.239953703705,False,False,False,6831073,mast:JWST/product/jw08063014001_02101_00005_nrs1_cal.fits,"GO-8063 Ruffio, Jean-Baptiste",F100LP,NIRSPEC-F100LP,2026-10-18 05:45:32.000,2025-10-17 08:14:15.126
249347523,jw08063014001_02101_00006_nrs1_rate.fits,jw08063014001_02101_00006,2b,01,NRS_FULL_IFU,jw08063_20260803t232327_pool.csv,jw08063-o014_20260803t232327_spec2_00054_asn.json,39.7779532475397,60965.35365381356,f,,,60965.35137426762,60965.34909472168,GO,,58,f,/Date(1785814228613)/,61256.146164502316,/Date(1760689715906)/,60965.35319335648,/Date(1760689322006)/,60965.3486343287,NRS1,0,0,393.9,350.133,116.711,OK,NRS_IFU,1,60965.35319335648,60965.350913842594,6,PRIME,60965.3486343287,2,F100LP,1,1.0,S4I0006979,0,-60.29387553336386,14.22908592224121,1,102.6049181304645,/Date(1760686708421)/,60965.31838449074,/Date(1760686468805)/,60965.31561118056,0.0251939818,0.02007495239377022,0.02824771,39.9271339410916,60965.35365554021,f,60965.35137599426,60965.349096448306,NIRSPEC,f,,NONE,0.108527,/Date(946684800000)/,51544,0.00483,32,,1,8,3,1,1,1,16,60966.94660236111,V08063014001P0000000002101,14,HR 2562 b roll 2,STSCI,FINEGUIDE,"Ruffio, Jean-Baptiste",NRS_FULL_IFU,PRDOPSSOC-073,8063,-60.24914444444445,102.50422958333331,60963.461091875,NRSIRS2RAPID,491,Exoplanet Atmospheres and Habitability,2026_1b,,1,1,FULL,,2048,2048,1,1,-60.24836684086193,102.50429932382983,HR 2562,f,HR-2562,FIXED,0.1,0.1,JWST,NIRSpec IFU Spectroscopy,14.58889,14.589,UTC,Beyond C/O and metallicity: Can refractory abundances reveal the origin of the largest planets?,10,f,1,08063014001,/Date(1760698005178)/,60965.449133981485,02,SUCCESSFUL,PRIME_TARGETED_FIXED,/Date(1760685506246)/,60965.30447043981,-0.1552001,0.0552998,f,,,,,,IFUImageModel,f,,,,,/Date(1760689322006)/,60965.3486343287,,0.0,IFU,2025290T172525123_002_osf.xml,,,,,UNKNOWN,,6,SMALL,CYCLING,,,f,CALCULATED_TRACK_TR_202111,11.0,5,286.9126381998216,,,,,-60.24276096974717,102.50694179128405,f,,Star,F stars,GSC32,0.7402478633613272,2.0793697905446535,306.367,,,,,,,,,,,,,POLYGON ICRS  102.503013286 -60.248933746 102.505578299 -60.248933746 102.505578299 -60.247755516 102.503013286 -60.247755516,2.0.1,RELEASE,jwst_1535.pmap,13.1.13,,3,,G140H,179.72302600000003,66.8343216,36.15763,179.7001532,0.3586942,66.8571944,0.133395463,f,,,,,,,,16,4,1,,,,,,,,203051520,9c8c12ff43230b22c25ac8df95baa799,/Date(1785814482522)/,61256.149103275464,/Date(1785814571894)/,61256.15013765046,86,/Date(1792302330000)/,61331.23993055556,False,False,False,6831084,mast:JWST/product/jw08063014001_02101_00006_nrs1_cal.fits,"GO-8063 Ruffio, Jean-Baptiste",F100LP,NIRSPEC-F100LP,2026-10-18 05:45:30.000,2025-10-17 08:22:02.006
249348055,jw08063014001_02101_00007_nrs1_rate.fits,jw08063014001_02101_00007,2b,01,NRS_FULL_IFU,jw08063_20260803t232327_pool.csv,jw08063-o014_20260803t232327_spec2_00052_asn.json,39.78451690636575,60965.35905685249,f,,,60965.35677730655,60965.354497760614,GO,,58,f,/Date(1785814356453)/,61256.14764413195,/Date(1760690182722)/,60965.35859633102,/Date(1760689788822)/,60965.35403730324,NRS1,0,0,393.9,350.133,116.711,OK,NRS_IFU,1,60965.35859631944,60965.356316805555,7,PRIME,60965.35403729167,2,F100LP,1,1.0,S4I0006979,0,-60.29387553336386,14.22908592224121,1,102.6049181304645,/Date(1760686708421)/,60965.31838449074,/Date(1760686468805)/,60965.31561118056,0.0251939818,0.02007495239377022,0.02824771,39.933699485845864,60965.35905857916,f,60965.35677903321,60965.354499487265,NIRSPEC,f,,NONE,0.108527,/Date(946684800000)/,51544,0.00483,32,,1,8,3,1,1,1,16,60966.94660236111,V08063014001P0000000002101,14,HR 2562 b roll 2,STSCI,FINEGUIDE,"Ruffio, Jean-Baptiste",NRS_FULL_IFU,PRDOPSSOC-073,8063,-60.24914444444445,102.50422958333331,60963.461091875,NRSIRS2RAPID,491,Exoplanet Atmospheres and Habitability,2026_1b,,1,1,FULL,,2048,2048,1,1,-60.24836684041599,102.50429932386982,HR 2562,f,HR-2562,FIXED,0.1,0.1,JWST,NIRSpec IFU Spectroscopy,14.58889,14.589,UTC,Beyond C/O and metallicity: Can refractory abundances reveal the origin of the largest planets?,10,f,1,08063014001,/Date(1760698005178)/,60965.449133981485,02,SUCCESSFUL,PRIME_TARGETED_FIXED,/Date(1760685506246)/,60965.30447043981,2e-07,0.1604002,f,,,,,,IFUImageModel,f,,,,,/Date(1760689788822)/,60965.35403730324,,0.0,IFU,2025290T172937887_002_osf.xml,,,,,UNKNOWN,,7,SMALL,CYCLING,,,f,CALCULATED_TRACK_TR_202111,11.0,5,286.9126381998216,,,,,-60.24281228495903,102.50692467250857,f,,Star,F stars,GSC32,0.6594722847126883,2.1283968477318966,306.367,,,,,,,,,,,,,POLYGON ICRS  102.502995105 -60.248984930 102.505560121 -60.248984930 102.505560121 -60.247806701 102.502995105 -60.247806701,2.0.1,RELEASE,jwst_1535.pmap,13.1.13,,3,,G140H,179.723026,66.8343216,36.15763,179.7001532,0.3586942,66.8571944,0.133395463,f,,,,,,,,16,4,1,,,,,,,,203051520,525dc1ff3da62c8d1364e5cf6f4b4129,/Date(1785814529393)/,61256.14964575232,/Date(1785814619392)/,61256.15068741898,86,/Date(1792302350000)/,61331.24016203704,False,False,False,6831095,mast:JWST/product/jw08063014001_02101_00007_nrs1_cal.fits,"GO-8063 Ruffio, Jean-Baptiste",F100LP,NIRSPEC-F100LP,2026-10-18 05:45:50.000,2025-10-17 08:29:48.822
249348094,jw08063014001_02101_00008_nrs1_rate.fits,jw08063014001_02101_00008,2b,01,NRS_FULL_IFU,jw08063_20260803t232327_pool.csv,jw08063-o014_20260803t232327_spec2_00050_asn.json,39.79108182247728,60965.364460620614,f,,,60965.36218107466,60965.359901528725,GO,,58,f,/Date(1785814363003)/,61256.14771994213,/Date(1760690649601)/,60965.364,/Date(1760690255701)/,60965.35944097222,NRS1,0,0,393.9,350.133,116.711,OK,NRS_IFU,1,60965.36400001158,60965.36172049768,8,PRIME,60965.3594409838,2,F100LP,1,1.0,S4I0006979,0,-60.29387553336386,14.22908592224121,1,102.6049181304645,/Date(1760686708421)/,60965.31838449074,/Date(1760686468805)/,60965.31561118056,0.0251939818,0.02007495239377022,0.02824771,39.940266287885606,60965.3644623473,f,60965.36218280134,60965.3599032554,NIRSPEC,f,,NONE,0.108527,/Date(946684800000)/,51544,0.00483,32,,1,8,3,1,1,1,16,60966.94660236111,V08063014001P0000000002101,14,HR 2562 b roll 2,STSCI,FINEGUIDE,"Ruffio, Jean-Baptiste",NRS_FULL_IFU,PRDOPSSOC-073,8063,-60.24914444444445,102.50422958333331,60963.461091875,NRSIRS2RAPID,491,Exoplanet Atmospheres and Habitability,2026_1b,,1,1,FULL,,2048,2048,1,1,-60.24836683996999,102.50429932390982,HR 2562,f,HR-2562,FIXED,0.1,0.1,JWST,NIRSpec IFU Spectroscopy,14.58889,14.589,UTC,Beyond C/O and metallicity: Can refractory abundances reveal the origin of the largest planets?,10,f,1,08063014001,/Date(1760698005178)/,60965.449133981485,02,SUCCESSFUL,PRIME_TARGETED_FIXED,/Date(1760685506246)/,60965.30447043981,0.0517002,0.1063002,f,,,,,,IFUImageModel,f,,,,,/Date(1760690255701)/,60965.35944097222,,0.0,IFU,2025290T172937887_002_osf.xml,,,,,UNKNOWN,,8,SMALL,CYCLING,,,f,CALCULATED_TRACK_TR_202111,11.0,5,286.9126381998216,,,,,-60.242819415775145,102.50696513399507,f,,Star,F stars,GSC32,0.6276638412925077,2.0497979147809198,306.367,,,,,,,,,,,,,POLYGON ICRS  102.503034520 -60.248991930 102.505599537 -60.248991930 102.505599537 -60.247813702 102.503034520 -60.247813702,2.0.1,RELEASE,jwst_1535.pmap,13.1.13,,3,,G140H,179.723026,66.8343216,36.15763,179.7001532,0.3586942,66.8571944,0.133395463,f,,,,,,,,16,4,1,,,,,,,,203051520,134ef9c5e993766eca9bf2757586944f,/Date(1785814532396)/,61256.14968050926,/Date(1785814621793)/,61256.15071519676,86,/Date(1792302311000)/,61331.23971064815,False,False,False,6831093,mast:JWST/product/jw08063014001_02101_00008_nrs1_cal.fits,"GO-8063 Ruffio, Jean-Baptiste",F100LP,NIRSPEC-F100LP,2026-10-18 05:45:11.000,2025-10-17 08:37:35.701
249348200,jw08063014001_02101_00009_nrs1_rate.fits,jw08063014001_02101_00009,2b,01,NRS_FULL_IFU,jw08063_20260803t232327_pool.csv,jw08063-o014_20260803t232327_spec2_00048_asn.json,39.79764673858881,60965.369864400294,f,,,60965.36758485436,60965.36530530841,GO,,58,f,/Date(1785814365823)/,61256.14775258102,/Date(1760691116481)/,60965.369403703706,/Date(1760690722581)/,60965.364844675925,NRS1,0,0,393.9,350.133,116.711,OK,NRS_IFU,1,60965.369403715275,60965.36712420139,9,PRIME,60965.3648446875,2,F100LP,1,1.0,S4I0006979,0,-60.29387553336386,14.22908592224121,1,102.6049181304645,/Date(1760686708421)/,60965.31838449074,/Date(1760686468805)/,60965.31561118056,0.0251939818,0.02007495239377022,0.02824771,39.94683308992535,60965.36986612701,f,60965.36758658106,60965.36530703511,NIRSPEC,f,,NONE,0.108527,/Date(946684800000)/,51544,0.00483,32,,1,8,3,1,1,1,16,60966.94660236111,V08063014001P0000000002101,14,HR 2562 b roll 2,STSCI,FINEGUIDE,"Ruffio, Jean-Baptiste",NRS_FULL_IFU,PRDOPSSOC-073,8063,-60.24914444444445,102.50422958333331,60963.461091875,NRSIRS2RAPID,491,Exoplanet Atmospheres and Habitability,2026_1b,,1,1,FULL,,2048,2048,1,1,-60.24836683952398,102.50429932394982,HR 2562,f,HR-2562,FIXED,0.1,0.1,JWST,NIRSpec IFU Spectroscopy,14.58889,14.589,UTC,Beyond C/O and metallicity: Can refractory abundances reveal the origin of the largest planets?,10,f,1,08063014001,/Date(1760698005178)/,60965.449133981485,02,SUCCESSFUL,PRIME_TARGETED_FIXED,/Date(1760685506246)/,60965.30447043981,-0.1552004,-0.1585004,f,,,,,,IFUImageModel,f,,,,,/Date(1760690722581)/,60965.364844675925,,0.0,IFU,2025290T172937887_002_osf.xml,,,,,UNKNOWN,,9,SMALL,CYCLING,,,f,CALCULATED_TRACK_TR_202111,11.0,5,286.9126381998216,,,,,-60.242737179608,102.50705429242815,f,,Star,F stars,GSC32,0.7457521232896664,2.185205977488543,306.367,,,,,,,,,,,,,POLYGON ICRS  102.503122651 -60.248909564 102.505687664 -60.248909564 102.505687664 -60.247731334 102.503122651 -60.247731334,2.0.1,RELEASE,jwst_1535.pmap,13.1.13,,3,,G140H,179.723026,66.8343216,36.15763,179.7001532,0.3586942,66.8571944,0.133395463,f,,,,,,,,16,4,1,,,,,,,,203051520,52f232661eb3d1d2e468f43318b6dbf5,/Date(1785814542250)/,61256.14979456019,/Date(1785814629118)/,61256.150799953706,86,/Date(1792302330000)/,61331.23993055556,False,False,False,6831107,mast:JWST/product/jw08063014001_02101_00009_nrs1_cal.fits,"GO-8063 Ruffio, Jean-Baptiste",F100LP,NIRSPEC-F100LP,2026-10-18 05:45:30.000,2025-10-17 08:45:22.581
249347881,jw08063014001_02101_00010_nrs1_rate.fits,jw08063014001_02101_00010,2b,01,NRS_FULL_IFU,jw08063_20260803t232327_pool.csv,jw08063-o014_20260803t232327_spec2_00046_asn.json,39.8042110260576,60965.37526742767,f,,,60965.372987881725,60965.37070833577,GO,,58,f,/Date(1785814255310)/,61256.14647349537,/Date(1760691583296)/,60965.37480666667,/Date(1760691189396)/,60965.370247638886,NRS1,0,0,393.9,350.133,116.711,OK,NRS_IFU,1,60965.37480666667,60965.37252715278,10,PRIME,60965.370247638886,2,F100LP,1,1.0,S4I0006979,0,-60.29387553336386,14.22908592224121,1,102.6049181304645,/Date(1760686708421)/,60965.31838449074,/Date(1760686468805)/,60965.31561118056,0.0251939818,0.02007495239377022,0.02824771,39.95339989196509,60965.37526915441,f,60965.372989608455,60965.370710062496,NIRSPEC,f,,NONE,0.108527,/Date(946684800000)/,51544,0.00483,32,,1,8,3,1,1,1,16,60966.94660236111,V08063014001P0000000002101,14,HR 2562 b roll 2,STSCI,FINEGUIDE,"Ruffio, Jean-Baptiste",NRS_FULL_IFU,PRDOPSSOC-073,8063,-60.24914444444445,102.50422958333331,60963.461091875,NRSIRS2RAPID,491,Exoplanet Atmospheres and Habitability,2026_1b,,1,1,FULL,,2048,2048,1,1,-60.248366839078045,102.50429932398981,HR 2562,f,HR-2562,FIXED,0.1,0.1,JWST,NIRSpec IFU Spectroscopy,14.58889,14.589,UTC,Beyond C/O and metallicity: Can refractory abundances reveal the origin of the largest planets?,10,f,1,08063014001,/Date(1760698005178)/,60965.449133981485,02,SUCCESSFUL,PRIME_TARGETED_FIXED,/Date(1760685506246)/,60965.30447043981,-0.0629001,-0.001,f,,,,,,IFUImageModel,f,,,,,/Date(1760691189396)/,60965.370247638886,,0.0,IFU,2025290T173448579_002_osf.xml,,,,,UNKNOWN,,10,SMALL,CYCLING,,,f,CALCULATED_TRACK_TR_202111,11.0,5,286.9126381998216,,,,,-60.242778533721186,102.50699585090871,f,,Star,F stars,GSC32,0.7224315864209345,2.1268404332180157,306.367,,,,,,,,,,,,,POLYGON ICRS  102.503063142 -60.248950786 102.505628157 -60.248950786 102.505628157 -60.247772557 102.503063142 -60.247772557,2.0.1,RELEASE,jwst_1535.pmap,13.1.13,,3,,G140H,179.72302600000003,66.8343216,36.15763,179.7001532,0.3586942,66.8571944,0.133395463,f,,,,,,,,16,4,1,,,,,,,,203051520,485ce204f47e0e0e139ffc64fc50ab62,/Date(1785814522638)/,61256.149567546294,/Date(1785814603266)/,61256.15050076389,86,/Date(1792302331000)/,61331.23994212963,False,False,False,6831710,mast:JWST/product/jw08063014001_02101_00010_nrs1_cal.fits,"GO-8063 Ruffio, Jean-Baptiste",F100LP,NIRSPEC-F100LP,2026-10-18 05:45:31.000,2025-10-17 08:53:09.396
249347205,jw08063014001_02101_00011_nrs1_rate.fits,jw08063014001_02101_00011,2b,01,NRS_FULL_IFU,jw08063_20260803t232327_pool.csv,jw08063-o014_20260803t232327_spec2_00044_asn.json,39.810777199454606,60965.380671207364,f,,,60965.37839166142,60965.376112115475,GO,,58,f,/Date(1785814224967)/,61256.14612229167,/Date(1760692050176)/,60965.38021037037,/Date(1760691656276)/,60965.37565134259,NRS1,0,0,393.9,350.133,116.711,OK,NRS_IFU,1,60965.38021037037,60965.377930856484,11,PRIME,60965.37565134259,2,F100LP,1,1.0,S4I0006979,0,-60.29387553336386,14.22908592224121,1,102.6049181304645,/Date(1760686708421)/,60965.31838449074,/Date(1760686468805)/,60965.31561118056,0.0251939818,0.02007495239377022,0.02824771,39.95996732264757,60965.38067293412,f,60965.37839338817,60965.37611384221,NIRSPEC,f,,NONE,0.108527,/Date(946684800000)/,51544,0.00483,32,,1,8,3,1,1,1,16,60966.94660236111,V08063014001P0000000002101,14,HR 2562 b roll 2,STSCI,FINEGUIDE,"Ruffio, Jean-Baptiste",NRS_FULL_IFU,PRDOPSSOC-073,8063,-60.24914444444445,102.50422958333331,60963.461091875,NRSIRS2RAPID,491,Exoplanet Atmospheres and Habitability,2026_1b,,1,1,FULL,,2048,2048,1,1,-60.248366838632045,102.50429932402982,HR 2562,f,HR-2562,FIXED,0.1,0.1,JWST,NIRSpec IFU Spectroscopy,14.58889,14.589,UTC,Beyond C/O and metallicity: Can refractory abundances reveal the origin of the largest planets?,10,f,1,08063014001,/Date(1760698005178)/,60965.449133981485,02,SUCCESSFUL,PRIME_TARGETED_FIXED,/Date(1760685506246)/,60965.30447043981,0.0581002,0.1156002,f,,,,,,IFUImageModel,f,,,,,/Date(1760691656276)/,60965.37565134259,,0.0,IFU,2025290T173448579_002_osf.xml,,,,,UNKNOWN,,11,SMALL,CYCLING,,,f,CALCULATED_TRACK_TR_202111,11.0,5,286.9126381998216,,,,,-60.24282253373657,102.50696493189969,f,,Star,F stars,GSC32,0.6261152088511964,2.0645838526627864,306.367,,,,,,,,,,,,,POLYGON ICRS  102.503031159 -60.248994655 102.505596177 -60.248994655 102.505596177 -60.247816426 102.503031159 -60.247816426,2.0.1,RELEASE,jwst_1535.pmap,13.1.13,,3,,G140H,179.72302600000003,66.8343216,36.15763,179.7001532,0.3586942,66.8571944,0.133395463,f,,,,,,,,16,4,1,,,,,,,,203051520,c1a0223ee0d74af9803ab52577fa226e,/Date(1785814450379)/,61256.14873125,/Date(1785814545221)/,61256.14982893519,86,/Date(1792302289000)/,61331.23945601852,False,False,False,6831731,mast:JWST/product/jw08063014001_02101_00011_nrs1_cal.fits,"GO-8063 Ruffio, Jean-Baptiste",F100LP,NIRSPEC-F100LP,2026-10-18 05:44:49.000,2025-10-17 09:00:56.276
249347860,jw08063014001_02101_00012_nrs1_rate.fits,jw08063014001_02101_00012,2b,01,NRS_FULL_IFU,jw08063_20260803t232327_pool.csv,jw08063-o014_20260803t232327_spec2_00042_asn.json,39.81734274420887,60965.38607497549,f,,,60965.383795429545,60965.38151588359,GO,,58,f,/Date(1785814253494)/,61256.14645246528,/Date(1760692517055)/,60965.385614074075,/Date(1760692123155)/,60965.381055046295,NRS1,0,0,393.9,350.133,116.711,OK,NRS_IFU,1,60965.3856140625,60965.38333454861,12,PRIME,60965.38105503472,2,F100LP,1,1.0,S4I0006979,0,-60.29387553336386,14.22908592224121,1,102.6049181304645,/Date(1760686708421)/,60965.31838449074,/Date(1760686468805)/,60965.31561118056,0.0251939818,0.02007495239377022,0.02824771,39.96653475333005,60965.38607670227,f,60965.38379715632,60965.38151761035,NIRSPEC,f,,NONE,0.108527,/Date(946684800000)/,51544,0.00483,32,,1,8,3,1,1,1,16,60966.94660236111,V08063014001P0000000002101,14,HR 2562 b roll 2,STSCI,FINEGUIDE,"Ruffio, Jean-Baptiste",NRS_FULL_IFU,PRDOPSSOC-073,8063,-60.24914444444445,102.50422958333331,60963.461091875,NRSIRS2RAPID,491,Exoplanet Atmospheres and Habitability,2026_1b,,1,1,FULL,,2048,2048,1,1,-60.248366838186044,102.50429932406982,HR 2562,f,HR-2562,FIXED,0.1,0.1,JWST,NIRSpec IFU Spectroscopy,14.58889,14.589,UTC,Beyond C/O and metallicity: Can refractory abundances reveal the origin of the largest planets?,10,f,1,08063014001,/Date(1760698005178)/,60965.449133981485,02,SUCCESSFUL,PRIME_TARGETED_FIXED,/Date(1760685506246)/,60965.30447043981,-0.0157001,-0.0753001,f,,,,,,IFUImageModel,f,,,,,/Date(1760692123155)/,60965.381055046295,,0.0,IFU,2025290T173448579_002_osf.xml,,,,,UNKNOWN,,12,SMALL,CYCLING,,,f,CALCULATED_TRACK_TR_202111,11.0,5,286.9126381998216,,,,,-60.24278236385234,102.50704670575288,f,,Star,F stars,GSC32,0.6882138133332667,2.1221711896763735,306.367,,,,,,,,,,,,,POLYGON ICRS  102.503111900 -60.248954355 102.505676916 -60.248954355 102.505676916 -60.247776125 102.503111900 -60.247776125,2.0.1,RELEASE,jwst_1535.pmap,13.1.13,,3,,G140H,179.72302600000003,66.8343216,36.15763,179.7001532,0.3586942,66.8571944,0.133395463,f,,,,,,,,16,4,1,,,,,,,,203051520,818d231e7090cf29ca51084965b7f21c,/Date(1785814521235)/,61256.14955134259,/Date(1785814601721)/,61256.15048287037,86,/Date(1792302292000)/,61331.23949074074,False,False,False,6831757,mast:JWST/product/jw08063014001_02101_00012_nrs1_cal.fits,"GO-8063 Ruffio, Jean-Baptiste",F100LP,NIRSPEC-F100LP,2026-10-18 05:44:52.000,2025-10-17 09:08:43.155
249347872,jw08063014001_02101_00013_nrs1_rate.fits,jw08063014001_02101_00013,2b,01,NRS_FULL_IFU,jw08063_20260803t232327_pool.csv,jw08063-o014_20260803t232327_spec2_00040_asn.json,39.82390891760588,60965.3914787552,f,,,60965.38919920925,60965.386919663295,GO,,58,f,/Date(1785814267074)/,61256.146609641204,/Date(1760692983935)/,60965.39101777778,/Date(1760692590035)/,60965.38645875,NRS1,0,0,393.9,350.133,116.711,OK,NRS_IFU,1,60965.391017766204,60965.38873825232,13,PRIME,60965.38645873842,2,F100LP,1,1.0,S4I0006979,0,-60.29387553336386,14.22908592224121,1,102.6049181304645,/Date(1760686708421)/,60965.31838449074,/Date(1760686468805)/,60965.31561118056,0.0251939818,0.02007495239377022,0.02824771,39.97310281265527,60965.391480481994,f,60965.38920093604,60965.386921390076,NIRSPEC,f,,NONE,0.108527,/Date(946684800000)/,51544,0.00483,32,,1,8,3,1,1,1,16,60966.94660236111,V08063014001P0000000002101,14,HR 2562 b roll 2,STSCI,FINEGUIDE,"Ruffio, Jean-Baptiste",NRS_FULL_IFU,PRDOPSSOC-073,8063,-60.24914444444445,102.50422958333331,60963.461091875,NRSIRS2RAPID,491,Exoplanet Atmospheres and Habitability,2026_1b,,1,1,FULL,,2048,2048,1,1,-60.24836683774004,102.50429932410982,HR 2562,f,HR-2562,FIXED,0.1,0.1,JWST,NIRSpec IFU Spectroscopy,14.58889,14.589,UTC,Beyond C/O and metallicity: Can refractory abundances reveal the origin of the largest planets?,10,f,1,08063014001,/Date(1760698005178)/,60965.449133981485,02,SUCCESSFUL,PRIME_TARGETED_FIXED,/Date(1760685506246)/,60965.30447043981,-0.2051001,0.1533998,f,,,,,,IFUImageModel,f,,,,,/Date(1760692590035)/,60965.38645875,,0.0,IFU,2025290T173858423_002_osf.xml,,,,,UNKNOWN,,13,SMALL,CYCLING,,,f,CALCULATED_TRACK_TR_202111,11.0,5,286.9126381998216,,,,,-60.242760315077035,102.50688765988961,f,,Star,F stars,GSC32,0.7217039626356953,2.2210035113077997,306.367,,,,,,,,,,,,,POLYGON ICRS  102.502951775 -60.248932171 102.505516788 -60.248932171 102.505516788 -60.247753942 102.502951775 -60.247753942,2.0.1,RELEASE,jwst_1535.pmap,13.1.13,,3,,G140H,179.72302600000003,66.8343216,36.15763,179.7001532,0.3586942,66.8571944,0.133395463,f,,,,,,,,16,4,1,,,,,,,,203051520,b609358f65a58c1a395283b84b555c2a,/Date(1785814521691)/,61256.14955659722,/Date(1785814602777)/,61256.150495092596,86,/Date(1792302248000)/,61331.23898148148,False,False,False,6831760,mast:JWST/product/jw08063014001_02101_00013_nrs1_cal.fits,"GO-8063 Ruffio, Jean-Baptiste",F100LP,NIRSPEC-F100LP,2026-10-18 05:44:08.000,2025-10-17 09:16:30.035
249345912,jw08063014001_02101_00014_nrs1_rate.fits,jw08063014001_02101_00014,2b,01,NRS_FULL_IFU,jw08063_20260803t232327_pool.csv,jw08063-o014_20260803t232327_spec2_00038_asn.json,39.830474462360144,60965.39688178258,f,,,60965.39460223662,60965.39232269068,GO,,58,f,/Date(1785813970973)/,61256.14318255787,/Date(1760693450750)/,60965.396420717596,/Date(1760693056850)/,60965.391861689815,NRS1,0,0,393.9,350.133,116.711,OK,NRS_IFU,1,60965.396420717596,60965.3941412037,14,PRIME,60965.391861689815,2,F100LP,1,1.0,S4I0006979,0,-60.29387553336386,14.22908592224121,1,102.6049181304645,/Date(1760686708421)/,60965.31838449074,/Date(1760686468805)/,60965.31561118056,0.0251939818,0.02007495239377022,0.02824771,39.97967024333775,60965.396883509406,f,60965.39460396344,60965.39232441748,NIRSPEC,f,,NONE,0.108527,/Date(946684800000)/,51544,0.00483,32,,1,8,3,1,1,1,16,60966.94660236111,V08063014001P0000000002101,14,HR 2562 b roll 2,STSCI,FINEGUIDE,"Ruffio, Jean-Baptiste",NRS_FULL_IFU,PRDOPSSOC-073,8063,-60.24914444444445,102.50422958333331,60963.461091875,NRSIRS2RAPID,491,Exoplanet Atmospheres and Habitability,2026_1b,,1,1,FULL,,2048,2048,1,1,-60.2483668372941,102.50429932414981,HR 2562,f,HR-2562,FIXED,0.1,0.1,JWST,NIRSpec IFU Spectroscopy,14.58889,14.589,UTC,Beyond C/O and metallicity: Can refractory abundances reveal the origin of the largest planets?,10,f,1,08063014001,/Date(1760698005178)/,60965.449133981485,02,SUCCESSFUL,PRIME_TARGETED_FIXED,/Date(1760685506246)/,60965.30447043981,-0.0002,-0.0517,f,,,,,,IFUImageModel,f,,,,,/Date(1760693056850)/,60965.391861689815,,0.0,IFU,2025290T173858423_002_osf.xml,,,,,UNKNOWN,,14,SMALL,CYCLING,,,f,CALCULATED_TRACK_TR_202111,11.0,5,286.9126381998216,,,,,-60.24278925890526,102.50704016934813,f,,Star,F stars,GSC32,0.6719920830623448,2.2365676564466073,306.367,,,,,,,,,,,,,POLYGON ICRS  102.503103256 -60.248960988 102.505668273 -60.248960988 102.505668273 -60.247782757 102.503103256 -60.247782757,2.0.1,RELEASE,jwst_1535.pmap,13.1.13,,3,,G140H,179.72302600000003,66.8343216,36.15763,179.7001532,0.3586942,66.8571944,0.133395463,f,,,,,,,,16,4,1,,,,,,,,203051520,1f807e3b93730951c3bef419d9470939,/Date(1785814333591)/,61256.14737951389,/Date(1785814428625)/,61256.14847946759,86,/Date(1792302249000)/,61331.23899305556,False,False,False,6831762,mast:JWST/product/jw08063014001_02101_00014_nrs1_cal.fits,"GO-8063 Ruffio, Jean-Baptiste",F100LP,NIRSPEC-F100LP,2026-10-18 05:44:09.000,2025-10-17 09:24:16.850
249347196,jw08063014001_02101_00015_nrs1_rate.fits,jw08063014001_02101_00015,2b,01,NRS_FULL_IFU,jw08063_20260803t232327_pool.csv,jw08063-o014_20260803t232327_spec2_00036_asn.json,39.837041264399886,60965.40228556228,f,,,60965.40000601633,60965.397726470386,GO,,58,f,/Date(1785814217364)/,61256.14603429398,/Date(1760693917630)/,60965.40182442129,/Date(1760693523730)/,60965.39726539352,NRS1,0,0,393.9,350.133,116.711,OK,NRS_IFU,1,60965.40182442129,60965.39954490741,15,PRIME,60965.39726539352,2,F100LP,1,1.0,S4I0006979,0,-60.29387553336386,14.22908592224121,1,102.6049181304645,/Date(1760686708421)/,60965.31838449074,/Date(1760686468805)/,60965.31561118056,0.0251939818,0.02007495239377022,0.02824771,39.98623893130571,60965.40228728913,f,60965.40000774317,60965.39772819721,NIRSPEC,f,,NONE,0.108527,/Date(946684800000)/,51544,0.00483,32,,1,8,3,1,1,1,16,60966.94660236111,V08063014001P0000000002101,14,HR 2562 b roll 2,STSCI,FINEGUIDE,"Ruffio, Jean-Baptiste",NRS_FULL_IFU,PRDOPSSOC-073,8063,-60.24914444444445,102.50422958333331,60963.461091875,NRSIRS2RAPID,491,Exoplanet Atmospheres and Habitability,2026_1b,,1,1,FULL,,2048,2048,1,1,-60.2483668368481,102.50429932418982,HR 2562,f,HR-2562,FIXED,0.1,0.1,JWST,NIRSpec IFU Spectroscopy,14.58889,14.589,UTC,Beyond C/O and metallicity: Can refractory abundances reveal the origin of the largest planets?,10,f,1,08063014001,/Date(1760698005178)/,60965.449133981485,02,SUCCESSFUL,PRIME_TARGETED_FIXED,/Date(1760685506246)/,60965.30447043981,-0.0162997,0.1685001,f,,,,,,IFUImageModel,f,,,,,/Date(1760693523730)/,60965.39726539352,,0.0,IFU,2025290T173858423_002_osf.xml,,,,,UNKNOWN,,15,SMALL,CYCLING,,,f,CALCULATED_TRACK_TR_202111,11.0,5,286.9126381998216,,,,,-60.24281011495889,102.50692518378682,f,,Star,F stars,GSC32,0.6939639867547991,2.111276288079208,306.367,,,,,,,,,,,,,POLYGON ICRS  102.502987195 -60.248981709 102.505552211 -60.248981709 102.505552211 -60.247803481 102.502987195 -60.247803481,2.0.1,RELEASE,jwst_1535.pmap,13.1.13,,3,,G140H,179.72302600000003,66.8343216,36.15763,179.7001532,0.3586942,66.8571944,0.133395463,f,,,,,,,,16,4,1,,,,,,,,203051520,12289e97a1860a724264984d8175134e,/Date(1785814450326)/,61256.148730625,/Date(1785814544779)/,61256.14982384259,86,/Date(1792302251000)/,61331.239016203705,False,False,False,6831792,mast:JWST/product/jw08063014001_02101_00015_nrs1_cal.fits,"GO-8063 Ruffio, Jean-Baptiste",F100LP,NIRSPEC-F100LP,2026-10-18 05:44:11.000,2025-10-17 09:32:03.730
249347265,jw08063014001_02101_00016_nrs1_rate.fits,jw08063014001_02101_00016,2b,01,NRS_FULL_IFU,jw08063_20260803t232327_pool.csv,jw08063-o014_20260803t232327_spec2_00034_asn.json,39.84360806643963,60965.40768933043,f,,,60965.40540978447,60965.40313023852,GO,,58,f,/Date(1785814208906)/,61256.14593641204,/Date(1760694384509)/,60965.407228125,/Date(1760693990609)/,60965.402669097224,NRS1,0,0,393.9,350.133,116.711,OK,NRS_IFU,1,60965.40722811343,60965.404948599535,16,PRIME,60965.40266908565,2,F100LP,1,1.0,S4I0006979,0,-60.29387553336386,14.22908592224121,1,102.6049181304645,/Date(1760686708421)/,60965.31838449074,/Date(1760686468805)/,60965.31561118056,0.0251939818,0.02007495239377022,0.02824771,39.99280761927366,60965.4076910573,f,60965.405411511325,60965.403131965366,NIRSPEC,f,,NONE,0.108527,/Date(946684800000)/,51544,0.00483,32,,1,8,3,1,1,1,16,60966.94660236111,V08063014001P0000000002101,14,HR 2562 b roll 2,STSCI,FINEGUIDE,"Ruffio, Jean-Baptiste",NRS_FULL_IFU,PRDOPSSOC-073,8063,-60.24914444444445,102.50422958333331,60963.461091875,NRSIRS2RAPID,491,Exoplanet Atmospheres and Habitability,2026_1b,,1,1,FULL,,2048,2048,1,1,-60.2483668364021,102.50429932422982,HR 2562,f,HR-2562,FIXED,0.1,0.1,JWST,NIRSpec IFU Spectroscopy,14.58889,14.589,UTC,Beyond C/O and metallicity: Can refractory abundances reveal the origin of the largest planets?,10,f,1,08063014001,/Date(1760698005178)/,60965.449133981485,02,SUCCESSFUL,PRIME_TARGETED_FIXED,/Date(1760685506246)/,60965.30447043981,-0.12,0.1106999,f,,,,,,IFUImageModel,f,,,,,/Date(1760693990609)/,60965.402669097224,,0.0,IFU,2025290T174304001_002_osf.xml,,,,,UNKNOWN,,16,SMALL,CYCLING,,,f,CALCULATED_TRACK_TR_202111,11.0,5,286.9126381998216,,,,,-60.24277737694098,102.50693217888525,f,,Star,F stars,GSC32,0.7171958079962397,2.176645697662199,306.367,,,,,,,,,,,,,POLYGON ICRS  102.502993143 -60.248948839 102.505558156 -60.248948839 102.505558156 -60.247770611 102.502993143 -60.247770611,2.0.1,RELEASE,jwst_1535.pmap,13.1.13,,3,,G140H,179.72302600000003,66.8343216,36.15763,179.7001532,0.3586942,66.8571944,0.133395463,f,,,,,,,,16,4,1,,,,,,,,203051520,017bb1f60336db418681e2a0470a02f5,/Date(1785814454746)/,61256.14878178241,/Date(1785814548984)/,61256.14987248843,86,/Date(1792302249000)/,61331.23899305556,False,False,False,6831817,mast:JWST/product/jw08063014001_02101_00016_nrs1_cal.fits,"GO-8063 Ruffio, Jean-Baptiste",F100LP,NIRSPEC-F100LP,2026-10-18 05:44:09.000,2025-10-17 09:39:50.609
249346913,jw08063014001_02103_00001_nrs1_rate.fits,jw08063014001_02103_00001,2b,03,NRS_FULL_IFU,jw08063_20260803t232327_pool.csv,jw08063-o014_20260803t232327_spec2_00032_asn.json,39.85274287406355,60965.41216643044,f,,,60965.411406581785,60965.41064673314,GO,,58,f,/Date(1785814205942)/,61256.145902118056,/Date(1760694771325)/,60965.411705162034,/Date(1760694640025)/,60965.410185486115,NRS1,0,0,131.3,116.711,116.711,OK,NRS_IFU,17,60965.411705150465,60965.4109453125,1,PRIME,60965.41018547454,2,F290LP,1,1.0,S4I0006979,0,-60.29387553336386,14.22908592224121,1,102.6049181304645,/Date(1760686708421)/,60965.31838449074,/Date(1760686468805)/,60965.31561118056,0.0251939818,0.02007495239377022,0.02824771,40.001945570111275,60965.41216815733,f,60965.41140830867,60965.41064846002,NIRSPEC,f,,NONE,0.108527,/Date(946684800000)/,51544,0.00483,32,,1,8,1,1,1,1,16,60966.94660236111,V08063014001P0000000002103,14,HR 2562 b roll 2,STSCI,FINEGUIDE,"Ruffio, Jean-Baptiste",NRS_FULL_IFU,PRDOPSSOC-073,8063,-60.24914444444445,102.50422958333331,60963.461091875,NRSIRS2RAPID,491,Exoplanet Atmospheres and Habitability,2026_1b,,1,1,FULL,,2048,2048,1,1,-60.24836683590715,102.5042993242742,HR 2562,f,HR-2562,FIXED,0.1,0.1,JWST,NIRSpec IFU Spectroscopy,14.58889,14.589,UTC,Beyond C/O and metallicity: Can refractory abundances reveal the origin of the largest planets?,10,f,1,08063014001,/Date(1760698005178)/,60965.449133981485,02,SUCCESSFUL,PRIME_TARGETED_FIXED,/Date(1760685506246)/,60965.30447043981,-0.2328004,-0.0774004,f,,,,,,IFUImageModel,f,,,,,/Date(1760694640025)/,60965.410185486115,,0.0,IFU,2025290T174304001_002_osf.xml,,,,,UNKNOWN,,1,SMALL,CYCLING,,,f,CALCULATED_TRACK_TR_202111,11.0,5,286.9126381998216,,,,,-60.242727657186194,102.50700349626547,f,,Star,F stars,GSC32,0.5598049466945649,1.4101115495759402,102.122,,,,,,,,,,,,,POLYGON ICRS  102.503055986 -60.248903793 102.505620981 -60.248903793 102.505620981 -60.247725546 102.503055986 -60.247725546,2.0.1,RELEASE,jwst_1535.pmap,13.1.13,,3,,G395H,159.4691616,72.3809756,36.16092,159.4691616,0.318342537,72.392412,0.144504145,f,,,,,,,,16,4,1,,,,,,,,203051520,3ab4264600801043387c54dfd953381a,/Date(1785814436273)/,61256.14856797454,/Date(1785814521681)/,61256.14955648148,86,/Date(1792302228000)/,61331.23875,False,False,False,6831784,mast:JWST/product/jw08063014001_02103_00001_nrs1_cal.fits,"GO-8063 Ruffio, Jean-Baptiste",F290LP,NIRSPEC-F290LP,2026-10-18 05:43:48.000,2025-10-17 09:50:40.025
249347169,jw08063014001_02103_00002_nrs1_rate.fits,jw08063014001_02103_00002,2b,03,NRS_FULL_IFU,jw08063_20260803t232327_pool.csv,jw08063-o014_20260803t232327_spec2_00030_asn.json,39.8556157713756,60965.41453016739,f,,,60965.413770318744,60965.41301047009,GO,,58,f,/Date(1785814214263)/,61256.14599841435,/Date(1760694975549)/,60965.41406886574,/Date(1760694844249)/,60965.412549189816,NRS1,0,0,131.3,116.711,116.711,OK,NRS_IFU,17,60965.41406885417,60965.41330901621,2,PRIME,60965.41254917824,2,F290LP,1,1.0,S4I0006979,0,-60.29387553336386,14.22908592224121,1,102.6049181304645,/Date(1760686708421)/,60965.31838449074,/Date(1760686468805)/,60965.31561118056,0.0251939818,0.02007495239377022,0.02824771,40.00481909606606,60965.41453189429,f,60965.413772045635,60965.41301219698,NIRSPEC,f,,NONE,0.108527,/Date(946684800000)/,51544,0.00483,32,,1,8,1,1,1,1,16,60966.94660236111,V08063014001P0000000002103,14,HR 2562 b roll 2,STSCI,FINEGUIDE,"Ruffio, Jean-Baptiste",NRS_FULL_IFU,PRDOPSSOC-073,8063,-60.24914444444445,102.50422958333331,60963.461091875,NRSIRS2RAPID,491,Exoplanet Atmospheres and Habitability,2026_1b,,1,1,FULL,,2048,2048,1,1,-60.24836683571206,102.50429932429171,HR 2562,f,HR-2562,FIXED,0.1,0.1,JWST,NIRSpec IFU Spectroscopy,14.58889,14.589,UTC,Beyond C/O and metallicity: Can refractory abundances reveal the origin of the largest planets?,10,f,1,08063014001,/Date(1760698005178)/,60965.449133981485,02,SUCCESSFUL,PRIME_TARGETED_FIXED,/Date(1760685506246)/,60965.30447043981,0.1292004,0.1855004,f,,,,,,IFUImageModel,f,,,,,/Date(1760694844249)/,60965.412549189816,,0.0,IFU,2025290T174304001_002_osf.xml,,,,,UNKNOWN,,2,SMALL,CYCLING,,,f,CALCULATED_TRACK_TR_202111,11.0,5,286.9126381998216,,,,,-60.24284934802964,102.50695185831201,f,,Star,F stars,GSC32,0.5169599679564563,1.6459083484288706,102.122,,,,,,,,,,,,,POLYGON ICRS  102.503003864 -60.249025427 102.505568868 -60.249025427 102.505568868 -60.247847180 102.503003864 -60.247847180,2.0.1,RELEASE,jwst_1535.pmap,13.1.13,,3,,G395H,159.4691616,72.3809756,36.16092,159.4691616,0.318342537,72.392412,0.144504145,f,,,,,,,,16,4,1,,,,,,,,203051520,3b8a744dc3298c22406a42d6746d7cd0,/Date(1785814450317)/,61256.14873050926,/Date(1785814542235)/,61256.149794398145,86,/Date(1792302227000)/,61331.23873842593,False,False,False,6831796,mast:JWST/product/jw08063014001_02103_00002_nrs1_cal.fits,"GO-8063 Ruffio, Jean-Baptiste",F290LP,NIRSPEC-F290LP,2026-10-18 05:43:47.000,2025-10-17 09:54:04.249
249346555,jw08063014001_02103_00003_nrs1_rate.fits,jw08063014001_02103_00003,2b,03,NRS_FULL_IFU,jw08063_20260803t232327_pool.csv,jw08063-o014_20260803t232327_spec2_00028_asn.json,39.85848929733038,60965.416894645095,f,,,60965.41613479645,60965.41537494779,GO,,58,f,/Date(1785814186972)/,61256.14568255787,/Date(1760695179837)/,60965.416433287035,/Date(1760695048537)/,60965.41491361111,NRS1,0,0,131.3,116.711,116.711,OK,NRS_IFU,17,60965.41643329861,60965.41567346065,3,PRIME,60965.414913622684,2,F290LP,1,1.0,S4I0006979,0,-60.29387553336386,14.22908592224121,1,102.6049181304645,/Date(1760686708421)/,60965.31838449074,/Date(1760686468805)/,60965.31561118056,0.0251939818,0.02007495239377022,0.02824771,40.00769325066358,60965.416896372,f,60965.41613652335,60965.41537667469,NIRSPEC,f,,NONE,0.108527,/Date(946684800000)/,51544,0.00483,32,,1,8,1,1,1,1,16,60966.94660236111,V08063014001P0000000002103,14,HR 2562 b roll 2,STSCI,FINEGUIDE,"Ruffio, Jean-Baptiste",NRS_FULL_IFU,PRDOPSSOC-073,8063,-60.24914444444445,102.50422958333331,60963.461091875,NRSIRS2RAPID,491,Exoplanet Atmospheres and Habitability,2026_1b,,1,1,FULL,,2048,2048,1,1,-60.248366835516904,102.5042993243092,HR 2562,f,HR-2562,FIXED,0.1,0.1,JWST,NIRSpec IFU Spectroscopy,14.58889,14.589,UTC,Beyond C/O and metallicity: Can refractory abundances reveal the origin of the largest planets?,10,f,1,08063014001,/Date(1760698005178)/,60965.449133981485,02,SUCCESSFUL,PRIME_TARGETED_FIXED,/Date(1760685506246)/,60965.30447043981,-0.0259002,-0.1333002,f,,,,,,IFUImageModel,f,,,,,/Date(1760695048537)/,60965.41491361111,,0.0,IFU,2025290T174304001_002_osf.xml,,,,,UNKNOWN,,3,SMALL,CYCLING,,,f,CALCULATED_TRACK_TR_202111,11.0,5,286.9126381998216,,,,,-60.24277405270695,102.50707971039203,f,,Star,F stars,GSC32,0.5094938475333705,1.4614732285340042,102.122,,,,,,,,,,,,,POLYGON ICRS  102.503131286 -60.248950076 102.505696288 -60.248950076 102.505696288 -60.247771828 102.503131286 -60.247771828,2.0.1,RELEASE,jwst_1535.pmap,13.1.13,,3,,G395H,159.4691616,72.3809756,36.16092,159.4691616,0.318342537,72.392412,0.144504145,f,,,,,,,,16,4,1,,,,,,,,203051520,578793320cbba40af770a89216d11744,/Date(1785814416696)/,61256.148341388885,/Date(1785814490559)/,61256.1491962963,86,/Date(1792302207000)/,61331.23850694444,False,False,False,6831811,mast:JWST/product/jw08063014001_02103_00003_nrs1_cal.fits,"GO-8063 Ruffio, Jean-Baptiste",F290LP,NIRSPEC-F290LP,2026-10-18 05:43:27.000,2025-10-17 09:57:28.537
249347238,jw08063014001_02103_00004_nrs1_rate.fits,jw08063014001_02103_00004,2b,03,NRS_FULL_IFU,jw08063_20260803t232327_pool.csv,jw08063-o014_20260803t232327_spec2_00026_asn.json,39.86136282328516,60965.41925911123,f,,,60965.418499262574,60965.41773941392,GO,,58,f,/Date(1785814216985)/,61256.146029930555,/Date(1760695384124)/,60965.41879771991,/Date(1760695252824)/,60965.417278043984,NRS1,0,0,131.3,116.711,116.711,OK,NRS_IFU,17,60965.41879773148,60965.41803789352,4,PRIME,60965.41727805555,2,F290LP,1,1.0,S4I0006979,0,-60.29387553336386,14.22908592224121,1,102.6049181304645,/Date(1760686708421)/,60965.31838449074,/Date(1760686468805)/,60965.31561118056,0.0251939818,0.02007495239377022,0.02824771,40.01056803390384,60965.41926083814,f,60965.41850098949,60965.41774114083,NIRSPEC,f,,NONE,0.108527,/Date(946684800000)/,51544,0.00483,32,,1,8,1,1,1,1,16,60966.94660236111,V08063014001P0000000002103,14,HR 2562 b roll 2,STSCI,FINEGUIDE,"Ruffio, Jean-Baptiste",NRS_FULL_IFU,PRDOPSSOC-073,8063,-60.24914444444445,102.50422958333331,60963.461091875,NRSIRS2RAPID,491,Exoplanet Atmospheres and Habitability,2026_1b,,1,1,FULL,,2048,2048,1,1,-60.248366835321754,102.50429932432671,HR 2562,f,HR-2562,FIXED,0.1,0.1,JWST,NIRSpec IFU Spectroscopy,14.58889,14.589,UTC,Beyond C/O and metallicity: Can refractory abundances reveal the origin of the largest planets?,10,f,1,08063014001,/Date(1760698005178)/,60965.449133981485,02,SUCCESSFUL,PRIME_TARGETED_FIXED,/Date(1760685506246)/,60965.30447043981,-0.0775997,0.2415001,f,,,,,,IFUImageModel,f,,,,,/Date(1760695252824)/,60965.417278043984,,0.0,IFU,2025290T174304001_002_osf.xml,,,,,UNKNOWN,,4,SMALL,CYCLING,,,f,CALCULATED_TRACK_TR_202111,11.0,5,286.9126381998216,,,,,-60.24280319148557,102.50687723812953,f,,Star,F stars,GSC32,0.5569030118334344,1.4124461713467613,102.122,,,,,,,,,,,,,POLYGON ICRS  102.502928315 -60.248979152 102.505493314 -60.248979152 102.505493314 -60.247800907 102.502928315 -60.247800907,2.0.1,RELEASE,jwst_1535.pmap,13.1.13,,3,,G395H,159.4691616,72.3809756,36.16092,159.4691616,0.318342537,72.392412,0.144504145,f,,,,,,,,16,4,1,,,,,,,,203051520,6b0ff9fd5a7b89f8a7e23a7d9c1f59a3,/Date(1785814450332)/,61256.148730706016,/Date(1785814547360)/,61256.149853703704,86,/Date(1792302186000)/,61331.23826388889,False,False,False,6831800,mast:JWST/product/jw08063014001_02103_00004_nrs1_cal.fits,"GO-8063 Ruffio, Jean-Baptiste",F290LP,NIRSPEC-F290LP,2026-10-18 05:43:06.000,2025-10-17 10:00:52.824
249347160,jw08063014001_02103_00005_nrs1_rate.fits,jw08063014001_02103_00005,2b,03,NRS_FULL_IFU,jw08063_20260803t232327_pool.csv,jw08063-o014_20260803t232327_spec2_00024_asn.json,39.86423572059721,60965.42162284819,f,,,60965.42086299953,60965.42010315088,GO,,58,f,/Date(1785814185108)/,61256.14566094907,/Date(1760695588348)/,60965.421161412036,/Date(1760695457048)/,60965.41964173611,NRS1,0,0,131.3,116.711,116.711,OK,NRS_IFU,17,60965.42116143519,60965.42040159722,5,PRIME,60965.41964175926,2,F290LP,1,1.0,S4I0006979,0,-60.29387553336386,14.22908592224121,1,102.6049181304645,/Date(1760686708421)/,60965.31838449074,/Date(1760686468805)/,60965.31561118056,0.0251939818,0.02007495239377022,0.02824771,40.01344155985862,60965.421624575116,f,60965.42086472645,60965.4201048778,NIRSPEC,f,,NONE,0.108527,/Date(946684800000)/,51544,0.00483,32,,1,8,1,1,1,1,16,60966.94660236111,V08063014001P0000000002103,14,HR 2562 b roll 2,STSCI,FINEGUIDE,"Ruffio, Jean-Baptiste",NRS_FULL_IFU,PRDOPSSOC-073,8063,-60.24914444444445,102.50422958333331,60963.461091875,NRSIRS2RAPID,491,Exoplanet Atmospheres and Habitability,2026_1b,,1,1,FULL,,2048,2048,1,1,-60.24836683512667,102.5042993243442,HR 2562,f,HR-2562,FIXED,0.1,0.1,JWST,NIRSpec IFU Spectroscopy,14.58889,14.589,UTC,Beyond C/O and metallicity: Can refractory abundances reveal the origin of the largest planets?,10,f,1,08063014001,/Date(1760698005178)/,60965.449133981485,02,SUCCESSFUL,PRIME_TARGETED_FIXED,/Date(1760685506246)/,60965.30447043981,0.0,0.0,f,,,,,,IFUImageModel,f,,,,,/Date(1760695457048)/,60965.41964173611,,0.0,IFU,2025290T174304001_002_osf.xml,,,,,UNKNOWN,,5,SMALL,CYCLING,,,f,CALCULATED_TRACK_TR_202111,11.0,5,286.9126381998216,,,,,-60.24279582475969,102.50701839124258,f,,Star,F stars,GSC32,0.5062533925154707,1.3890999536385504,102.122,,,,,,,,,,,,,POLYGON ICRS  102.503069033 -60.248971732 102.505634035 -60.248971732 102.505634035 -60.247793484 102.503069033 -60.247793484,2.0.1,RELEASE,jwst_1535.pmap,13.1.13,,3,,G395H,159.4691616,72.3809756,36.16092,159.4691616,0.318342537,72.392412,0.144504145,f,,,,,,,,16,4,1,,,,,,,,203051520,bbb9f24cede8f41f6074a88bc6a1d3b6,/Date(1785814449983)/,61256.14872665509,/Date(1785814541676)/,61256.14978791666,86,/Date(1792302207000)/,61331.23850694444,False,False,False,6831822,mast:JWST/product/jw08063014001_02103_00005_nrs1_cal.fits,"GO-8063 Ruffio, Jean-Baptiste",F290LP,NIRSPEC-F290LP,2026-10-18 05:43:27.000,2025-10-17 10:04:17.048
249346817,jw08063014001_02103_00006_nrs1_rate.fits,jw08063014001_02103_00006,2b,03,NRS_FULL_IFU,jw08063_20260803t232327_pool.csv,jw08063-o014_20260803t232327_spec2_00022_asn.json,39.86710987519473,60965.42398732589,f,,,60965.42322747724,60965.42246762859,GO,,58,f,/Date(1785814208655)/,61256.14593351852,/Date(1760695792636)/,60965.42352587963,/Date(1760695661336)/,60965.422006203706,NRS1,0,0,131.3,116.711,116.711,OK,NRS_IFU,17,60965.42352587963,60965.422766041665,6,PRIME,60965.422006203706,2,F290LP,1,1.0,S4I0006979,0,-60.29387553336386,14.22908592224121,1,102.6049181304645,/Date(1760686708421)/,60965.31838449074,/Date(1760686468805)/,60965.31561118056,0.0251939818,0.02007495239377022,0.02824771,40.01631634309888,60965.423989052826,f,60965.42322920417,60965.422469355515,NIRSPEC,f,,NONE,0.108527,/Date(946684800000)/,51544,0.00483,32,,1,8,1,1,1,1,16,60966.94660236111,V08063014001P0000000002103,14,HR 2562 b roll 2,STSCI,FINEGUIDE,"Ruffio, Jean-Baptiste",NRS_FULL_IFU,PRDOPSSOC-073,8063,-60.24914444444445,102.50422958333331,60963.461091875,NRSIRS2RAPID,491,Exoplanet Atmospheres and Habitability,2026_1b,,1,1,FULL,,2048,2048,1,1,-60.24836683493151,102.50429932436171,HR 2562,f,HR-2562,FIXED,0.1,0.1,JWST,NIRSpec IFU Spectroscopy,14.58889,14.589,UTC,Beyond C/O and metallicity: Can refractory abundances reveal the origin of the largest planets?,10,f,1,08063014001,/Date(1760698005178)/,60965.449133981485,02,SUCCESSFUL,PRIME_TARGETED_FIXED,/Date(1760685506246)/,60965.30447043981,-0.1552001,0.0552998,f,,,,,,IFUImageModel,f,,,,,/Date(1760695661336)/,60965.422006203706,,0.0,IFU,2025290T174304001_002_osf.xml,,,,,UNKNOWN,,6,SMALL,CYCLING,,,f,CALCULATED_TRACK_TR_202111,11.0,5,286.9126381998216,,,,,-60.242762720833824,102.50695539849987,f,,Star,F stars,GSC32,0.5778749192007202,1.6575814572829761,102.122,,,,,,,,,,,,,POLYGON ICRS  102.503005573 -60.248938568 102.505570571 -60.248938568 102.505570571 -60.247760321 102.503005573 -60.247760321,2.0.1,RELEASE,jwst_1535.pmap,13.1.13,,3,,G395H,159.4691616,72.3809756,36.16092,159.4691616,0.318342537,72.392412,0.144504145,f,,,,,,,,16,4,1,,,,,,,,203051520,738a2034dc45fd311a86cc0675d73980,/Date(1785814436285)/,61256.148568125,/Date(1785814516278)/,61256.14949393518,86,/Date(1792302188000)/,61331.238287037035,False,False,False,6831809,mast:JWST/product/jw08063014001_02103_00006_nrs1_cal.fits,"GO-8063 Ruffio, Jean-Baptiste",F290LP,NIRSPEC-F290LP,2026-10-18 05:43:08.000,2025-10-17 10:07:41.336
249347069,jw08063014001_02103_00007_nrs1_rate.fits,jw08063014001_02103_00007,2b,03,NRS_FULL_IFU,jw08063_20260803t232327_pool.csv,jw08063-o014_20260803t232327_spec2_00020_asn.json,39.86998277250677,60965.426351062844,f,,,60965.425591214196,60965.42483136554,GO,,58,f,/Date(1785814177794)/,61256.14557630787,/Date(1760695996860)/,60965.42588958333,/Date(1760695865560)/,60965.42436990741,NRS1,0,0,131.3,116.711,116.711,OK,NRS_IFU,17,60965.42588958333,60965.425129745374,7,PRIME,60965.42436990741,2,F290LP,1,1.0,S4I0006979,0,-60.29387553336386,14.22908592224121,1,102.6049181304645,/Date(1760686708421)/,60965.31838449074,/Date(1760686468805)/,60965.31561118056,0.0251939818,0.02007495239377022,0.02824771,40.0191904976964,60965.42635278979,f,60965.42559294114,60965.42483309248,NIRSPEC,f,,NONE,0.108527,/Date(946684800000)/,51544,0.00483,32,,1,8,1,1,1,1,16,60966.94660236111,V08063014001P0000000002103,14,HR 2562 b roll 2,STSCI,FINEGUIDE,"Ruffio, Jean-Baptiste",NRS_FULL_IFU,PRDOPSSOC-073,8063,-60.24914444444445,102.50422958333331,60963.461091875,NRSIRS2RAPID,491,Exoplanet Atmospheres and Habitability,2026_1b,,1,1,FULL,,2048,2048,1,1,-60.24836683473642,102.5042993243792,HR 2562,f,HR-2562,FIXED,0.1,0.1,JWST,NIRSpec IFU Spectroscopy,14.58889,14.589,UTC,Beyond C/O and metallicity: Can refractory abundances reveal the origin of the largest planets?,10,f,1,08063014001,/Date(1760698005178)/,60965.449133981485,02,SUCCESSFUL,PRIME_TARGETED_FIXED,/Date(1760685506246)/,60965.30447043981,2e-07,0.1604002,f,,,,,,IFUImageModel,f,,,,,/Date(1760695865560)/,60965.42436990741,,0.0,IFU,2025290T175309464_001_osf.xml,,,,,UNKNOWN,,7,SMALL,CYCLING,,,f,CALCULATED_TRACK_TR_202111,11.0,5,286.9126381998216,,,,,-60.24281406293704,102.50693760708413,f,,Star,F stars,GSC32,0.5117841114905459,1.4568039849923622,102.122,,,,,,,,,,,,,POLYGON ICRS  102.502987311 -60.248989853 102.505552313 -60.248989853 102.505552313 -60.247811606 102.502987311 -60.247811606,2.0.1,RELEASE,jwst_1535.pmap,13.1.13,,3,,G395H,159.4691616,72.3809756,36.16092,159.4691616,0.318342537,72.392412,0.144504145,f,,,,,,,,16,4,1,,,,,,,,203051520,87ed1c2a0c80d6ca6eb43e10e88cc71a,/Date(1785814445785)/,61256.1486780787,/Date(1785814532844)/,61256.14968568287,86,/Date(1792302184000)/,61331.23824074074,False,False,False,6831815,mast:JWST/product/jw08063014001_02103_00007_nrs1_cal.fits,"GO-8063 Ruffio, Jean-Baptiste",F290LP,NIRSPEC-F290LP,2026-10-18 05:43:04.000,2025-10-17 10:11:05.560
249347060,jw08063014001_02103_00008_nrs1_rate.fits,jw08063014001_02103_00008,2b,03,NRS_FULL_IFU,jw08063_20260803t232327_pool.csv,jw08063-o014_20260803t232327_spec2_00018_asn.json,39.872856927104294,60965.428715540555,f,,,60965.42795569191,60965.42719584325,GO,,58,f,/Date(1785814175629)/,61256.14555127315,/Date(1760696201148)/,60965.428254004626,/Date(1760696069848)/,60965.42673432871,NRS1,0,0,131.3,116.711,116.711,OK,NRS_IFU,17,60965.42825402778,60965.42749418982,8,PRIME,60965.42673435185,2,F290LP,1,1.0,S4I0006979,0,-60.29387553336386,14.22908592224121,1,102.6049181304645,/Date(1760686708421)/,60965.31838449074,/Date(1760686468805)/,60965.31561118056,0.0251939818,0.02007495239377022,0.02824771,40.02206528093666,60965.42871726751,f,60965.427957418855,60965.4271975702,NIRSPEC,f,,NONE,0.108527,/Date(946684800000)/,51544,0.00483,32,,1,8,1,1,1,1,16,60966.94660236111,V08063014001P0000000002103,14,HR 2562 b roll 2,STSCI,FINEGUIDE,"Ruffio, Jean-Baptiste",NRS_FULL_IFU,PRDOPSSOC-073,8063,-60.24914444444445,102.50422958333331,60963.461091875,NRSIRS2RAPID,491,Exoplanet Atmospheres and Habitability,2026_1b,,1,1,FULL,,2048,2048,1,1,-60.248366834541265,102.50429932439671,HR 2562,f,HR-2562,FIXED,0.1,0.1,JWST,NIRSpec IFU Spectroscopy,14.58889,14.589,UTC,Beyond C/O and metallicity: Can refractory abundances reveal the origin of the largest planets?,10,f,1,08063014001,/Date(1760698005178)/,60965.449133981485,02,SUCCESSFUL,PRIME_TARGETED_FIXED,/Date(1760685506246)/,60965.30447043981,0.0517002,0.1063002,f,,,,,,IFUImageModel,f,,,,,/Date(1760696069848)/,60965.42673432871,,0.0,IFU,2025290T175309464_001_osf.xml,,,,,UNKNOWN,,8,SMALL,CYCLING,,,f,CALCULATED_TRACK_TR_202111,11.0,5,286.9126381998216,,,,,-60.24282096755957,102.50697775802666,f,,Star,F stars,GSC32,0.5547061327470917,1.7136123797826823,102.122,,,,,,,,,,,,,POLYGON ICRS  102.503027009 -60.248996700 102.505592010 -60.248996700 102.505592010 -60.247818455 102.503027009 -60.247818455,2.0.1,RELEASE,jwst_1535.pmap,13.1.13,,3,,G395H,159.4691616,72.3809756,36.16092,159.4691616,0.318342537,72.392412,0.144504145,f,,,,,,,,16,4,1,,,,,,,,203051520,65f45a0b6b90b5b72603094f4f28ad13,/Date(1785814446144)/,61256.148682210645,/Date(1785814532383)/,61256.149680358794,86,/Date(1792302164000)/,61331.23800925926,False,False,False,6831836,mast:JWST/product/jw08063014001_02103_00008_nrs1_cal.fits,"GO-8063 Ruffio, Jean-Baptiste",F290LP,NIRSPEC-F290LP,2026-10-18 05:42:44.000,2025-10-17 10:14:29.848
249346940,jw08063014001_02103_00009_nrs1_rate.fits,jw08063014001_02103_00009,2b,03,NRS_FULL_IFU,jw08063_20260803t232327_pool.csv,jw08063-o014_20260803t232327_spec2_00016_asn.json,39.875731081701815,60965.43108000669,f,,,60965.43032015804,60965.429560309385,GO,,58,f,/Date(1785814170855)/,61256.14549601852,/Date(1760696405435)/,60965.43061847222,/Date(1760696274135)/,60965.429098796296,NRS1,0,0,131.3,116.711,116.711,OK,NRS_IFU,17,60965.43061846065,60965.42985862269,9,PRIME,60965.42909878472,2,F290LP,1,1.0,S4I0006979,0,-60.29387553336386,14.22908592224121,1,102.6049181304645,/Date(1760686708421)/,60965.31838449074,/Date(1760686468805)/,60965.31561118056,0.0251939818,0.02007495239377022,0.02824771,40.02494006417692,60965.43108173365,f,60965.430321885004,60965.42956203634,NIRSPEC,f,,NONE,0.108527,/Date(946684800000)/,51544,0.00483,32,,1,8,1,1,1,1,16,60966.94660236111,V08063014001P0000000002103,14,HR 2562 b roll 2,STSCI,FINEGUIDE,"Ruffio, Jean-Baptiste",NRS_FULL_IFU,PRDOPSSOC-073,8063,-60.24914444444445,102.50422958333331,60963.461091875,NRSIRS2RAPID,491,Exoplanet Atmospheres and Habitability,2026_1b,,1,1,FULL,,2048,2048,1,1,-60.248366834346115,102.5042993244142,HR 2562,f,HR-2562,FIXED,0.1,0.1,JWST,NIRSpec IFU Spectroscopy,14.58889,14.589,UTC,Beyond C/O and metallicity: Can refractory abundances reveal the origin of the largest planets?,10,f,1,08063014001,/Date(1760698005178)/,60965.449133981485,02,SUCCESSFUL,PRIME_TARGETED_FIXED,/Date(1760685506246)/,60965.30447043981,-0.1552004,-0.1585004,f,,,,,,IFUImageModel,f,,,,,/Date(1760696274135)/,60965.429098796296,,0.0,IFU,2025290T175309464_001_osf.xml,,,,,UNKNOWN,,9,SMALL,CYCLING,,,f,CALCULATED_TRACK_TR_202111,11.0,5,286.9126381998216,,,,,-60.24273873303566,102.50706603272344,f,,Star,F stars,GSC32,0.5875846111455651,1.655246835512155,102.122,,,,,,,,,,,,,POLYGON ICRS  102.503114848 -60.248914410 102.505679846 -60.248914410 102.505679846 -60.247736162 102.503114848 -60.247736162,2.0.1,RELEASE,jwst_1535.pmap,13.1.13,,3,,G395H,159.4691616,72.3809756,36.16092,159.4691616,0.318342537,72.392412,0.144504145,f,,,,,,,,16,4,1,,,,,,,,203051520,8803fe75d72849bf60ad957a30e04396,/Date(1785814441786)/,61256.14863178241,/Date(1785814523084)/,61256.14957271991,86,/Date(1792302184000)/,61331.23824074074,False,False,False,6831855,mast:JWST/product/jw08063014001_02103_00009_nrs1_cal.fits,"GO-8063 Ruffio, Jean-Baptiste",F290LP,NIRSPEC-F290LP,2026-10-18 05:43:04.000,2025-10-17 10:17:54.135
249326127,jw08063014001_02103_00010_nrs1_rate.fits,jw08063014001_02103_00010,2b,03,NRS_FULL_IFU,jw08063_20260803t232327_pool.csv,jw08063-o014_20260803t232327_spec2_00014_asn.json,39.87880954518914,60965.433612634915,f,,,60965.43285278626,60965.43209293761,GO,,58,f,/Date(1785808733891)/,61256.082568171296,/Date(1760696624251)/,60965.43315104167,/Date(1760696492951)/,60965.43163136574,NRS1,0,0,131.3,116.711,116.711,OK,NRS_IFU,17,60965.43315105324,60965.432391215276,10,PRIME,60965.431631377316,2,F290LP,1,1.0,S4I0006979,0,-60.29387553336386,14.22908592224121,1,102.6049181304645,/Date(1760686708421)/,60965.31838449074,/Date(1760686468805)/,60965.31561118056,0.0251939818,0.02007495239377022,0.02824771,40.02801915630698,60965.43361436189,f,60965.43285451323,60965.432094664575,NIRSPEC,f,,NONE,0.108527,/Date(946684800000)/,51544,0.00483,32,,1,8,1,1,1,1,16,60966.94660236111,V08063014001P0000000002103,14,HR 2562 b roll 2,STSCI,FINEGUIDE,"Ruffio, Jean-Baptiste",NRS_FULL_IFU,PRDOPSSOC-073,8063,-60.24914444444445,102.50422958333331,60963.461091875,NRSIRS2RAPID,491,Exoplanet Atmospheres and Habitability,2026_1b,,1,1,FULL,,2048,2048,1,1,-60.24836683413709,102.50429932443295,HR 2562,f,HR-2562,FIXED,0.1,0.1,JWST,NIRSpec IFU Spectroscopy,14.58889,14.589,UTC,Beyond C/O and metallicity: Can refractory abundances reveal the origin of the largest planets?,10,f,1,08063014001,/Date(1760698005178)/,60965.449133981485,02,SUCCESSFUL,PRIME_TARGETED_FIXED,/Date(1760685506246)/,60965.30447043981,-0.0629001,-0.001,f,,,,,,IFUImageModel,f,,,,,/Date(1760696492951)/,60965.43163136574,,0.0,IFU,2025290T175309464_001_osf.xml,,,,,UNKNOWN,,10,SMALL,CYCLING,,,f,CALCULATED_TRACK_TR_202111,11.0,5,286.9126381998216,,,,,-60.242779940134234,102.50700703958728,f,,Star,F stars,GSC32,0.5461100553869285,1.5128349074920684,102.122,,,,,,,,,,,,,POLYGON ICRS  102.503055346 -60.248955554 102.505620346 -60.248955554 102.505620346 -60.247777307 102.503055346 -60.247777307,2.0.1,RELEASE,jwst_1535.pmap,13.1.13,,3,,G395H,159.4691616,72.3809756,36.16092,159.4691616,0.318342537,72.392412,0.144504145,f,,,,,,,,16,4,1,,,,,,,,203051520,e86da6e6faf98a9401e61a6c174e28c5,/Date(1785809134612)/,61256.08720616898,/Date(1785809644425)/,61256.093106782406,86,/Date(1792302141000)/,61331.23774305556,False,False,False,6831871,mast:JWST/product/jw08063014001_02103_00010_nrs1_cal.fits,"GO-8063 Ruffio, Jean-Baptiste",F290LP,NIRSPEC-F290LP,2026-10-18 05:42:21.000,2025-10-17 10:21:32.951
249346958,jw08063014001_02103_00011_nrs1_rate.fits,jw08063014001_02103_00011,2b,03,NRS_FULL_IFU,jw08063_20260803t232327_pool.csv,jw08063-o014_20260803t232327_spec2_00012_asn.json,39.881683071143925,60965.435977112626,f,,,60965.43521726397,60965.434457415315,GO,,58,f,/Date(1785814168954)/,61256.145473993056,/Date(1760696828539)/,60965.435515509256,/Date(1760696697239)/,60965.43399583334,NRS1,0,0,131.3,116.711,116.711,OK,NRS_IFU,17,60965.43551549769,60965.43475565972,11,PRIME,60965.43399582176,2,F290LP,1,1.0,S4I0006979,0,-60.29387553336386,14.22908592224121,1,102.6049181304645,/Date(1760686708421)/,60965.31838449074,/Date(1760686468805)/,60965.31561118056,0.0251939818,0.02007495239377022,0.02824771,40.03089456818998,60965.43597883961,f,60965.43521899095,60965.4344591423,NIRSPEC,f,,NONE,0.108527,/Date(946684800000)/,51544,0.00483,32,,1,8,1,1,1,1,16,60966.94660236111,V08063014001P0000000002103,14,HR 2562 b roll 2,STSCI,FINEGUIDE,"Ruffio, Jean-Baptiste",NRS_FULL_IFU,PRDOPSSOC-073,8063,-60.24914444444445,102.50422958333331,60963.461091875,NRSIRS2RAPID,491,Exoplanet Atmospheres and Habitability,2026_1b,,1,1,FULL,,2048,2048,1,1,-60.24836683394193,102.50429932445046,HR 2562,f,HR-2562,FIXED,0.1,0.1,JWST,NIRSpec IFU Spectroscopy,14.58889,14.589,UTC,Beyond C/O and metallicity: Can refractory abundances reveal the origin of the largest planets?,10,f,1,08063014001,/Date(1760698005178)/,60965.449133981485,02,SUCCESSFUL,PRIME_TARGETED_FIXED,/Date(1760685506246)/,60965.30447043981,0.0581002,0.1156002,f,,,,,,IFUImageModel,f,,,,,/Date(1760696697239)/,60965.43399583334,,0.0,IFU,2025290T175309464_001_osf.xml,,,,,UNKNOWN,,11,SMALL,CYCLING,,,f,CALCULATED_TRACK_TR_202111,11.0,5,286.9126381998216,,,,,-60.242823918905664,102.5069754765941,f,,Star,F stars,GSC32,0.5271716035820277,1.6575814572829761,102.122,,,,,,,,,,,,,POLYGON ICRS  102.503023312 -60.248999475 102.505588314 -60.248999475 102.505588314 -60.247821229 102.503023312 -60.247821229,2.0.1,RELEASE,jwst_1535.pmap,13.1.13,,3,,G395H,159.4691616,72.3809756,36.16092,159.4691616,0.318342537,72.392412,0.144504145,f,,,,,,,,16,4,1,,,,,,,,203051520,65e5720e386d1249fbb0e8a9d6ed2a40,/Date(1785814442324)/,61256.148637997685,/Date(1785814524037)/,61256.14958375,86,/Date(1792302125000)/,61331.23755787037,False,False,False,6831845,mast:JWST/product/jw08063014001_02103_00011_nrs1_cal.fits,"GO-8063 Ruffio, Jean-Baptiste",F290LP,NIRSPEC-F290LP,2026-10-18 05:42:05.000,2025-10-17 10:24:57.239
249346877,jw08063014001_02103_00012_nrs1_rate.fits,jw08063014001_02103_00012,2b,03,NRS_FULL_IFU,jw08063_20260803t232327_pool.csv,jw08063-o014_20260803t232327_spec2_00010_asn.json,39.88455659709871,60965.438340849585,f,,,60965.43758100093,60965.436821152274,GO,,58,f,/Date(1785814141315)/,61256.14515412037,/Date(1760697032763)/,60965.43787920139,/Date(1760696901463)/,60965.43635952546,NRS1,0,0,131.3,116.711,116.711,OK,NRS_IFU,17,60965.43787920139,60965.43711936343,12,PRIME,60965.43635952546,2,F290LP,1,1.0,S4I0006979,0,-60.29387553336386,14.22908592224121,1,102.6049181304645,/Date(1760686708421)/,60965.31838449074,/Date(1760686468805)/,60965.31561118056,0.0251939818,0.02007495239377022,0.02824771,40.0337687227875,60965.43834257658,f,60965.43758272792,60965.43682287927,NIRSPEC,f,,NONE,0.108527,/Date(946684800000)/,51544,0.00483,32,,1,8,1,1,1,1,16,60966.94660236111,V08063014001P0000000002103,14,HR 2562 b roll 2,STSCI,FINEGUIDE,"Ruffio, Jean-Baptiste",NRS_FULL_IFU,PRDOPSSOC-073,8063,-60.24914444444445,102.50422958333331,60963.461091875,NRSIRS2RAPID,491,Exoplanet Atmospheres and Habitability,2026_1b,,1,1,FULL,,2048,2048,1,1,-60.24836683374684,102.50429932446795,HR 2562,f,HR-2562,FIXED,0.1,0.1,JWST,NIRSpec IFU Spectroscopy,14.58889,14.589,UTC,Beyond C/O and metallicity: Can refractory abundances reveal the origin of the largest planets?,10,f,1,08063014001,/Date(1760698005178)/,60965.449133981485,02,SUCCESSFUL,PRIME_TARGETED_FIXED,/Date(1760685506246)/,60965.30447043981,-0.0157001,-0.0753001,f,,,,,,IFUImageModel,f,,,,,/Date(1760696901463)/,60965.43635952546,,0.0,IFU,2025290T175309464_001_osf.xml,,,,,UNKNOWN,,12,SMALL,CYCLING,,,f,CALCULATED_TRACK_TR_202111,11.0,5,286.9126381998216,,,,,-60.24278364573535,102.50705679949158,f,,Star,F stars,GSC32,0.5120782738336693,1.4194500366592246,102.122,,,,,,,,,,,,,POLYGON ICRS  102.503104194 -60.248959146 102.505669194 -60.248959146 102.505669194 -60.247780898 102.503104194 -60.247780898,2.0.1,RELEASE,jwst_1535.pmap,13.1.13,,3,,G395H,159.4691616,72.3809756,36.16092,159.4691616,0.318342537,72.392412,0.144504145,f,,,,,,,,16,4,1,,,,,,,,203051520,85186262bf90d967794b9130019d2d2c,/Date(1785814438300)/,61256.14859143519,/Date(1785814519844)/,61256.149535219905,86,/Date(1792302128000)/,61331.237592592595,False,False,False,6831877,mast:JWST/product/jw08063014001_02103_00012_nrs1_cal.fits,"GO-8063 Ruffio, Jean-Baptiste",F290LP,NIRSPEC-F290LP,2026-10-18 05:42:08.000,2025-10-17 10:28:21.463
249345894,jw08063014001_02103_00013_nrs1_rate.fits,jw08063014001_02103_00013,2b,03,NRS_FULL_IFU,jw08063_20260803t232327_pool.csv,jw08063-o014_20260803t232327_spec2_00008_asn.json,39.88743075169623,60965.440705327295,f,,,60965.43994547864,60965.439185629984,GO,,58,f,/Date(1785814136633)/,61256.145099918984,/Date(1760697237051)/,60965.44024363426,/Date(1760697105751)/,60965.43872395833,NRS1,0,0,131.3,116.711,116.711,OK,NRS_IFU,17,60965.44024364583,60965.43948380787,13,PRIME,60965.438723969906,2,F290LP,1,1.0,S4I0006979,0,-60.29387553336386,14.22908592224121,1,102.6049181304645,/Date(1760686708421)/,60965.31838449074,/Date(1760686468805)/,60965.31561118056,0.0251939818,0.02007495239377022,0.02824771,40.03664350602776,60965.4407070543,f,60965.43994720565,60965.439187356984,NIRSPEC,f,,NONE,0.108527,/Date(946684800000)/,51544,0.00483,32,,1,8,1,1,1,1,16,60966.94660236111,V08063014001P0000000002103,14,HR 2562 b roll 2,STSCI,FINEGUIDE,"Ruffio, Jean-Baptiste",NRS_FULL_IFU,PRDOPSSOC-073,8063,-60.24914444444445,102.50422958333331,60963.461091875,NRSIRS2RAPID,491,Exoplanet Atmospheres and Habitability,2026_1b,,1,1,FULL,,2048,2048,1,1,-60.24836683355169,102.50429932448546,HR 2562,f,HR-2562,FIXED,0.1,0.1,JWST,NIRSpec IFU Spectroscopy,14.58889,14.589,UTC,Beyond C/O and metallicity: Can refractory abundances reveal the origin of the largest planets?,10,f,1,08063014001,/Date(1760698005178)/,60965.449133981485,02,SUCCESSFUL,PRIME_TARGETED_FIXED,/Date(1760685506246)/,60965.30447043981,-0.2051001,0.1533998,f,,,,,,IFUImageModel,f,,,,,/Date(1760697105751)/,60965.43872395833,,0.0,IFU,2025290T175309464_001_osf.xml,,,,,UNKNOWN,,13,SMALL,CYCLING,,,f,CALCULATED_TRACK_TR_202111,11.0,5,286.9126381998216,,,,,-60.24276143908383,102.50689723429437,f,,Star,F stars,GSC32,0.5678056955031688,1.4568039849923622,102.122,,,,,,,,,,,,,POLYGON ICRS  102.502944142 -60.248936877 102.505509139 -60.248936877 102.505509139 -60.247758632 102.502944142 -60.247758632,2.0.1,RELEASE,jwst_1535.pmap,13.1.13,,3,,G395H,159.4691616,72.3809756,36.16092,159.4691616,0.318342537,72.392412,0.144504145,f,,,,,,,,16,4,1,,,,,,,,203051520,e290d5a8f0e6c73550cc8e811c44e711,/Date(1785814333579)/,61256.14737939815,/Date(1785814427347)/,61256.148464652775,86,/Date(1792302432000)/,61331.241111111114,False,False,False,6831887,mast:JWST/product/jw08063014001_02103_00013_nrs1_cal.fits,"GO-8063 Ruffio, Jean-Baptiste",F290LP,NIRSPEC-F290LP,2026-10-18 05:47:12.000,2025-10-17 10:31:45.751
249345885,jw08063014001_02103_00014_nrs1_rate.fits,jw08063014001_02103_00014,2b,03,NRS_FULL_IFU,jw08063_20260803t232327_pool.csv,jw08063-o014_20260803t232327_spec2_00006_asn.json,39.89030427765101,60965.443069052686,f,,,60965.44230920402,60965.441549355375,GO,,58,f,/Date(1785814130376)/,61256.1450275,/Date(1760697441274)/,60965.44260732639,/Date(1760697309974)/,60965.44108765046,NRS1,0,0,131.3,116.711,116.711,OK,NRS_IFU,17,60965.442607337965,60965.4418475,14,PRIME,60965.44108766204,2,F290LP,1,1.0,S4I0006979,0,-60.29387553336386,14.22908592224121,1,102.6049181304645,/Date(1760686708421)/,60965.31838449074,/Date(1760686468805)/,60965.31561118056,0.0251939818,0.02007495239377022,0.02824771,40.03951766062528,60965.4430707797,f,60965.44231093104,60965.44155108238,NIRSPEC,f,,NONE,0.108527,/Date(946684800000)/,51544,0.00483,32,,1,8,1,1,1,1,16,60966.94660236111,V08063014001P0000000002103,14,HR 2562 b roll 2,STSCI,FINEGUIDE,"Ruffio, Jean-Baptiste",NRS_FULL_IFU,PRDOPSSOC-073,8063,-60.24914444444445,102.50422958333331,60963.461091875,NRSIRS2RAPID,491,Exoplanet Atmospheres and Habitability,2026_1b,,1,1,FULL,,2048,2048,1,1,-60.2483668333566,102.50429932450295,HR 2562,f,HR-2562,FIXED,0.1,0.1,JWST,NIRSpec IFU Spectroscopy,14.58889,14.589,UTC,Beyond C/O and metallicity: Can refractory abundances reveal the origin of the largest planets?,10,f,1,08063014001,/Date(1760698005178)/,60965.449133981485,02,SUCCESSFUL,PRIME_TARGETED_FIXED,/Date(1760685506246)/,60965.30447043981,-0.0002,-0.0517,f,,,,,,IFUImageModel,f,,,,,/Date(1760697309974)/,60965.44108765046,,0.0,IFU,2025290T174700752_003_osf.xml,,,,,UNKNOWN,,14,SMALL,CYCLING,,,f,CALCULATED_TRACK_TR_202111,11.0,5,286.9126381998216,,,,,-60.24279035640267,102.50704907113047,f,,Star,F stars,GSC32,0.5171233914804138,1.5712004517625957,102.122,,,,,,,,,,,,,POLYGON ICRS  102.503095542 -60.248965741 102.505660543 -60.248965741 102.505660543 -60.247787494 102.503095542 -60.247787494,2.0.1,RELEASE,jwst_1535.pmap,13.1.13,,3,,G395H,159.4691616,72.3809756,36.16092,159.4691616,0.318342537,72.392412,0.144504145,f,,,,,,,,16,4,1,,,,,,,,203051520,1a94bf2181781a7754b643b9894f7c32,/Date(1785814333579)/,61256.14737939815,/Date(1785814426561)/,61256.14845555556,86,/Date(1792302431000)/,61331.24109953704,False,False,False,6831899,mast:JWST/product/jw08063014001_02103_00014_nrs1_cal.fits,"GO-8063 Ruffio, Jean-Baptiste",F290LP,NIRSPEC-F290LP,2026-10-18 05:47:11.000,2025-10-17 10:35:09.974
249345839,jw08063014001_02103_00015_nrs1_rate.fits,jw08063014001_02103_00015,2b,03,NRS_FULL_IFU,jw08063_20260803t232327_pool.csv,jw08063-o014_20260803t232327_spec2_00004_asn.json,39.89317843224853,60965.445433530396,f,,,60965.44467368173,60965.443913833085,GO,,58,f,/Date(1785814131049)/,61256.14503530093,/Date(1760697645562)/,60965.44497179398,/Date(1760697514262)/,60965.44345211805,NRS1,0,0,131.3,116.711,116.711,OK,NRS_IFU,17,60965.44497178241,60965.44421194444,15,PRIME,60965.44345210648,2,F290LP,1,1.0,S4I0006979,0,-60.29387553336386,14.22908592224121,1,102.6049181304645,/Date(1760686708421)/,60965.31838449074,/Date(1760686468805)/,60965.31561118056,0.0251939818,0.02007495239377022,0.02824771,40.042393072508276,60965.44543525742,f,60965.444675408755,60965.44391556011,NIRSPEC,f,,NONE,0.108527,/Date(946684800000)/,51544,0.00483,32,,1,8,1,1,1,1,16,60966.94660236111,V08063014001P0000000002103,14,HR 2562 b roll 2,STSCI,FINEGUIDE,"Ruffio, Jean-Baptiste",NRS_FULL_IFU,PRDOPSSOC-073,8063,-60.24914444444445,102.50422958333331,60963.461091875,NRSIRS2RAPID,491,Exoplanet Atmospheres and Habitability,2026_1b,,1,1,FULL,,2048,2048,1,1,-60.24836683316145,102.50429932452046,HR 2562,f,HR-2562,FIXED,0.1,0.1,JWST,NIRSpec IFU Spectroscopy,14.58889,14.589,UTC,Beyond C/O and metallicity: Can refractory abundances reveal the origin of the largest planets?,10,f,1,08063014001,/Date(1760698005178)/,60965.449133981485,02,SUCCESSFUL,PRIME_TARGETED_FIXED,/Date(1760685506246)/,60965.30447043981,-0.0162997,0.1685001,f,,,,,,IFUImageModel,f,,,,,/Date(1760697514262)/,60965.44345211805,,0.0,IFU,2025290T174700752_003_osf.xml,,,,,UNKNOWN,,15,SMALL,CYCLING,,,f,CALCULATED_TRACK_TR_202111,11.0,5,286.9126381998216,,,,,-60.24281114782802,102.506933369812,f,,Star,F stars,GSC32,0.5089615537696233,1.4918233115546784,102.122,,,,,,,,,,,,,POLYGON ICRS  102.502979357 -60.248986472 102.505544358 -60.248986472 102.505544358 -60.247808226 102.502979357 -60.247808226,2.0.1,RELEASE,jwst_1535.pmap,13.1.13,,3,,G395H,159.4691616,72.3809756,36.16092,159.4691616,0.318342537,72.392412,0.144504145,f,,,,,,,,16,4,1,,,,,,,,203051520,99c27ba4ea12d15e5f482c20793e9f41,/Date(1785814333590)/,61256.14737951389,/Date(1785814422479)/,61256.148408333334,86,/Date(1792302394000)/,61331.2406712963,False,False,False,6831909,mast:JWST/product/jw08063014001_02103_00015_nrs1_cal.fits,"GO-8063 Ruffio, Jean-Baptiste",F290LP,NIRSPEC-F290LP,2026-10-18 05:46:34.000,2025-10-17 10:38:34.262
249327215,jw08063014001_02103_00016_nrs1_rate.fits,jw08063014001_02103_00016,2b,03,NRS_FULL_IFU,jw08063_20260803t232327_pool.csv,jw08063-o014_20260803t232327_spec2_00002_asn.json,39.896052586846054,60965.44779800811,f,,,60965.44703815945,60965.446278310796,GO,,58,f,/Date(1785808721374)/,61256.08242329861,/Date(1760697849850)/,60965.447336226855,/Date(1760697718550)/,60965.44581655093,NRS1,0,0,131.3,116.711,116.711,OK,NRS_IFU,17,60965.447336226855,60965.44657638889,16,PRIME,60965.44581655093,2,F290LP,1,1.0,S4I0006979,0,-60.29387553336386,14.22908592224121,1,102.6049181304645,/Date(1760686708421)/,60965.31838449074,/Date(1760686468805)/,60965.31561118056,0.0251939818,0.02007495239377022,0.02824771,40.045267855748534,60965.44779973514,f,60965.44703988648,60965.446280037824,NIRSPEC,f,,NONE,0.108527,/Date(946684800000)/,51544,0.00483,32,,1,8,1,1,1,1,16,60966.94660236111,V08063014001P0000000002103,14,HR 2562 b roll 2,STSCI,FINEGUIDE,"Ruffio, Jean-Baptiste",NRS_FULL_IFU,PRDOPSSOC-073,8063,-60.24914444444445,102.50422958333331,60963.461091875,NRSIRS2RAPID,491,Exoplanet Atmospheres and Habitability,2026_1b,,1,1,FULL,,2048,2048,1,1,-60.24836683296629,102.50429932453795,HR 2562,f,HR-2562,FIXED,0.1,0.1,JWST,NIRSpec IFU Spectroscopy,14.58889,14.589,UTC,Beyond C/O and metallicity: Can refractory abundances reveal the origin of the largest planets?,10,f,1,08063014001,/Date(1760698005178)/,60965.449133981485,02,SUCCESSFUL,PRIME_TARGETED_FIXED,/Date(1760685506246)/,60965.30447043981,-0.12,0.1106999,f,,,,,,IFUImageModel,f,,,,,/Date(1760697718550)/,60965.44581655093,,0.0,IFU,2025290T174700752_003_osf.xml,,,,,UNKNOWN,,16,SMALL,CYCLING,,,f,CALCULATED_TRACK_TR_202111,11.0,5,286.9126381998216,,,,,-60.24277841745849,102.50693986775659,f,,Star,F stars,GSC32,0.5298820994579511,1.3984384407218347,102.122,,,,,,,,,,,,,POLYGON ICRS  102.502985400 -60.248953683 102.505550398 -60.248953683 102.505550398 -60.247775438 102.502985400 -60.247775438,2.0.1,RELEASE,jwst_1535.pmap,13.1.13,,3,,G395H,159.4691616,72.3809756,36.16092,159.4691616,0.318342537,72.392412,0.144504145,f,,,,,,,,16,4,1,,,,,,,,203051520,a566c21c0d99060102a595ce00e851ab,/Date(1785809652017)/,61256.09319462963,/Date(1785809888213)/,61256.0959283912,86,/Date(1792302391000)/,61331.240636574075,False,False,False,6831897,mast:JWST/product/jw08063014001_02103_00016_nrs1_cal.fits,"GO-8063 Ruffio, Jean-Baptiste",F290LP,NIRSPEC-F290LP,2026-10-18 05:46:31.000,2025-10-17 10:41:58.550
248078322,jw08258007001_03101_00001_nrs1_rate.fits,jw08258007001_03101_00001,2b,01,NRS_FULL_IFU,jw08258_20260730t085129_pool.csv,jw08258-o007_20260730t085129_spec2_00012_asn.json,68.98443081881851,60970.56214106959,f,,,60970.5561462028,60970.55015133601,GO,,54,f,/Date(1785408396676)/,61251.44903560185,/Date(1761139699902)/,60970.56134146991,/Date(1761138664091)/,60970.54935289352,NRS1,0,0,1035.811,1021.222,1021.222,OK,NRS_IFU,1,60970.561341458335,60970.55534718171,1,PRIME,60970.549352905095,2,F100LP,8,1.0,N9ET000714,0,32.6584991934458,12.57107543945312,1,124.4877417004458,/Date(1761138404352)/,60970.54634667824,/Date(1761138163712)/,60970.543561493054,0.0105275214,0.008152632042765617,0.01252757,70.4665805445984,60970.56215822437,f,60970.55616335744,60970.55016849052,NIRSPEC,f,,NONE,0,,,0,12,,5,14,1,1,1,1,6,60971.07195333333,V08258007001P0000000003101,7,NIRSpec,STSCI,FINEGUIDE,"Marques-Chaves, Rui",NRS_FULL_IFU,PRDOPSSOC-073,8258,32.68556944444444,124.41157916666666,60966.95913210648,NRSIRS2,491,Nearby Galaxies to Cosmic Noon,2026_1b,,1,1,FULL,,2048,2048,1,1,32.68556944444444,124.41157916666667,,f,J0817+3241,FIXED,0.1,0.1,JWST,NIRSpec IFU Spectroscopy,14.58889,72.944,UTC,Formation and nature of the UV-brightest starbursts in the distant Universe,10,f,1,08258007001,/Date(1761150927860)/,60970.691294675926,03,SUCCESSFUL,PRIME_TARGETED_FIXED,/Date(1761134922755)/,60970.50605041667,-0.3365008,-0.1830007,f,,,,,,IFUImageModel,f,,,,,/Date(1761138664091)/,60970.54935289352,J0817+3241,-1.2053217176556e-05,IFU,2025295T202230277_001_osf.xml,,,,,UNKNOWN,,1,MEDIUM,CYCLING,,,f,CALCULATED_TRACK_TR_202111,11.0,5,283.3071477039043,,,,,32.684397172449145,124.41132998448646,f,,Galaxy,Starburst galaxies,GSC32,0.13263182471359952,0.7879636084417728,948.278,,,,,,,,,,,,,POLYGON ICRS  124.410839549 32.685063506 124.412377504 32.685063506 124.412377504 32.686274449 124.410839549 32.686274449,2.0.1,RELEASE,jwst_1535.pmap,13.1.13,,3,,G140M,164.6955964,62.2826344,36.15106,164.7070328,0.328744084,62.2826344,0.124316908,f,,,,,,,,16,4,1,,,,,,,,203051520,367d4ac0a180b06a584cdefbe7a9d87f,/Date(1785408582323)/,61251.45118429398,/Date(1785408658880)/,61251.45207037037,86,/Date(1792712963000)/,61335.992627314816,False,False,False,6845240,mast:JWST/product/jw08258007001_03101_00001_nrs1_cal.fits,"GO-8258 Marques-Chaves, Rui",F100LP,NIRSPEC-F100LP,2026-10-22 23:49:23.000,2025-10-22 13:11:04.091
248079092,jw08258007001_03101_00002_nrs1_rate.fits,jw08258007001_03101_00002,2b,01,NRS_FULL_IFU,jw08258_20260730t085129_pool.csv,jw08258-o007_20260730t085129_spec2_00011_asn.json,69.0935921156779,60970.57497491403,f,,,60970.568980047254,60970.56298518046,GO,,54,f,/Date(1785408446032)/,61251.449606863425,/Date(1761140808637)/,60970.57417402778,/Date(1761139772826)/,60970.56218548611,NRS1,0,0,1035.811,1021.222,1021.222,OK,NRS_IFU,1,60970.57417403935,60970.56817976273,2,PRIME,60970.56218548611,2,F100LP,8,1.0,N9ET000714,0,32.6584991934458,12.57107543945312,1,124.4877417004458,/Date(1761138404352)/,60970.54634667824,/Date(1761138163712)/,60970.543561493054,0.0105275214,0.008152632042765617,0.01252757,70.5757669871673,60970.57499206911,f,60970.568997202194,60970.563002335264,NIRSPEC,f,,NONE,0,,,0,12,,5,14,1,1,1,1,6,60971.07195333333,V08258007001P0000000003101,7,NIRSpec,STSCI,FINEGUIDE,"Marques-Chaves, Rui",NRS_FULL_IFU,PRDOPSSOC-073,8258,32.68556944444444,124.41157916666666,60966.95913210648,NRSIRS2,491,Nearby Galaxies to Cosmic Noon,2026_1b,,1,1,FULL,,2048,2048,1,1,32.68556944444444,124.41157916666667,,f,J0817+3241,FIXED,0.1,0.1,JWST,NIRSpec IFU Spectroscopy,14.58889,72.944,UTC,Formation and nature of the UV-brightest starbursts in the distant Universe,10,f,1,08258007001,/Date(1761150927860)/,60970.691294675926,03,SUCCESSFUL,PRIME_TARGETED_FIXED,/Date(1761134922755)/,60970.50605041667,0.2324008,0.2912007,f,,,,,,IFUImageModel,f,,,,,/Date(1761139772826)/,60970.56218548611,J0817+3241,0.44888291664417845,IFU,2025295T202621279_001_osf.xml,,,,,UNKNOWN,,2,MEDIUM,CYCLING,,,f,CALCULATED_TRACK_TR_202111,11.0,5,283.3071477039043,,,,,32.68419575362647,124.41128030890603,f,,Galaxy,Starburst galaxies,GSC32,0.1324269139475242,0.7826836991318568,948.278,,,,,,,,,,,,,POLYGON ICRS  124.410788386 32.684862360 124.412326338 32.684862360 124.412326338 32.686073303 124.410788386 32.686073303,2.0.1,RELEASE,jwst_1535.pmap,13.1.13,,3,,G140M,164.6955964,62.2826344,36.15106,164.7070328,0.328744084,62.2826344,0.124316908,f,,,,,,,,16,4,1,,,,,,,,203051520,3518c134f8ecbf8f8758befe2a1809fe,/Date(1785408637647)/,61251.45182460648,/Date(1785408733332)/,61251.45293209491,86,/Date(1792712961000)/,61335.99260416667,False,False,False,6845246,mast:JWST/product/jw08258007001_03101_00002_nrs1_cal.fits,"GO-8258 Marques-Chaves, Rui",F100LP,NIRSPEC-F100LP,2026-10-22 23:49:21.000,2025-10-22 13:29:32.826
248079101,jw08258007001_03101_00003_nrs1_rate.fits,jw08258007001_03101_00003,2b,01,NRS_FULL_IFU,jw08258_20260730t085129_pool.csv,jw08258-o007_20260730t085129_spec2_00010_asn.json,69.20275844167918,60970.58780949929,f,,,60970.58181463251,60970.57581976572,GO,,54,f,/Date(1785408459194)/,61251.44975917824,/Date(1761141917436)/,60970.58700736111,/Date(1761140881625)/,60970.57501881944,NRS1,0,0,1035.811,1021.222,1021.222,OK,NRS_IFU,1,60970.58700736111,60970.58101308449,3,PRIME,60970.57501880787,2,F100LP,8,1.0,N9ET000714,0,32.6584991934458,12.57107543945312,1,124.4877417004458,/Date(1761138404352)/,60970.54634667824,/Date(1761138163712)/,60970.543561493054,0.0105275214,0.008152632042765617,0.01252757,70.68495908752084,60970.587826654664,f,60970.58183178775,60970.57583692082,NIRSPEC,f,,NONE,0,,,0,12,,5,14,1,1,1,1,6,60971.07195333333,V08258007001P0000000003101,7,NIRSpec,STSCI,FINEGUIDE,"Marques-Chaves, Rui",NRS_FULL_IFU,PRDOPSSOC-073,8258,32.68556944444444,124.41157916666666,60966.95913210648,NRSIRS2,491,Nearby Galaxies to Cosmic Noon,2026_1b,,1,1,FULL,,2048,2048,1,1,32.68556944444444,124.41157916666667,,f,J0817+3241,FIXED,0.1,0.1,JWST,NIRSpec IFU Spectroscopy,14.58889,72.944,UTC,Formation and nature of the UV-brightest starbursts in the distant Universe,10,f,1,08258007001,/Date(1761150927860)/,60970.691294675926,03,SUCCESSFUL,PRIME_TARGETED_FIXED,/Date(1761134922755)/,60970.50605041667,0.0773997,-0.2415001,f,,,,,,IFUImageModel,f,,,,,/Date(1761140881625)/,60970.57501881944,J0817+3241,0.0,IFU,2025295T202621279_001_osf.xml,,,,,UNKNOWN,,3,MEDIUM,CYCLING,,,f,CALCULATED_TRACK_TR_202111,11.0,5,283.3071477039043,,,,,32.68430244803206,124.41141350411829,f,,Galaxy,Starburst galaxies,GSC32,0.13140160584438906,0.7743866987877027,948.278,,,,,,,,,,,,,POLYGON ICRS  124.410920114 32.684969358 124.412458067 32.684969358 124.412458067 32.686180300 124.410920114 32.686180300,2.0.1,RELEASE,jwst_1535.pmap,13.1.13,,3,,G140M,164.6955964,62.2826344,36.15106,164.7070328,0.328744084,62.2826344,0.124316908,f,,,,,,,,16,4,1,,,,,,,,203051520,7148d92f6dc58304c6efcea9617fd0cd,/Date(1785408638659)/,61251.451836342596,/Date(1785408733878)/,61251.45293837963,86,/Date(1792712963000)/,61335.992627314816,False,False,False,6845266,mast:JWST/product/jw08258007001_03101_00003_nrs1_cal.fits,"GO-8258 Marques-Chaves, Rui",F100LP,NIRSPEC-F100LP,2026-10-22 23:49:23.000,2025-10-22 13:48:01.625
248078520,jw08258007001_03101_00004_nrs1_rate.fits,jw08258007001_03101_00004,2b,01,NRS_FULL_IFU,jw08258_20260730t085129_pool.csv,jw08258-o007_20260730t085129_spec2_00009_asn.json,69.31191848125309,60970.60064334373,f,,,60970.594648476945,60970.58865361017,GO,,54,f,/Date(1785408430304)/,61251.44942480324,/Date(1761143026171)/,60970.59983993055,/Date(1761141990360)/,60970.58785138889,NRS1,0,0,1035.811,1021.222,1021.222,OK,NRS_IFU,1,60970.59983994213,60970.593845665506,4,PRIME,60970.58785138889,2,F100LP,8,1.0,N9ET000714,0,32.6584991934458,12.57107543945312,1,124.4877417004458,/Date(1761138404352)/,60970.54634667824,/Date(1761138163712)/,60970.543561493054,0.0105275214,0.008152632042765617,0.01252757,70.79414427280426,60970.6006604994,f,60970.59466563248,60970.58867076556,NIRSPEC,f,,NONE,0,,,0,12,,5,14,1,1,1,1,6,60971.07195333333,V08258007001P0000000003101,7,NIRSpec,STSCI,FINEGUIDE,"Marques-Chaves, Rui",NRS_FULL_IFU,PRDOPSSOC-073,8258,32.68556944444444,124.41157916666666,60966.95913210648,NRSIRS2,491,Nearby Galaxies to Cosmic Noon,2026_1b,,1,1,FULL,,2048,2048,1,1,32.68556944444444,124.41157916666667,,f,J0817+3241,FIXED,0.1,0.1,JWST,NIRSpec IFU Spectroscopy,14.58889,72.944,UTC,Formation and nature of the UV-brightest starbursts in the distant Universe,10,f,1,08258007001,/Date(1761150927860)/,60970.691294675926,03,SUCCESSFUL,PRIME_TARGETED_FIXED,/Date(1761134922755)/,60970.50605041667,-0.1810997,0.3496001,f,,,,,,IFUImageModel,f,,,,,/Date(1761141990360)/,60970.58785138889,J0817+3241,0.0,IFU,2025295T203007760_001_osf.xml,,,,,UNKNOWN,,4,MEDIUM,CYCLING,,,f,CALCULATED_TRACK_TR_202111,11.0,5,283.3071477039043,,,,,32.68428928343908,124.41120266554991,f,,Galaxy,Starburst galaxies,GSC32,0.12945734209707566,0.7836893961432693,948.278,,,,,,,,,,,,,POLYGON ICRS  124.410707769 32.684956485 124.412245722 32.684956485 124.412245722 32.686167427 124.410707769 32.686167427,2.0.1,RELEASE,jwst_1535.pmap,13.1.13,,3,,G140M,164.6955964,62.2826344,36.15106,164.7070328,0.328744084,62.2826344,0.124316908,f,,,,,,,,16,4,1,,,,,,,,203051520,94bcb4a09bb1e580f9da02f8fbfcaf9b,/Date(1785408597782)/,61251.451363229164,/Date(1785408679761)/,61251.452312037036,86,/Date(1792712962000)/,61335.99261574074,False,False,False,6845255,mast:JWST/product/jw08258007001_03101_00004_nrs1_cal.fits,"GO-8258 Marques-Chaves, Rui",F100LP,NIRSPEC-F100LP,2026-10-22 23:49:22.000,2025-10-22 14:06:30.360
248079157,jw08258007001_03101_00005_nrs1_rate.fits,jw08258007001_03101_00005,2b,01,NRS_FULL_IFU,jw08258_20260730t085129_pool.csv,jw08258-o007_20260730t085129_spec2_00008_asn.json,69.42108417861164,60970.61347792898,f,,,60970.6074830622,60970.60148819542,GO,,54,f,/Date(1785408413452)/,61251.44922978009,/Date(1761144134970)/,60970.61267326389,/Date(1761143099159)/,60970.60068472222,NRS1,0,0,1035.811,1021.222,1021.222,OK,NRS_IFU,1,60970.61267326389,60970.60667898727,5,PRIME,60970.60068471065,2,F100LP,8,1.0,N9ET000714,0,32.6584991934458,12.57107543945312,1,124.4877417004458,/Date(1761138404352)/,60970.54634667824,/Date(1761138163712)/,60970.543561493054,0.0105275214,0.008152632042765617,0.01252757,70.90333574451506,60970.613495084945,f,60970.60750021803,60970.60150535111,NIRSPEC,f,,NONE,0,,,0,12,,5,14,1,1,1,1,6,60971.07195333333,V08258007001P0000000003101,7,NIRSpec,STSCI,FINEGUIDE,"Marques-Chaves, Rui",NRS_FULL_IFU,PRDOPSSOC-073,8258,32.68556944444444,124.41157916666666,60966.95913210648,NRSIRS2,491,Nearby Galaxies to Cosmic Noon,2026_1b,,1,1,FULL,,2048,2048,1,1,32.68556944444444,124.41157916666667,,f,J0817+3241,FIXED,0.1,0.1,JWST,NIRSpec IFU Spectroscopy,14.58889,72.944,UTC,Formation and nature of the UV-brightest starbursts in the distant Universe,10,f,1,08258007001,/Date(1761150927860)/,60970.691294675926,03,SUCCESSFUL,PRIME_TARGETED_FIXED,/Date(1761134922755)/,60970.50605041667,0.0,0.0,f,,,,,,IFUImageModel,f,,,,,/Date(1761143099159)/,60970.60068472222,J0817+3241,0.0,IFU,2025295T203530530_001_osf.xml,,,,,UNKNOWN,,5,MEDIUM,CYCLING,,,f,CALCULATED_TRACK_TR_202111,11.0,5,283.3071477039043,,,,,32.68428968232478,124.41133404956638,f,,Galaxy,Starburst galaxies,GSC32,0.13202689796123485,0.7794151838447657,948.278,,,,,,,,,,,,,POLYGON ICRS  124.410837685 32.684957176 124.412375639 32.684957176 124.412375639 32.686168119 124.410837685 32.686168119,2.0.1,RELEASE,jwst_1535.pmap,13.1.13,,3,,G140M,164.6955964,62.2826344,36.15106,164.7070328,0.328744084,62.2826344,0.124316908,f,,,,,,,,16,4,1,,,,,,,,203051520,c3da8ed7bdf33c15427e0ab72a86f8ab,/Date(1785408641029)/,61251.451863773145,/Date(1785408738539)/,61251.45299236111,86,/Date(1792712938000)/,61335.99233796296,False,False,False,6845260,mast:JWST/product/jw08258007001_03101_00005_nrs1_cal.fits,"GO-8258 Marques-Chaves, Rui",F100LP,NIRSPEC-F100LP,2026-10-22 23:48:58.000,2025-10-22 14:24:59.159
248078369,jw08258007001_03101_00006_nrs1_rate.fits,jw08258007001_03101_00006,2b,01,NRS_FULL_IFU,jw08258_20260730t085129_pool.csv,jw08258-o007_20260730t085129_spec2_00007_asn.json,69.53024987597018,60970.626312514214,f,,,60970.620317647445,60970.61432278067,GO,,54,f,/Date(1785408420545)/,61251.449311875,/Date(1761145243769)/,60970.62550659722,/Date(1761144207958)/,60970.61351800926,NRS1,0,0,1035.811,1021.222,1021.222,OK,NRS_IFU,1,60970.625506585646,60970.61951230903,6,PRIME,60970.613518032405,2,F100LP,8,1.0,N9ET000714,0,32.6584991934458,12.57107543945312,1,124.4877417004458,/Date(1761138404352)/,60970.54634667824,/Date(1761138163712)/,60970.543561493054,0.0105275214,0.008152632042765617,0.01252757,71.01252658758312,60970.62632967048,f,60970.62033480356,60970.61433993665,NIRSPEC,f,,NONE,0,,,0,12,,5,14,1,1,1,1,6,60971.07195333333,V08258007001P0000000003101,7,NIRSpec,STSCI,FINEGUIDE,"Marques-Chaves, Rui",NRS_FULL_IFU,PRDOPSSOC-073,8258,32.68556944444444,124.41157916666666,60966.95913210648,NRSIRS2,491,Nearby Galaxies to Cosmic Noon,2026_1b,,1,1,FULL,,2048,2048,1,1,32.68556944444444,124.41157916666667,,f,J0817+3241,FIXED,0.1,0.1,JWST,NIRSpec IFU Spectroscopy,14.58889,72.944,UTC,Formation and nature of the UV-brightest starbursts in the distant Universe,10,f,1,08258007001,/Date(1761150927860)/,60970.691294675926,03,SUCCESSFUL,PRIME_TARGETED_FIXED,/Date(1761134922755)/,60970.50605041667,-0.2587003,0.0565996,f,,,,,,IFUImageModel,f,,,,,/Date(1761144207958)/,60970.61351800926,J0817+3241,0.0,IFU,2025295T203530530_001_osf.xml,,,,,UNKNOWN,,6,MEDIUM,CYCLING,,,f,CALCULATED_TRACK_TR_202111,11.0,5,283.3071477039043,,,,,32.684345490560254,124.41127915122809,f,,Galaxy,Starburst galaxies,GSC32,0.13462285337194363,0.7603069406279264,948.278,,,,,,,,,,,,,POLYGON ICRS  124.410781297 32.685013282 124.412319253 32.685013282 124.412319253 32.686224225 124.410781297 32.686224225,2.0.1,RELEASE,jwst_1535.pmap,13.1.13,,3,,G140M,164.6955964,62.2826344,36.15106,164.7070328,0.328744084,62.2826344,0.124316908,f,,,,,,,,16,4,1,,,,,,,,203051520,2303fb825cee5c051b8b25065b22aeec,/Date(1785408586854)/,61251.45123672454,/Date(1785408664088)/,61251.452130625,86,/Date(1792712941000)/,61335.992372685185,False,False,False,6845244,mast:JWST/product/jw08258007001_03101_00006_nrs1_cal.fits,"GO-8258 Marques-Chaves, Rui",F100LP,NIRSPEC-F100LP,2026-10-22 23:49:01.000,2025-10-22 14:43:27.958
248078295,jw08258007001_03103_00001_nrs1_rate.fits,jw08258007001_03103_00001,2b,03,NRS_FULL_IFU,jw08258_20260730t085129_pool.csv,jw08258-o007_20260730t085129_spec2_00006_asn.json,69.65567290317267,60970.63852555679,f,,,60970.63379720937,60970.629068861956,GO,,54,f,/Date(1785408404625)/,61251.44912761574,/Date(1761146298872)/,60970.6377184375,/Date(1761145481894)/,60970.62826265046,NRS1,0,0,816.978,802.389,802.389,OK,NRS_IFU,7,60970.637718425925,60970.63299054398,1,PRIME,60970.62826266204,2,F170LP,8,1.0,N9ET000714,0,32.6584991934458,12.57107543945312,1,124.4877417004458,/Date(1761138404352)/,60970.54634667824,/Date(1761138163712)/,60970.543561493054,0.0105275214,0.008152632042765617,0.01252757,71.13797916099429,60970.63854271333,f,60970.6338143658,60970.62908601828,NIRSPEC,f,,NONE,0,,,0,12,,5,11,1,1,1,1,6,60971.07195333333,V08258007001P0000000003103,7,NIRSpec,STSCI,FINEGUIDE,"Marques-Chaves, Rui",NRS_FULL_IFU,PRDOPSSOC-073,8258,32.68556944444444,124.41157916666666,60966.95913210648,NRSIRS2,491,Nearby Galaxies to Cosmic Noon,2026_1b,,1,1,FULL,,2048,2048,1,1,32.68556944444444,124.41157916666667,,f,J0817+3241,FIXED,0.1,0.1,JWST,NIRSpec IFU Spectroscopy,14.58889,72.944,UTC,Formation and nature of the UV-brightest starbursts in the distant Universe,10,f,1,08258007001,/Date(1761150927860)/,60970.691294675926,03,SUCCESSFUL,PRIME_TARGETED_FIXED,/Date(1761134922755)/,60970.50605041667,-0.3365008,-0.1830007,f,,,,,,IFUImageModel,f,,,,,/Date(1761145481894)/,60970.62826265046,J0817+3241,0.0,IFU,2025295T203921029_001_osf.xml,,,,,UNKNOWN,,1,MEDIUM,CYCLING,,,f,CALCULATED_TRACK_TR_202111,11.0,5,283.3071477039043,,,,,32.684395335418536,124.41133866825278,f,,Galaxy,Starburst galaxies,GSC32,0.13285860938967306,0.7497974068586646,729.444,,,,,,,,,,,,,POLYGON ICRS  124.410836627 32.685060151 124.412374423 32.685060151 124.412374423 32.686271065 124.410836627 32.686271065,2.0.1,RELEASE,jwst_1535.pmap,13.1.13,,3,,G235M,159.7779444,69.2702748,36.1543427,159.7779444,0.3189584,69.28171119999999,0.1382997,f,,,,,,,,16,4,1,,,,,,,,203051520,d8b43fde048555f4fccab6a299ff715a,/Date(1785408582129)/,61251.451182060184,/Date(1785408657222)/,61251.45205119213,86,/Date(1792712966000)/,61335.99266203704,False,False,False,6845234,mast:JWST/product/jw08258007001_03103_00001_nrs1_cal.fits,"GO-8258 Marques-Chaves, Rui",F170LP,NIRSPEC-F170LP,2026-10-22 23:49:26.000,2025-10-22 15:04:41.894
248078313,jw08258007001_03103_00002_nrs1_rate.fits,jw08258007001_03103_00002,2b,03,NRS_FULL_IFU,jw08258_20260730t085129_pool.csv,jw08258-o007_20260730t085129_spec2_00005_asn.json,69.7432937566191,60970.64882730009,f,,,60970.64409895267,60970.639370605255,GO,,54,f,/Date(1785408407938)/,61251.44916592593,/Date(1761147188855)/,60970.64801916666,/Date(1761146371877)/,60970.63856337963,NRS1,0,0,816.978,802.389,802.389,OK,NRS_IFU,7,60970.648019155095,60970.64329127315,2,PRIME,60970.63856339121,2,F170LP,8,1.0,N9ET000714,0,32.6584991934458,12.57107543945312,1,124.4877417004458,/Date(1761138404352)/,60970.54634667824,/Date(1761138163712)/,60970.543561493054,0.0105275214,0.008152632042765617,0.01252757,71.22562075965106,60970.64884445687,f,60970.64411610934,60970.63938776182,NIRSPEC,f,,NONE,0,,,0,12,,5,11,1,1,1,1,6,60971.07195333333,V08258007001P0000000003103,7,NIRSpec,STSCI,FINEGUIDE,"Marques-Chaves, Rui",NRS_FULL_IFU,PRDOPSSOC-073,8258,32.68556944444444,124.41157916666666,60966.95913210648,NRSIRS2,491,Nearby Galaxies to Cosmic Noon,2026_1b,,1,1,FULL,,2048,2048,1,1,32.68556944444444,124.41157916666667,,f,J0817+3241,FIXED,0.1,0.1,JWST,NIRSpec IFU Spectroscopy,14.58889,72.944,UTC,Formation and nature of the UV-brightest starbursts in the distant Universe,10,f,1,08258007001,/Date(1761150927860)/,60970.691294675926,03,SUCCESSFUL,PRIME_TARGETED_FIXED,/Date(1761134922755)/,60970.50605041667,0.2324008,0.2912007,f,,,,,,IFUImageModel,f,,,,,/Date(1761146371877)/,60970.63856337963,J0817+3241,0.0,IFU,2025295T204702281_001_osf.xml,,,,,UNKNOWN,,2,MEDIUM,CYCLING,,,f,CALCULATED_TRACK_TR_202111,11.0,5,283.3071477039043,,,,,32.68419402944949,124.41128880030998,f,,Galaxy,Starburst galaxies,GSC32,0.12812253073867827,0.7403187125261008,729.444,,,,,,,,,,,,,POLYGON ICRS  124.410785565 32.684859060 124.412323357 32.684859060 124.412323357 32.686069974 124.410785565 32.686069974,2.0.1,RELEASE,jwst_1535.pmap,13.1.13,,3,,G235M,159.7779444,69.2702748,36.1543427,159.7779444,0.3189584,69.28171119999999,0.1382997,f,,,,,,,,16,4,1,,,,,,,,203051520,0995651d6a84f66672477d37d1e1ecc1,/Date(1785408583193)/,61251.45119436343,/Date(1785408658314)/,61251.45206380787,86,/Date(1792712914000)/,61335.992060185185,False,False,False,6845227,mast:JWST/product/jw08258007001_03103_00002_nrs1_cal.fits,"GO-8258 Marques-Chaves, Rui",F170LP,NIRSPEC-F170LP,2026-10-22 23:48:34.000,2025-10-22 15:19:31.877
248078332,jw08258007001_03103_00003_nrs1_rate.fits,jw08258007001_03103_00003,2b,03,NRS_FULL_IFU,jw08258_20260730t085129_pool.csv,jw08258-o007_20260730t085129_spec2_00004_asn.json,69.83090832363814,60970.65912830257,f,,,60970.65439995515,60970.64967160774,GO,,54,f,/Date(1785408405454)/,61251.4491371875,/Date(1761148078774)/,60970.658319131944,/Date(1761147261796)/,60970.64886337963,NRS1,0,0,816.978,802.389,802.389,OK,NRS_IFU,7,60970.65831914352,60970.65359126157,3,PRIME,60970.64886337963,2,F170LP,8,1.0,N9ET000714,0,32.6584991934458,12.57107543945312,1,124.4877417004458,/Date(1761138404352)/,60970.54634667824,/Date(1761138163712)/,60970.543561493054,0.0105275214,0.008152632042765617,0.01252757,71.31325607188046,60970.659145459584,f,60970.654417112055,60970.64968876454,NIRSPEC,f,,NONE,0,,,0,12,,5,11,1,1,1,1,6,60971.07195333333,V08258007001P0000000003103,7,NIRSpec,STSCI,FINEGUIDE,"Marques-Chaves, Rui",NRS_FULL_IFU,PRDOPSSOC-073,8258,32.68556944444444,124.41157916666666,60966.95913210648,NRSIRS2,491,Nearby Galaxies to Cosmic Noon,2026_1b,,1,1,FULL,,2048,2048,1,1,32.68556944444444,124.41157916666667,,f,J0817+3241,FIXED,0.1,0.1,JWST,NIRSpec IFU Spectroscopy,14.58889,72.944,UTC,Formation and nature of the UV-brightest starbursts in the distant Universe,10,f,1,08258007001,/Date(1761150927860)/,60970.691294675926,03,SUCCESSFUL,PRIME_TARGETED_FIXED,/Date(1761134922755)/,60970.50605041667,0.0773997,-0.2415001,f,,,,,,IFUImageModel,f,,,,,/Date(1761147261796)/,60970.64886337963,J0817+3241,0.0,IFU,2025295T204702281_001_osf.xml,,,,,UNKNOWN,,3,MEDIUM,CYCLING,,,f,CALCULATED_TRACK_TR_202111,11.0,5,283.3071477039043,,,,,32.68430076341838,124.41142168849133,f,,Galaxy,Starburst galaxies,GSC32,0.1316812901832629,0.7275715029064461,729.444,,,,,,,,,,,,,POLYGON ICRS  124.410917278 32.684966039 124.412455072 32.684966039 124.412455072 32.686176953 124.410917278 32.686176953,2.0.1,RELEASE,jwst_1535.pmap,13.1.13,,3,,G235M,159.7779444,69.2702748,36.1543427,159.7779444,0.3189584,69.28171119999999,0.1382997,f,,,,,,,,16,4,1,,,,,,,,203051520,570065dfd375546f16e1f649ee0a9bab,/Date(1785408583976)/,61251.451203425924,/Date(1785408659433)/,61251.45207677083,86,/Date(1792712938000)/,61335.99233796296,False,False,False,6845232,mast:JWST/product/jw08258007001_03103_00003_nrs1_cal.fits,"GO-8258 Marques-Chaves, Rui",F170LP,NIRSPEC-F170LP,2026-10-22 23:48:58.000,2025-10-22 15:34:21.796
248078304,jw08258007001_03103_00004_nrs1_rate.fits,jw08258007001_03103_00004,2b,03,NRS_FULL_IFU,jw08258_20260730t085129_pool.csv,jw08258-o007_20260730t085129_spec2_00003_asn.json,69.91995933931321,60970.66959821056,f,,,60970.66486986315,60970.660141515735,GO,,54,f,/Date(1785408409061)/,61251.44917893519,/Date(1761148983285)/,60970.66878803241,/Date(1761148166307)/,60970.65933224537,NRS1,0,0,816.978,802.389,802.389,OK,NRS_IFU,7,60970.668788020834,60970.664060138886,4,PRIME,60970.659332256946,2,F170LP,8,1.0,N9ET000714,0,32.6584991934458,12.57107543945312,1,124.4877417004458,/Date(1761138404352)/,60970.54634667824,/Date(1761138163712)/,60970.543561493054,0.0105275214,0.008152632042765617,0.01252757,71.40232783276588,60970.66961536781,f,60970.66488702029,60970.66015867278,NIRSPEC,f,,NONE,0,,,0,12,,5,11,1,1,1,1,6,60971.07195333333,V08258007001P0000000003103,7,NIRSpec,STSCI,FINEGUIDE,"Marques-Chaves, Rui",NRS_FULL_IFU,PRDOPSSOC-073,8258,32.68556944444444,124.41157916666666,60966.95913210648,NRSIRS2,491,Nearby Galaxies to Cosmic Noon,2026_1b,,1,1,FULL,,2048,2048,1,1,32.68556944444444,124.41157916666667,,f,J0817+3241,FIXED,0.1,0.1,JWST,NIRSpec IFU Spectroscopy,14.58889,72.944,UTC,Formation and nature of the UV-brightest starbursts in the distant Universe,10,f,1,08258007001,/Date(1761150927860)/,60970.691294675926,03,SUCCESSFUL,PRIME_TARGETED_FIXED,/Date(1761134922755)/,60970.50605041667,-0.1810997,0.3496001,f,,,,,,IFUImageModel,f,,,,,/Date(1761148166307)/,60970.65933224537,J0817+3241,0.0,IFU,2025295T204314348_001_osf.xml,,,,,UNKNOWN,,4,MEDIUM,CYCLING,,,f,CALCULATED_TRACK_TR_202111,11.0,5,283.3071477039043,,,,,32.68428771119479,124.411210600573,f,,Galaxy,Starburst galaxies,GSC32,0.1292985425389736,0.7759455291553923,729.444,,,,,,,,,,,,,POLYGON ICRS  124.410704957 32.684953224 124.412242750 32.684953224 124.412242750 32.686164138 124.410704957 32.686164138,2.0.1,RELEASE,jwst_1535.pmap,13.1.13,,3,,G235M,159.7779444,69.2702748,36.1543427,159.7779444,0.3189584,69.28171119999999,0.1382997,f,,,,,,,,16,4,1,,,,,,,,203051520,6f2bb09125afbe35945de73a08370f79,/Date(1785408582525)/,61251.45118664352,/Date(1785408657755)/,61251.45205736111,86,/Date(1792712915000)/,61335.99207175926,False,False,False,6845242,mast:JWST/product/jw08258007001_03103_00004_nrs1_cal.fits,"GO-8258 Marques-Chaves, Rui",F170LP,NIRSPEC-F170LP,2026-10-22 23:48:35.000,2025-10-22 15:49:26.307
248078424,jw08258007001_03103_00005_nrs1_rate.fits,jw08258007001_03103_00005,2b,03,NRS_FULL_IFU,jw08258_20260730t085129_pool.csv,jw08258-o007_20260730t085129_spec2_00002_asn.json,70.00758019275963,60970.67989996542,f,,,60970.675171618015,60970.6704432706,GO,,54,f,/Date(1785408411339)/,61251.449205324076,/Date(1761149873269)/,60970.67908877315,/Date(1761149056291)/,60970.66963298611,NRS1,0,0,816.978,802.389,802.389,OK,NRS_IFU,7,60970.67908876157,60970.67436087963,5,PRIME,60970.669632997684,2,F170LP,8,1.0,N9ET000714,0,32.6584991934458,12.57107543945312,1,124.4877417004458,/Date(1761138404352)/,60970.54634667824,/Date(1761138163712)/,60970.543561493054,0.0105275214,0.008152632042765617,0.01252757,71.48996817413718,60970.679917122914,f,60970.6751887754,60970.67046042787,NIRSPEC,f,,NONE,0,,,0,12,,5,11,1,1,1,1,6,60971.07195333333,V08258007001P0000000003103,7,NIRSpec,STSCI,FINEGUIDE,"Marques-Chaves, Rui",NRS_FULL_IFU,PRDOPSSOC-073,8258,32.68556944444444,124.41157916666666,60966.95913210648,NRSIRS2,491,Nearby Galaxies to Cosmic Noon,2026_1b,,1,1,FULL,,2048,2048,1,1,32.68556944444444,124.41157916666667,,f,J0817+3241,FIXED,0.1,0.1,JWST,NIRSpec IFU Spectroscopy,14.58889,72.944,UTC,Formation and nature of the UV-brightest starbursts in the distant Universe,10,f,1,08258007001,/Date(1761150927860)/,60970.691294675926,03,SUCCESSFUL,PRIME_TARGETED_FIXED,/Date(1761134922755)/,60970.50605041667,0.0,0.0,f,,,,,,IFUImageModel,f,,,,,/Date(1761149056291)/,60970.66963298611,J0817+3241,0.0,IFU,2025295T205312610_001_osf.xml,,,,,UNKNOWN,,5,MEDIUM,CYCLING,,,f,CALCULATED_TRACK_TR_202111,11.0,5,283.3071477039043,,,,,32.684288093861404,124.411341639785,f,,Galaxy,Starburst galaxies,GSC32,0.13323971827214787,0.7589492496625193,729.444,,,,,,,,,,,,,POLYGON ICRS  124.410834821 32.684953841 124.412372615 32.684953841 124.412372615 32.686164755 124.410834821 32.686164755,2.0.1,RELEASE,jwst_1535.pmap,13.1.13,,3,,G235M,159.7779444,69.2702748,36.1543427,159.7779444,0.3189584,69.28171119999999,0.1382997,f,,,,,,,,16,4,1,,,,,,,,203051520,7a6af1b7b785439db5f1a39e95b546b6,/Date(1785408587979)/,61251.45124976852,/Date(1785408670636)/,61251.452206435184,86,/Date(1792712978000)/,61335.992800925924,False,False,False,6845480,mast:JWST/product/jw08258007001_03103_00005_nrs1_cal.fits,"GO-8258 Marques-Chaves, Rui",F170LP,NIRSPEC-F170LP,2026-10-22 23:49:38.000,2025-10-22 16:04:16.291
248078341,jw08258007001_03103_00006_nrs1_rate.fits,jw08258007001_03103_00006,2b,03,NRS_FULL_IFU,jw08258_20260730t085129_pool.csv,jw08258-o007_20260730t085129_spec2_00001_asn.json,70.0951935024932,60970.69020096789,f,,,60970.685472620484,60970.68074427307,GO,,54,f,/Date(1785408398785)/,61251.44906002315,/Date(1761150763188)/,60970.68938872685,/Date(1761149946210)/,60970.67993298611,NRS1,0,0,816.978,802.389,802.389,OK,NRS_IFU,7,60970.68938875,60970.68466086806,6,PRIME,60970.67993298611,2,F170LP,8,1.0,N9ET000714,0,32.6584991934458,12.57107543945312,1,124.4877417004458,/Date(1761138404352)/,60970.54634667824,/Date(1761138163712)/,60970.543561493054,0.0105275214,0.008152632042765617,0.01252757,71.57760285772383,60970.690218125616,f,60970.68548977811,60970.68076143059,NIRSPEC,f,,NONE,0,,,0,12,,5,11,1,1,1,1,6,60971.07195333333,V08258007001P0000000003103,7,NIRSpec,STSCI,FINEGUIDE,"Marques-Chaves, Rui",NRS_FULL_IFU,PRDOPSSOC-073,8258,32.68556944444444,124.41157916666666,60966.95913210648,NRSIRS2,491,Nearby Galaxies to Cosmic Noon,2026_1b,,1,1,FULL,,2048,2048,1,1,32.68556944444444,124.41157916666667,,f,J0817+3241,FIXED,0.1,0.1,JWST,NIRSpec IFU Spectroscopy,14.58889,72.944,UTC,Formation and nature of the UV-brightest starbursts in the distant Universe,10,f,1,08258007001,/Date(1761150927860)/,60970.691294675926,03,SUCCESSFUL,PRIME_TARGETED_FIXED,/Date(1761134922755)/,60970.50605041667,-0.2587003,0.0565996,f,,,,,,IFUImageModel,f,,,,,/Date(1761149946210)/,60970.67993298611,J0817+3241,0.0,IFU,2025295T205312610_001_osf.xml,,,,,UNKNOWN,,6,MEDIUM,CYCLING,,,f,CALCULATED_TRACK_TR_202111,11.0,5,283.3071477039043,,,,,32.68434408133685,124.41128652240118,f,,Galaxy,Starburst galaxies,GSC32,0.1273612935283148,0.7301863151361189,729.444,,,,,,,,,,,,,POLYGON ICRS  124.410778507 32.685010068 124.412316302 32.685010068 124.412316302 32.686220983 124.410778507 32.686220983,2.0.1,RELEASE,jwst_1535.pmap,13.1.13,,3,,G235M,159.7779444,69.2702748,36.1543427,159.7779444,0.3189584,69.28171119999999,0.1382997,f,,,,,,,,16,4,1,,,,,,,,203051520,8f96052a906ccecf6122c606b2ee7196,/Date(1785408584713)/,61251.45121195602,/Date(1785408659934)/,61251.45208255787,86,/Date(1792713143000)/,61335.99471064815,False,False,False,6845489,mast:JWST/product/jw08258007001_03103_00006_nrs1_cal.fits,"GO-8258 Marques-Chaves, Rui",F170LP,NIRSPEC-F170LP,2026-10-22 23:52:23.000,2025-10-22 16:19:06.210
249312986,jw07874004001_02101_00001_nrs1_rate.fits,jw07874004001_02101_00001,2b,01,NRS_FULL_IFU,jw07874_20260803t223310_pool.csv,jw07874-o004_20260803t223310_spec2_00008_asn.json,413.0313174566254,60971.38660408205,f,,,60971.38288927088,60971.37917445969,GO,,58,f,/Date(1785806379242)/,61256.0553153125,/Date(1761210589553)/,60971.38182353009,/Date(1761209947642)/,60971.3743940162,NRS1,0,0,641.911,612.733,306.366,OK,NRS_IFU,1,60971.38182353009,60971.37810876736,1,PRIME,60971.374394004626,2,F170LP,1,1.0,S33T007694,0,-27.86778567046493,15.45009899139404,1,53.19155086964628,/Date(1761209689970)/,60971.37141168981,/Date(1761209449330)/,60971.36862650463,0.08693056,0.05339000374078751,0.0535860248,415.3047825442627,60971.38663039514,f,60971.38291558406,60971.37920077294,NIRSPEC,f,,NONE,0,,,0,8,,1,21,2,1,1,1,4,60974.3470299537,V07874004001P0000000002101,4,,STSCI,FINEGUIDE,"Alberts, Stacey",NRS_FULL_IFU,PRDOPSSOC-073,7874,-27.81246666666667,53.16318333333333,60971.08465418981,NRSIRS2RAPID,491,Nearby Galaxies to Cosmic Noon,2026_1b,,1,1,FULL,,2048,2048,1,1,-27.812466666666694,53.163183333333336,,f,SMILES-10-NS,FIXED,0.1,0.1,JWST,NIRSpec IFU Spectroscopy,14.58889,14.589,UTC,Dust After Quenching: A Mid-Infrared View into the Hidden ISM of Distant Massive Galaxies,10,f,1,07874004001,/Date(1761214614381)/,60971.428407175925,02,SUCCESSFUL,PRIME_TARGETED_FIXED,/Date(1761206208374)/,60971.33111542824,-0.2328004,-0.0774004,f,,,,,,IFUImageModel,f,,,,,/Date(1761209947642)/,60971.3743940162,NIRSpec IFU,0.0,IFU,2025296T155955132_001_osf.xml,,,,,EXTENDED,,1,,4-POINT-DITHER,,,f,CALCULATED_TRACK_TR_202111,11.0,5,320.4867521877918,,,,,-27.809803667532705,53.16900325488245,f,,Galaxy,Elliptical galaxies; Infrared excess galaxies,GSC32,0.08452959209057505,0.3709713993834717,583.556,,,,,,,,,,,,,POLYGON ICRS  53.162609826 -27.812932924 53.163853299 -27.812932924 53.163853299 -27.811921486 53.162609826 -27.811921486,2.0.1,RELEASE,jwst_1535.pmap,13.1.13,,3,,G235M,158.7601048,69.30458399999999,36.1642075,158.7601048,0.316905469,69.30458399999999,0.1382997,f,,,,,,,,16,4,,,,,,,,,203051520,89e30e8f03ac90a699c6b7f18f04f2e1,/Date(1785806804766)/,61256.06024034722,/Date(1785806947360)/,61256.06189074074,86,/Date(1792778797000)/,61336.754594907405,False,False,False,6848237,mast:JWST/product/jw07874004001_02101_00001_nrs1_cal.fits,"GO-7874 Alberts, Stacey",F170LP,NIRSPEC-F170LP,2026-10-23 18:06:37.000,2025-10-23 08:59:07.642
249313073,jw07874004001_02101_00002_nrs1_rate.fits,jw07874004001_02101_00002,2b,01,NRS_FULL_IFU,jw07874_20260803t223310_pool.csv,jw07874-o004_20260803t223310_spec2_00007_asn.json,413.04064022842795,60971.394878263956,f,,,60971.39116345281,60971.38744864167,GO,,58,f,/Date(1785806418437)/,61256.055768935184,/Date(1761211304433)/,60971.39009760417,/Date(1761210662522)/,60971.38266809028,NRS1,0,0,641.911,612.733,306.366,OK,NRS_IFU,1,60971.39009760417,60971.38638284143,2,PRIME,60971.3826680787,2,F170LP,1,1.0,S33T007694,0,-27.86778567046493,15.45009899139404,1,53.19155086964628,/Date(1761209689970)/,60971.37141168981,/Date(1761209449330)/,60971.36862650463,0.08693056,0.05339000374078751,0.0535860248,415.31409022863954,60971.39490457687,f,60971.39118976581,60971.38747495475,NIRSPEC,f,,NONE,0,,,0,8,,1,21,2,1,1,1,4,60974.3470299537,V07874004001P0000000002101,4,,STSCI,FINEGUIDE,"Alberts, Stacey",NRS_FULL_IFU,PRDOPSSOC-073,7874,-27.81246666666667,53.16318333333333,60971.08465418981,NRSIRS2RAPID,491,Nearby Galaxies to Cosmic Noon,2026_1b,,1,1,FULL,,2048,2048,1,1,-27.812466666666694,53.163183333333336,,f,SMILES-10-NS,FIXED,0.1,0.1,JWST,NIRSpec IFU Spectroscopy,14.58889,14.589,UTC,Dust After Quenching: A Mid-Infrared View into the Hidden ISM of Distant Massive Galaxies,10,f,1,07874004001,/Date(1761214614381)/,60971.428407175925,02,SUCCESSFUL,PRIME_TARGETED_FIXED,/Date(1761206208374)/,60971.33111542824,0.1292004,0.1855004,f,,,,,,IFUImageModel,f,,,,,/Date(1761210662522)/,60971.38266809028,NIRSpec IFU,0.0,IFU,2025296T155604913_002_osf.xml,,,,,EXTENDED,,2,,4-POINT-DITHER,,,f,CALCULATED_TRACK_TR_202111,11.0,5,320.4867521877918,,,,,-27.809891405054096,53.16890365927807,f,,Galaxy,Elliptical galaxies; Infrared excess galaxies,GSC32,0.08744711055202589,0.36688581128453474,583.556,,,,,,,,,,,,,POLYGON ICRS  53.162509845 -27.813020164 53.163753319 -27.813020164 53.163753319 -27.812008725 53.162509845 -27.812008725,2.0.1,RELEASE,jwst_1535.pmap,13.1.13,,3,,G235M,158.7601048,69.30458399999999,36.1642075,158.7601048,0.316905469,69.30458399999999,0.1382997,f,,,,,,,,16,4,,,,,,,,,203051520,58ec8ebe28327d036a89fcd784514aa2,/Date(1785806817629)/,61256.06038923611,/Date(1785806958229)/,61256.062016550924,86,/Date(1792778962000)/,61336.75650462963,False,False,False,6848258,mast:JWST/product/jw07874004001_02101_00002_nrs1_cal.fits,"GO-7874 Alberts, Stacey",F170LP,NIRSPEC-F170LP,2026-10-23 18:09:22.000,2025-10-23 09:11:02.522
249312534,jw07874004001_02101_00003_nrs1_rate.fits,jw07874004001_02101_00003,2b,01,NRS_FULL_IFU,jw07874_20260803t223310_pool.csv,jw07874-o004_20260803t223310_spec2_00006_asn.json,413.0499560851604,60971.4031524342,f,,,60971.3994376231,60971.39572281199,GO,,58,f,/Date(1785806281718)/,61256.05418652778,/Date(1761212019312)/,60971.39837167824,/Date(1761211377401)/,60971.39094212963,NRS1,0,0,641.911,612.733,306.366,OK,NRS_IFU,1,60971.39837166667,60971.39465690393,3,PRIME,60971.3909421412,2,F170LP,1,1.0,S33T007694,0,-27.86778567046493,15.45009899139404,1,53.19155086964628,/Date(1761209689970)/,60971.37141168981,/Date(1761209449330)/,60971.36862650463,0.08693056,0.05339000374078751,0.0535860248,415.3233903693035,60971.403178746936,f,60971.399463935915,60971.39574912489,NIRSPEC,f,,NONE,0,,,0,8,,1,21,2,1,1,1,4,60974.3470299537,V07874004001P0000000002101,4,,STSCI,FINEGUIDE,"Alberts, Stacey",NRS_FULL_IFU,PRDOPSSOC-073,7874,-27.81246666666667,53.16318333333333,60971.08465418981,NRSIRS2RAPID,491,Nearby Galaxies to Cosmic Noon,2026_1b,,1,1,FULL,,2048,2048,1,1,-27.812466666666694,53.163183333333336,,f,SMILES-10-NS,FIXED,0.1,0.1,JWST,NIRSpec IFU Spectroscopy,14.58889,14.589,UTC,Dust After Quenching: A Mid-Infrared View into the Hidden ISM of Distant Massive Galaxies,10,f,1,07874004001,/Date(1761214614381)/,60971.428407175925,02,SUCCESSFUL,PRIME_TARGETED_FIXED,/Date(1761206208374)/,60971.33111542824,-0.0259002,-0.1333002,f,,,,,,IFUImageModel,f,,,,,/Date(1761211377401)/,60971.39094212963,NIRSpec IFU,0.0,IFU,2025296T155604913_002_osf.xml,,,,,EXTENDED,,3,,4-POINT-DITHER,,,f,CALCULATED_TRACK_TR_202111,11.0,5,320.4867521877918,,,,,-27.809863946321492,53.169010871675056,f,,Galaxy,Elliptical galaxies; Infrared excess galaxies,GSC32,0.0842468693941286,0.3591231938965546,583.556,,,,,,,,,,,,,POLYGON ICRS  53.162616686 -27.812992215 53.163860161 -27.812992215 53.163860161 -27.811980775 53.162616686 -27.811980775,2.0.1,RELEASE,jwst_1535.pmap,13.1.13,,3,,G235M,158.7601048,69.30458399999999,36.1642075,158.7601048,0.316905469,69.30458399999999,0.1382997,f,,,,,,,,16,4,,,,,,,,,203051520,bc65bf713c8ac842c002c9a3f72f40c3,/Date(1785806677302)/,61256.05876508102,/Date(1785806880146)/,61256.061112800926,86,/Date(1792778942000)/,61336.756273148145,False,False,False,6848272,mast:JWST/product/jw07874004001_02101_00003_nrs1_cal.fits,"GO-7874 Alberts, Stacey",F170LP,NIRSPEC-F170LP,2026-10-23 18:09:02.000,2025-10-23 09:22:57.401
249312543,jw07874004001_02101_00004_nrs1_rate.fits,jw07874004001_02101_00004,2b,01,NRS_FULL_IFU,jw07874_20260803t223310_pool.csv,jw07874-o004_20260803t223310_spec2_00005_asn.json,413.05926439817995,60971.41142660436,f,,,60971.4077117933,60971.403996982226,GO,,58,f,/Date(1785806273545)/,61256.05409196759,/Date(1761212734191)/,60971.406645717594,/Date(1761212092280)/,60971.3992162037,NRS1,0,0,641.911,612.733,306.366,OK,NRS_IFU,1,60971.40664572917,60971.40293096643,4,PRIME,60971.3992162037,2,F170LP,1,1.0,S33T007694,0,-27.86778567046493,15.45009899139404,1,53.19155086964628,/Date(1761209689970)/,60971.37141168981,/Date(1761209449330)/,60971.36862650463,0.08693056,0.05339000374078751,0.0535860248,415.3326835948974,60971.411452916924,f,60971.40773810594,60971.40402329495,NIRSPEC,f,,NONE,0,,,0,8,,1,21,2,1,1,1,4,60974.3470299537,V07874004001P0000000002101,4,,STSCI,FINEGUIDE,"Alberts, Stacey",NRS_FULL_IFU,PRDOPSSOC-073,7874,-27.81246666666667,53.16318333333333,60971.08465418981,NRSIRS2RAPID,491,Nearby Galaxies to Cosmic Noon,2026_1b,,1,1,FULL,,2048,2048,1,1,-27.812466666666694,53.163183333333336,,f,SMILES-10-NS,FIXED,0.1,0.1,JWST,NIRSpec IFU Spectroscopy,14.58889,14.589,UTC,Dust After Quenching: A Mid-Infrared View into the Hidden ISM of Distant Massive Galaxies,10,f,1,07874004001,/Date(1761214614381)/,60971.428407175925,02,SUCCESSFUL,PRIME_TARGETED_FIXED,/Date(1761206208374)/,60971.33111542824,-0.0775997,0.2415001,f,,,,,,IFUImageModel,f,,,,,/Date(1761212092280)/,60971.3992162037,NIRSpec IFU,0.0,IFU,2025296T155604913_002_osf.xml,,,,,EXTENDED,,4,,4-POINT-DITHER,,,f,CALCULATED_TRACK_TR_202111,11.0,5,320.4867521877918,,,,,-27.80983311728261,53.168897888790426,f,,Galaxy,Elliptical galaxies; Infrared excess galaxies,GSC32,0.08502108833887716,0.3844538401099635,583.556,,,,,,,,,,,,,POLYGON ICRS  53.162503324 -27.812960887 53.163746800 -27.812960887 53.163746800 -27.811949445 53.162503324 -27.811949445,2.0.1,RELEASE,jwst_1535.pmap,13.1.13,,3,,G235M,158.7601048,69.30458399999999,36.1642075,158.7601048,0.316905469,69.30458399999999,0.1382997,f,,,,,,,,16,4,,,,,,,,,203051520,ad1f6d670e442369ed1841ff7605f6dd,/Date(1785806676774)/,61256.05875894676,/Date(1785806881117)/,61256.06112402778,86,/Date(1792779029000)/,61336.75728009259,False,False,False,6848322,mast:JWST/product/jw07874004001_02101_00004_nrs1_cal.fits,"GO-7874 Alberts, Stacey",F170LP,NIRSPEC-F170LP,2026-10-23 18:10:29.000,2025-10-23 09:34:52.280
249312500,jw07874004001_02103_00001_nrs1_rate.fits,jw07874004001_02103_00001,2b,03,NRS_FULL_IFU,jw07874_20260803t223310_pool.csv,jw07874-o004_20260803t223310_spec2_00004_asn.json,413.07055733632296,60971.41775853855,f,,,60971.415901130145,60971.41404372173,GO,,58,f,/Date(1785806263790)/,61256.05397905093,/Date(1761213281263)/,60971.41297758102,/Date(1761212960307)/,60971.409262800924,NRS1,0,0,320.956,306.367,306.367,OK,NRS_IFU,5,60971.41297758102,60971.41112019676,1,PRIME,60971.4092628125,2,F290LP,1,1.0,S33T007694,0,-27.86778567046493,15.45009899139404,1,53.19155086964628,/Date(1761209689970)/,60971.37141168981,/Date(1761209449330)/,60971.36862650463,0.08693056,0.05339000374078751,0.0535860248,415.34395767375827,60971.41778485097,f,60971.415927442606,60971.41407003423,NIRSPEC,f,,NONE,0,,,0,8,,1,21,1,1,1,1,4,60974.3470299537,V07874004001P0000000002103,4,,STSCI,FINEGUIDE,"Alberts, Stacey",NRS_FULL_IFU,PRDOPSSOC-073,7874,-27.81246666666667,53.16318333333333,60971.08465418981,NRSIRS2RAPID,491,Nearby Galaxies to Cosmic Noon,2026_1b,,1,1,FULL,,2048,2048,1,1,-27.812466666666694,53.163183333333336,,f,SMILES-10-NS,FIXED,0.1,0.1,JWST,NIRSpec IFU Spectroscopy,14.58889,14.589,UTC,Dust After Quenching: A Mid-Infrared View into the Hidden ISM of Distant Massive Galaxies,10,f,1,07874004001,/Date(1761214614381)/,60971.428407175925,02,SUCCESSFUL,PRIME_TARGETED_FIXED,/Date(1761206208374)/,60971.33111542824,-0.2328004,-0.0774004,f,,,,,,IFUImageModel,f,,,,,/Date(1761212960307)/,60971.409262800924,NIRSpec IFU,0.0,IFU,2025296T160501258_001_osf.xml,,,,,EXTENDED,,1,,4-POINT-DITHER,,,f,CALCULATED_TRACK_TR_202111,11.0,5,320.4867521877918,,,,,-27.809805827342913,53.169005032494226,f,,Galaxy,Elliptical galaxies; Infrared excess galaxies,GSC32,0.09208915575003801,0.39957051607603006,291.778,,,,,,,,,,,,,POLYGON ICRS  53.162607931 -27.812933888 53.163851496 -27.812933888 53.163851496 -27.811922396 53.162607931 -27.811922396,2.0.1,RELEASE,jwst_1535.pmap,13.1.13,,3,,G395M,142.3488708,88.92944639999999,36.16585,142.3946164,0.284126848,88.9065736,0.177510858,f,,,,,,,,16,4,,,,,,,,,203051520,a165e7982ecd43a3ed93d3d0f20f02bb,/Date(1785806675113)/,61256.058739733795,/Date(1785806875166)/,61256.061055162034,86,/Date(1792778798000)/,61336.75460648148,False,False,False,6848233,mast:JWST/product/jw07874004001_02103_00001_nrs1_cal.fits,"GO-7874 Alberts, Stacey",F290LP,NIRSPEC-F290LP,2026-10-23 18:06:38.000,2025-10-23 09:49:20.307
249312220,jw07874004001_02103_00002_nrs1_rate.fits,jw07874004001_02103_00002,2b,03,NRS_FULL_IFU,jw07874_20260803t223310_pool.csv,jw07874-o004_20260803t223310_spec2_00003_asn.json,413.07567888870835,60971.42231784549,f,,,60971.42046043709,60971.41860302869,GO,,58,f,/Date(1785806263157)/,61256.053971712965,/Date(1761213675182)/,60971.41753684028,/Date(1761213354226)/,60971.41382206018,NRS1,0,0,320.956,306.367,306.367,OK,NRS_IFU,5,60971.4175368287,60971.41567944444,2,PRIME,60971.41382206018,2,F290LP,1,1.0,S33T007694,0,-27.86778567046493,15.45009899139404,1,53.19155086964628,/Date(1761209689970)/,60971.37141168981,/Date(1761209449330)/,60971.36862650463,0.08693056,0.05339000374078751,0.0535860248,415.3490704251453,60971.422344157814,f,60971.420486749455,60971.41862934109,NIRSPEC,f,,NONE,0,,,0,8,,1,21,1,1,1,1,4,60974.3470299537,V07874004001P0000000002103,4,,STSCI,FINEGUIDE,"Alberts, Stacey",NRS_FULL_IFU,PRDOPSSOC-073,7874,-27.81246666666667,53.16318333333333,60971.08465418981,NRSIRS2RAPID,491,Nearby Galaxies to Cosmic Noon,2026_1b,,1,1,FULL,,2048,2048,1,1,-27.812466666666694,53.163183333333336,,f,SMILES-10-NS,FIXED,0.1,0.1,JWST,NIRSpec IFU Spectroscopy,14.58889,14.589,UTC,Dust After Quenching: A Mid-Infrared View into the Hidden ISM of Distant Massive Galaxies,10,f,1,07874004001,/Date(1761214614381)/,60971.428407175925,02,SUCCESSFUL,PRIME_TARGETED_FIXED,/Date(1761206208374)/,60971.33111542824,0.1292004,0.1855004,f,,,,,,IFUImageModel,f,,,,,/Date(1761213354226)/,60971.41382206018,NIRSpec IFU,0.0,IFU,2025296T160501258_001_osf.xml,,,,,EXTENDED,,2,,4-POINT-DITHER,,,f,CALCULATED_TRACK_TR_202111,11.0,5,320.4867521877918,,,,,-27.809893370587936,53.168905066840225,f,,Galaxy,Elliptical galaxies; Infrared excess galaxies,GSC32,0.0858014356657741,0.3464578707898502,291.778,,,,,,,,,,,,,POLYGON ICRS  53.162507750 -27.813021155 53.163751315 -27.813021155 53.163751315 -27.812009664 53.162507750 -27.812009664,2.0.1,RELEASE,jwst_1535.pmap,13.1.13,,3,,G395M,142.3488708,88.92944639999999,36.16585,142.3946164,0.284126848,88.9065736,0.177510858,f,,,,,,,,16,4,,,,,,,,,203051520,3131464c2b1a9a51af473c11b0ba088e,/Date(1785806621341)/,61256.05811736111,/Date(1785806832699)/,61256.06056365741,86,/Date(1792778839000)/,61336.75508101852,False,False,False,6848282,mast:JWST/product/jw07874004001_02103_00002_nrs1_cal.fits,"GO-7874 Alberts, Stacey",F290LP,NIRSPEC-F290LP,2026-10-23 18:07:19.000,2025-10-23 09:55:54.226
249312899,jw07874004001_02103_00003_nrs1_rate.fits,jw07874004001_02103_00003,2b,03,NRS_FULL_IFU,jw07874_20260803t223310_pool.csv,jw07874-o004_20260803t223310_spec2_00002_asn.json,413.08079855516553,60971.426877163976,f,,,60971.42501975559,60971.42316234721,GO,,58,f,/Date(1785806344303)/,61256.054910914354,/Date(1761214069102)/,60971.42209609954,/Date(1761213748146)/,60971.41838131945,NRS1,0,0,320.956,306.367,306.367,OK,NRS_IFU,5,60971.42209608796,60971.4202387037,3,PRIME,60971.41838131945,2,F290LP,1,1.0,S33T007694,0,-27.86778567046493,15.45009899139404,1,53.19155086964628,/Date(1761209689970)/,60971.37141168981,/Date(1761209449330)/,60971.36862650463,0.08693056,0.05339000374078751,0.0535860248,415.3541812906042,60971.426903476204,f,60971.42504606785,60971.42318865951,NIRSPEC,f,,NONE,0,,,0,8,,1,21,1,1,1,1,4,60974.3470299537,V07874004001P0000000002103,4,,STSCI,FINEGUIDE,"Alberts, Stacey",NRS_FULL_IFU,PRDOPSSOC-073,7874,-27.81246666666667,53.16318333333333,60971.08465418981,NRSIRS2RAPID,491,Nearby Galaxies to Cosmic Noon,2026_1b,,1,1,FULL,,2048,2048,1,1,-27.812466666666694,53.163183333333336,,f,SMILES-10-NS,FIXED,0.1,0.1,JWST,NIRSpec IFU Spectroscopy,14.58889,14.589,UTC,Dust After Quenching: A Mid-Infrared View into the Hidden ISM of Distant Massive Galaxies,10,f,1,07874004001,/Date(1761214614381)/,60971.428407175925,02,SUCCESSFUL,PRIME_TARGETED_FIXED,/Date(1761206208374)/,60971.33111542824,-0.0259002,-0.1333002,f,,,,,,IFUImageModel,f,,,,,/Date(1761213748146)/,60971.41838131945,NIRSpec IFU,0.0,IFU,2025296T160501258_001_osf.xml,,,,,EXTENDED,,3,,4-POINT-DITHER,,,f,CALCULATED_TRACK_TR_202111,11.0,5,320.4867521877918,,,,,-27.80986571260066,53.16901203294712,f,,Galaxy,Elliptical galaxies; Infrared excess galaxies,GSC32,0.08862212568928014,0.39058222225836886,291.778,,,,,,,,,,,,,POLYGON ICRS  53.162614515 -27.812993228 53.163858080 -27.812993228 53.163858080 -27.811981738 53.162614515 -27.811981738,2.0.1,RELEASE,jwst_1535.pmap,13.1.13,,3,,G395M,142.3488708,88.92944639999999,36.16585,142.3946164,0.284126848,88.9065736,0.177510858,f,,,,,,,,16,4,,,,,,,,,203051520,11683fa5fa21b39de353429fc27d8e0d,/Date(1785806795746)/,61256.060135949076,/Date(1785806936408)/,61256.061763958336,86,/Date(1792778824000)/,61336.754907407405,False,False,False,6848171,mast:JWST/product/jw07874004001_02103_00003_nrs1_cal.fits,"GO-7874 Alberts, Stacey",F290LP,NIRSPEC-F290LP,2026-10-23 18:07:04.000,2025-10-23 10:02:28.146
249312977,jw07874004001_02103_00004_nrs1_rate.fits,jw07874004001_02103_00004,2b,03,NRS_FULL_IFU,jw07874_20260803t223310_pool.csv,jw07874-o004_20260803t223310_spec2_00001_asn.json,413.08591570705175,60971.43143647087,f,,,60971.4295790625,60971.427721654116,GO,,58,f,/Date(1785806360842)/,61256.055102349535,/Date(1761214463021)/,60971.426655324074,/Date(1761214142065)/,60971.422940578705,NRS1,0,0,320.956,306.367,306.367,OK,NRS_IFU,5,60971.42665533565,60971.42479795139,4,PRIME,60971.42294056713,2,F290LP,1,1.0,S33T007694,0,-27.86778567046493,15.45009899139404,1,53.19155086964628,/Date(1761209689970)/,60971.37141168981,/Date(1761209449330)/,60971.36862650463,0.08693056,0.05339000374078751,0.0535860248,415.35928964149207,60971.431462782995,f,60971.42960537466,60971.427747966314,NIRSPEC,f,,NONE,0,,,0,8,,1,21,1,1,1,1,4,60974.3470299537,V07874004001P0000000002103,4,,STSCI,FINEGUIDE,"Alberts, Stacey",NRS_FULL_IFU,PRDOPSSOC-073,7874,-27.81246666666667,53.16318333333333,60971.08465418981,NRSIRS2RAPID,491,Nearby Galaxies to Cosmic Noon,2026_1b,,1,1,FULL,,2048,2048,1,1,-27.812466666666694,53.163183333333336,,f,SMILES-10-NS,FIXED,0.1,0.1,JWST,NIRSpec IFU Spectroscopy,14.58889,14.589,UTC,Dust After Quenching: A Mid-Infrared View into the Hidden ISM of Distant Massive Galaxies,10,f,1,07874004001,/Date(1761214614381)/,60971.428407175925,02,SUCCESSFUL,PRIME_TARGETED_FIXED,/Date(1761206208374)/,60971.33111542824,-0.0775997,0.2415001,f,,,,,,IFUImageModel,f,,,,,/Date(1761214142065)/,60971.422940578705,NIRSpec IFU,0.0,IFU,2025296T160847011_001_osf.xml,,,,,EXTENDED,,4,,4-POINT-DITHER,,,f,CALCULATED_TRACK_TR_202111,11.0,5,320.4867521877918,,,,,-27.80983468642662,53.16889883292901,f,,Galaxy,Elliptical galaxies; Infrared excess galaxies,GSC32,0.0864624838201821,0.3775083403417707,291.778,,,,,,,,,,,,,POLYGON ICRS  53.162501105 -27.812961925 53.163744670 -27.812961925 53.163744670 -27.811950433 53.162501105 -27.811950433,2.0.1,RELEASE,jwst_1535.pmap,13.1.13,,3,,G395M,142.3488708,88.92944639999999,36.16585,142.3946164,0.284126848,88.9065736,0.177510858,f,,,,,,,,16,4,,,,,,,,,203051520,c5300e97ee1834c1836ab969c605b193,/Date(1785806804697)/,61256.06023953704,/Date(1785806946444)/,61256.061880127316,86,/Date(1792779042000)/,61336.75743055555,False,False,False,6848363,mast:JWST/product/jw07874004001_02103_00004_nrs1_cal.fits,"GO-7874 Alberts, Stacey",F290LP,NIRSPEC-F290LP,2026-10-23 18:10:42.000,2025-10-23 10:09:02.065
249313004,jw07874005001_02101_00001_nrs1_rate.fits,jw07874005001_02101_00001,2b,01,NRS_FULL_IFU,jw07874_20260803t223310_pool.csv,jw07874-o005_20260803t223310_spec2_00008_asn.json,413.26731937006116,60971.45469564472,f,,,60971.45098083348,60971.447266022216,GO,,58,f,/Date(1785806379124)/,61256.055313923614,/Date(1761216472428)/,60971.449912337965,/Date(1761215830517)/,60971.44248282407,NRS1,0,0,641.911,612.733,306.366,OK,NRS_IFU,1,60971.44991236111,60971.44619759838,1,PRIME,60971.44248283565,2,F170LP,1,1.0,S33T007774,0,-27.85034376650534,16.92798233032227,1,53.18571568097047,/Date(1761215588204)/,60971.43967827546,/Date(1761215346541)/,60971.43688125,0.08528756,0.01429715752601624,0.0503619537,415.5430777464062,60971.45472198436,f,60971.45100717319,60971.44729236201,NIRSPEC,f,,NONE,0,,,0,8,,1,21,2,1,1,1,4,60974.3470299537,V07874005001P0000000002101,5,,STSCI,FINEGUIDE,"Alberts, Stacey",NRS_FULL_IFU,PRDOPSSOC-073,7874,-27.75542777777778,53.204516666666656,60971.08465418981,NRSIRS2RAPID,491,Nearby Galaxies to Cosmic Noon,2026_1b,,1,1,FULL,,2048,2048,1,1,-27.755427777777754,53.20451666666666,,f,SMILES-1536-NS,FIXED,0.1,0.1,JWST,NIRSpec IFU Spectroscopy,14.58889,14.589,UTC,Dust After Quenching: A Mid-Infrared View into the Hidden ISM of Distant Massive Galaxies,10,f,1,07874005001,/Date(1761220561768)/,60971.49724266204,02,SUCCESSFUL,PRIME_TARGETED_FIXED,/Date(1761214617453)/,60971.428442743054,-0.2328004,-0.0774004,f,,,,,,IFUImageModel,f,,,,,/Date(1761215830517)/,60971.44248282407,NIRSpec IFU,0.0,IFU,2025296T161237636_001_osf.xml,,,,,EXTENDED,,1,,4-POINT-DITHER,,,f,CALCULATED_TRACK_TR_202111,11.0,5,324.8410303142332,,,,,-27.75277081471626,53.21034049046695,f,,Galaxy,Elliptical galaxies; Infrared excess galaxies,GSC32,0.08483887110966457,0.393033575117731,583.556,,,,,,,,,,,,,POLYGON ICRS  53.203919579 -27.755928621 53.205217318 -27.755928621 53.205217318 -27.754855348 53.203919579 -27.754855348,2.0.1,RELEASE,jwst_1535.pmap,13.1.13,,3,,G235M,158.8287232,69.2702748,36.16914,158.8630324,0.317042321,69.2702748,0.1382997,f,,,,,,,,16,4,,,,,,,,,203051520,9e92902d5fdc422c5e67d41c4042de98,/Date(1785806806362)/,61256.06025883102,/Date(1785806949403)/,61256.06191438658,86,/Date(1792791706000)/,61336.90400462963,False,False,False,6848697,mast:JWST/product/jw07874005001_02101_00001_nrs1_cal.fits,"GO-7874 Alberts, Stacey",F170LP,NIRSPEC-F170LP,2026-10-23 21:41:46.000,2025-10-23 10:37:10.517
249313031,jw07874005001_02101_00002_nrs1_rate.fits,jw07874005001_02101_00002,2b,01,NRS_FULL_IFU,jw07874_20260803t223310_pool.csv,jw07874-o005_20260803t223310_spec2_00007_asn.json,413.2766566006467,60971.46296981521,f,,,60971.45925500401,60971.45554019279,GO,,58,f,/Date(1785806417764)/,61256.055761145835,/Date(1761217187307)/,60971.458186412034,/Date(1761216545396)/,60971.45075689815,NRS1,0,0,641.911,612.733,306.366,OK,NRS_IFU,1,60971.45818642361,60971.45447166088,2,PRIME,60971.45075689815,2,F170LP,1,1.0,S33T007774,0,-27.85034376650534,16.92798233032227,1,53.18571568097047,/Date(1761215588204)/,60971.43967827546,/Date(1761215346541)/,60971.43688125,0.08528756,0.01429715752601624,0.0503619537,415.552399889566,60971.462996154674,f,60971.459281343545,60971.45556653241,NIRSPEC,f,,NONE,0,,,0,8,,1,21,2,1,1,1,4,60974.3470299537,V07874005001P0000000002101,5,,STSCI,FINEGUIDE,"Alberts, Stacey",NRS_FULL_IFU,PRDOPSSOC-073,7874,-27.75542777777778,53.204516666666656,60971.08465418981,NRSIRS2RAPID,491,Nearby Galaxies to Cosmic Noon,2026_1b,,1,1,FULL,,2048,2048,1,1,-27.755427777777754,53.20451666666666,,f,SMILES-1536-NS,FIXED,0.1,0.1,JWST,NIRSpec IFU Spectroscopy,14.58889,14.589,UTC,Dust After Quenching: A Mid-Infrared View into the Hidden ISM of Distant Massive Galaxies,10,f,1,07874005001,/Date(1761220561768)/,60971.49724266204,02,SUCCESSFUL,PRIME_TARGETED_FIXED,/Date(1761214617453)/,60971.428442743054,0.1292004,0.1855004,f,,,,,,IFUImageModel,f,,,,,/Date(1761216545396)/,60971.45075689815,NIRSpec IFU,0.0,IFU,2025296T161237636_001_osf.xml,,,,,EXTENDED,,2,,4-POINT-DITHER,,,f,CALCULATED_TRACK_TR_202111,11.0,5,324.8410303142332,,,,,-27.75285165268491,53.21023361156036,f,,Galaxy,Elliptical galaxies; Infrared excess galaxies,GSC32,0.08347510180223942,0.3832281636802824,583.556,,,,,,,,,,,,,POLYGON ICRS  53.203812316 -27.756008962 53.205110056 -27.756008962 53.205110056 -27.754935687 53.203812316 -27.754935687,2.0.1,RELEASE,jwst_1535.pmap,13.1.13,,3,,G235M,158.8287232,69.2702748,36.16914,158.8630324,0.317042321,69.2702748,0.1382997,f,,,,,,,,16,4,,,,,,,,,203051520,66bd8797d092c361600bd0fa11380b88,/Date(1785806813346)/,61256.06033965278,/Date(1785806952410)/,61256.06194918982,86,/Date(1792791548000)/,61336.90217592593,False,False,False,6848443,mast:JWST/product/jw07874005001_02101_00002_nrs1_cal.fits,"GO-7874 Alberts, Stacey",F170LP,NIRSPEC-F170LP,2026-10-23 21:39:08.000,2025-10-23 10:49:05.396
249313064,jw07874005001_02101_00003_nrs1_rate.fits,jw07874005001_02101_00003,2b,01,NRS_FULL_IFU,jw07874_20260803t223310_pool.csv,jw07874-o005_20260803t223310_spec2_00006_asn.json,413.2859869161621,60971.47124398563,f,,,60971.46752917446,60971.46381436328,GO,,58,f,/Date(1785806411768)/,61256.05569173611,/Date(1761217902186)/,60971.46646048611,/Date(1761217260275)/,60971.45903097222,NRS1,0,0,641.911,612.733,306.366,OK,NRS_IFU,1,60971.46646048611,60971.46274572338,3,PRIME,60971.45903096065,2,F170LP,1,1.0,S33T007774,0,-27.85034376650534,16.92798233032227,1,53.18571568097047,/Date(1761215588204)/,60971.43967827546,/Date(1761215346541)/,60971.43688125,0.08528756,0.01429715752601624,0.0503619537,415.5617138603702,60971.4712703249,f,60971.46755551382,60971.46384070271,NIRSPEC,f,,NONE,0,,,0,8,,1,21,2,1,1,1,4,60974.3470299537,V07874005001P0000000002101,5,,STSCI,FINEGUIDE,"Alberts, Stacey",NRS_FULL_IFU,PRDOPSSOC-073,7874,-27.75542777777778,53.204516666666656,60971.08465418981,NRSIRS2RAPID,491,Nearby Galaxies to Cosmic Noon,2026_1b,,1,1,FULL,,2048,2048,1,1,-27.755427777777754,53.20451666666666,,f,SMILES-1536-NS,FIXED,0.1,0.1,JWST,NIRSpec IFU Spectroscopy,14.58889,14.589,UTC,Dust After Quenching: A Mid-Infrared View into the Hidden ISM of Distant Massive Galaxies,10,f,1,07874005001,/Date(1761220561768)/,60971.49724266204,02,SUCCESSFUL,PRIME_TARGETED_FIXED,/Date(1761214617453)/,60971.428442743054,-0.0259002,-0.1333002,f,,,,,,IFUImageModel,f,,,,,/Date(1761217260275)/,60971.45903097222,NIRSpec IFU,0.0,IFU,2025296T161627447_001_osf.xml,,,,,EXTENDED,,3,,4-POINT-DITHER,,,f,CALCULATED_TRACK_TR_202111,11.0,5,324.8410303142332,,,,,-27.752831434866533,53.2103427733286,f,,Galaxy,Elliptical galaxies; Infrared excess galaxies,GSC32,0.08539982235564861,0.36606869366474737,583.556,,,,,,,,,,,,,POLYGON ICRS  53.203921107 -27.755988253 53.205218847 -27.755988253 53.205218847 -27.754914980 53.203921107 -27.754914980,2.0.1,RELEASE,jwst_1535.pmap,13.1.13,,3,,G235M,158.8287232,69.2702748,36.16914,158.8630324,0.317042321,69.2702748,0.1382997,f,,,,,,,,16,4,,,,,,,,,203051520,1df72f19684763ea12a7043fe43c9ac6,/Date(1785806815425)/,61256.06036372685,/Date(1785806957213)/,61256.06200478009,86,/Date(1792791528000)/,61336.90194444444,False,False,False,6848462,mast:JWST/product/jw07874005001_02101_00003_nrs1_cal.fits,"GO-7874 Alberts, Stacey",F170LP,NIRSPEC-F170LP,2026-10-23 21:38:48.000,2025-10-23 11:01:00.275
249313046,jw07874005001_02101_00004_nrs1_rate.fits,jw07874005001_02101_00004,2b,01,NRS_FULL_IFU,jw07874_20260803t223310_pool.csv,jw07874-o005_20260803t223310_spec2_00005_asn.json,413.2953096879646,60971.47951816753,f,,,60971.4758033564,60971.47208854525,GO,,58,f,/Date(1785806382405)/,61256.0553519213,/Date(1761218617066)/,60971.474734560186,/Date(1761217975155)/,60971.467305046295,NRS1,0,0,641.911,612.733,306.366,OK,NRS_IFU,1,60971.474734560186,60971.47101979746,4,PRIME,60971.46730503472,2,F170LP,1,1.0,S33T007774,0,-27.85034376650534,16.92798233032227,1,53.18571568097047,/Date(1761215588204)/,60971.43967827546,/Date(1761215346541)/,60971.43688125,0.08528756,0.01429715752601624,0.0503619537,415.57102154474705,60971.47954450663,f,60971.47582969558,60971.472114884506,NIRSPEC,f,,NONE,0,,,0,8,,1,21,2,1,1,1,4,60974.3470299537,V07874005001P0000000002101,5,,STSCI,FINEGUIDE,"Alberts, Stacey",NRS_FULL_IFU,PRDOPSSOC-073,7874,-27.75542777777778,53.204516666666656,60971.08465418981,NRSIRS2RAPID,491,Nearby Galaxies to Cosmic Noon,2026_1b,,1,1,FULL,,2048,2048,1,1,-27.755427777777754,53.20451666666666,,f,SMILES-1536-NS,FIXED,0.1,0.1,JWST,NIRSpec IFU Spectroscopy,14.58889,14.589,UTC,Dust After Quenching: A Mid-Infrared View into the Hidden ISM of Distant Massive Galaxies,10,f,1,07874005001,/Date(1761220561768)/,60971.49724266204,02,SUCCESSFUL,PRIME_TARGETED_FIXED,/Date(1761214617453)/,60971.428442743054,-0.0775997,0.2415001,f,,,,,,IFUImageModel,f,,,,,/Date(1761217975155)/,60971.467305046295,NIRSpec IFU,0.0,IFU,2025296T161627447_001_osf.xml,,,,,EXTENDED,,4,,4-POINT-DITHER,,,f,CALCULATED_TRACK_TR_202111,11.0,5,324.8410303142332,,,,,-27.752793149308637,53.21023276585024,f,,Galaxy,Elliptical galaxies; Infrared excess galaxies,GSC32,0.08651600502427817,0.3897651046385815,583.556,,,,,,,,,,,,,POLYGON ICRS  53.203810722 -27.755949468 53.205108462 -27.755949468 53.205108462 -27.754876194 53.203810722 -27.754876194,2.0.1,RELEASE,jwst_1535.pmap,13.1.13,,3,,G235M,158.8287232,69.2702748,36.16914,158.8630324,0.317042321,69.2702748,0.1382997,f,,,,,,,,16,4,,,,,,,,,203051520,8f670fa803897b31c1fb1149d693fe4e,/Date(1785806814006)/,61256.06034729167,/Date(1785806954327)/,61256.06197136574,86,/Date(1792791507000)/,61336.90170138889,False,False,False,6848479,mast:JWST/product/jw07874005001_02101_00004_nrs1_cal.fits,"GO-7874 Alberts, Stacey",F170LP,NIRSPEC-F170LP,2026-10-23 21:38:27.000,2025-10-23 11:12:55.155
249313092,jw07874005001_02103_00001_nrs1_rate.fits,jw07874005001_02103_00001,2b,03,NRS_FULL_IFU,jw07874_20260803t223310_pool.csv,jw07874-o005_20260803t223310_spec2_00004_asn.json,413.3066334296018,60971.48603083336,f,,,60971.48408900252,60971.482147171686,GO,,58,f,/Date(1785806432791)/,61256.055935069446,/Date(1761219179753)/,60971.4812471412,/Date(1761218844209)/,60971.477363541664,NRS1,0,0,335.544,320.956,320.956,OK,NRS_IFU,5,60971.4812471412,60971.47930533565,1,PRIME,60971.477363530095,2,F290LP,1,1.0,S33T007774,0,-27.85034376650534,16.92798233032227,1,53.18571568097047,/Date(1761215588204)/,60971.43967827546,/Date(1761215346541)/,60971.43688125,0.08528756,0.01429715752601624,0.0503619537,415.5823264271021,60971.48605717232,f,60971.484115341525,60971.482173510725,NIRSPEC,f,,NONE,0,,,0,8,,1,22,1,1,1,1,4,60974.3470299537,V07874005001P0000000002103,5,,STSCI,FINEGUIDE,"Alberts, Stacey",NRS_FULL_IFU,PRDOPSSOC-073,7874,-27.75542777777778,53.204516666666656,60971.08465418981,NRSIRS2RAPID,491,Nearby Galaxies to Cosmic Noon,2026_1b,,1,1,FULL,,2048,2048,1,1,-27.755427777777754,53.20451666666666,,f,SMILES-1536-NS,FIXED,0.1,0.1,JWST,NIRSpec IFU Spectroscopy,14.58889,14.589,UTC,Dust After Quenching: A Mid-Infrared View into the Hidden ISM of Distant Massive Galaxies,10,f,1,07874005001,/Date(1761220561768)/,60971.49724266204,02,SUCCESSFUL,PRIME_TARGETED_FIXED,/Date(1761214617453)/,60971.428442743054,-0.2328004,-0.0774004,f,,,,,,IFUImageModel,f,,,,,/Date(1761218844209)/,60971.477363541664,NIRSpec IFU,0.0,IFU,2025296T162200257_001_osf.xml,,,,,EXTENDED,,1,,4-POINT-DITHER,,,f,CALCULATED_TRACK_TR_202111,11.0,5,324.8410303142332,,,,,-27.752772968332003,53.210341892368184,f,,Galaxy,Elliptical galaxies; Infrared excess galaxies,GSC32,0.0877164091732901,0.3961074937826454,306.367,,,,,,,,,,,,,POLYGON ICRS  53.203917293 -27.755929431 53.205215131 -27.755929431 53.205215131 -27.754856100 53.203917293 -27.754856100,2.0.1,RELEASE,jwst_1535.pmap,13.1.13,,3,,G395M,142.3145616,88.9408828,36.16914,142.2916888,0.2840128,88.91801,0.177533671,f,,,,,,,,16,4,,,,,,,,,203051520,1ced9014f90f8a03a2d695c742090f05,/Date(1785806820924)/,61256.060427349534,/Date(1785806960074)/,61256.062037881944,86,/Date(1792791605000)/,61336.90283564815,False,False,False,6848686,mast:JWST/product/jw07874005001_02103_00001_nrs1_cal.fits,"GO-7874 Alberts, Stacey",F290LP,NIRSPEC-F290LP,2026-10-23 21:40:05.000,2025-10-23 11:27:24.209
249312995,jw07874005001_02103_00002_nrs1_rate.fits,jw07874005001_02103_00002,2b,03,NRS_FULL_IFU,jw07874_20260803t223310_pool.csv,jw07874-o005_20260803t223310_spec2_00003_asn.json,413.31195237580687,60971.49075903148,f,,,60971.488817200654,60971.48687536982,GO,,58,f,/Date(1785806374858)/,61256.05526453703,/Date(1761219588264)/,60971.4859752662,/Date(1761219252720)/,60971.482091666665,NRS1,0,0,335.544,320.956,320.956,OK,NRS_IFU,5,60971.48597527778,60971.484033472225,2,PRIME,60971.482091666665,2,F290LP,1,1.0,S33T007774,0,-27.85034376650534,16.92798233032227,1,53.18571568097047,/Date(1761215588204)/,60971.43967827546,/Date(1761215346541)/,60971.43688125,0.08528756,0.01429715752601624,0.0503619537,415.5876372009516,60971.49078537033,f,60971.488843539555,60971.48690170876,NIRSPEC,f,,NONE,0,,,0,8,,1,22,1,1,1,1,4,60974.3470299537,V07874005001P0000000002103,5,,STSCI,FINEGUIDE,"Alberts, Stacey",NRS_FULL_IFU,PRDOPSSOC-073,7874,-27.75542777777778,53.204516666666656,60971.08465418981,NRSIRS2RAPID,491,Nearby Galaxies to Cosmic Noon,2026_1b,,1,1,FULL,,2048,2048,1,1,-27.755427777777754,53.20451666666666,,f,SMILES-1536-NS,FIXED,0.1,0.1,JWST,NIRSpec IFU Spectroscopy,14.58889,14.589,UTC,Dust After Quenching: A Mid-Infrared View into the Hidden ISM of Distant Massive Galaxies,10,f,1,07874005001,/Date(1761220561768)/,60971.49724266204,02,SUCCESSFUL,PRIME_TARGETED_FIXED,/Date(1761214617453)/,60971.428442743054,0.1292004,0.1855004,f,,,,,,IFUImageModel,f,,,,,/Date(1761219252720)/,60971.482091666665,NIRSpec IFU,0.0,IFU,2025296T162200257_001_osf.xml,,,,,EXTENDED,,2,,4-POINT-DITHER,,,f,CALCULATED_TRACK_TR_202111,11.0,5,324.8410303142332,,,,,-27.752853576654026,53.21023494518666,f,,Galaxy,Elliptical galaxies; Infrared excess galaxies,GSC32,0.09010550545209703,0.3680920325327923,306.367,,,,,,,,,,,,,POLYGON ICRS  53.203810122 -27.756009754 53.205107962 -27.756009754 53.205107962 -27.754936421 53.203810122 -27.754936421,2.0.1,RELEASE,jwst_1535.pmap,13.1.13,,3,,G395M,142.3145616,88.9408828,36.16914,142.2916888,0.2840128,88.91801,0.177533671,f,,,,,,,,16,4,,,,,,,,,203051520,077b6e02028c5d33b677809c6ecf03e1,/Date(1785806806307)/,61256.060258171296,/Date(1785806948466)/,61256.06190354167,86,/Date(1792791625000)/,61336.90306712963,False,False,False,6848691,mast:JWST/product/jw07874005001_02103_00002_nrs1_cal.fits,"GO-7874 Alberts, Stacey",F290LP,NIRSPEC-F290LP,2026-10-23 21:40:25.000,2025-10-23 11:34:12.720
249313740,jw07874005001_02103_00003_nrs1_rate.fits,jw07874005001_02103_00003,2b,03,NRS_FULL_IFU,jw07874_20260803t223310_pool.csv,jw07874-o005_20260803t223310_spec2_00002_asn.json,413.31726943608373,60971.49548724115,f,,,60971.49354541033,60971.49160357951,GO,,58,f,/Date(1785806435854)/,61256.055970520836,/Date(1761219996776)/,60971.49070342592,/Date(1761219661232)/,60971.48681982639,NRS1,0,0,335.544,320.956,320.956,OK,NRS_IFU,5,60971.49070342592,60971.48876162037,3,PRIME,60971.48681981482,2,F290LP,1,1.0,S33T007774,0,-27.85034376650534,16.92798233032227,1,53.18571568097047,/Date(1761215588204)/,60971.43967827546,/Date(1761215346541)/,60971.43688125,0.08528756,0.01429715752601624,0.0503619537,415.5929448315874,60971.495513579895,f,60971.493571749124,60971.491629918346,NIRSPEC,f,,NONE,0,,,0,8,,1,22,1,1,1,1,4,60974.3470299537,V07874005001P0000000002103,5,,STSCI,FINEGUIDE,"Alberts, Stacey",NRS_FULL_IFU,PRDOPSSOC-073,7874,-27.75542777777778,53.204516666666656,60971.08465418981,NRSIRS2RAPID,491,Nearby Galaxies to Cosmic Noon,2026_1b,,1,1,FULL,,2048,2048,1,1,-27.755427777777754,53.20451666666666,,f,SMILES-1536-NS,FIXED,0.1,0.1,JWST,NIRSpec IFU Spectroscopy,14.58889,14.589,UTC,Dust After Quenching: A Mid-Infrared View into the Hidden ISM of Distant Massive Galaxies,10,f,1,07874005001,/Date(1761220561768)/,60971.49724266204,02,SUCCESSFUL,PRIME_TARGETED_FIXED,/Date(1761214617453)/,60971.428442743054,-0.0259002,-0.1333002,f,,,,,,IFUImageModel,f,,,,,/Date(1761219661232)/,60971.48681982639,NIRSpec IFU,0.0,IFU,2025296T162200257_001_osf.xml,,,,,EXTENDED,,3,,4-POINT-DITHER,,,f,CALCULATED_TRACK_TR_202111,11.0,5,324.8410303142332,,,,,-27.75283313386759,53.21034391413258,f,,Galaxy,Elliptical galaxies; Infrared excess galaxies,GSC32,0.0889039534473811,0.40855880989369125,306.367,,,,,,,,,,,,,POLYGON ICRS  53.203918882 -27.755989032 53.205216721 -27.755989032 53.205216721 -27.754915700 53.203918882 -27.754915700,2.0.1,RELEASE,jwst_1535.pmap,13.1.13,,3,,G395M,142.3145616,88.9408828,36.16914,142.2916888,0.2840128,88.91801,0.177533671,f,,,,,,,,16,4,,,,,,,,,203051520,2066fb25195c468aa8aab1ad12e2381c,/Date(1785806911728)/,61256.061478310185,/Date(1785807043660)/,61256.063005324075,86,/Date(1792791564000)/,61336.90236111111,False,False,False,6848693,mast:JWST/product/jw07874005001_02103_00003_nrs1_cal.fits,"GO-7874 Alberts, Stacey",F290LP,NIRSPEC-F290LP,2026-10-23 21:39:24.000,2025-10-23 11:41:01.232
249313782,jw07874005001_02103_00004_nrs1_rate.fits,jw07874005001_02103_00004,2b,03,NRS_FULL_IFU,jw07874_20260803t223310_pool.csv,jw07874-o005_20260803t223310_spec2_00001_asn.json,413.32258398178965,60971.50021545079,f,,,60971.498273619974,60971.49633178917,GO,,58,f,/Date(1785806436494)/,61256.05597792824,/Date(1761220405288)/,60971.495431550924,/Date(1761220069744)/,60971.49154795139,NRS1,0,0,335.544,320.956,320.956,OK,NRS_IFU,5,60971.495431574076,60971.493489768516,4,PRIME,60971.49154796296,2,F290LP,1,1.0,S33T007774,0,-27.85034376650534,16.92798233032227,1,53.18571568097047,/Date(1761215588204)/,60971.43967827546,/Date(1761215346541)/,60971.43688125,0.08528756,0.01429715752601624,0.0503619537,415.59825057629496,60971.500241789436,f,60971.49829995867,60971.4963581279,NIRSPEC,f,,NONE,0,,,0,8,,1,22,1,1,1,1,4,60974.3470299537,V07874005001P0000000002103,5,,STSCI,FINEGUIDE,"Alberts, Stacey",NRS_FULL_IFU,PRDOPSSOC-073,7874,-27.75542777777778,53.204516666666656,60971.08465418981,NRSIRS2RAPID,491,Nearby Galaxies to Cosmic Noon,2026_1b,,1,1,FULL,,2048,2048,1,1,-27.755427777777754,53.20451666666666,,f,SMILES-1536-NS,FIXED,0.1,0.1,JWST,NIRSpec IFU Spectroscopy,14.58889,14.589,UTC,Dust After Quenching: A Mid-Infrared View into the Hidden ISM of Distant Massive Galaxies,10,f,1,07874005001,/Date(1761220561768)/,60971.49724266204,02,SUCCESSFUL,PRIME_TARGETED_FIXED,/Date(1761214617453)/,60971.428442743054,-0.0775997,0.2415001,f,,,,,,IFUImageModel,f,,,,,/Date(1761220069744)/,60971.49154795139,NIRSpec IFU,0.0,IFU,2025296T162554063_001_osf.xml,,,,,EXTENDED,,4,,4-POINT-DITHER,,,f,CALCULATED_TRACK_TR_202111,11.0,5,324.8410303142332,,,,,-27.7527946468879,53.21023379079387,f,,Galaxy,Elliptical galaxies; Infrared excess galaxies,GSC32,0.08847827407783472,0.38443438492854,306.367,,,,,,,,,,,,,POLYGON ICRS  53.203808543 -27.755950258 53.205106382 -27.755950258 53.205106382 -27.754876925 53.203808543 -27.754876925,2.0.1,RELEASE,jwst_1535.pmap,13.1.13,,3,,G395M,142.3145616,88.9408828,36.16914,142.2916888,0.2840128,88.91801,0.177533671,f,,,,,,,,16,4,,,,,,,,,203051520,2e907aed613a2fd5762001f025f4970d,/Date(1785806918688)/,61256.06155886574,/Date(1785807049075)/,61256.06306800926,86,/Date(1792791645000)/,61336.90329861111,False,False,False,6848743,mast:JWST/product/jw07874005001_02103_00004_nrs1_cal.fits,"GO-7874 Alberts, Stacey",F290LP,NIRSPEC-F290LP,2026-10-23 21:40:45.000,2025-10-23 11:47:49.744
243368236,jw07429006001_02101_00001_nrs1_rate.fits,jw07429006001_02101_00001,2b,01,NRS_FULL_IFU,jw07429_20260716t070317_pool.csv,jw07429-o006_20260716t070317_spec2_00010_asn.json,312.39828353282064,60971.538119656216,f,,,60971.537022202436,60971.53592474865,GO,,58,f,/Date(1784196095444)/,61237.41777133102,/Date(1761223781156)/,60971.53450412037,/Date(1761223591500)/,60971.532309027774,NRS1,0,0,189.656,175.067,175.067,OK,NRS_IFU,1,60971.53450412037,60971.533406574075,1,PRIME,60971.532309027774,2,F290LP,1,1.0,SBKA003787,0,-26.001446231336,15.16968154907227,1,338.8383357144061,/Date(1761223331685)/,60971.5293019213,/Date(1761223090021)/,60971.52650486111,0.0583676547,0.03094041720032692,0.06789501,312.6144278794527,60971.5381221578,f,60971.53702470406,60971.53592725032,NIRSPEC,f,,NONE,-0.00097800009370985,/Date(946684800000)/,51544,0.001006999999999999,5,,1,12,1,1,1,1,4,60974.3470299537,V07429006001P0000000002101,6,NGC-7314-NIRSpec,STSCI,FINEGUIDE,"Zhang, Lulu",NRS_FULL_IFU,PRDOPSSOC-073,7429,-26.050433333333334,338.9424937499999,60971.08465418981,NRSIRS2RAPID,491,Supermassive Black Holes and Active Galaxies,2026_1b,,1,1,FULL,,2048,2048,1,1,-26.05044034537117,338.9425017863954,NGC 7314,f,NGC-7314-NIRSpec,FIXED,0.1,0.1,JWST,NIRSpec IFU Spectroscopy,14.58889,14.589,UTC,Unraveling Effects of Different Modes of AGN Feedback via PAH Features,10,f,1,07429006001,/Date(1761225103203)/,60971.54980559028,02,SUCCESSFUL,PRIME_TARGETED_FIXED,/Date(1761220565864)/,60971.49729008102,-0.2328004,-0.0774004,f,,,,,,IFUImageModel,f,,,,,/Date(1761223591500)/,60971.532309027774,,0.0,IFU,2025296T163443541_001_osf.xml,,,,,EXTENDED,,1,,4-POINT-DITHER,,,f,CALCULATED_TRACK_TR_202111,11.0,5,58.13237554225433,,,,,-26.050669745717332,338.94610785003823,f,,Galaxy,Active galactic nuclei; Seyfert galaxies,GSC32,0.08818184785905471,0.3610174211060617,160.478,,,,,,,,,,,,,POLYGON ICRS  338.941917589 -26.051075313 338.943159404 -26.051075313 338.943159404 -26.049894740 338.941917589 -26.049894740,2.0.1,RELEASE,jwst_1535.pmap,13.1.13,,3,,G395H,161.1731852,72.4038484,36.1888847,161.1731852,0.321695656,72.34666639999999,0.144526958,f,,,,,,,,16,4,,,,,,,,,203051520,6313ef837fd41e3264928a1f60a8c5ff,/Date(1784196242383)/,61237.41947202546,/Date(1784196326764)/,61237.42044864583,86,/Date(1792791403000)/,61336.90049768519,False,False,False,6848603,mast:JWST/product/jw07429006001_02101_00001_nrs1_cal.fits,"GO-7429 Zhang, Lulu",F290LP,NIRSPEC-F290LP,2026-10-23 21:36:43.000,2025-10-23 12:46:31.500
243368350,jw07429006001_02101_00002_nrs1_rate.fits,jw07429006001_02101_00002,2b,01,NRS_FULL_IFU,jw07429_20260716t070317_pool.csv,jw07429-o006_20260716t070317_spec2_00008_asn.json,312.3761439928785,60971.54115939997,f,,,60971.54006194618,60971.53896449241,GO,,58,f,/Date(1784196096818)/,61237.41778722222,/Date(1761224043812)/,60971.53754413194,/Date(1761223854156)/,60971.53534902778,NRS1,0,0,189.656,175.067,175.067,OK,NRS_IFU,1,60971.53754412037,60971.53644657407,2,PRIME,60971.53534902778,2,F290LP,1,1.0,SBKA003787,0,-26.001446231336,15.16968154907227,1,338.8383357144061,/Date(1761223331685)/,60971.5293019213,/Date(1761223090021)/,60971.52650486111,0.0583676547,0.03094041720032692,0.06789501,312.592277652584,60971.541161901434,f,60971.54006444769,60971.538966993954,NIRSPEC,f,,NONE,-0.00097800009370985,/Date(946684800000)/,51544,0.001006999999999999,5,,1,12,1,1,1,1,4,60974.3470299537,V07429006001P0000000002101,6,NGC-7314-NIRSpec,STSCI,FINEGUIDE,"Zhang, Lulu",NRS_FULL_IFU,PRDOPSSOC-073,7429,-26.050433333333334,338.9424937499999,60971.08465418981,NRSIRS2RAPID,491,Supermassive Black Holes and Active Galaxies,2026_1b,,1,1,FULL,,2048,2048,1,1,-26.05044034537343,338.94250178639794,NGC 7314,f,NGC-7314-NIRSpec,FIXED,0.1,0.1,JWST,NIRSpec IFU Spectroscopy,14.58889,14.589,UTC,Unraveling Effects of Different Modes of AGN Feedback via PAH Features,10,f,1,07429006001,/Date(1761225103203)/,60971.54980559028,02,SUCCESSFUL,PRIME_TARGETED_FIXED,/Date(1761220565864)/,60971.49729008102,0.1292004,0.1855004,f,,,,,,IFUImageModel,f,,,,,/Date(1761223854156)/,60971.53534902778,,0.0,IFU,2025296T163443541_001_osf.xml,,,,,EXTENDED,,2,,4-POINT-DITHER,,,f,CALCULATED_TRACK_TR_202111,11.0,5,58.13237554225433,,,,,-26.050571150384965,338.9460240719037,f,,Galaxy,Active galactic nuclei; Seyfert galaxies,GSC32,0.08943278065152921,0.36398875790528856,160.478,,,,,,,,,,,,,POLYGON ICRS  338.941834072 -26.050976586 338.943075892 -26.050976586 338.943075892 -26.049796009 338.941834072 -26.049796009,2.0.1,RELEASE,jwst_1535.pmap,13.1.13,,3,,G395H,161.1731852,72.4038484,36.1888847,161.1731852,0.321695656,72.34666639999999,0.144526958,f,,,,,,,,16,4,,,,,,,,,203051520,ffa4683fcc08d5111a59de5ba4048843,/Date(1784196261615)/,61237.41969462963,/Date(1784196336772)/,61237.42056450232,86,/Date(1792791388000)/,61336.90032407407,False,False,False,6848601,mast:JWST/product/jw07429006001_02101_00002_nrs1_cal.fits,"GO-7429 Zhang, Lulu",F290LP,NIRSPEC-F290LP,2026-10-23 21:36:28.000,2025-10-23 12:50:54.156
243368254,jw07429006001_02101_00003_nrs1_rate.fits,jw07429006001_02101_00003,2b,01,NRS_FULL_IFU,jw07429_20260716t070317_pool.csv,jw07429-o006_20260716t070317_spec2_00006_asn.json,312.3540082247928,60971.544198403026,f,,,60971.543100949246,60971.542003495466,GO,,58,f,/Date(1784196090798)/,61237.4177175463,/Date(1761224306404)/,60971.540583368056,/Date(1761224116748)/,60971.538388263885,NRS1,0,0,189.656,175.067,175.067,OK,NRS_IFU,1,60971.54058337963,60971.53948583333,3,PRIME,60971.53838828704,2,F290LP,1,1.0,SBKA003787,0,-26.001446231336,15.16968154907227,1,338.8383357144061,/Date(1761223331685)/,60971.5293019213,/Date(1761223090021)/,60971.52650486111,0.0583676547,0.03094041720032692,0.06789501,312.57013308349997,60971.54420090438,f,60971.54310345064,60971.54200599691,NIRSPEC,f,,NONE,-0.00097800009370985,/Date(946684800000)/,51544,0.001006999999999999,5,,1,12,1,1,1,1,4,60974.3470299537,V07429006001P0000000002101,6,NGC-7314-NIRSpec,STSCI,FINEGUIDE,"Zhang, Lulu",NRS_FULL_IFU,PRDOPSSOC-073,7429,-26.050433333333334,338.9424937499999,60971.08465418981,NRSIRS2RAPID,491,Supermassive Black Holes and Active Galaxies,2026_1b,,1,1,FULL,,2048,2048,1,1,-26.05044034537569,338.94250178640056,NGC 7314,f,NGC-7314-NIRSpec,FIXED,0.1,0.1,JWST,NIRSpec IFU Spectroscopy,14.58889,14.589,UTC,Unraveling Effects of Different Modes of AGN Feedback via PAH Features,10,f,1,07429006001,/Date(1761225103203)/,60971.54980559028,02,SUCCESSFUL,PRIME_TARGETED_FIXED,/Date(1761220565864)/,60971.49729008102,-0.0259002,-0.1333002,f,,,,,,IFUImageModel,f,,,,,/Date(1761224116748)/,60971.538388263885,,0.0,IFU,2025296T163443541_001_osf.xml,,,,,EXTENDED,,3,,4-POINT-DITHER,,,f,CALCULATED_TRACK_TR_202111,11.0,5,58.13237554225433,,,,,-26.050668585861192,338.94604075273026,f,,Galaxy,Active galactic nuclei; Seyfert galaxies,GSC32,0.09841067479039313,0.3610174211060617,160.478,,,,,,,,,,,,,POLYGON ICRS  338.941851002 -26.051073873 338.943092822 -26.051073873 338.943092822 -26.049893296 338.941851002 -26.049893296,2.0.1,RELEASE,jwst_1535.pmap,13.1.13,,3,,G395H,161.1731852,72.4038484,36.1888847,161.1731852,0.321695656,72.34666639999999,0.144526958,f,,,,,,,,16,4,,,,,,,,,203051520,9d96fa52683fb01be6ce6750b2443c79,/Date(1784196243407)/,61237.41948386574,/Date(1784196328206)/,61237.42046534722,86,/Date(1792791404000)/,61336.900509259256,False,False,False,6848610,mast:JWST/product/jw07429006001_02101_00003_nrs1_cal.fits,"GO-7429 Zhang, Lulu",F290LP,NIRSPEC-F290LP,2026-10-23 21:36:44.000,2025-10-23 12:55:16.748
243368359,jw07429006001_02101_00004_nrs1_rate.fits,jw07429006001_02101_00004,2b,01,NRS_FULL_IFU,jw07429_20260716t070317_pool.csv,jw07429-o006_20260716t070317_spec2_00004_asn.json,312.33186742756516,60971.54723814675,f,,,60971.546140692975,60971.54504323921,GO,,58,f,/Date(1784196107356)/,61237.41790921296,/Date(1761224569060)/,60971.54362337963,/Date(1761224379404)/,60971.541428275465,NRS1,0,0,189.656,175.067,175.067,OK,NRS_IFU,1,60971.54362337963,60971.542525833334,4,PRIME,60971.54142828704,2,F290LP,1,1.0,SBKA003787,0,-26.001446231336,15.16968154907227,1,338.8383357144061,/Date(1761223331685)/,60971.5293019213,/Date(1761223090021)/,60971.52650486111,0.0583676547,0.03094041720032692,0.06789501,312.5479815993458,60971.547240648,f,60971.54614319427,60971.54504574053,NIRSPEC,f,,NONE,-0.00097800009370985,/Date(946684800000)/,51544,0.001006999999999999,5,,1,12,1,1,1,1,4,60974.3470299537,V07429006001P0000000002101,6,NGC-7314-NIRSpec,STSCI,FINEGUIDE,"Zhang, Lulu",NRS_FULL_IFU,PRDOPSSOC-073,7429,-26.050433333333334,338.9424937499999,60971.08465418981,NRSIRS2RAPID,491,Supermassive Black Holes and Active Galaxies,2026_1b,,1,1,FULL,,2048,2048,1,1,-26.050440345377954,338.94250178640317,NGC 7314,f,NGC-7314-NIRSpec,FIXED,0.1,0.1,JWST,NIRSpec IFU Spectroscopy,14.58889,14.589,UTC,Unraveling Effects of Different Modes of AGN Feedback via PAH Features,10,f,1,07429006001,/Date(1761225103203)/,60971.54980559028,02,SUCCESSFUL,PRIME_TARGETED_FIXED,/Date(1761220565864)/,60971.49729008102,-0.0775997,0.2415001,f,,,,,,IFUImageModel,f,,,,,/Date(1761224379404)/,60971.541428275465,,0.0,IFU,2025296T163443541_001_osf.xml,,,,,EXTENDED,,4,,4-POINT-DITHER,,,f,CALCULATED_TRACK_TR_202111,11.0,5,58.13237554225433,,,,,-26.050573405419232,338.94608975537005,f,,Galaxy,Active galactic nuclei; Seyfert galaxies,GSC32,0.09646742052369878,0.404101804694851,160.478,,,,,,,,,,,,,POLYGON ICRS  338.941900257 -26.050978561 338.943142077 -26.050978561 338.943142077 -26.049797985 338.941900257 -26.049797985,2.0.1,RELEASE,jwst_1535.pmap,13.1.13,,3,,G395H,161.1731852,72.4038484,36.1888847,161.1731852,0.321695656,72.34666639999999,0.144526958,f,,,,,,,,16,4,,,,,,,,,203051520,21bdad1ac183e69e8805ed66a3499679,/Date(1784196262028)/,61237.419699375,/Date(1784196337345)/,61237.42057113426,86,/Date(1792791363000)/,61336.900034722225,False,False,False,6848639,mast:JWST/product/jw07429006001_02101_00004_nrs1_cal.fits,"GO-7429 Zhang, Lulu",F290LP,NIRSPEC-F290LP,2026-10-23 21:36:03.000,2025-10-23 12:59:39.404
259859180,jw08317001001_03101_00002_nrs1_rate.fits,jw08317001001_03101_00002,2b,01,NRS_FULL_MSA,jw08317_20261003t015307_pool.csv,jw08317-o001_20261003t015307_spec2_00016_asn.json,400.06045137997717,61139.98667692891,f,,,61139.973845047025,61139.961013164946,GO,,54,f,/Date(1791002570947)/,61316.19642298611,/Date(1775777648988)/,61139.98204844908,/Date(1775775431477)/,61139.95638282407,NRS1,0,0,2217.511,2188.333,1094.167,OK,NRS_MSASPEC,4,61139.98204847222,61139.96921565394,2,PRIME,61139.95638283565,2,CLEAR,8,1.0,N6SS002738,0,2.5699921753463,15.65818214416504,1,150.4806501501403,/Date(1775773050016)/,61139.92881962963,/Date(1775772809376)/,61139.92603444444,0.220110953,0.0491841658949852,0.212279812,400.3199865343049,61139.986679933594,f,61139.973848051304,61139.961016168825,NIRSPEC,f,,NONE,0,,,0,16,,5,15,2,1,1,1,1,61141.50343240741,V08317001001P0000000003101,1,wout_with_fillers,STSCI,FINEGUIDE,"Kriek, Mariska",NRS_FULL_MSA,PRDOPSSOC-074,8317,2.460411111111111,150.50528333333332,61138.02433274306,NRSIRS2,491,Nearby Galaxies to Cosmic Noon,2026_2a,,1,1,FULL,,2048,2048,1,1,2.460411111111111,150.50528333333332,,f,NSE_wout_prism_suspense_resubm,FIXED,0.1,0.1,JWST,NIRSpec MultiObject Spectroscopy,14.58889,72.944,UTC,The Return of the Giants: Constraining the TP-AGB Phase across Cosmic Time,10,f,1,08317001001,/Date(1775795017867)/,61140.183077152775,03,SUCCESSFUL,PRIME_TARGETED_FIXED,/Date(1775771649185)/,61139.91260631944,8.4520551,4.4100826,f,,,,,,MultiSlitModel,f,,,,,/Date(1775775431477)/,61139.95638282407,,-0.0006832347929813,MSASPEC,2026100T111525565_001_osf.xml,,,,,UNKNOWN,,1,,NONE,1,1,f,CALCULATED_TRACK_TR_202111,11.1.1,5,108.4238450323745,,,,,2.46103187026092,150.50886962291838,f,,,,GSC32,0.11900675833567044,0.6805515758478663,2042.445,,,,,,,,,,,,,POLYGON ICRS  150.484059129 2.441113181 150.484311673 2.441221441 150.484290058 2.441272707 150.484037513 2.441164451 POLYGON ICRS  150.494413004 2.448393446 150.494938210 2.448618093 150.494916635 2.448669161 150.494391426 2.448444522 POLYGON ICRS  150.498639911 2.450201250 150.498889914 2.450308161 150.498868360 2.450359171 150.498618355 2.450252264 POLYGON ICRS  150.485358013 2.445333449 150.486162431 2.445677423 150.486140801 2.445728613 150.485336378 2.445384651 POLYGON ICRS  150.488431029 2.448029187 150.489095886 2.448313201 150.489074263 2.448364328 150.488409401 2.448080324 POLYGON ICRS  150.486681613 2.448338729 150.487209273 2.448563978 150.487187630 2.448615121 150.486659968 2.448389880 POLYGON ICRS  150.499161377 2.455041826 150.499821349 2.455323173 150.499799767 2.455374114 150.499139791 2.455092776 POLYGON ICRS  150.520982091 2.463347700 150.521763612 2.463680657 150.521742423 2.463730669 150.520960899 2.463397722 POLYGON ICRS  150.526928424 2.466845498 150.527439816 2.467063206 150.527418646 2.467113144 150.526907251 2.466895442 POLYGON ICRS  150.522483514 2.465033501 150.522728247 2.465137701 150.522707058 2.465187692 150.522462323 2.465083494 POLYGON ICRS  150.528091209 2.467822636 150.528735763 2.468096949 150.528714595 2.468146868 150.528070040 2.467872562 POLYGON ICRS  150.491005505 2.462535649 150.491664342 2.462814353 150.491642631 2.462865311 150.490983790 2.462586616 POLYGON ICRS  150.495825695 2.464817246 150.496074227 2.464922364 150.496052543 2.464973257 150.495804009 2.464868143 POLYGON ICRS  150.492253478 2.463387294 150.493048112 2.463723369 150.493026407 2.463774304 150.492231768 2.463438240 POLYGON ICRS  150.493441882 2.464375292 150.493963341 2.464595762 150.493941637 2.464646681 150.493420175 2.464426218 POLYGON ICRS  150.486963084 2.461798185 150.487623600 2.462077413 150.487601854 2.462128422 150.486941333 2.461849203 POLYGON ICRS  150.489093280 2.462860696 150.489616207 2.463081736 150.489594472 2.463132714 150.489071542 2.462911681 POLYGON ICRS  150.476429083 2.460271161 150.476956348 2.460493562 150.476934500 2.460544708 150.476407230 2.460322314 POLYGON ICRS  150.481118147 2.462979387 150.481368974 2.463085148 150.481347149 2.463136222 150.481096320 2.463030465 POLYGON ICRS  150.475553984 2.460796001 150.476081512 2.461018367 150.476059648 2.461069520 150.475532116 2.460847162 POLYGON ICRS  150.495355890 2.469306674 150.496420452 2.469755565 150.496398727 2.469806423 150.495334158 2.469357547 POLYGON ICRS  150.479675542 2.462939285 150.480338955 2.463218894 150.480317117 2.463269980 150.479653699 2.462990381 POLYGON ICRS  150.484891075 2.465137597 150.485415192 2.465358522 150.485393390 2.465409533 150.484869269 2.465188616 POLYGON ICRS  150.496258379 2.470575805 150.496642623 2.470737739 150.496620892 2.470788589 150.496236645 2.470626661 POLYGON ICRS  150.487911781 2.467139593 150.488844770 2.467532693 150.488822984 2.467583651 150.487889988 2.467190564 POLYGON ICRS  150.481060444 2.465388713 150.481585790 2.465609855 150.481563942 2.465660911 150.481038592 2.465439777 POLYGON ICRS  150.489111681 2.468859073 150.489770751 2.469136544 150.489748960 2.469187482 150.489089885 2.468910020 POLYGON ICRS  150.477388024 2.465629015 150.477914575 2.465850364 150.477892683 2.465901465 150.477366128 2.465680124 POLYGON ICRS  150.484340652 2.470577159 150.484864592 2.470797162 150.484842729 2.470848153 150.484318786 2.470628157 POLYGON ICRS  150.473342905 2.469372229 150.473594766 2.469477688 150.473572788 2.469528830 150.473320926 2.469423374 POLYGON ICRS  150.478869025 2.472010844 150.480218540 2.472575974 150.480196607 2.472627018 150.478847082 2.472061907 POLYGON ICRS  150.488884762 2.476529475 150.489406892 2.476748187 150.489385022 2.476799103 150.488862889 2.476580398 POLYGON ICRS  150.489585738 2.477146527 150.490380336 2.477479322 150.490358470 2.477530225 150.489563866 2.477197440 POLYGON ICRS  150.481836411 2.475279063 150.482223803 2.475441092 150.482201864 2.475492103 150.481814469 2.475330079 POLYGON ICRS  150.482833564 2.476344072 150.483631490 2.476677693 150.483609555 2.476728683 150.482811623 2.476395073 POLYGON ICRS  150.487211052 2.478174550 150.487870157 2.478450205 150.487848253 2.478501138 150.487189143 2.478225492 POLYGON ICRS  150.476112797 2.475400796 150.476639096 2.475620486 150.476617093 2.475671572 150.476090790 2.475451890 POLYGON ICRS  150.489229364 2.482090984 150.489751055 2.482308792 150.489729135 2.482359700 150.489207441 2.482141899 POLYGON ICRS  150.474141308 2.477337686 150.474805782 2.477614512 150.474783741 2.477665623 150.474119262 2.477388805 POLYGON ICRS  150.479128236 2.480063989 150.479378830 2.480168383 150.479356815 2.480219430 150.479106219 2.480115039 POLYGON ICRS  150.468590886 2.476245108 150.469119659 2.476465122 150.469097568 2.476516315 150.468568791 2.476296307 POLYGON ICRS  150.469143689 2.476475121 150.469672253 2.476695060 150.469650166 2.476746244 150.469121598 2.476526313 POLYGON ICRS  150.481937286 2.481801278 150.482461286 2.482019545 150.482439288 2.482070550 150.481915284 2.481852291 POLYGON ICRS  150.487520452 2.484936213 150.487769637 2.485040011 150.487747669 2.485090949 150.487498483 2.484987154 POLYGON ICRS  150.471515710 2.479655029 150.472318900 2.479988835 150.472296813 2.480039983 150.471493617 2.479706188 POLYGON ICRS  150.472342870 2.479998798 150.472594521 2.480103389 150.472572436 2.480154532 150.472320783 2.480049945 POLYGON ICRS  150.481614701 2.484420869 150.482138636 2.484638736 150.482116611 2.484689750 150.481592673 2.484471890 POLYGON ICRS  150.526944439 2.476456564 150.527458100 2.476674121 150.527436613 2.476724640 150.526922951 2.476507088 POLYGON ICRS  150.528152651 2.479535172 150.528934018 2.479865701 150.528912526 2.479916194 150.528131155 2.479585672 POLYGON ICRS  150.511959943 2.475986588 150.512748591 2.476319415 150.512726979 2.476370069 150.511938325 2.476037252 POLYGON ICRS  150.520597273 2.479873451 150.521381724 2.480204625 150.521360166 2.480255183 150.520575710 2.479924017 POLYGON ICRS  150.513102559 2.477031881 150.513620116 2.477250246 150.513598505 2.477300888 150.513080945 2.477082529 POLYGON ICRS  150.523002752 2.482012703 150.523248287 2.482116316 150.523226733 2.482166853 150.522981197 2.482063243 POLYGON ICRS  150.525052897 2.484963672 150.525700850 2.485236862 150.525679297 2.485287372 150.525031340 2.485014188 POLYGON ICRS  150.509872229 2.478647172 150.510119685 2.478751385 150.510098026 2.478802058 150.509850569 2.478697848 POLYGON ICRS  150.517700863 2.482587756 150.518486348 2.482918651 150.518464743 2.482969231 150.517679252 2.482638345 POLYGON ICRS  150.523989762 2.485237579 150.524772359 2.485567407 150.524750795 2.485617926 150.523968193 2.485288105 POLYGON ICRS  150.506796815 2.480251209 150.507587466 2.480583579 150.507565765 2.480634276 150.506775108 2.480301914 POLYGON ICRS  150.514746067 2.486166080 150.515532579 2.486496531 150.515510913 2.486547142 150.514724396 2.486216698 POLYGON ICRS  150.517333410 2.492314757 150.517983622 2.492587389 150.517961929 2.492637988 150.517311712 2.492365362 POLYGON ICRS  150.508946826 2.488961416 150.509735755 2.489291809 150.509713999 2.489342487 150.508925064 2.489012102 POLYGON ICRS  150.501184624 2.486276886 150.501705296 2.486494645 150.501683473 2.486545410 150.501162798 2.486327657 POLYGON ICRS  150.510878649 2.491862310 150.511125618 2.491965661 150.511103852 2.492016332 150.510856882 2.491912984 POLYGON ICRS  150.502391218 2.489038211 150.502639491 2.489141940 150.502617654 2.489192700 150.502369379 2.489088973 POLYGON ICRS  150.509272517 2.492639016 150.510061006 2.492968695 150.510039218 2.493019383 150.509250724 2.492689711 POLYGON ICRS  150.504245902 2.491021707 150.504901112 2.491295377 150.504879281 2.491346118 150.504224065 2.491072455 POLYGON ICRS  150.514639610 2.496009766 150.515425433 2.496338460 150.515403675 2.496389105 150.514617846 2.496060418 POLYGON ICRS  150.500467370 2.490169769 150.501124104 2.490443818 150.501102237 2.490494601 150.500445498 2.490220559 POLYGON ICRS  150.512165161 2.495135931 150.512952147 2.495464954 150.512930368 2.495515622 150.512143376 2.495186606 POLYGON ICRS  150.517324143 2.497856288 150.518108673 2.498184491 150.518086928 2.498235118 150.517302391 2.497906922 POLYGON ICRS  150.519544425 2.499669280 150.520327905 2.499997048 150.520306167 2.500047665 150.519522681 2.499719903 POLYGON ICRS  150.505540669 2.494301590 150.505788346 2.494404928 150.505766494 2.494455673 150.505518816 2.494352338,3.0.0,RELEASE,jwst_1584.pmap,13.2.6,,3,,PRISM,168.7783912,16.125324,36.1592751,168.801264,0.336887419,16.1367604,0.0321627222,f,1,jw08317001001_01_msa.fits,1,PRIMARYPARK_CONFIG,,,,16,4,,,NONE,,,,,f,44239680,43c1370935edddc681fe992d4e8938aa,/Date(1791002916619)/,61316.200423842594,/Date(1791003008689)/,61316.201489467596,86,/Date(1791683189000)/,61324.07394675926,False,False,False,7507907,mast:JWST/product/jw08317001001_03101_00002_nrs1_cal.fits,"GO-8317 Kriek, Mariska",CLEAR,NIRSPEC,2026-10-11 01:46:29.000,2026-04-09 22:57:11.477
259859143,jw08317001001_03103_00001_nrs1_rate.fits,jw08317001001_03103_00001,2b,03,NRS_FULL_MSA,jw08317_20261003t015307_pool.csv,jw08317-o001_20261003t015307_spec2_00014_asn.json,399.8874136945233,61140.01412377954,f,,,61140.00129189804,61139.988460016364,GO,,54,f,/Date(1791002567613)/,61316.19638440972,/Date(1775780020569)/,61140.00949733796,/Date(1775777803058)/,61139.983831666665,NRS1,0,0,2217.511,2188.333,1094.167,OK,NRS_MSASPEC,6,61140.00949732639,61139.9966645081,1,PRIME,61139.98383168982,2,CLEAR,8,1.0,N6SS002738,0,2.5699921753463,15.65818214416504,1,150.4806501501403,/Date(1775773050016)/,61139.92881962963,/Date(1775772809376)/,61139.92603444444,0.220110953,0.0491841658949852,0.212279812,400.14702365733683,61140.014126785085,f,61140.00129490319,61139.98846302111,NIRSPEC,f,,NONE,0,,,0,16,,5,15,2,1,1,1,1,61141.50343240741,V08317001001P0000000003103,1,wout_with_fillers,STSCI,FINEGUIDE,"Kriek, Mariska",NRS_FULL_MSA,PRDOPSSOC-074,8317,2.460411111111111,150.50528333333332,61138.02433274306,NRSIRS2,491,Nearby Galaxies to Cosmic Noon,2026_2a,,1,1,FULL,,2048,2048,1,1,2.460411111111111,150.50528333333332,,f,NSE_wout_prism_suspense_resubm,FIXED,0.1,0.1,JWST,NIRSpec MultiObject Spectroscopy,14.58889,72.944,UTC,The Return of the Giants: Constraining the TP-AGB Phase across Cosmic Time,10,f,1,08317001001,/Date(1775795017867)/,61140.183077152775,03,SUCCESSFUL,PRIME_TARGETED_FIXED,/Date(1775771649185)/,61139.91260631944,8.4520724,5.4680771,f,,,,,,MultiSlitModel,f,,,,,/Date(1775777803058)/,61139.983831666665,,0.007623150357644968,MSASPEC,2026100T110412480_003_osf.xml,,,,,UNKNOWN,,1,,NONE,1,1,f,CALCULATED_TRACK_TR_202111,11.1.1,5,108.4238450323745,,,,,2.4611472632326223,150.50913879977557,f,,,,GSC32,0.11882605613336983,0.6877890025549963,2042.445,,,,,,,,,,,,,POLYGON ICRS  150.484330387 2.441228047 150.484582931 2.441336308 150.484561315 2.441387575 150.484308770 2.441279318 POLYGON ICRS  150.494684239 2.448508346 150.495209444 2.448732994 150.495187869 2.448784062 150.494662661 2.448559421 POLYGON ICRS  150.498911141 2.450316164 150.499161143 2.450423075 150.499139588 2.450474085 150.498889584 2.450367177 POLYGON ICRS  150.485630825 2.445448990 150.486435241 2.445792966 150.486413610 2.445844156 150.485609190 2.445500191 POLYGON ICRS  150.488702264 2.448144067 150.489367121 2.448428083 150.489345497 2.448479211 150.488680637 2.448195205 POLYGON ICRS  150.486952848 2.448453604 150.487480507 2.448678855 150.487458864 2.448729998 150.486931202 2.448504755 POLYGON ICRS  150.499432591 2.455156741 150.500092562 2.455438090 150.500070980 2.455489030 150.499411005 2.455207691 POLYGON ICRS  150.521253279 2.463462685 150.522034799 2.463795644 150.522013610 2.463845657 150.521232087 2.463512707 POLYGON ICRS  150.527199601 2.466960502 150.527710992 2.467178212 150.527689822 2.467228150 150.527178428 2.467010446 POLYGON ICRS  150.522754697 2.465148490 150.522999430 2.465252691 150.522978240 2.465302682 150.522733506 2.465198484 POLYGON ICRS  150.528362383 2.467937644 150.529006936 2.468211959 150.528985768 2.468261878 150.528341213 2.467987570 POLYGON ICRS  150.491276694 2.462650538 150.491935530 2.462929244 150.491913819 2.462980201 150.491254979 2.462701505 POLYGON ICRS  150.496096877 2.464932150 150.496345409 2.465037268 150.496323724 2.465088161 150.496075191 2.464983046 POLYGON ICRS  150.492524663 2.463502186 150.493319296 2.463838264 150.493297591 2.463889199 150.492502953 2.463553132 POLYGON ICRS  150.493713065 2.464490188 150.494234523 2.464710660 150.494212820 2.464761578 150.493691358 2.464541114 POLYGON ICRS  150.487234275 2.461913060 150.487894791 2.462192291 150.487873044 2.462243299 150.487212524 2.461964078 POLYGON ICRS  150.489364468 2.462975578 150.489887394 2.463196620 150.489865659 2.463247598 150.489342730 2.463026564 POLYGON ICRS  150.476700278 2.460386002 150.477227543 2.460608406 150.477205695 2.460659551 150.476678426 2.460437156 POLYGON ICRS  150.481389334 2.463094243 150.481640160 2.463200005 150.481618335 2.463251079 150.481367507 2.463145321 POLYGON ICRS  150.475825177 2.460910840 150.476352705 2.461133207 150.476330841 2.461184360 150.475803310 2.460962000 POLYGON ICRS  150.495627057 2.469421576 150.496691618 2.469870470 150.496669893 2.469921328 150.495605325 2.469472449 POLYGON ICRS  150.479946729 2.463054137 150.480610141 2.463333748 150.480588303 2.463384834 150.479924886 2.463105233 POLYGON ICRS  150.485162256 2.465252466 150.485686372 2.465473392 150.485664569 2.465524403 150.485140449 2.465303485 POLYGON ICRS  150.496529542 2.470690710 150.496913786 2.470852645 150.496892054 2.470903495 150.496507808 2.470741566 POLYGON ICRS  150.488182955 2.467254471 150.489115942 2.467647575 150.489094156 2.467698532 150.488161162 2.467305442 POLYGON ICRS  150.481331623 2.465503569 150.481856969 2.465724712 150.481835121 2.465775769 150.481309771 2.465554633 POLYGON ICRS  150.489382849 2.468973955 150.490041919 2.469251428 150.490020127 2.469302366 150.489361053 2.469024902 POLYGON ICRS  150.477659202 2.465743859 150.478185752 2.465965210 150.478163860 2.466016311 150.477637306 2.465794968 POLYGON ICRS  150.484611815 2.470692026 150.485135754 2.470912030 150.485113891 2.470963021 150.484589948 2.470743024 POLYGON ICRS  150.473614071 2.469487060 150.473865932 2.469592520 150.473843953 2.469643661 150.473592091 2.469538205 POLYGON ICRS  150.479140184 2.472125694 150.480489697 2.472690827 150.480467763 2.472741871 150.479118240 2.472176757 POLYGON ICRS  150.489155906 2.476644356 150.489678035 2.476863070 150.489656165 2.476913986 150.489134032 2.476695279 POLYGON ICRS  150.489856880 2.477261410 150.490651477 2.477594208 150.490629611 2.477645110 150.489835008 2.477312323 POLYGON ICRS  150.482107558 2.475393921 150.482494950 2.475555952 150.482473011 2.475606963 150.482085617 2.475444937 POLYGON ICRS  150.483104708 2.476458933 150.483902633 2.476792557 150.483880698 2.476843547 150.483082767 2.476509934 POLYGON ICRS  150.487482190 2.478289426 150.488141295 2.478565083 150.488119390 2.478616016 150.487460281 2.478340368 POLYGON ICRS  150.476383944 2.475515636 150.476910242 2.475735327 150.476888239 2.475786413 150.476361937 2.475566729 POLYGON ICRS  150.489500490 2.482205866 150.490022180 2.482423676 150.490000260 2.482474584 150.489478566 2.482256781 POLYGON ICRS  150.474412448 2.477452519 150.475076922 2.477729348 150.475054880 2.477780458 150.474390402 2.477503639 POLYGON ICRS  150.479399368 2.480178838 150.479649962 2.480283233 150.479627946 2.480334280 150.479377351 2.480229888 POLYGON ICRS  150.468862030 2.476359923 150.469390802 2.476579940 150.469368711 2.476631132 150.468839935 2.476411123 POLYGON ICRS  150.469414832 2.476589939 150.469943396 2.476809879 150.469921308 2.476861063 150.469392741 2.476641130 POLYGON ICRS  150.482208413 2.481916137 150.482732412 2.482134405 150.482710414 2.482185410 150.482186411 2.481967149 POLYGON ICRS  150.487791569 2.485051089 150.488040753 2.485154888 150.488018785 2.485205826 150.487769599 2.485102030 POLYGON ICRS  150.471786842 2.479769854 150.472590032 2.480103663 150.472567945 2.480154810 150.471764750 2.479821013 POLYGON ICRS  150.472614002 2.480113625 150.472865652 2.480218217 150.472843567 2.480269361 150.472591915 2.480164772 POLYGON ICRS  150.481885819 2.484535726 150.482409753 2.484753595 150.482387728 2.484804609 150.481863791 2.484586748 POLYGON ICRS  150.527215586 2.476571568 150.527729245 2.476789126 150.527707759 2.476839645 150.527194096 2.476622091 POLYGON ICRS  150.528423787 2.479650179 150.529205153 2.479980711 150.529183661 2.480031203 150.528402291 2.479700679 POLYGON ICRS  150.512231089 2.476101544 150.513019737 2.476434373 150.512998125 2.476485027 150.512209472 2.476152207 POLYGON ICRS  150.520870000 2.479989106 150.521654449 2.480320282 150.521632890 2.480370840 150.520848436 2.480039672 POLYGON ICRS  150.513373702 2.477146840 150.513891259 2.477365207 150.513869648 2.477415849 150.513352088 2.477197488 POLYGON ICRS  150.523273880 2.482127694 150.523519415 2.482231308 150.523497861 2.482281844 150.523252324 2.482178233 POLYGON ICRS  150.525324015 2.485078669 150.525971968 2.485351861 150.525950415 2.485402371 150.525302458 2.485129185 POLYGON ICRS  150.510143367 2.478762121 150.510390822 2.478866334 150.510369164 2.478917007 150.510121707 2.478812797 POLYGON ICRS  150.517971988 2.482702729 150.518757473 2.483033627 150.518735867 2.483084208 150.517950377 2.482753318 POLYGON ICRS  150.524260879 2.485352573 150.525043475 2.485682404 150.525021912 2.485732922 150.524239310 2.485403099 POLYGON ICRS  150.507069552 2.480366822 150.507860202 2.480699195 150.507838501 2.480749892 150.507047845 2.480417528 POLYGON ICRS  150.515017181 2.486281044 150.515803692 2.486611498 150.515782026 2.486662108 150.514995510 2.486331662 POLYGON ICRS  150.517604504 2.492429729 150.518254715 2.492702364 150.518233023 2.492752963 150.517582807 2.492480334 POLYGON ICRS  150.509219532 2.489077032 150.510008459 2.489407427 150.509986703 2.489458105 150.509197769 2.489127718 POLYGON ICRS  150.501455737 2.486391806 150.501976408 2.486609567 150.501954585 2.486660332 150.501433911 2.486442577 POLYGON ICRS  150.511149745 2.491977262 150.511396713 2.492080613 150.511374947 2.492131284 150.511127977 2.492027935 POLYGON ICRS  150.502662322 2.489153135 150.502910595 2.489256865 150.502888758 2.489307624 150.502640483 2.489203897 POLYGON ICRS  150.509545211 2.492754631 150.510333698 2.493084313 150.510311910 2.493135000 150.509523417 2.492805327 POLYGON ICRS  150.504516999 2.491136638 150.505172209 2.491410309 150.505150378 2.491461050 150.504495163 2.491187385 POLYGON ICRS  150.514910693 2.496124729 150.515696515 2.496453426 150.515674756 2.496504071 150.514888928 2.496175381 POLYGON ICRS  150.500738470 2.490284687 150.501395203 2.490558738 150.501373336 2.490609521 150.500716598 2.490335477 POLYGON ICRS  150.512436246 2.495250887 150.513223231 2.495579912 150.513201452 2.495630580 150.512414461 2.495301561 POLYGON ICRS  150.517595219 2.497971260 150.518379749 2.498299465 150.518358003 2.498350093 150.517573468 2.498021894 POLYGON ICRS  150.519815496 2.499784259 150.520598975 2.500112029 150.520577236 2.500162646 150.519793752 2.499834883 POLYGON ICRS  150.505811757 2.494416524 150.506059433 2.494519863 150.506037581 2.494570608 150.505789903 2.494467272,3.0.0,RELEASE,jwst_1584.pmap,13.2.6,,3,,PRISM,168.7783912,16.125324,36.1592751,168.801264,0.336887419,16.1367604,0.0321627222,f,1,jw08317001001_01_msa.fits,136,PRIMARYPARK_CONFIG,,,,16,4,,,NONE,,,,,f,44251200,eac624d8ae83786dd151ca1cef59ee43,/Date(1791002916631)/,61316.20042395833,/Date(1791002994083)/,61316.20132040509,86,/Date(1791683142000)/,61324.07340277778,False,False,False,7507974,mast:JWST/product/jw08317001001_03103_00001_nrs1_cal.fits,"GO-8317 Kriek, Mariska",CLEAR,NIRSPEC,2026-10-11 01:45:42.000,2026-04-09 23:36:43.058
259859009,jw08317001001_03104_00001_nrs1_rate.fits,jw08317001001_03104_00001,2b,04,NRS_FULL_MSA,jw08317_20261003t015307_pool.csv,jw08317-o001_20261003t015307_spec2_00012_asn.json,399.71915872301906,61140.04080106749,f,,,61140.027969186376,61140.015137305076,GO,,54,f,/Date(1791002519389)/,61316.19582627315,/Date(1775782325655)/,61140.036176574074,/Date(1775780108144)/,61140.010510914355,NRS1,0,0,2217.511,2188.333,1094.167,OK,NRS_MSASPEC,7,61140.0361765625,61140.023343744215,1,PRIME,61140.010510925924,2,CLEAR,8,1.0,N6SS002738,0,2.5699921753463,15.65818214416504,1,150.4806501501403,/Date(1775773050016)/,61139.92881962963,/Date(1775772809376)/,61139.92603444444,0.220110953,0.0491841658949852,0.212279812,399.97884035110474,61140.04080407387,f,61140.02797219236,61140.01514031065,NIRSPEC,f,,NONE,0,,,0,16,,5,15,2,1,1,1,1,61141.50343240741,V08317001001P0000000003104,1,wout_with_fillers,STSCI,FINEGUIDE,"Kriek, Mariska",NRS_FULL_MSA,PRDOPSSOC-074,8317,2.460411111111111,150.50528333333332,61138.02433274306,NRSIRS2,491,Nearby Galaxies to Cosmic Noon,2026_2a,,1,1,FULL,,2048,2048,1,1,2.460411111111111,150.50528333333332,,f,NSE_wout_prism_suspense_resubm,FIXED,0.1,0.1,JWST,NIRSpec MultiObject Spectroscopy,14.58889,72.944,UTC,The Return of the Giants: Constraining the TP-AGB Phase across Cosmic Time,10,f,1,08317001001,/Date(1775795017867)/,61140.183077152775,03,SUCCESSFUL,PRIME_TARGETED_FIXED,/Date(1775771649185)/,61139.91260631944,8.4520724,5.4680771,f,,,,,,MultiSlitModel,f,,,,,/Date(1775780108144)/,61140.010510914355,,0.0,MSASPEC,2026100T112641885_002_osf.xml,,,,,UNKNOWN,,1,,NONE,1,1,f,CALCULATED_TRACK_TR_202111,11.1.1,5,108.4238450323745,,,,,2.461147687931402,150.50913683578565,f,,,,GSC32,0.11850037193154898,0.6667771185665545,2042.445,,,,,,,,,,,,,POLYGON ICRS  150.484330400 2.441228033 150.484582943 2.441336294 150.484561328 2.441387561 150.484308783 2.441279304 POLYGON ICRS  150.494684251 2.448508332 150.495209456 2.448732980 150.495187881 2.448784048 150.494662672 2.448559408 POLYGON ICRS  150.498911152 2.450316150 150.499161155 2.450423062 150.499139600 2.450474071 150.498889596 2.450367164 POLYGON ICRS  150.485630837 2.445448976 150.486435253 2.445792952 150.486413623 2.445844142 150.485609202 2.445500177 POLYGON ICRS  150.488702277 2.448144053 150.489367133 2.448428069 150.489345509 2.448479197 150.488680649 2.448195191 POLYGON ICRS  150.486952860 2.448453590 150.487480519 2.448678841 150.487458876 2.448729984 150.486931214 2.448504741 POLYGON ICRS  150.499432602 2.455156727 150.500092574 2.455438077 150.500070991 2.455489017 150.499411016 2.455207677 POLYGON ICRS  150.521253290 2.463462673 150.522034809 2.463795632 150.522013620 2.463845644 150.521232098 2.463512694 POLYGON ICRS  150.527199611 2.466960490 150.527711002 2.467178200 150.527689832 2.467228137 150.527178438 2.467010433 POLYGON ICRS  150.522754707 2.465148478 150.522999440 2.465252679 150.522978250 2.465302669 150.522733516 2.465198471 POLYGON ICRS  150.528362393 2.467937631 150.529006946 2.468211947 150.528985778 2.468261866 150.528341223 2.467987557 POLYGON ICRS  150.491276706 2.462650523 150.491935542 2.462929229 150.491913830 2.462980187 150.491254990 2.462701490 POLYGON ICRS  150.496096888 2.464932136 150.496345420 2.465037254 150.496323735 2.465088147 150.496075202 2.464983032 POLYGON ICRS  150.492524674 2.463502171 150.493319308 2.463838249 150.493297602 2.463889184 150.492502964 2.463553118 POLYGON ICRS  150.493713076 2.464490174 150.494234534 2.464710646 150.494212831 2.464761564 150.493691369 2.464541100 POLYGON ICRS  150.487234287 2.461913046 150.487894802 2.462192276 150.487873055 2.462243285 150.487212535 2.461964064 POLYGON ICRS  150.489364479 2.462975563 150.489887405 2.463196606 150.489865670 2.463247584 150.489342741 2.463026549 POLYGON ICRS  150.476700290 2.460385987 150.477227555 2.460608390 150.477205706 2.460659536 150.476678438 2.460437141 POLYGON ICRS  150.481389345 2.463094228 150.481640172 2.463199990 150.481618347 2.463251065 150.481367518 2.463145306 POLYGON ICRS  150.475825189 2.460910824 150.476352717 2.461133192 150.476330853 2.461184345 150.475803322 2.460961985 POLYGON ICRS  150.495627068 2.469421562 150.496691628 2.469870456 150.496669904 2.469921314 150.495605336 2.469472434 POLYGON ICRS  150.479946740 2.463054122 150.480610153 2.463333733 150.480588315 2.463384819 150.479924897 2.463105218 POLYGON ICRS  150.485162267 2.465252451 150.485686383 2.465473377 150.485664580 2.465524389 150.485140460 2.465303470 POLYGON ICRS  150.496529553 2.470690696 150.496913796 2.470852631 150.496892065 2.470903481 150.496507819 2.470741552 POLYGON ICRS  150.488182966 2.467254457 150.489115953 2.467647560 150.489094167 2.467698518 150.488161173 2.467305428 POLYGON ICRS  150.481331634 2.465503554 150.481856980 2.465724697 150.481835132 2.465775754 150.481309783 2.465554618 POLYGON ICRS  150.489382860 2.468973940 150.490041929 2.469251413 150.490020138 2.469302352 150.489361064 2.469024888 POLYGON ICRS  150.477659214 2.465743844 150.478185764 2.465965195 150.478163871 2.466016296 150.477637318 2.465794953 POLYGON ICRS  150.484611826 2.470692011 150.485135765 2.470912016 150.485113902 2.470963006 150.484589959 2.470743009 POLYGON ICRS  150.473614083 2.469487045 150.473865943 2.469592505 150.473843965 2.469643646 150.473592103 2.469538190 POLYGON ICRS  150.479140195 2.472125678 150.480489708 2.472690812 150.480467774 2.472741856 150.479118252 2.472176741 POLYGON ICRS  150.489155917 2.476644341 150.489678045 2.476863055 150.489656175 2.476913971 150.489134043 2.476695264 POLYGON ICRS  150.489856890 2.477261395 150.490651488 2.477594193 150.490629622 2.477645096 150.489835019 2.477312308 POLYGON ICRS  150.482107569 2.475393906 150.482494961 2.475555937 150.482473021 2.475606948 150.482085627 2.475444922 POLYGON ICRS  150.483104719 2.476458918 150.483902643 2.476792542 150.483880708 2.476843532 150.483082778 2.476509919 POLYGON ICRS  150.487482200 2.478289411 150.488141305 2.478565068 150.488119401 2.478616001 150.487460291 2.478340353 POLYGON ICRS  150.476383955 2.475515621 150.476910253 2.475735312 150.476888250 2.475786398 150.476361948 2.475566714 POLYGON ICRS  150.489500500 2.482205851 150.490022190 2.482423661 150.490000270 2.482474569 150.489478576 2.482256766 POLYGON ICRS  150.474412459 2.477452503 150.475076933 2.477729332 150.475054891 2.477780443 150.474390413 2.477503623 POLYGON ICRS  150.479399378 2.480178823 150.479649972 2.480283218 150.479627957 2.480334264 150.479377361 2.480229873 POLYGON ICRS  150.468862041 2.476359907 150.469390813 2.476579924 150.469368722 2.476631116 150.468839946 2.476411107 POLYGON ICRS  150.469414843 2.476589923 150.469943407 2.476809863 150.469921319 2.476861047 150.469392752 2.476641115 POLYGON ICRS  150.482208423 2.481916121 150.482732422 2.482134390 150.482710424 2.482185395 150.482186421 2.481967134 POLYGON ICRS  150.487791579 2.485051074 150.488040763 2.485154873 150.488018795 2.485205811 150.487769609 2.485102015 POLYGON ICRS  150.471786853 2.479769838 150.472590043 2.480103647 150.472567955 2.480154794 150.471764760 2.479820997 POLYGON ICRS  150.472614013 2.480113609 150.472865663 2.480218201 150.472843578 2.480269345 150.472591926 2.480164756 POLYGON ICRS  150.481885830 2.484535711 150.482409763 2.484753579 150.482387738 2.484804594 150.481863801 2.484586732 POLYGON ICRS  150.527215595 2.476571555 150.527729254 2.476789114 150.527707768 2.476839632 150.527194106 2.476622079 POLYGON ICRS  150.528423797 2.479650166 150.529205162 2.479980698 150.529183670 2.480031191 150.528402300 2.479700667 POLYGON ICRS  150.512231099 2.476101530 150.513019747 2.476434359 150.512998134 2.476485013 150.512209482 2.476152193 POLYGON ICRS  150.520870009 2.479989093 150.521654458 2.480320269 150.521632900 2.480370827 150.520848446 2.480039659 POLYGON ICRS  150.513373712 2.477146826 150.513891268 2.477365193 150.513869657 2.477415835 150.513352098 2.477197474 POLYGON ICRS  150.523273889 2.482127681 150.523519424 2.482231295 150.523497870 2.482281831 150.523252334 2.482178220 POLYGON ICRS  150.525324024 2.485078656 150.525971976 2.485351848 150.525950424 2.485402358 150.525302467 2.485129172 POLYGON ICRS  150.510143377 2.478762107 150.510390832 2.478866320 150.510369174 2.478916994 150.510121717 2.478812783 POLYGON ICRS  150.517971998 2.482702716 150.518757482 2.483033613 150.518735877 2.483084194 150.517950387 2.482753305 POLYGON ICRS  150.524260888 2.485352560 150.525043484 2.485682391 150.525021921 2.485732909 150.524239319 2.485403086 POLYGON ICRS  150.507069562 2.480366808 150.507860212 2.480699181 150.507838511 2.480749878 150.507047855 2.480417514 POLYGON ICRS  150.515017191 2.486281031 150.515803701 2.486611484 150.515782036 2.486662094 150.514995519 2.486331649 POLYGON ICRS  150.517604513 2.492429715 150.518254724 2.492702350 150.518233031 2.492752949 150.517582816 2.492480320 POLYGON ICRS  150.509219541 2.489077018 150.510008468 2.489407413 150.509986712 2.489458090 150.509197778 2.489127704 POLYGON ICRS  150.501455747 2.486391792 150.501976417 2.486609553 150.501954595 2.486660318 150.501433921 2.486442562 POLYGON ICRS  150.511149754 2.491977247 150.511396722 2.492080599 150.511374956 2.492131270 150.511127986 2.492027921 POLYGON ICRS  150.502662331 2.489153120 150.502910604 2.489256850 150.502888767 2.489307610 150.502640492 2.489203883 POLYGON ICRS  150.509545220 2.492754617 150.510333707 2.493084298 150.510311919 2.493134986 150.509523426 2.492805312 POLYGON ICRS  150.504517009 2.491136623 150.505172219 2.491410295 150.505150387 2.491461036 150.504495172 2.491187370 POLYGON ICRS  150.514910702 2.496124715 150.515696523 2.496453412 150.515674765 2.496504057 150.514888937 2.496175367 POLYGON ICRS  150.500738479 2.490284672 150.501395213 2.490558724 150.501373345 2.490609506 150.500716607 2.490335462 POLYGON ICRS  150.512436255 2.495250872 150.513223240 2.495579898 150.513201461 2.495630566 150.512414470 2.495301547 POLYGON ICRS  150.517595228 2.497971246 150.518379757 2.498299451 150.518358011 2.498350079 150.517573476 2.498021880 POLYGON ICRS  150.519815505 2.499784246 150.520598983 2.500112015 150.520577245 2.500162633 150.519793760 2.499834869 POLYGON ICRS  150.505811766 2.494416510 150.506059442 2.494519848 150.506037590 2.494570593 150.505789912 2.494467257,3.0.0,RELEASE,jwst_1584.pmap,13.2.6,,3,,PRISM,168.7783912,16.125324,36.1592751,168.801264,0.336887419,16.1367604,0.0321627222,f,1,jw08317001001_01_msa.fits,137,PRIMARYPARK_CONFIG,,,,16,4,,,NONE,,,,,f,44248320,15ed24c8f8e2681411f9b8286e99be89,/Date(1791002871328)/,61316.19989960648,/Date(1791002952786)/,61316.20084243055,86,/Date(1791683266000)/,61324.074837962966,False,False,False,7508000,mast:JWST/product/jw08317001001_03104_00001_nrs1_cal.fits,"GO-8317 Kriek, Mariska",CLEAR,NIRSPEC,2026-10-11 01:47:46.000,2026-04-10 00:15:08.144
259858492,jw08317001001_03106_00001_nrs1_rate.fits,jw08317001001_03106_00001,2b,06,NRS_FULL_MSA,jw08317_20261003t015307_pool.csv,jw08317-o001_20261003t015307_spec2_00010_asn.json,399.5449913665652,61140.068404212914,f,,,61140.055572332196,61140.04274045129,GO,,54,f,/Date(1791002489089)/,61316.1954755787,/Date(1775784710741)/,61140.06378171296,/Date(1775782493230)/,61140.03811608796,NRS1,0,0,2217.511,2188.333,1094.167,OK,NRS_MSASPEC,8,61140.06378172454,61140.05094890625,1,PRIME,61140.03811608796,2,CLEAR,8,1.0,N6SS002738,0,2.5699921753463,15.65818214416504,1,150.4806501501403,/Date(1775773050016)/,61139.92881962963,/Date(1775772809376)/,61139.92603444444,0.220110953,0.0491841658949852,0.212279812,399.80474843177944,61140.06840722017,f,61140.05557533904,61140.042743457736,NIRSPEC,f,,NONE,0,,,0,16,,5,15,2,1,1,1,1,61141.50343240741,V08317001001P0000000003106,1,wout_with_fillers,STSCI,FINEGUIDE,"Kriek, Mariska",NRS_FULL_MSA,PRDOPSSOC-074,8317,2.460411111111111,150.50528333333332,61138.02433274306,NRSIRS2,491,Nearby Galaxies to Cosmic Noon,2026_2a,,1,1,FULL,,2048,2048,1,1,2.460411111111111,150.50528333333332,,f,NSE_wout_prism_suspense_resubm,FIXED,0.1,0.1,JWST,NIRSpec MultiObject Spectroscopy,14.58889,72.944,UTC,The Return of the Giants: Constraining the TP-AGB Phase across Cosmic Time,10,f,1,08317001001,/Date(1775795017867)/,61140.183077152775,03,SUCCESSFUL,PRIME_TARGETED_FIXED,/Date(1775771649185)/,61139.91260631944,8.4520551,4.4100826,f,,,,,,MultiSlitModel,f,,,,,/Date(1775782493230)/,61140.03811608796,,0.0,MSASPEC,2026100T113649860_002_osf.xml,,,,,UNKNOWN,,1,,NONE,1,1,f,CALCULATED_TRACK_TR_202111,11.1.1,5,108.4238450323745,,,,,2.4610333183593855,150.5088639575684,f,,,,GSC32,0.11874691137034671,0.6751818721619313,2042.445,,,,,,,,,,,,,POLYGON ICRS  150.484059596 2.441113211 150.484312139 2.441221471 150.484290523 2.441272738 150.484037979 2.441164481 POLYGON ICRS  150.494413443 2.448393513 150.494938648 2.448618161 150.494917072 2.448669229 150.494391864 2.448444588 POLYGON ICRS  150.498640343 2.450201332 150.498890346 2.450308244 150.498868791 2.450359254 150.498618787 2.450252346 POLYGON ICRS  150.485358464 2.445333483 150.486162880 2.445677460 150.486141250 2.445728650 150.485336829 2.445384685 POLYGON ICRS  150.488431469 2.448029232 150.489096326 2.448313248 150.489074702 2.448364376 150.488409842 2.448080369 POLYGON ICRS  150.486682053 2.448338768 150.487209712 2.448564019 150.487188069 2.448615162 150.486660407 2.448389919 POLYGON ICRS  150.499161791 2.455041910 150.499821762 2.455323259 150.499800180 2.455374199 150.499140205 2.455092859 POLYGON ICRS  150.520982473 2.463347862 150.521763992 2.463680822 150.521742804 2.463730834 150.520961281 2.463397884 POLYGON ICRS  150.526928792 2.466845682 150.527440184 2.467063392 150.527419013 2.467113329 150.526907620 2.466895625 POLYGON ICRS  150.522483890 2.465033668 150.522728622 2.465137869 150.522707432 2.465187860 150.522462699 2.465083661 POLYGON ICRS  150.528091574 2.467822824 150.528736126 2.468097139 150.528714959 2.468147058 150.528070404 2.467872749 POLYGON ICRS  150.491005893 2.462535703 150.491664729 2.462814409 150.491643018 2.462865366 150.490984177 2.462586669 POLYGON ICRS  150.495826074 2.464817316 150.496074606 2.464922435 150.496052921 2.464973328 150.495804388 2.464868213 POLYGON ICRS  150.492253862 2.463387351 150.493048495 2.463723430 150.493026790 2.463774365 150.492232152 2.463438298 POLYGON ICRS  150.493442262 2.464375354 150.493963720 2.464595826 150.493942017 2.464646744 150.493420555 2.464426280 POLYGON ICRS  150.486963475 2.461798223 150.487623990 2.462077454 150.487602243 2.462128463 150.486941723 2.461849241 POLYGON ICRS  150.489093667 2.462860742 150.489616592 2.463081784 150.489594857 2.463132762 150.489071928 2.462911727 POLYGON ICRS  150.476429480 2.460271161 150.476956745 2.460493565 150.476934896 2.460544710 150.476407627 2.460322314 POLYGON ICRS  150.481118533 2.462979404 150.481369360 2.463085166 150.481347535 2.463136240 150.481096706 2.463030482 POLYGON ICRS  150.475554379 2.460795998 150.476081906 2.461018366 150.476060043 2.461069519 150.475532511 2.460847159 POLYGON ICRS  150.495356252 2.469306742 150.496420812 2.469755637 150.496399088 2.469806495 150.495334520 2.469357615 POLYGON ICRS  150.479675929 2.462939297 150.480339341 2.463218908 150.480317503 2.463269994 150.479654086 2.462990393 POLYGON ICRS  150.484891454 2.465137628 150.485415570 2.465358554 150.485393767 2.465409566 150.484869647 2.465188647 POLYGON ICRS  150.496258737 2.470575877 150.496642980 2.470737811 150.496621248 2.470788662 150.496237003 2.470626732 POLYGON ICRS  150.487912152 2.467139634 150.488845139 2.467532738 150.488823353 2.467583696 150.487890359 2.467190605 POLYGON ICRS  150.481060822 2.465388730 150.481586167 2.465609873 150.481564319 2.465660929 150.481038970 2.465439794 POLYGON ICRS  150.489112045 2.468859118 150.489771114 2.469136592 150.489749323 2.469187530 150.489090249 2.468910066 POLYGON ICRS  150.477388401 2.465629018 150.477914951 2.465850369 150.477893059 2.465901470 150.477366505 2.465680127 POLYGON ICRS  150.484341011 2.470577187 150.484864950 2.470797192 150.484843087 2.470848183 150.484319144 2.470628185 POLYGON ICRS  150.473343270 2.469372218 150.473595130 2.469477677 150.473573151 2.469528819 150.473321290 2.469423362 POLYGON ICRS  150.478869379 2.472010852 150.480218892 2.472575987 150.480196958 2.472627031 150.478847436 2.472061915 POLYGON ICRS  150.488885099 2.476529519 150.489407228 2.476748233 150.489385357 2.476799149 150.488863225 2.476580442 POLYGON ICRS  150.489586072 2.477146573 150.490380669 2.477479371 150.490358803 2.477530274 150.489564201 2.477197486 POLYGON ICRS  150.481836753 2.475279081 150.482224144 2.475441112 150.482202205 2.475492123 150.481814811 2.475330098 POLYGON ICRS  150.482833902 2.476344094 150.483631827 2.476677718 150.483609891 2.476728708 150.482811961 2.476395095 POLYGON ICRS  150.487211383 2.478174588 150.487870487 2.478450245 150.487848583 2.478501178 150.487189473 2.478225530 POLYGON ICRS  150.476113139 2.475400794 150.476639437 2.475620486 150.476617434 2.475671571 150.476091132 2.475451887 POLYGON ICRS  150.489229681 2.482091029 150.489751371 2.482308839 150.489729451 2.482359747 150.489207757 2.482141944 POLYGON ICRS  150.474141643 2.477337676 150.474806116 2.477614505 150.474784075 2.477665615 150.474119597 2.477388796 POLYGON ICRS  150.479128561 2.480063997 150.479379154 2.480168392 150.479357139 2.480219439 150.479106544 2.480115047 POLYGON ICRS  150.468591226 2.476245078 150.469119998 2.476465095 150.469097906 2.476516287 150.468569131 2.476296278 POLYGON ICRS  150.469144028 2.476475094 150.469672591 2.476695034 150.469650504 2.476746218 150.469121937 2.476526285 POLYGON ICRS  150.481937605 2.481801297 150.482461604 2.482019565 150.482439605 2.482070571 150.481915603 2.481852309 POLYGON ICRS  150.487520759 2.484936251 150.487769943 2.485040050 150.487747975 2.485090989 150.487498789 2.484987192 POLYGON ICRS  150.471516037 2.479655010 150.472319226 2.479988819 150.472297139 2.480039966 150.471493944 2.479706168 POLYGON ICRS  150.472343196 2.479998781 150.472594846 2.480103373 150.472572761 2.480154517 150.472321109 2.480049928 POLYGON ICRS  150.481615010 2.484420886 150.482138943 2.484638755 150.482116918 2.484689769 150.481592981 2.484471907 POLYGON ICRS  150.526944773 2.476456746 150.527458432 2.476674305 150.527436946 2.476724824 150.526923284 2.476507270 POLYGON ICRS  150.528152973 2.479535358 150.528934339 2.479865890 150.528912847 2.479916383 150.528131477 2.479585858 POLYGON ICRS  150.511960279 2.475986716 150.512748926 2.476319546 150.512727314 2.476370200 150.511938662 2.476037380 POLYGON ICRS  150.520597595 2.479873610 150.521382044 2.480204787 150.521360486 2.480255345 150.520576031 2.479924176 POLYGON ICRS  150.513102892 2.477032013 150.513620448 2.477250380 150.513598837 2.477301022 150.513081277 2.477082661 POLYGON ICRS  150.523003066 2.482012871 150.523248601 2.482116485 150.523227046 2.482167021 150.522981510 2.482063410 POLYGON ICRS  150.525053199 2.484963846 150.525701152 2.485237039 150.525679599 2.485287549 150.525031643 2.485014363 POLYGON ICRS  150.509872556 2.478647292 150.510120011 2.478751506 150.510098353 2.478802179 150.509850896 2.478697968 POLYGON ICRS  150.517701175 2.482587904 150.518486659 2.482918802 150.518465053 2.482969382 150.517679563 2.482638493 POLYGON ICRS  150.523990063 2.485237750 150.524772659 2.485567581 150.524751096 2.485618100 150.523968495 2.485288276 POLYGON ICRS  150.506797136 2.480251317 150.507587787 2.480583691 150.507566085 2.480634388 150.506775429 2.480302023 POLYGON ICRS  150.514746367 2.486166217 150.515532877 2.486496671 150.515511211 2.486547281 150.514724695 2.486216835 POLYGON ICRS  150.517333687 2.492314903 150.517983898 2.492587538 150.517962205 2.492638137 150.517311989 2.492365508 POLYGON ICRS  150.508947116 2.488961532 150.509736044 2.489291927 150.509714287 2.489342605 150.508925353 2.489012218 POLYGON ICRS  150.501184925 2.486276974 150.501705595 2.486494735 150.501683772 2.486545500 150.501163098 2.486327744 POLYGON ICRS  150.510878928 2.491862433 150.511125897 2.491965784 150.511104131 2.492016456 150.510857160 2.491913106 POLYGON ICRS  150.502391508 2.489038303 150.502639781 2.489142032 150.502617943 2.489192792 150.502369669 2.489089065 POLYGON ICRS  150.509272794 2.492639133 150.510061281 2.492968814 150.510039493 2.493019502 150.509251000 2.492689828 POLYGON ICRS  150.504246184 2.491021806 150.504901394 2.491295478 150.504879562 2.491346219 150.504224347 2.491072553 POLYGON ICRS  150.514639874 2.496009901 150.515425696 2.496338599 150.515403937 2.496389244 150.514618110 2.496060554 POLYGON ICRS  150.500467656 2.490169854 150.501124389 2.490443905 150.501102521 2.490494688 150.500445783 2.490220643 POLYGON ICRS  150.512165428 2.495136058 150.512952413 2.495465084 150.512930634 2.495515752 150.512143643 2.495186733 POLYGON ICRS  150.517324399 2.497856434 150.518108929 2.498184639 150.518087183 2.498235267 150.517302648 2.497907068 POLYGON ICRS  150.519544675 2.499669434 150.520328154 2.499997204 150.520306415 2.500047821 150.519522931 2.499720057 POLYGON ICRS  150.505540940 2.494301693 150.505788616 2.494405032 150.505766764 2.494455777 150.505519086 2.494352441,3.0.0,RELEASE,jwst_1584.pmap,13.2.6,,3,,PRISM,168.7783912,16.125324,36.1592751,168.801264,0.336887419,16.1367604,0.0321627222,f,1,jw08317001001_01_msa.fits,138,PRIMARYPARK_CONFIG,,,,16,4,,,NONE,,,,,f,44239680,0f059d063e2f7b4cd20c195dfa002634,/Date(1791002816145)/,61316.19926094908,/Date(1791002902101)/,61316.20025578704,86,/Date(1791683206000)/,61324.07414351852,False,False,False,7508020,mast:JWST/product/jw08317001001_03106_00001_nrs1_cal.fits,"GO-8317 Kriek, Mariska",CLEAR,NIRSPEC,2026-10-11 01:46:46.000,2026-04-10 00:54:53.230
259858469,jw08317001001_03108_00002_nrs1_rate.fits,jw08317001001_03108_00002,2b,08,NRS_FULL_MSA,jw08317_20261003t015307_pool.csv,jw08317-o001_20261003t015307_spec2_00008_asn.json,399.32199670001864,61140.10372900363,f,,,61140.09089712342,61140.07806524302,GO,,54,f,/Date(1791002466959)/,61316.195219444446,/Date(1775787763026)/,61140.099109097224,/Date(1775785545515)/,61140.073443472225,NRS1,0,0,2217.511,2188.333,1094.167,OK,NRS_MSASPEC,9,61140.099109097224,61140.08627627893,2,PRIME,61140.07344346065,2,CLEAR,8,1.0,N6SS002738,0,2.5699921753463,15.65818214416504,1,150.4806501501403,/Date(1775773050016)/,61139.92881962963,/Date(1775772809376)/,61139.92603444444,0.220110953,0.0491841658949852,0.212279812,399.581849318929,61140.103732011994,f,61140.09090013137,61140.07806825057,NIRSPEC,f,,NONE,0,,,0,16,,5,15,2,1,1,1,1,61141.50343240741,V08317001001P0000000003108,1,wout_with_fillers,STSCI,FINEGUIDE,"Kriek, Mariska",NRS_FULL_MSA,PRDOPSSOC-074,8317,2.460411111111111,150.50528333333332,61138.02433274306,NRSIRS2,491,Nearby Galaxies to Cosmic Noon,2026_2a,,1,1,FULL,,2048,2048,1,1,2.460411111111111,150.50528333333332,,f,NSE_wout_prism_suspense_resubm,FIXED,0.1,0.1,JWST,NIRSpec MultiObject Spectroscopy,14.58889,72.944,UTC,The Return of the Giants: Constraining the TP-AGB Phase across Cosmic Time,10,f,1,08317001001,/Date(1775795017867)/,61140.183077152775,03,SUCCESSFUL,PRIME_TARGETED_FIXED,/Date(1775771649185)/,61139.91260631944,6.0450703,4.4091348,f,,,,,,MultiSlitModel,f,,,,,/Date(1775785545515)/,61140.073443472225,,0.0,MSASPEC,2026100T115921493_002_osf.xml,,,,,UNKNOWN,,1,,NONE,1,1,f,CALCULATED_TRACK_TR_202111,11.1.1,5,108.4238450323745,,,,,2.4604183399780992,150.50912247011297,f,,,,GSC32,0.12027996177268119,0.6926917754856328,2042.445,,,,,,,,,,,,,POLYGON ICRS  150.498959455 2.449448501 150.499209455 2.449555422 150.499187901 2.449606433 150.498937900 2.449499516 POLYGON ICRS  150.494413091 2.448396726 150.494938330 2.448621279 150.494916748 2.448672342 150.494391506 2.448447797 POLYGON ICRS  150.485357442 2.445338189 150.486161916 2.445682017 150.486140279 2.445733201 150.485335800 2.445389386 POLYGON ICRS  150.488430521 2.448033209 150.489095425 2.448317103 150.489073794 2.448368225 150.488408887 2.448084342 POLYGON ICRS  150.486680878 2.448342924 150.487208575 2.448568077 150.487186925 2.448619215 150.486659225 2.448394070 POLYGON ICRS  150.499024566 2.454985294 150.499821376 2.455324816 150.499799787 2.455375752 150.499002972 2.455036241 POLYGON ICRS  150.520983474 2.463346084 150.521765034 2.463678926 150.521743841 2.463728935 150.520962277 2.463396102 POLYGON ICRS  150.522802782 2.464281782 150.523047512 2.464385990 150.523026323 2.464435982 150.522781592 2.464331776 POLYGON ICRS  150.526930081 2.466842932 150.527441498 2.467060570 150.527420324 2.467110504 150.526908905 2.466892871 POLYGON ICRS  150.528035153 2.467956002 150.528679744 2.468230210 150.528658572 2.468280125 150.528013979 2.468005924 POLYGON ICRS  150.494939517 2.463878157 150.495188230 2.463983340 150.495166536 2.464034248 150.494917822 2.463929068 POLYGON ICRS  150.493791022 2.463554240 150.494039915 2.463659488 150.494018213 2.463710411 150.493769318 2.463605166 POLYGON ICRS  150.491003919 2.462537592 150.491662807 2.462816182 150.491641088 2.462867137 150.490982195 2.462588557 POLYGON ICRS  150.492251956 2.463388982 150.493046653 2.463724921 150.493024939 2.463775854 150.492230238 2.463439927 POLYGON ICRS  150.486961065 2.461800747 150.487621634 2.462079859 150.487599878 2.462130866 150.486939305 2.461851763 POLYGON ICRS  150.489091412 2.462862869 150.489614380 2.463083819 150.489592636 2.463134796 150.489069665 2.462913854 POLYGON ICRS  150.476425852 2.460275334 150.476953162 2.460497640 150.476931305 2.460548785 150.476403991 2.460326487 POLYGON ICRS  150.475550559 2.460800281 150.476078132 2.461022552 150.476056259 2.461073703 150.475528682 2.460851441 POLYGON ICRS  150.495354091 2.469307490 150.496418739 2.469756207 150.496397006 2.469807065 150.495332350 2.469358362 POLYGON ICRS  150.479672414 2.462942784 150.480473321 2.463280171 150.480451475 2.463331254 150.479650563 2.462993879 POLYGON ICRS  150.484888384 2.465140171 150.485412545 2.465361005 150.485390733 2.465412016 150.484866569 2.465191190 POLYGON ICRS  150.496256554 2.470576417 150.496640829 2.470738288 150.496619089 2.470789139 150.496234811 2.470627272 POLYGON ICRS  150.481468984 2.464429633 150.481719729 2.464535212 150.481697884 2.464586273 150.481447137 2.464480697 POLYGON ICRS  150.487909253 2.467141594 150.488842319 2.467534534 150.488820524 2.467585492 150.487887451 2.467192564 POLYGON ICRS  150.489109108 2.468860789 150.489768234 2.469138148 150.489746434 2.469189087 150.489087303 2.468911736 POLYGON ICRS  150.477384250 2.465632666 150.477910846 2.465853920 150.477888945 2.465905021 150.477362345 2.465683774 POLYGON ICRS  150.484337222 2.470579485 150.484861207 2.470799398 150.484839335 2.470850390 150.484315346 2.470630484 POLYGON ICRS  150.474047999 2.467724249 150.474299823 2.467829784 150.474277860 2.467880923 150.474026035 2.467775392 POLYGON ICRS  150.478864672 2.472013953 150.479252966 2.472176472 150.479231017 2.472227532 150.478842719 2.472065018 POLYGON ICRS  150.479276858 2.472186472 150.480214303 2.472578850 150.480192360 2.472629896 150.479254908 2.472237531 POLYGON ICRS  150.488881239 2.476530903 150.489403414 2.476749532 150.489381535 2.476800450 150.488859356 2.476581829 POLYGON ICRS  150.489582239 2.477147833 150.490376907 2.477480502 150.490355032 2.477531407 150.489560358 2.477198748 POLYGON ICRS  150.481832066 2.475281622 150.482219491 2.475443587 150.482197543 2.475494600 150.481810115 2.475332641 POLYGON ICRS  150.482829225 2.476346454 150.483216365 2.476508241 150.483194418 2.476559240 150.482807275 2.476397458 POLYGON ICRS  150.483240185 2.476518196 150.483627220 2.476679944 150.483605276 2.476730937 150.483218238 2.476569195 POLYGON ICRS  150.487207097 2.478176220 150.487866260 2.478451769 150.487844347 2.478502706 150.487185179 2.478227165 POLYGON ICRS  150.474273454 2.477398776 150.474524910 2.477503482 150.474502858 2.477554600 150.474251401 2.477449897 POLYGON ICRS  150.474548856 2.477513454 150.474937922 2.477675466 150.474915873 2.477726578 150.474526805 2.477564571 POLYGON ICRS  150.479015372 2.479941079 150.479266008 2.480045445 150.479243984 2.480096497 150.478993347 2.479992134 POLYGON ICRS  150.468584708 2.476249873 150.469666163 2.476699635 150.469644068 2.476750823 150.468562606 2.476301076 POLYGON ICRS  150.488630095 2.484593231 150.488879145 2.484696988 150.488857185 2.484747915 150.488608133 2.484644161 POLYGON ICRS  150.474000747 2.480288393 150.474252147 2.480392871 150.474230068 2.480443995 150.473978667 2.480339520 POLYGON ICRS  150.471509553 2.479659301 150.472037113 2.479878445 150.472015017 2.479929601 150.471487453 2.479710464 POLYGON ICRS  150.472061089 2.479888404 150.472312808 2.479992970 150.472290713 2.480044122 150.472038993 2.479939560 POLYGON ICRS  150.472336780 2.480002928 150.472588451 2.480107476 150.472566358 2.480158625 150.472314685 2.480054080 POLYGON ICRS  150.481609297 2.484423510 150.481996343 2.484584379 150.481974309 2.484635401 150.481587260 2.484474536 POLYGON ICRS  150.526810510 2.476395962 150.527458489 2.476670310 150.527436997 2.476720828 150.526789015 2.476446486 POLYGON ICRS  150.528153708 2.479531483 150.528935126 2.479861920 150.528913629 2.479912412 150.528132206 2.479581984 POLYGON ICRS  150.513630150 2.474678644 150.513877199 2.474782984 150.513855602 2.474833634 150.513608551 2.474729296 POLYGON ICRS  150.525040351 2.479819982 150.525285694 2.479923640 150.525264166 2.479974164 150.525018821 2.479870509 POLYGON ICRS  150.511959536 2.475984853 150.512748247 2.476317570 150.512726627 2.476368224 150.511937911 2.476035517 POLYGON ICRS  150.520597515 2.479870559 150.521382026 2.480201635 150.521360461 2.480252194 150.520575945 2.479921126 POLYGON ICRS  150.512938578 2.477041406 150.513591491 2.477316754 150.513569872 2.477367397 150.512916955 2.477092056 POLYGON ICRS  150.510326716 2.477952098 150.510574146 2.478056311 150.510552490 2.478106983 150.510305059 2.478002773 POLYGON ICRS  150.525186701 2.485016454 150.525700415 2.485232972 150.525678856 2.485283484 150.525165139 2.485066971 POLYGON ICRS  150.515269299 2.481239956 150.515515932 2.481343807 150.515494301 2.481394421 150.515247666 2.481290573 POLYGON ICRS  150.517700519 2.482585137 150.518486069 2.482915934 150.518464456 2.482966517 150.517678900 2.482635728 POLYGON ICRS  150.523989927 2.485234209 150.524772586 2.485563948 150.524751016 2.485614469 150.523968351 2.485284737 POLYGON ICRS  150.506795317 2.480249990 150.507586037 2.480582251 150.507564327 2.480632950 150.506773601 2.480300698 POLYGON ICRS  150.514744986 2.486163817 150.515531566 2.486494173 150.515509892 2.486544787 150.514723306 2.486214439 POLYGON ICRS  150.517331995 2.492312359 150.517982265 2.492584922 150.517960563 2.492635527 150.517310289 2.492362970 POLYGON ICRS  150.508944637 2.488959988 150.509733637 2.489290285 150.509711872 2.489340968 150.508922865 2.489010679 POLYGON ICRS  150.501045542 2.486219561 150.501838453 2.486551043 150.501816623 2.486601810 150.501023705 2.486270338 POLYGON ICRS  150.502858395 2.487944578 150.503106650 2.488048333 150.503084820 2.488099089 150.502836563 2.487995337 POLYGON ICRS  150.517598289 2.494272248 150.517844287 2.494375279 150.517822567 2.494425893 150.517576567 2.494322864 POLYGON ICRS  150.509269947 2.492637692 150.510058507 2.492967280 150.510036710 2.493017974 150.509248144 2.492688393 POLYGON ICRS  150.504106997 2.490964328 150.504898078 2.491294618 150.504876237 2.491345365 150.504085150 2.491015083 POLYGON ICRS  150.514637398 2.496007908 150.515423291 2.496336521 150.515401524 2.496387174 150.514615624 2.496058566 POLYGON ICRS  150.500463057 2.490169236 150.501255909 2.490499958 150.501234033 2.490550746 150.500441176 2.490220032 POLYGON ICRS  150.517322067 2.497854250 150.518106667 2.498182377 150.518084912 2.498233013 150.517300306 2.497904892 POLYGON ICRS  150.519542433 2.499667115 150.520325981 2.499994812 150.520304233 2.500045437 150.519520679 2.499717746 POLYGON ICRS  150.505385337 2.493915176 150.505633067 2.494018510 150.505611208 2.494069261 150.505363476 2.493965929,3.0.0,RELEASE,jwst_1584.pmap,13.2.6,,3,,PRISM,168.8241368,16.0910148,36.16585,168.801264,0.336933047,16.1024512,0.0321171023,f,2,jw08317001001_02_msa.fits,139,PRIMARYPARK_CONFIG,,,,16,4,,,NONE,,,,,f,43519680,e29fd15b35c9fa276b51542602ed77ec,/Date(1791002815655)/,61316.19925527778,/Date(1791002888406)/,61316.200097291665,86,/Date(1791683188000)/,61324.07393518519,False,False,False,7508038,mast:JWST/product/jw08317001001_03108_00002_nrs1_cal.fits,"GO-8317 Kriek, Mariska",CLEAR,NIRSPEC,2026-10-11 01:46:28.000,2026-04-10 01:45:45.515
259859262,jw08317001001_0310a_00001_nrs1_rate.fits,jw08317001001_0310a_00001,2b,0A,NRS_FULL_MSA,jw08317_20261003t015307_pool.csv,jw08317-o001_20261003t015307_spec2_00006_asn.json,399.14865035098046,61140.131175850685,f,,,61140.11834397086,61140.105512090864,GO,,54,f,/Date(1791002611810)/,61316.19689594908,/Date(1775790134607)/,61140.12655793982,/Date(1775787917096)/,61140.10089231482,NRS1,0,0,2217.511,2188.333,1094.167,OK,NRS_MSASPEC,11,61140.126557951386,61140.1137251331,1,PRIME,61140.10089231482,2,CLEAR,8,1.0,N6SS002738,0,2.5699921753463,15.65818214416504,1,150.4806501501403,/Date(1775773050016)/,61139.92881962963,/Date(1775772809376)/,61139.92603444444,0.220110953,0.0491841658949852,0.212279812,399.40857777837664,61140.13117885991,f,61140.11834697969,61140.10551509928,NIRSPEC,f,,NONE,0,,,0,16,,5,15,2,1,1,1,1,61141.50343240741,V08317001001P000000000310A,1,wout_with_fillers,STSCI,FINEGUIDE,"Kriek, Mariska",NRS_FULL_MSA,PRDOPSSOC-074,8317,2.460411111111111,150.50528333333332,61138.02433274306,NRSIRS2,491,Nearby Galaxies to Cosmic Noon,2026_2a,,1,1,FULL,,2048,2048,1,1,2.460411111111111,150.50528333333332,,f,NSE_wout_prism_suspense_resubm,FIXED,0.1,0.1,JWST,NIRSpec MultiObject Spectroscopy,14.58889,72.944,UTC,The Return of the Giants: Constraining the TP-AGB Phase across Cosmic Time,10,f,1,08317001001,/Date(1775795017867)/,61140.183077152775,03,SUCCESSFUL,PRIME_TARGETED_FIXED,/Date(1775771649185)/,61139.91260631944,6.0450876,5.4671292,f,,,,,,MultiSlitModel,f,,,,,/Date(1775787917096)/,61140.10089231482,,0.0,MSASPEC,2026100T122052627_001_osf.xml,,,,,UNKNOWN,,1,,NONE,1,1,f,CALCULATED_TRACK_TR_202111,11.1.1,5,108.4238450323745,,,,,2.4605337093252384,150.5093915349863,f,,,,GSC32,0.12045949664809354,0.680668308536691,2042.445,,,,,,,,,,,,,POLYGON ICRS  150.499230562 2.449563396 150.499480562 2.449670318 150.499459008 2.449721328 150.499209007 2.449614411 POLYGON ICRS  150.494684200 2.448511611 150.495209439 2.448736165 150.495187857 2.448787228 150.494662615 2.448562682 POLYGON ICRS  150.485630125 2.445453724 150.486434598 2.445797553 150.486412960 2.445848737 150.485608482 2.445504921 POLYGON ICRS  150.488701631 2.448148081 150.489366534 2.448431976 150.489344903 2.448483098 150.488679996 2.448199214 POLYGON ICRS  150.486951987 2.448457792 150.487479684 2.448682946 150.487458033 2.448734084 150.486930334 2.448508938 POLYGON ICRS  150.499295661 2.455100189 150.500092470 2.455439712 150.500070881 2.455490648 150.499274067 2.455151136 POLYGON ICRS  150.521254619 2.463461055 150.522036178 2.463793899 150.522014985 2.463843908 150.521233422 2.463511073 POLYGON ICRS  150.523073857 2.464396728 150.523318587 2.464500937 150.523297399 2.464550929 150.523052668 2.464446723 POLYGON ICRS  150.527201152 2.466957887 150.527712568 2.467175527 150.527691393 2.467225461 150.527179975 2.467007827 POLYGON ICRS  150.528306221 2.468070960 150.528950812 2.468345170 150.528929640 2.468395084 150.528285047 2.468120882 POLYGON ICRS  150.495210592 2.463993042 150.495459305 2.464098226 150.495437611 2.464149134 150.495188897 2.464043954 POLYGON ICRS  150.494062098 2.463669123 150.494310991 2.463774372 150.494289288 2.463825294 150.494040393 2.463720049 POLYGON ICRS  150.491274997 2.462652469 150.491933885 2.462931060 150.491912165 2.462982016 150.491253273 2.462703434 POLYGON ICRS  150.492523031 2.463503861 150.493317727 2.463839802 150.493296014 2.463890735 150.492501313 2.463554806 POLYGON ICRS  150.487232144 2.461915615 150.487892712 2.462194729 150.487870957 2.462245736 150.487210384 2.461966632 POLYGON ICRS  150.489362489 2.462977742 150.489885457 2.463198693 150.489863713 2.463249670 150.489340742 2.463028726 POLYGON ICRS  150.476696934 2.460390180 150.477224244 2.460612487 150.477202386 2.460663631 150.476675073 2.460441332 POLYGON ICRS  150.475821640 2.460915125 150.476349212 2.461137396 150.476327339 2.461188548 150.475799763 2.460966284 POLYGON ICRS  150.495625154 2.469422376 150.496689802 2.469871096 150.496668069 2.469921954 150.495603413 2.469473249 POLYGON ICRS  150.479943491 2.463057636 150.480744397 2.463395025 150.480722551 2.463446108 150.479921639 2.463108731 POLYGON ICRS  150.485159456 2.465255035 150.485683616 2.465475869 150.485661805 2.465526880 150.485137641 2.465306053 POLYGON ICRS  150.496527614 2.470691305 150.496911889 2.470853177 150.496890149 2.470904028 150.496505871 2.470742161 POLYGON ICRS  150.481740057 2.464544489 150.481990802 2.464650069 150.481968957 2.464701129 150.481718210 2.464595553 POLYGON ICRS  150.488180320 2.467256464 150.489113386 2.467649407 150.489091591 2.467700364 150.488158519 2.467307435 POLYGON ICRS  150.489380172 2.468975661 150.490039297 2.469253023 150.490017497 2.469303961 150.489358367 2.469026609 POLYGON ICRS  150.477655321 2.465747513 150.478181916 2.465968769 150.478160014 2.466019869 150.477633415 2.465798621 POLYGON ICRS  150.484608282 2.470694347 150.485132266 2.470914262 150.485110394 2.470965253 150.484586406 2.470745346 POLYGON ICRS  150.474319065 2.467839089 150.474570888 2.467944624 150.474548925 2.467995763 150.474297100 2.467890231 POLYGON ICRS  150.479135728 2.472128803 150.479524022 2.472291323 150.479502073 2.472342383 150.479113776 2.472179868 POLYGON ICRS  150.479547914 2.472301324 150.480485359 2.472693703 150.480463416 2.472744749 150.479525965 2.472352383 POLYGON ICRS  150.489152286 2.476645775 150.489674460 2.476864405 150.489652581 2.476915323 150.489130403 2.476696701 POLYGON ICRS  150.489853285 2.477262706 150.490647952 2.477595377 150.490626077 2.477646282 150.489831404 2.477313622 POLYGON ICRS  150.482103115 2.475396479 150.482490540 2.475558444 150.482468592 2.475609458 150.482081164 2.475447498 POLYGON ICRS  150.483100272 2.476461313 150.483487411 2.476623101 150.483465464 2.476674100 150.483078322 2.476512317 POLYGON ICRS  150.483511232 2.476633056 150.483898266 2.476794804 150.483876322 2.476845797 150.483489285 2.476684054 POLYGON ICRS  150.487478140 2.478291088 150.488137303 2.478566639 150.488115390 2.478617575 150.487456222 2.478342033 POLYGON ICRS  150.474544499 2.477513615 150.474795954 2.477618323 150.474773902 2.477669440 150.474522445 2.477564737 POLYGON ICRS  150.474819900 2.477628294 150.475208966 2.477790307 150.475186917 2.477841419 150.474797849 2.477679412 POLYGON ICRS  150.479286411 2.480055929 150.479537046 2.480160296 150.479515023 2.480211348 150.479264386 2.480106985 POLYGON ICRS  150.468855754 2.476364700 150.469937208 2.476814465 150.469915113 2.476865653 150.468833652 2.476415904 POLYGON ICRS  150.488901125 2.484708102 150.489150175 2.484811860 150.489128214 2.484862787 150.488879162 2.484759032 POLYGON ICRS  150.474271785 2.480403232 150.474523185 2.480507710 150.474501106 2.480558835 150.474249705 2.480454359 POLYGON ICRS  150.471780592 2.479774135 150.472308152 2.479993280 150.472286055 2.480044436 150.471758492 2.479825298 POLYGON ICRS  150.472332128 2.480003239 150.472583846 2.480107805 150.472561751 2.480158957 150.472310031 2.480054395 POLYGON ICRS  150.472607818 2.480117764 150.472859489 2.480222313 150.472837396 2.480273461 150.472585723 2.480168915 POLYGON ICRS  150.481880326 2.484538365 150.482267372 2.484699236 150.482245338 2.484750258 150.481858289 2.484589392 POLYGON ICRS  150.527083147 2.476511589 150.527731124 2.476785939 150.527709633 2.476836456 150.527061652 2.476562113 POLYGON ICRS  150.528424751 2.479646441 150.529206168 2.479976879 150.529184671 2.480027372 150.528403249 2.479696942 POLYGON ICRS  150.513901202 2.474793570 150.514148251 2.474897911 150.514126654 2.474948561 150.513879604 2.474844222 POLYGON ICRS  150.525311393 2.479934933 150.525556736 2.480038592 150.525535208 2.480089116 150.525289863 2.479985460 POLYGON ICRS  150.512230585 2.476099776 150.513019296 2.476432494 150.512997676 2.476483149 150.512208961 2.476150440 POLYGON ICRS  150.520870149 2.479986172 150.521654658 2.480317249 150.521633093 2.480367808 150.520848579 2.480036739 POLYGON ICRS  150.513209626 2.477156330 150.513862538 2.477431680 150.513840919 2.477482323 150.513188002 2.477206980 POLYGON ICRS  150.510597762 2.478067017 150.510845191 2.478171231 150.510823535 2.478221902 150.510576104 2.478117692 POLYGON ICRS  150.525457732 2.485131405 150.525971445 2.485347924 150.525949885 2.485398437 150.525436169 2.485181923 POLYGON ICRS  150.515540337 2.481354886 150.515786970 2.481458737 150.515765339 2.481509352 150.515518704 2.481405503 POLYGON ICRS  150.517971554 2.482700072 150.518757104 2.483030871 150.518735491 2.483081454 150.517949936 2.482750663 POLYGON ICRS  150.524260957 2.485349158 150.525043615 2.485678899 150.525022045 2.485729420 150.524239381 2.485399686 POLYGON ICRS  150.507067962 2.480365576 150.507858680 2.480697839 150.507836971 2.480748537 150.507046246 2.480416283 POLYGON ICRS  150.515016013 2.486278746 150.515802593 2.486609104 150.515780919 2.486659717 150.514994333 2.486329367 POLYGON ICRS  150.517603009 2.492427293 150.518253278 2.492699858 150.518231577 2.492750462 150.517581302 2.492477903 POLYGON ICRS  150.509217259 2.489075574 150.510006258 2.489405872 150.509984493 2.489456555 150.509195487 2.489126265 POLYGON ICRS  150.501316568 2.486334460 150.502109479 2.486665943 150.502087649 2.486716710 150.501294731 2.486385236 POLYGON ICRS  150.503129417 2.488059481 150.503377672 2.488163236 150.503355842 2.488213992 150.503107585 2.488110239 POLYGON ICRS  150.517869299 2.494387182 150.518115297 2.494490214 150.518093576 2.494540828 150.517847577 2.494437798 POLYGON ICRS  150.509542560 2.492753277 150.510331119 2.493082867 150.510309322 2.493133561 150.509520757 2.492803978 POLYGON ICRS  150.504378013 2.491079233 150.505169093 2.491409525 150.505147253 2.491460271 150.504356167 2.491129988 POLYGON ICRS  150.514908403 2.496122835 150.515694296 2.496451451 150.515672528 2.496502103 150.514886630 2.496173494 POLYGON ICRS  150.500734075 2.490284133 150.501526926 2.490614857 150.501505050 2.490665644 150.500712194 2.490334929 POLYGON ICRS  150.517593069 2.497969184 150.518377668 2.498297313 150.518355913 2.498347948 150.517571308 2.498019826 POLYGON ICRS  150.519813431 2.499782054 150.520596979 2.500109752 150.520575231 2.500160377 150.519791677 2.499832685 POLYGON ICRS  150.505656347 2.494030083 150.505904077 2.494133418 150.505882218 2.494184169 150.505634486 2.494080837,3.0.0,RELEASE,jwst_1584.pmap,13.2.6,,3,,PRISM,168.8241368,16.0910148,36.16585,168.801264,0.336933047,16.1024512,0.0321171023,f,2,jw08317001001_02_msa.fits,276,PRIMARYPARK_CONFIG,,,,16,4,,,NONE,,,,,f,43519680,cedef893c6aa83d2407e64f5ade5e38f,/Date(1791002924916)/,61316.20051986111,/Date(1791003025501)/,61316.20168402778,86,/Date(1791683203000)/,61324.074108796296,False,False,False,7508070,mast:JWST/product/jw08317001001_0310a_00001_nrs1_cal.fits,"GO-8317 Kriek, Mariska",CLEAR,NIRSPEC,2026-10-11 01:46:43.000,2026-04-10 02:25:17.096
259858467,jw08317001001_0310b_00001_nrs1_rate.fits,jw08317001001_0310b_00001,2b,0B,NRS_FULL_MSA,jw08317_20261003t015307_pool.csv,jw08317-o001_20261003t015307_spec2_00004_asn.json,398.9800942596048,61140.15785313517,f,,,61140.145021255725,61140.13218937609,GO,,54,f,/Date(1791002490805)/,61316.19549543982,/Date(1775792439693)/,61140.1532371875,/Date(1775790222182)/,61140.1275715625,NRS1,0,0,2217.511,2188.333,1094.167,OK,NRS_MSASPEC,12,61140.1532371875,61140.14040436922,1,PRIME,61140.127571550925,2,CLEAR,8,1.0,N6SS002738,0,2.5699921753463,15.65818214416504,1,150.4806501501403,/Date(1775773050016)/,61139.92881962963,/Date(1775772809376)/,61139.92603444444,0.220110953,0.0491841658949852,0.212279812,399.2400946095586,61140.15785614523,f,61140.14502426539,61140.132192385354,NIRSPEC,f,,NONE,0,,,0,16,,5,15,2,1,1,1,1,61141.50343240741,V08317001001P000000000310B,1,wout_with_fillers,STSCI,FINEGUIDE,"Kriek, Mariska",NRS_FULL_MSA,PRDOPSSOC-074,8317,2.460411111111111,150.50528333333332,61138.02433274306,NRSIRS2,491,Nearby Galaxies to Cosmic Noon,2026_2a,,1,1,FULL,,2048,2048,1,1,2.460411111111111,150.50528333333332,,f,NSE_wout_prism_suspense_resubm,FIXED,0.1,0.1,JWST,NIRSpec MultiObject Spectroscopy,14.58889,72.944,UTC,The Return of the Giants: Constraining the TP-AGB Phase across Cosmic Time,10,f,1,08317001001,/Date(1775795017867)/,61140.183077152775,03,SUCCESSFUL,PRIME_TARGETED_FIXED,/Date(1775771649185)/,61139.91260631944,6.0450876,5.4671292,f,,,,,,MultiSlitModel,f,,,,,/Date(1775790222182)/,61140.1275715625,,0.0,MSASPEC,2026100T121044292_003_osf.xml,,,,,UNKNOWN,,1,,NONE,1,1,f,CALCULATED_TRACK_TR_202111,11.1.1,5,108.4238450323745,,,,,2.460534137710235,150.50938956795937,f,,,,GSC32,0.11923660499996622,0.6700456338536455,2042.445,,,,,,,,,,,,,POLYGON ICRS  150.499230574 2.449563385 150.499480573 2.449670306 150.499459019 2.449721317 150.499209019 2.449614399 POLYGON ICRS  150.494684211 2.448511599 150.495209450 2.448736153 150.495187868 2.448787216 150.494662627 2.448562670 POLYGON ICRS  150.485630137 2.445453712 150.486434610 2.445797541 150.486412972 2.445848725 150.485608494 2.445504908 POLYGON ICRS  150.488701643 2.448148069 150.489366545 2.448431964 150.489344915 2.448483086 150.488680008 2.448199202 POLYGON ICRS  150.486951999 2.448457780 150.487479695 2.448682934 150.487458045 2.448734072 150.486930346 2.448508926 POLYGON ICRS  150.499295672 2.455100177 150.500092481 2.455439701 150.500070892 2.455490636 150.499274078 2.455151124 POLYGON ICRS  150.521254629 2.463461044 150.522036188 2.463793889 150.522014995 2.463843897 150.521233432 2.463511062 POLYGON ICRS  150.523073867 2.464396718 150.523318597 2.464500926 150.523297408 2.464550918 150.523052677 2.464446712 POLYGON ICRS  150.527201161 2.466957877 150.527712577 2.467175517 150.527691403 2.467225450 150.527179985 2.467007816 POLYGON ICRS  150.528306231 2.468070950 150.528950821 2.468345159 150.528929649 2.468395074 150.528285056 2.468120871 POLYGON ICRS  150.495210603 2.463993030 150.495459315 2.464098213 150.495437621 2.464149121 150.495188908 2.464043941 POLYGON ICRS  150.494062108 2.463669110 150.494311001 2.463774359 150.494289299 2.463825282 150.494040404 2.463720037 POLYGON ICRS  150.491275008 2.462652457 150.491933895 2.462931048 150.491912176 2.462982003 150.491253284 2.462703422 POLYGON ICRS  150.492523042 2.463503849 150.493317738 2.463839790 150.493296024 2.463890723 150.492501323 2.463554793 POLYGON ICRS  150.487232155 2.461915602 150.487892723 2.462194716 150.487870968 2.462245723 150.487210395 2.461966619 POLYGON ICRS  150.489362500 2.462977730 150.489885468 2.463198680 150.489863724 2.463249657 150.489340753 2.463028714 POLYGON ICRS  150.476696946 2.460390166 150.477224255 2.460612473 150.477202398 2.460663618 150.476675084 2.460441319 POLYGON ICRS  150.475821651 2.460915111 150.476349223 2.461137383 150.476327350 2.461188534 150.475799774 2.460966271 POLYGON ICRS  150.495625164 2.469422364 150.496689812 2.469871083 150.496668079 2.469921941 150.495603424 2.469473236 POLYGON ICRS  150.479943502 2.463057623 150.480744408 2.463395012 150.480722562 2.463446095 150.479921650 2.463108718 POLYGON ICRS  150.485159467 2.465255022 150.485683627 2.465475856 150.485661815 2.465526867 150.485137652 2.465306040 POLYGON ICRS  150.496527624 2.470691292 150.496911900 2.470853165 150.496890160 2.470904015 150.496505882 2.470742148 POLYGON ICRS  150.481740068 2.464544476 150.481990813 2.464650056 150.481968968 2.464701116 150.481718221 2.464595540 POLYGON ICRS  150.488180331 2.467256451 150.489113396 2.467649394 150.489091601 2.467700351 150.488158529 2.467307422 POLYGON ICRS  150.489380183 2.468975649 150.490039308 2.469253010 150.490017507 2.469303948 150.489358378 2.469026596 POLYGON ICRS  150.477655332 2.465747499 150.478181927 2.465968755 150.478160025 2.466019856 150.477633426 2.465798608 POLYGON ICRS  150.484608293 2.470694334 150.485132277 2.470914249 150.485110405 2.470965240 150.484586417 2.470745333 POLYGON ICRS  150.474319076 2.467839075 150.474570899 2.467944610 150.474548936 2.467995749 150.474297111 2.467890218 POLYGON ICRS  150.479135739 2.472128790 150.479524033 2.472291310 150.479502083 2.472342369 150.479113786 2.472179855 POLYGON ICRS  150.479547925 2.472301310 150.480485369 2.472693690 150.480463427 2.472744736 150.479525976 2.472352369 POLYGON ICRS  150.489152296 2.476645762 150.489674470 2.476864392 150.489652591 2.476915310 150.489130413 2.476696687 POLYGON ICRS  150.489853295 2.477262693 150.490647962 2.477595364 150.490626087 2.477646269 150.489831414 2.477313609 POLYGON ICRS  150.482103125 2.475396465 150.482490551 2.475558431 150.482468602 2.475609444 150.482081175 2.475447484 POLYGON ICRS  150.483100283 2.476461300 150.483487422 2.476623088 150.483465475 2.476674086 150.483078333 2.476512304 POLYGON ICRS  150.483511242 2.476633042 150.483898277 2.476794791 150.483876332 2.476845784 150.483489295 2.476684041 POLYGON ICRS  150.487478150 2.478291075 150.488137313 2.478566626 150.488115400 2.478617562 150.487456232 2.478342020 POLYGON ICRS  150.474544509 2.477513601 150.474795964 2.477618309 150.474773913 2.477669426 150.474522456 2.477564723 POLYGON ICRS  150.474819911 2.477628280 150.475208976 2.477790293 150.475186927 2.477841405 150.474797859 2.477679398 POLYGON ICRS  150.479286421 2.480055915 150.479537057 2.480160282 150.479515033 2.480211334 150.479264396 2.480106971 POLYGON ICRS  150.468855765 2.476364686 150.469937219 2.476814451 150.469915124 2.476865639 150.468833663 2.476415890 POLYGON ICRS  150.488901134 2.484708088 150.489150184 2.484811846 150.489128223 2.484862774 150.488879172 2.484759019 POLYGON ICRS  150.474271796 2.480403218 150.474523195 2.480507696 150.474501116 2.480558821 150.474249715 2.480454345 POLYGON ICRS  150.471780602 2.479774120 150.472308162 2.479993266 150.472286066 2.480044421 150.471758502 2.479825284 POLYGON ICRS  150.472332138 2.480003225 150.472583857 2.480107791 150.472561762 2.480158943 150.472310042 2.480054381 POLYGON ICRS  150.472607829 2.480117750 150.472859499 2.480222298 150.472837406 2.480273447 150.472585734 2.480168901 POLYGON ICRS  150.481880336 2.484538352 150.482267382 2.484699222 150.482245348 2.484750244 150.481858299 2.484589378 POLYGON ICRS  150.527083156 2.476511578 150.527731133 2.476785928 150.527709642 2.476836445 150.527061661 2.476562102 POLYGON ICRS  150.528424759 2.479646430 150.529206177 2.479976868 150.529184680 2.480027361 150.528403258 2.479696931 POLYGON ICRS  150.513901212 2.474793559 150.514148261 2.474897900 150.514126664 2.474948549 150.513879613 2.474844211 POLYGON ICRS  150.525311401 2.479934922 150.525556745 2.480038581 150.525535217 2.480089105 150.525289872 2.479985449 POLYGON ICRS  150.512230595 2.476099764 150.513019305 2.476432483 150.512997685 2.476483137 150.512208970 2.476150428 POLYGON ICRS  150.520870158 2.479986161 150.521654667 2.480317238 150.521633102 2.480367797 150.520848588 2.480036728 POLYGON ICRS  150.513209635 2.477156319 150.513862547 2.477431669 150.513840928 2.477482311 150.513188012 2.477206969 POLYGON ICRS  150.510597771 2.478067005 150.510845200 2.478171219 150.510823545 2.478221890 150.510576114 2.478117680 POLYGON ICRS  150.525457740 2.485131394 150.525971453 2.485347913 150.525949894 2.485398425 150.525436178 2.485181911 POLYGON ICRS  150.515540346 2.481354874 150.515786979 2.481458726 150.515765348 2.481509340 150.515518713 2.481405491 POLYGON ICRS  150.517971563 2.482700060 150.518757113 2.483030859 150.518735499 2.483081442 150.517949945 2.482750651 POLYGON ICRS  150.524260965 2.485349146 150.525043624 2.485678887 150.525022053 2.485729408 150.524239389 2.485399675 POLYGON ICRS  150.507067971 2.480365563 150.507858690 2.480697826 150.507836980 2.480748525 150.507046256 2.480416271 POLYGON ICRS  150.515016022 2.486278734 150.515802602 2.486609092 150.515780928 2.486659705 150.514994342 2.486329355 POLYGON ICRS  150.517603017 2.492427281 150.518253287 2.492699846 150.518231585 2.492750450 150.517581311 2.492477891 POLYGON ICRS  150.509217267 2.489075562 150.510006267 2.489405860 150.509984501 2.489456542 150.509195496 2.489126253 POLYGON ICRS  150.501316577 2.486334447 150.502109488 2.486665930 150.502087658 2.486716698 150.501294741 2.486385223 POLYGON ICRS  150.503129427 2.488059468 150.503377681 2.488163223 150.503355851 2.488213979 150.503107594 2.488110227 POLYGON ICRS  150.517869307 2.494387170 150.518115305 2.494490202 150.518093585 2.494540816 150.517847585 2.494437786 POLYGON ICRS  150.509542569 2.492753264 150.510331128 2.493082855 150.510309331 2.493133548 150.509520766 2.492803966 POLYGON ICRS  150.504378022 2.491079221 150.505169102 2.491409512 150.505147261 2.491460259 150.504356175 2.491129975 POLYGON ICRS  150.514908412 2.496122823 150.515694305 2.496451439 150.515672537 2.496502091 150.514886638 2.496173482 POLYGON ICRS  150.500734084 2.490284120 150.501526935 2.490614844 150.501505059 2.490665631 150.500712203 2.490334916 POLYGON ICRS  150.517593077 2.497969172 150.518377676 2.498297301 150.518355921 2.498347936 150.517571316 2.498019813 POLYGON ICRS  150.519813439 2.499782042 150.520596987 2.500109740 150.520575238 2.500160365 150.519791685 2.499832673 POLYGON ICRS  150.505656355 2.494030071 150.505904086 2.494133405 150.505882227 2.494184157 150.505634494 2.494080824,3.0.0,RELEASE,jwst_1584.pmap,13.2.6,,3,,PRISM,168.8241368,16.0910148,36.16585,168.801264,0.336933047,16.1024512,0.0321171023,f,2,jw08317001001_02_msa.fits,277,PRIMARYPARK_CONFIG,,,,16,4,,,NONE,,,,,f,43519680,2725c70e30a757d56b7c24972e8daddc,/Date(1791002816135)/,61316.19926083333,/Date(1791002881859)/,61316.20002152778,86,/Date(1791683182000)/,61324.07386574074,False,False,False,7508092,mast:JWST/product/jw08317001001_0310b_00001_nrs1_cal.fits,"GO-8317 Kriek, Mariska",CLEAR,NIRSPEC,2026-10-11 01:46:22.000,2026-04-10 03:03:42.182
259859153,jw08317001001_0310d_00001_nrs1_rate.fits,jw08317001001_0310d_00001,2b,0D,NRS_FULL_MSA,jw08317_20261003t015307_pool.csv,jw08317-o001_20261003t015307_spec2_00002_asn.json,398.80553777329624,61140.18546886868,f,,,61140.17263698962,61140.159805110394,GO,,54,f,/Date(1791002551407)/,61316.19619682871,/Date(1775794825867)/,61140.18085493056,/Date(1775792608356)/,61140.15518930556,NRS1,0,0,2217.511,2188.333,1094.167,OK,NRS_MSASPEC,13,61140.18085494213,61140.16802212384,1,PRIME,61140.15518930556,2,CLEAR,8,1.0,N6SS002738,0,2.5699921753463,15.65818214416504,1,150.4806501501403,/Date(1775773050016)/,61139.92881962963,/Date(1775772809376)/,61139.92603444444,0.220110953,0.0491841658949852,0.212279812,399.0656123030931,61140.18547187961,f,61140.17264000015,61140.159808120516,NIRSPEC,f,,NONE,0,,,0,16,,5,15,2,1,1,1,1,61141.50343240741,V08317001001P000000000310D,1,wout_with_fillers,STSCI,FINEGUIDE,"Kriek, Mariska",NRS_FULL_MSA,PRDOPSSOC-074,8317,2.460411111111111,150.50528333333332,61138.02433274306,NRSIRS2,491,Nearby Galaxies to Cosmic Noon,2026_2a,,1,1,FULL,,2048,2048,1,1,2.460411111111111,150.50528333333332,,f,NSE_wout_prism_suspense_resubm,FIXED,0.1,0.1,JWST,NIRSpec MultiObject Spectroscopy,14.58889,72.944,UTC,The Return of the Giants: Constraining the TP-AGB Phase across Cosmic Time,10,f,1,08317001001,/Date(1775795017867)/,61140.183077152775,03,SUCCESSFUL,PRIME_TARGETED_FIXED,/Date(1775771649185)/,61139.91260631944,6.0450703,4.4091348,f,,,,,,MultiSlitModel,f,,,,,/Date(1775792608356)/,61140.15518930556,,0.0,MSASPEC,2026100T123208597_002_osf.xml,,,,,UNKNOWN,,1,,NONE,1,1,f,CALCULATED_TRACK_TR_202111,11.1.1,5,108.4238450323745,,,,,2.4604197705202955,150.50911670323015,f,,,,GSC32,0.11985937389484587,0.6833531603796585,2042.445,,,,,,,,,,,,,POLYGON ICRS  150.498959784 2.449448566 150.499209783 2.449555487 150.499188229 2.449606498 150.498938229 2.449499581 POLYGON ICRS  150.494413423 2.448396779 150.494938661 2.448621333 150.494917079 2.448672395 150.494391838 2.448447849 POLYGON ICRS  150.485357783 2.445338217 150.486162257 2.445682046 150.486140619 2.445733230 150.485336141 2.445389413 POLYGON ICRS  150.488430855 2.448033245 150.489095757 2.448317140 150.489074126 2.448368263 150.488409220 2.448084378 POLYGON ICRS  150.486681211 2.448342955 150.487208907 2.448568109 150.487187257 2.448619247 150.486659558 2.448394101 POLYGON ICRS  150.499024879 2.454985358 150.499821688 2.455324882 150.499800099 2.455375818 150.499003285 2.455036305 POLYGON ICRS  150.520983762 2.463346208 150.521765321 2.463679053 150.521744128 2.463729061 150.520962565 2.463396226 POLYGON ICRS  150.522803067 2.464281911 150.523047797 2.464386120 150.523026608 2.464436111 150.522781877 2.464331905 POLYGON ICRS  150.526930359 2.466843072 150.527441775 2.467060712 150.527420601 2.467110646 150.526909183 2.466893012 POLYGON ICRS  150.528035428 2.467956146 150.528680018 2.468230355 150.528658846 2.468280270 150.528014253 2.468006067 POLYGON ICRS  150.494939806 2.463878209 150.495188518 2.463983392 150.495166825 2.464034300 150.494918111 2.463929120 POLYGON ICRS  150.493791312 2.463554289 150.494040205 2.463659538 150.494018502 2.463710460 150.493769607 2.463605215 POLYGON ICRS  150.491004212 2.462537634 150.491663099 2.462816225 150.491641380 2.462867181 150.490982488 2.462588599 POLYGON ICRS  150.492252247 2.463389027 150.493046942 2.463724968 150.493025229 2.463775901 150.492230528 2.463439971 POLYGON ICRS  150.486961360 2.461800777 150.487621928 2.462079891 150.487600173 2.462130898 150.486939600 2.461851794 POLYGON ICRS  150.489091704 2.462862905 150.489614672 2.463083856 150.489592928 2.463134833 150.489069957 2.462913890 POLYGON ICRS  150.476426153 2.460275336 150.476953462 2.460497643 150.476931605 2.460548788 150.476404291 2.460326488 POLYGON ICRS  150.475550858 2.460800280 150.476078430 2.461022552 150.476056557 2.461073704 150.475528981 2.460851440 POLYGON ICRS  150.495354364 2.469307543 150.496419012 2.469756263 150.496397279 2.469807121 150.495332624 2.469358415 POLYGON ICRS  150.479672707 2.462942794 150.480473613 2.463280183 150.480451767 2.463331267 150.479650855 2.462993889 POLYGON ICRS  150.484888671 2.465140196 150.485412831 2.465361030 150.485391019 2.465412041 150.484866855 2.465191214 POLYGON ICRS  150.496256824 2.470576472 150.496641099 2.470738344 150.496619359 2.470789195 150.496235081 2.470627328 POLYGON ICRS  150.481469273 2.464429648 150.481720017 2.464535228 150.481698172 2.464586288 150.481447426 2.464480712 POLYGON ICRS  150.487909533 2.467141626 150.488842598 2.467534569 150.488820803 2.467585527 150.487887732 2.467192597 POLYGON ICRS  150.489109384 2.468860824 150.489768509 2.469138186 150.489746708 2.469189124 150.489087579 2.468911772 POLYGON ICRS  150.477384536 2.465632669 150.477911131 2.465853925 150.477889229 2.465905026 150.477362631 2.465683778 POLYGON ICRS  150.484337494 2.470579507 150.484861478 2.470799422 150.484839605 2.470850413 150.484315617 2.470630506 POLYGON ICRS  150.474048279 2.467724243 150.474300103 2.467829778 150.474278140 2.467880917 150.474026315 2.467775386 POLYGON ICRS  150.478864940 2.472013960 150.479253234 2.472176481 150.479231284 2.472227540 150.478842987 2.472065025 POLYGON ICRS  150.479277125 2.472186480 150.480214569 2.472578861 150.480192626 2.472629906 150.479255175 2.472237539 POLYGON ICRS  150.488881493 2.476530938 150.489403668 2.476749568 150.489381788 2.476800486 150.488859610 2.476581863 POLYGON ICRS  150.489582492 2.477147869 150.490377159 2.477480540 150.490355284 2.477531445 150.489560611 2.477198784 POLYGON ICRS  150.481832324 2.475281637 150.482219749 2.475443603 150.482197801 2.475494616 150.481810373 2.475332656 POLYGON ICRS  150.482829481 2.476346472 150.483216620 2.476508260 150.483194673 2.476559259 150.482807531 2.476397476 POLYGON ICRS  150.483240440 2.476518215 150.483627474 2.476679963 150.483605530 2.476730956 150.483218493 2.476569213 POLYGON ICRS  150.487207347 2.478176249 150.487866510 2.478451801 150.487844596 2.478502737 150.487185429 2.478227194 POLYGON ICRS  150.474273708 2.477398769 150.474525163 2.477503477 150.474503111 2.477554594 150.474251654 2.477449891 POLYGON ICRS  150.474549109 2.477513448 150.474938175 2.477675461 150.474916126 2.477726573 150.474527058 2.477564566 POLYGON ICRS  150.479015618 2.479941086 150.479266253 2.480045452 150.479244230 2.480096504 150.478993593 2.479992141 POLYGON ICRS  150.468584965 2.476249851 150.469666419 2.476699616 150.469644323 2.476750804 150.468562863 2.476301055 POLYGON ICRS  150.488630327 2.484593263 150.488879377 2.484697021 150.488857416 2.484747949 150.488608365 2.484644194 POLYGON ICRS  150.474000993 2.480288385 150.474252392 2.480392864 150.474230313 2.480443988 150.473978912 2.480339513 POLYGON ICRS  150.471509800 2.479659287 150.472037360 2.479878432 150.472015263 2.479929588 150.471487700 2.479710450 POLYGON ICRS  150.472061336 2.479888392 150.472313054 2.479992958 150.472290959 2.480044110 150.472039239 2.479939547 POLYGON ICRS  150.472337026 2.480002916 150.472588697 2.480107465 150.472566604 2.480158614 150.472314931 2.480054068 POLYGON ICRS  150.481609530 2.484423523 150.481996576 2.484584394 150.481974542 2.484635415 150.481587493 2.484474550 POLYGON ICRS  150.526810762 2.476396101 150.527458739 2.476670451 150.527437248 2.476720969 150.526789267 2.476446625 POLYGON ICRS  150.528153951 2.479531626 150.528935368 2.479862064 150.528913871 2.479912557 150.528132449 2.479582126 POLYGON ICRS  150.513630407 2.474678747 150.513877456 2.474783088 150.513855859 2.474833737 150.513608809 2.474729399 POLYGON ICRS  150.525040593 2.479820116 150.525285936 2.479923775 150.525264408 2.479974299 150.525019063 2.479870643 POLYGON ICRS  150.511959790 2.475984952 150.512748500 2.476317670 150.512726880 2.476368325 150.511938165 2.476035615 POLYGON ICRS  150.520597758 2.479870681 150.521382267 2.480201758 150.521360702 2.480252318 150.520576188 2.479921248 POLYGON ICRS  150.512938829 2.477041506 150.513591741 2.477316857 150.513570122 2.477367499 150.512917206 2.477092156 POLYGON ICRS  150.510326965 2.477952192 150.510574394 2.478056405 150.510552739 2.478107077 150.510305308 2.478002866 POLYGON ICRS  150.525186929 2.485016588 150.525700642 2.485233107 150.525679083 2.485283619 150.525165366 2.485067105 POLYGON ICRS  150.515269538 2.481240063 150.515516171 2.481343915 150.515494539 2.481394529 150.515247905 2.481290680 POLYGON ICRS  150.517700754 2.482585250 150.518486303 2.482916050 150.518464690 2.482966633 150.517679135 2.482635841 POLYGON ICRS  150.523990154 2.485234339 150.524772812 2.485564081 150.524751242 2.485614602 150.523968578 2.485284868 POLYGON ICRS  150.506795559 2.480250073 150.507586278 2.480582337 150.507564569 2.480633036 150.506773844 2.480300781 POLYGON ICRS  150.514745211 2.486163922 150.515531791 2.486494280 150.515510117 2.486544894 150.514723531 2.486214544 POLYGON ICRS  150.517332203 2.492312471 150.517982472 2.492585036 150.517960771 2.492635640 150.517310497 2.492363081 POLYGON ICRS  150.508944855 2.488960077 150.509733855 2.489290376 150.509712089 2.489341058 150.508923084 2.489010768 POLYGON ICRS  150.501045768 2.486219628 150.501838679 2.486551112 150.501816848 2.486601879 150.501023932 2.486270405 POLYGON ICRS  150.502858616 2.487944650 150.503106871 2.488048405 150.503085041 2.488099161 150.502836784 2.487995409 POLYGON ICRS  150.517598492 2.494272360 150.517844490 2.494375392 150.517822769 2.494426006 150.517576770 2.494322976 POLYGON ICRS  150.509270155 2.492637781 150.510058714 2.492967372 150.510036917 2.493018065 150.509248352 2.492688482 POLYGON ICRS  150.504107210 2.490964403 150.504898290 2.491294695 150.504876449 2.491345442 150.504085363 2.491015158 POLYGON ICRS  150.514637596 2.496008011 150.515423488 2.496336627 150.515401721 2.496387279 150.514615822 2.496058670 POLYGON ICRS  150.500463273 2.490169301 150.501256123 2.490500026 150.501234248 2.490550813 150.500441392 2.490220097 POLYGON ICRS  150.517322260 2.497854361 150.518106859 2.498182490 150.518085104 2.498233126 150.517300499 2.497905003 POLYGON ICRS  150.519542621 2.499667232 150.520326168 2.499994931 150.520304420 2.500045556 150.519520867 2.499717863 POLYGON ICRS  150.505385542 2.493915254 150.505633272 2.494018589 150.505611413 2.494069340 150.505363681 2.493966008,3.0.0,RELEASE,jwst_1584.pmap,13.2.6,,3,,PRISM,168.8241368,16.0910148,36.16585,168.801264,0.336933047,16.1024512,0.0321171023,f,2,jw08317001001_02_msa.fits,278,PRIMARYPARK_CONFIG,,,,16,4,,,NONE,,,,,f,43519680,102bcdfba8ec10827ff4be37e1af9257,/Date(1791002916356)/,61316.200420787034,/Date(1791003000859)/,61316.20139884259,86,/Date(1791683080000)/,61324.07268518519,False,False,False,7508117,mast:JWST/product/jw08317001001_0310d_00001_nrs1_cal.fits,"GO-8317 Kriek, Mariska",CLEAR,NIRSPEC,2026-10-11 01:44:40.000,2026-04-10 03:43:28.356
257941794,jw09263007001_03101_00001_nrs1_rate.fits,jw09263007001_03101_00001,2b,01,NRS_FULL_MSA,jw09263_20260927t223837_pool.csv,jw09263-o007_20260927t223837_spec2_00016_asn.json,63.434645743109286,61311.05588358493,f,,,61311.05149342236,61311.047103259785,GO,5105,58,f,/Date(1790605084999)/,61311.5958912037,/Date(1790558364909)/,61311.0551494213,/Date(1790557606287)/,61311.04636905093,NRS1,0,0,758.622,744.033,744.033,OK,NRS_MSASPEC,4,61311.05514940972,61311.05075923611,1,PRIME,61311.0463690625,2,CLEAR,1,1.0,N4EL000120,0,65.192147588062,14.02078819274902,1,268.2827642643152,/Date(1790555352880)/,61311.020287962965,/Date(1790555112240)/,61311.01750277778,0.0281758141,0.01180070638656616,0.0236315783,63.319463934749365,61311.05588225182,f,61311.051492089246,61311.04710192666,NIRSPEC,f,,NONE,0,,,0,10,,1,51,1,1,1,1,2,0.0,V09263007001P0000000003101,7,Deep-epoch9 NIRSpec MOS,STSCI,FINEGUIDE,"Shen, Yue",NRS_FULL_MSA,PRDOPSSOC-074,9263,65.19850833333334,268.4601470833333,61309.050134606485,NRSIRS2RAPID,491,,2026_2a,,1,1,FULL,,2048,2048,1,1,65.19850833333334,268.4601470833333,,f,msa_catalog_deep_ep9,FIXED,0.1,0.1,JWST,NIRSpec MultiObject Spectroscopy,14.58889,14.589,UTC,NEXUS: the North ecliptic pole EXtragalactic Unified Survey,10,f,1,09263007001,/Date(1790559407916)/,61311.06722125,03,SUCCESSFUL,PRIME_TARGETED_FIXED,/Date(1790554535729)/,61311.01083020833,-128.7949659,-127.4848285,f,,,,,,MultiSlitModel,f,,,,,/Date(1790557606287)/,61311.04636905093,,0.001944951846467219,MSASPEC,2026271T014009620_001_osf.xml,,,,,UNKNOWN,,1,,NONE,2,1,f,CALCULATED_TRACK_TR_202111,12.0,5,86.63540892535967,,,,,65.15390437167399,268.4582771229332,f,,,,GSC32,0.1070136456519306,0.49582697168698375,729.444,,,,,,,,,,,,,POLYGON ICRS  268.430732484 65.120858570 268.431448185 65.121158281 268.431355487 65.121197942 268.430639776 65.120898235 POLYGON ICRS  268.442684756 65.127653871 268.443397301 65.127951845 268.443304778 65.127991406 268.442592224 65.127693436 POLYGON ICRS  268.437416742 65.125661352 268.438130493 65.125959896 268.438037897 65.125999485 268.437324135 65.125700945 POLYGON ICRS  268.443939724 65.128389289 268.444399948 65.128581716 268.444307439 65.128621267 268.443847209 65.128428843 POLYGON ICRS  268.457699816 65.135610313 268.458157892 65.135801547 268.458065571 65.135840995 268.457607489 65.135649764 POLYGON ICRS  268.445831164 65.130968919 268.446542688 65.131266152 268.446450213 65.131305663 268.445738679 65.131008434 POLYGON ICRS  268.453960242 65.134889083 268.454669853 65.135185293 268.454577489 65.135224748 268.453867868 65.134928543 POLYGON ICRS  268.451587788 65.134003731 268.452297917 65.134300189 268.452205521 65.134339657 268.451495383 65.134043203 POLYGON ICRS  268.423227746 65.122787326 268.423944508 65.123086944 268.423851714 65.123126568 268.423134942 65.122826955 POLYGON ICRS  268.441330637 65.130351541 268.442043012 65.130649051 268.441950477 65.130688569 268.441238092 65.130391063 POLYGON ICRS  268.456714299 65.138137001 268.457422992 65.138432511 268.457330667 65.138471920 268.456621964 65.138176414 POLYGON ICRS  268.442725365 65.133352269 268.443437064 65.133649164 268.443344551 65.133688637 268.442632842 65.133391746 POLYGON ICRS  268.439218815 65.132099597 268.439679204 65.132291679 268.439586640 65.132331171 268.439126245 65.132139091 POLYGON ICRS  268.427674330 65.128334800 268.428389386 65.128633185 268.428296661 65.128672727 268.427581594 65.128374346 POLYGON ICRS  268.482933854 65.148088389 268.483633083 65.148379492 268.483542273 65.148418276 268.482843036 65.148127176 POLYGON ICRS  268.489847768 65.152843363 268.490545247 65.153133409 268.490454518 65.153172134 268.489757032 65.152882091 POLYGON ICRS  268.486265945 65.152083716 268.486964073 65.152374016 268.486873306 65.152412749 268.486175170 65.152122453 POLYGON ICRS  268.484658902 65.151936898 268.485357293 65.152227280 268.485266509 65.152266014 268.484568109 65.151975636 POLYGON ICRS  268.509154092 65.162218415 268.509847524 65.162506299 268.509756999 65.162544924 268.509063560 65.162257043 POLYGON ICRS  268.510625786 65.162829385 268.511318948 65.163117129 268.511228437 65.163155747 268.510535268 65.162868006 POLYGON ICRS  268.476741996 65.149270752 268.477441999 65.149561870 268.477351123 65.149600635 268.476651111 65.149309521 POLYGON ICRS  268.484407671 65.153500600 268.485105869 65.153790728 268.485015084 65.153829443 268.484316878 65.153539319 POLYGON ICRS  268.406199604 65.131117894 268.406914270 65.131414804 268.406821222 65.131454311 268.406106544 65.131157405 POLYGON ICRS  268.416804012 65.135732742 268.417516001 65.136028391 268.417423113 65.136067835 268.416711113 65.135772190 POLYGON ICRS  268.411510066 65.133744398 268.412223320 65.134040612 268.412130352 65.134080083 268.411417086 65.133783873 POLYGON ICRS  268.420587892 65.138143299 268.421298850 65.138438366 268.421206016 65.138477778 268.420495048 65.138182715 POLYGON ICRS  268.436898954 65.145119552 268.437606097 65.145412783 268.437513501 65.145452104 268.436806349 65.145158877 POLYGON ICRS  268.409626182 65.133908056 268.410339758 65.134204308 268.410246756 65.134243777 268.409533170 65.133947530 POLYGON ICRS  268.426627166 65.141697294 268.427336555 65.141991498 268.427243806 65.142030864 268.426534407 65.141736664 POLYGON ICRS  268.406097769 65.133284272 268.406812100 65.133580772 268.406719041 65.133620250 268.406004700 65.133323754 POLYGON ICRS  268.411906115 65.135694938 268.412618996 65.135990771 268.412526026 65.136030216 268.411813135 65.135734387 POLYGON ICRS  268.417831293 65.138468265 268.418542691 65.138763369 268.418449810 65.138802778 268.417738401 65.138507677 POLYGON ICRS  268.432399006 65.144718672 268.433106973 65.145012131 268.433014307 65.145051458 268.432306330 65.144758003 POLYGON ICRS  268.422237525 65.140820025 268.422947805 65.141114542 268.422854987 65.141153920 268.422144697 65.140859406 POLYGON ICRS  268.421358401 65.140560308 268.422068872 65.140854904 268.421976041 65.140894285 268.421265559 65.140599693 POLYGON ICRS  268.436159254 65.147322788 268.436616076 65.147512035 268.436523457 65.147551332 268.436066628 65.147362087 POLYGON ICRS  268.437659983 65.147944479 268.438116584 65.148133622 268.438023986 65.148172911 268.437567379 65.147983770 POLYGON ICRS  268.438785426 65.148515173 268.439491771 65.148807742 268.439399192 65.148847023 268.438692838 65.148554457 POLYGON ICRS  268.416719096 65.140628953 268.417430376 65.140923701 268.417337466 65.140963084 268.416626175 65.140668339 POLYGON ICRS  268.432662253 65.147547127 268.433369777 65.147840080 268.433277103 65.147879374 268.432569569 65.147586425 POLYGON ICRS  268.409541265 65.138178822 268.410254197 65.138474277 268.410161175 65.138513693 268.409448232 65.138218241 POLYGON ICRS  268.410941775 65.140332624 268.411654132 65.140627633 268.411561123 65.140667021 268.410848755 65.140372017 POLYGON ICRS  268.423775571 65.146483189 268.424484778 65.146776640 268.424391959 65.146815951 268.423682741 65.146522504 POLYGON ICRS  268.397959390 65.137791275 268.398674521 65.138087225 268.398581295 65.138126652 268.397866153 65.137830706 POLYGON ICRS  268.414491985 65.145154750 268.415203008 65.145448763 268.415110034 65.145488095 268.414399000 65.145194086 POLYGON ICRS  268.418766548 65.146922186 268.419476568 65.147215736 268.419383659 65.147255046 268.418673628 65.146961500 POLYGON ICRS  268.394167408 65.136852261 268.394883410 65.137148529 268.394790120 65.137187969 268.394074108 65.136891706 POLYGON ICRS  268.417135857 65.146771162 268.417846185 65.147064795 268.417753248 65.147104108 268.417042909 65.146810478 POLYGON ICRS  268.424799228 65.151505774 268.425507553 65.151798320 268.425414721 65.151837579 268.424706385 65.151545036 POLYGON ICRS  268.425553899 65.152652901 268.426261933 65.152945227 268.426169106 65.152984474 268.425461062 65.152692152 POLYGON ICRS  268.401029155 65.143047232 268.401742905 65.143342100 268.401649701 65.143381466 268.400935940 65.143086602 POLYGON ICRS  268.395215701 65.140855125 268.395677824 65.141046060 268.395584524 65.141085457 268.395122394 65.140894525 POLYGON ICRS  268.424181746 65.154070152 268.424639289 65.154258925 268.424546424 65.154298162 268.424088874 65.154109391 POLYGON ICRS  268.422552880 65.153502495 268.423010657 65.153691367 268.422917767 65.153730611 268.422459983 65.153541742 POLYGON ICRS  268.389150171 65.139818754 268.389866639 65.140114649 268.389773237 65.140154062 268.389056758 65.139858171 POLYGON ICRS  268.415909993 65.152746781 268.416619693 65.153039427 268.416526692 65.153078684 268.415816980 65.152786041 POLYGON ICRS  268.394108767 65.144068487 268.394823631 65.144363418 268.394730292 65.144402782 268.394015416 65.144107855 POLYGON ICRS  268.396389454 65.145638042 268.397103661 65.145932609 268.397010352 65.145971955 268.396296134 65.145677392 POLYGON ICRS  268.408002850 65.152517873 268.408713974 65.152810833 268.408620827 65.152850102 268.407909692 65.152557146 POLYGON ICRS  268.401713619 65.151600174 268.402425990 65.151893508 268.402332733 65.151932795 268.401620351 65.151639464 POLYGON ICRS  268.414167061 65.156831801 268.414876490 65.157123830 268.414783421 65.157163057 268.414073982 65.156871032 POLYGON ICRS  268.389730207 65.148864541 268.390192184 65.149054665 268.390098720 65.149093996 268.389636736 65.148903873 POLYGON ICRS  268.381755523 65.146316139 268.382472327 65.146611105 268.382378738 65.146650469 268.381661923 65.146355507 POLYGON ICRS  268.407265565 65.157228294 268.407976146 65.157520495 268.407882943 65.157559731 268.407172351 65.157267533 POLYGON ICRS  268.382527793 65.148101047 268.383244167 65.148395664 268.383150578 65.148435013 268.382434193 65.148140400 POLYGON ICRS  268.400477295 65.156944198 268.401189110 65.157236678 268.401095782 65.157275929 268.400383956 65.156983452 POLYGON ICRS  268.387606162 65.152282815 268.388068051 65.152472602 268.387974518 65.152511912 268.387512622 65.152322127 POLYGON ICRS  268.388497343 65.153799736 268.389211750 65.154093150 268.389118224 65.154132446 268.388403806 65.153839036 POLYGON ICRS  268.406645753 65.161669776 268.407355797 65.161961286 268.407262538 65.162000498 268.406552483 65.161708991 POLYGON ICRS  268.372285574 65.148817811 268.373003734 65.149112661 268.372909949 65.149152030 268.372191779 65.148857184 POLYGON ICRS  268.368727034 65.147566506 268.369446080 65.147861711 268.369352240 65.147901097 268.368633183 65.147605896 POLYGON ICRS  268.375084372 65.150595483 268.375801715 65.150889916 268.375707968 65.150929266 268.374990614 65.150634836 POLYGON ICRS  268.382063170 65.154610804 268.382778604 65.154904298 268.382684951 65.154943606 268.381969507 65.154650115 POLYGON ICRS  268.394821745 65.159948855 268.395282060 65.160137658 268.395188591 65.160176907 268.394728268 65.159988106 POLYGON ICRS  268.370014293 65.149981954 268.370478501 65.150172398 268.370384662 65.150211767 268.369920447 65.150021326 POLYGON ICRS  268.387376871 65.157208751 268.387838301 65.157398004 268.387744719 65.157437286 268.387283282 65.157248035 POLYGON ICRS  268.390282546 65.158713956 268.390995892 65.159006490 268.390902354 65.159045755 268.390188997 65.158753224 POLYGON ICRS  268.364547606 65.148263616 268.365267321 65.148558842 268.365173400 65.148598236 268.364453674 65.148303013 POLYGON ICRS  268.367602326 65.149516644 268.368321242 65.149811533 268.368227367 65.149850911 268.367508440 65.149556025 POLYGON ICRS  268.399105382 65.162540692 268.399816609 65.162832320 268.399723197 65.162871546 268.399011959 65.162579921 POLYGON ICRS  268.385609895 65.157111369 268.386071536 65.157300671 268.385977922 65.157339958 268.385516274 65.157150658 POLYGON ICRS  268.387759180 65.158306241 268.388473032 65.158598926 268.388379450 65.158638200 268.387665588 65.158345519 POLYGON ICRS  268.381437824 65.155923561 268.382153164 65.156216854 268.382059487 65.156256157 268.381344137 65.155962867 POLYGON ICRS  268.377386898 65.154681240 268.378103160 65.154974881 268.378009420 65.155014202 268.377293148 65.154720564 POLYGON ICRS  268.395456433 65.163027914 268.396168221 65.163319587 268.396074734 65.163358820 268.395362937 65.163067150 POLYGON ICRS  268.497694045 65.170399995 268.498391942 65.170688672 268.498300135 65.170727727 268.497602231 65.170439052 POLYGON ICRS  268.497687471 65.171226630 268.498385270 65.171515194 268.498293461 65.171554243 268.497595655 65.171265681 POLYGON ICRS  268.476992813 65.165782008 268.477694367 65.166072060 268.477602302 65.166111159 268.476900739 65.165821110 POLYGON ICRS  268.482042672 65.168803716 268.482743032 65.169093148 268.482651027 65.169132222 268.481950658 65.168842793 POLYGON ICRS  268.478219870 65.167535245 268.478920989 65.167824994 268.478828935 65.167864079 268.478127807 65.167574333 POLYGON ICRS  268.483885171 65.170291294 268.484585057 65.170580451 268.484493071 65.170619513 268.483793177 65.170330359 POLYGON ICRS  268.462760798 65.163537020 268.463464956 65.163827915 268.463372688 65.163867040 268.462668522 65.163576147 POLYGON ICRS  268.476596559 65.170289580 268.477297553 65.170578988 268.477205462 65.170618056 268.476504459 65.170328650 POLYGON ICRS  268.453579528 65.161200781 268.454285547 65.161492368 268.454193146 65.161531518 268.453487117 65.161239934 POLYGON ICRS  268.479668172 65.172905847 268.480368349 65.173194784 268.480276289 65.173233834 268.479576103 65.172944899 POLYGON ICRS  268.458663606 65.164444121 268.459368308 65.164735024 268.459275970 65.164774145 268.458571258 65.164483245 POLYGON ICRS  268.482251105 65.174282674 268.482950721 65.174571337 268.482858692 65.174610378 268.482159067 65.174321717 POLYGON ICRS  268.455934846 65.163525642 268.456640135 65.163816782 268.456547758 65.163855912 268.455842459 65.163564775 POLYGON ICRS  268.463368613 65.166801860 268.464072202 65.167092240 268.463979926 65.167131341 268.463276327 65.166840964 POLYGON ICRS  268.464976595 65.167569355 268.465679812 65.167859564 268.465587557 65.167898659 268.464884330 65.167608452 POLYGON ICRS  268.467323223 65.169056910 268.468025851 65.169346819 268.467933623 65.169385902 268.467230986 65.169095995 POLYGON ICRS  268.468804802 65.169875815 268.469507078 65.170165554 268.469414869 65.170204631 268.468712583 65.169914894 POLYGON ICRS  268.452580948 65.163285424 268.453286833 65.163576721 268.453194402 65.163615855 268.452488507 65.163324562 POLYGON ICRS  268.481869490 65.175679911 268.482568989 65.175968402 268.482476945 65.176007436 268.481777437 65.175718947 POLYGON ICRS  268.463483261 65.168822631 268.464186544 65.169112710 268.464094255 65.169151798 268.463390963 65.168861721 POLYGON ICRS  268.458777269 65.167297123 268.459481542 65.167587592 268.459389187 65.167626694 268.458684904 65.167336227 POLYGON ICRS  268.456047669 65.167002691 268.456752437 65.167293301 268.456660038 65.167332408 268.455955260 65.167041800 POLYGON ICRS  268.472738379 65.173988128 268.473439475 65.174277156 268.473347299 65.174316207 268.472646194 65.174027181 POLYGON ICRS  268.461737302 65.170802369 268.462440589 65.171092225 268.462348256 65.171131304 268.461644959 65.170841450 POLYGON ICRS  268.451328058 65.166719929 268.452033657 65.167010748 268.451941179 65.167049861 268.451235570 65.166759044 POLYGON ICRS  268.443996042 65.164009962 268.444703277 65.164301452 268.444610692 65.164340590 268.443903448 65.164049103 POLYGON ICRS  268.468771184 65.175049647 268.469472757 65.175338670 268.469380506 65.175377720 268.468678924 65.175088700 POLYGON ICRS  268.447101153 65.166433575 268.447807508 65.166724587 268.447714958 65.166763707 268.447008593 65.166472697 POLYGON ICRS  268.455159846 65.171103766 268.455864172 65.171393811 268.455771723 65.171432896 268.455067386 65.171142853 POLYGON ICRS  268.440749011 65.167457354 268.441456299 65.167748439 268.441363625 65.167787561 268.440656327 65.167496478 POLYGON ICRS  268.437509224 65.167372296 268.438217080 65.167663508 268.438124346 65.167702635 268.437416481 65.167411426 POLYGON ICRS  268.434892623 65.166607946 268.435601040 65.166899364 268.435508266 65.166938499 268.434799838 65.166647084 POLYGON ICRS  268.432021222 65.167195849 268.432730048 65.167487280 268.432637214 65.167526417 268.431928378 65.167234988 POLYGON ICRS  268.449550151 65.174506751 268.450005557 65.174693995 268.449912966 65.174733075 268.449457553 65.174545832 POLYGON ICRS  268.469934150 65.183406321 268.470634471 65.183694250 268.470542148 65.183733277 268.469841818 65.183445350 POLYGON ICRS  268.463394404 65.181235998 268.464095993 65.181524411 268.464003578 65.181563452 268.463301980 65.181275040 POLYGON ICRS  268.453379231 65.177637921 268.454082914 65.177927139 268.453990359 65.177966203 268.453286666 65.177676987 POLYGON ICRS  268.442839948 65.173410332 268.443546003 65.173700490 268.443453303 65.173739584 268.442747238 65.173449428 POLYGON ICRS  268.456467735 65.179426054 268.457170665 65.179714934 268.457078145 65.179753989 268.456375206 65.179465111 POLYGON ICRS  268.443205758 65.174703391 268.443911559 65.174993358 268.443818849 65.175032448 268.443113038 65.174742482 POLYGON ICRS  268.439228200 65.173484980 268.439934856 65.173775255 268.439842085 65.173814355 268.439135420 65.173524082 POLYGON ICRS  268.465467059 65.184472004 268.466167913 65.184759959 268.466075491 65.184798992 268.465374628 65.184511039 POLYGON ICRS  268.452238796 65.180386336 268.452942271 65.180675242 268.452849657 65.180714303 268.452146172 65.180425399 POLYGON ICRS  268.446661626 65.178615054 268.447116953 65.178802011 268.447024253 65.178841086 268.446568920 65.178654131 POLYGON ICRS  268.440330479 65.176535063 268.441036489 65.176824885 268.440943699 65.176863976 268.440237679 65.176574156 POLYGON ICRS  268.458778494 65.184212874 268.459480400 65.184501087 268.459387854 65.184540133 268.458685939 65.184251922 POLYGON ICRS  268.431369515 65.174104511 268.432077415 65.174394976 268.431984484 65.174434090 268.431276574 65.174143628 POLYGON ICRS  268.428127277 65.173398204 268.428835840 65.173688879 268.428742856 65.173728001 268.428034283 65.173437329 POLYGON ICRS  268.432610804 65.175237545 268.433318319 65.175527811 268.433225396 65.175566920 268.432517872 65.175276656 POLYGON ICRS  268.443166423 65.180087721 268.443871425 65.180376981 268.443778638 65.180416061 268.443073627 65.180126803 POLYGON ICRS  268.439439085 65.179181710 268.440144842 65.179471216 268.440051996 65.179510305 268.439346229 65.179220801 POLYGON ICRS  268.437819154 65.179244441 268.438525172 65.179533995 268.438432293 65.179573088 268.437726266 65.179283535 POLYGON ICRS  268.428856713 65.176816801 268.429314148 65.177004312 268.429221125 65.177043428 268.428763684 65.176855919,3.0.0,RELEASE,jwst_1584.pmap,13.2.6,,3,,PRISM,168.6068452,16.1024512,36.13135,168.5610996,0.336476833,16.1138876,0.0321399122,f,1,jw09263007001_01_msa.fits,1,PRIMARYPARK_CONFIG,,,,16,4,,,2-SHUTTER-SLITLET,,,,,f,66767040,abe03d7ec55afb23b386fd33f72c4060,/Date(1790605450543)/,61311.60012202546,/Date(1790605699823)/,61311.60300721065,86,/Date(1790605451000)/,61311.600127314814,False,False,False,8200825,mast:JWST/product/jw09263007001_03101_00001_nrs1_cal.fits,"GO-9263 Shen, Yue",CLEAR,NIRSPEC,2026-09-28 14:24:11.000,2026-09-28 01:06:46.287
257941785,jw09263007001_03101_00002_nrs1_rate.fits,jw09263007001_03101_00002,2b,01,NRS_FULL_MSA,jw09263_20260927t223837_pool.csv,jw09263-o007_20260927t223837_spec2_00015_asn.json,63.43255424872041,61311.06550800517,f,,,61311.0611178426,61311.05672768003,GO,5105,58,f,/Date(1790605072294)/,61311.59574413195,/Date(1790559196461)/,61311.06477384259,/Date(1790558437839)/,61311.055993518516,NRS1,0,0,758.622,744.033,744.033,OK,NRS_MSASPEC,4,61311.06477385417,61311.06038368055,2,PRIME,61311.05599350695,2,CLEAR,1,1.0,N4EL000120,0,65.192147588062,14.02078819274902,1,268.2827642643152,/Date(1790555352880)/,61311.020287962965,/Date(1790555112240)/,61311.01750277778,0.0281758141,0.01180070638656616,0.0236315783,63.3173743262887,61311.06550667208,f,61311.061116509496,61311.05672634693,NIRSPEC,f,,NONE,0,,,0,10,,1,51,1,1,1,1,2,0.0,V09263007001P0000000003101,7,Deep-epoch9 NIRSpec MOS,STSCI,FINEGUIDE,"Shen, Yue",NRS_FULL_MSA,PRDOPSSOC-074,9263,65.19850833333334,268.4601470833333,61309.050134606485,NRSIRS2RAPID,491,,2026_2a,,1,1,FULL,,2048,2048,1,1,65.19850833333334,268.4601470833333,,f,msa_catalog_deep_ep9,FIXED,0.1,0.1,JWST,NIRSpec MultiObject Spectroscopy,14.58889,14.589,UTC,NEXUS: the North ecliptic pole EXtragalactic Unified Survey,10,f,1,09263007001,/Date(1790559407916)/,61311.06722125,03,SUCCESSFUL,PRIME_TARGETED_FIXED,/Date(1790554535729)/,61311.01083020833,-128.7949772,-128.0138471,f,,,,,,MultiSlitModel,f,,,,,/Date(1790558437839)/,61311.055993518516,,-0.00259172978943744,MSASPEC,2026271T014009620_001_osf.xml,,,,,UNKNOWN,,2,,NONE,2,1,f,CALCULATED_TRACK_TR_202111,12.0,5,86.63540892535967,,,,,65.15380134387699,268.4580269271993,f,,,,GSC32,0.09953963420725936,0.4778503840516613,729.444,,,,,,,,,,,,,POLYGON ICRS  268.430483843 65.120754952 268.431199535 65.121054666 268.431106837 65.121094326 268.430391134 65.120794616 POLYGON ICRS  268.442435935 65.127550299 268.443148471 65.127848276 268.443055947 65.127887836 268.442343402 65.127589864 POLYGON ICRS  268.437167979 65.125557760 268.437881722 65.125856307 268.437789125 65.125895895 268.437075372 65.125597353 POLYGON ICRS  268.443692315 65.128286320 268.444152533 65.128478749 268.444060024 65.128518300 268.443599799 65.128325874 POLYGON ICRS  268.457452205 65.135507394 268.457910275 65.135698630 268.457817954 65.135738078 268.457359878 65.135546845 POLYGON ICRS  268.445582265 65.130865361 268.446293782 65.131162597 268.446201306 65.131202108 268.445489780 65.130904876 POLYGON ICRS  268.453711235 65.134785556 268.454420838 65.135081769 268.454328473 65.135121224 268.453618861 65.134825016 POLYGON ICRS  268.451338806 65.133900194 268.452048926 65.134196655 268.451956530 65.134236123 268.451246400 65.133939666 POLYGON ICRS  268.422979093 65.122683681 268.423695845 65.122983302 268.423603051 65.123022926 268.422886288 65.122723310 POLYGON ICRS  268.441081769 65.130247967 268.441794135 65.130545480 268.441701600 65.130584997 268.440989224 65.130287488 POLYGON ICRS  268.456465217 65.138033486 268.457173902 65.138328998 268.457081577 65.138368407 268.456372882 65.138072898 POLYGON ICRS  268.442476429 65.133248700 268.443188120 65.133545598 268.443095607 65.133585071 268.442383907 65.133288177 POLYGON ICRS  268.438971348 65.131996611 268.439431731 65.132188695 268.439339166 65.132228187 268.438878777 65.132036105 POLYGON ICRS  268.427425549 65.128231173 268.428140597 65.128529562 268.428047871 65.128569103 268.427332813 65.128270719 POLYGON ICRS  268.482685828 65.147985536 268.483385048 65.148276642 268.483294237 65.148315425 268.482595009 65.148024323 POLYGON ICRS  268.489599617 65.152740535 268.490297087 65.153030583 268.490206358 65.153069308 268.489508880 65.152779263 POLYGON ICRS  268.486017823 65.151980875 268.486715942 65.152271178 268.486625174 65.152309910 268.485927048 65.152019611 POLYGON ICRS  268.484410791 65.151834052 268.485109175 65.152124436 268.485018390 65.152163170 268.484319998 65.151872790 POLYGON ICRS  268.508905675 65.162115658 268.509599099 65.162403545 268.509508573 65.162442169 268.508815143 65.162154285 POLYGON ICRS  268.510377348 65.162726632 268.511070502 65.163014379 268.510979991 65.163052997 268.510286830 65.162765253 POLYGON ICRS  268.476493969 65.149167877 268.477193964 65.149458997 268.477103088 65.149497762 268.476403085 65.149206645 POLYGON ICRS  268.484159528 65.153397753 268.484857717 65.153687883 268.484766931 65.153726598 268.484068734 65.153436471 POLYGON ICRS  268.405952284 65.131014789 268.406666942 65.131311701 268.406573893 65.131351208 268.405859224 65.131054300 POLYGON ICRS  268.416556554 65.135629675 268.417268535 65.135925326 268.417175647 65.135964769 268.416463656 65.135669122 POLYGON ICRS  268.411262672 65.133641312 268.411975918 65.133937529 268.411882949 65.133977000 268.411169692 65.133680787 POLYGON ICRS  268.420340373 65.138040247 268.421051322 65.138335315 268.420958488 65.138374727 268.420247528 65.138079662 POLYGON ICRS  268.436651227 65.145016558 268.437358360 65.145309790 268.437265765 65.145349111 268.436558621 65.145055882 POLYGON ICRS  268.409378793 65.133804964 268.410092360 65.134101219 268.409999359 65.134140688 268.409285781 65.133844437 POLYGON ICRS  268.426379551 65.141594263 268.427088931 65.141888470 268.426996182 65.141927835 268.426286792 65.141633632 POLYGON ICRS  268.405850408 65.133181167 268.406564730 65.133477670 268.406471671 65.133517148 268.405757338 65.133220649 POLYGON ICRS  268.411658681 65.135591854 268.412371553 65.135887689 268.412278583 65.135927134 268.411565700 65.135631303 POLYGON ICRS  268.417583776 65.138365201 268.418295166 65.138660309 268.418202285 65.138699717 268.417490884 65.138404613 POLYGON ICRS  268.432151304 65.144615660 268.432859262 65.144909123 268.432766596 65.144948449 268.432058628 65.144654991 POLYGON ICRS  268.421989945 65.140716978 268.422700216 65.141011498 268.422607398 65.141050875 268.421897117 65.140756359 POLYGON ICRS  268.421110827 65.140457257 268.421821289 65.140751856 268.421728458 65.140791236 268.421017985 65.140496642 POLYGON ICRS  268.435911487 65.147219792 268.436368303 65.147409040 268.436275684 65.147448337 268.435818860 65.147259090 POLYGON ICRS  268.437412197 65.147841487 268.437868792 65.148030632 268.437776194 65.148069921 268.437319593 65.147880779 POLYGON ICRS  268.438537624 65.148412185 268.439243960 65.148704757 268.439151381 65.148744038 268.438445035 65.148451470 POLYGON ICRS  268.416471541 65.140525886 268.417182813 65.140820637 268.417089902 65.140860019 268.416378620 65.140565272 POLYGON ICRS  268.432414495 65.147444118 268.433122010 65.147737073 268.433029335 65.147776367 268.432321810 65.147483416 POLYGON ICRS  268.409293789 65.138075729 268.410006712 65.138371187 268.409913690 65.138410602 268.409200756 65.138115148 POLYGON ICRS  268.410694250 65.140229537 268.411406598 65.140524548 268.411313589 65.140563936 268.410601230 65.140268929 POLYGON ICRS  268.423527864 65.146380146 268.424237062 65.146673599 268.424144243 65.146712910 268.423435034 65.146419460 POLYGON ICRS  268.397711967 65.137688141 268.398427089 65.137984093 268.398333862 65.138023520 268.397618729 65.137727571 POLYGON ICRS  268.414244348 65.145051676 268.414955363 65.145345691 268.414862388 65.145385023 268.414151362 65.145091012 POLYGON ICRS  268.418518856 65.146819127 268.419228868 65.147112679 268.419135958 65.147151988 268.418425936 65.146858440 POLYGON ICRS  268.393920019 65.136749113 268.394636012 65.137045383 268.394542722 65.137084823 268.393826718 65.136788557 POLYGON ICRS  268.416888177 65.146668097 268.417598496 65.146961733 268.417505558 65.147001046 268.416795229 65.146707413 POLYGON ICRS  268.424551419 65.151402736 268.425259735 65.151695285 268.425166903 65.151734544 268.424458576 65.151441998 POLYGON ICRS  268.425306068 65.152549868 268.426014093 65.152842196 268.425921266 65.152881443 268.425213230 65.152589118 POLYGON ICRS  268.400781613 65.142944108 268.401495354 65.143238979 268.401402149 65.143278345 268.400688397 65.142983478 POLYGON ICRS  268.394968225 65.140751980 268.395430343 65.140942917 268.395337042 65.140982313 268.394874918 65.140791379 POLYGON ICRS  268.423933887 65.153967112 268.424391424 65.154155887 268.424298559 65.154195124 268.423841015 65.154006351 POLYGON ICRS  268.422305039 65.153399450 268.422762810 65.153588323 268.422669920 65.153627566 268.422212141 65.153438695 POLYGON ICRS  268.388902740 65.139715587 268.389619199 65.140011485 268.389525797 65.140050897 268.388809327 65.139755004 POLYGON ICRS  268.415662190 65.152643710 268.416371882 65.152936359 268.416278880 65.152975616 268.415569177 65.152682970 POLYGON ICRS  268.393861230 65.143965338 268.394576085 65.144260272 268.394482745 65.144299635 268.393767878 65.144004706 POLYGON ICRS  268.396141876 65.145534902 268.396856074 65.145829471 268.396762765 65.145868816 268.396048555 65.145574251 POLYGON ICRS  268.407755092 65.152414778 268.408466207 65.152707740 268.408373060 65.152747009 268.407661934 65.152454050 POLYGON ICRS  268.401465897 65.151497053 268.402178260 65.151790390 268.402085002 65.151829676 268.401372629 65.151536342 POLYGON ICRS  268.413919184 65.156728725 268.414628604 65.157020756 268.414535535 65.157059983 268.413826104 65.156767955 POLYGON ICRS  268.389482588 65.148761376 268.389944559 65.148951502 268.389851095 65.148990832 268.389389117 65.148800708 POLYGON ICRS  268.381507988 65.146212946 268.382224783 65.146507914 268.382131193 65.146547278 268.381414387 65.146252314 POLYGON ICRS  268.407017702 65.157125191 268.407728274 65.157417394 268.407635071 65.157456630 268.406924488 65.157164430 POLYGON ICRS  268.382280219 65.147997857 268.382996584 65.148292476 268.382902995 65.148331825 268.382186619 65.148037209 POLYGON ICRS  268.400229469 65.156841072 268.400941275 65.157133555 268.400847946 65.157172805 268.400136129 65.156880326 POLYGON ICRS  268.387358481 65.152179643 268.387820365 65.152369432 268.387726831 65.152408741 268.387264941 65.152218955 POLYGON ICRS  268.388249632 65.153696569 268.388964030 65.153989985 268.388870504 65.154029281 268.388156095 65.153735869 POLYGON ICRS  268.406397801 65.161566671 268.407107837 65.161858184 268.407014577 65.161897395 268.406304531 65.161605885 POLYGON ICRS  268.372038025 65.148714584 268.372756176 65.149009436 268.372662390 65.149048804 268.371944229 65.148753956 POLYGON ICRS  268.368479524 65.147463266 268.369198561 65.147758473 268.369104720 65.147797859 268.368385673 65.147502655 POLYGON ICRS  268.374836773 65.150492265 268.375554108 65.150786700 268.375460360 65.150826050 268.374743015 65.150531618 POLYGON ICRS  268.381815468 65.154507613 268.382530894 65.154801110 268.382437240 65.154840418 268.381721804 65.154546924 POLYGON ICRS  268.394573879 65.159845709 268.395034189 65.160034513 268.394940719 65.160073762 268.394480402 65.159884959 POLYGON ICRS  268.369766728 65.149878718 268.370230931 65.150069163 268.370137091 65.150108532 268.369672882 65.149918089 POLYGON ICRS  268.387129091 65.157105578 268.387590515 65.157294833 268.387496932 65.157334114 268.387035501 65.157144861 POLYGON ICRS  268.390034721 65.158610792 268.390748058 65.158903329 268.390654519 65.158942594 268.389941171 65.158650060 POLYGON ICRS  268.364300097 65.148160360 268.365019804 65.148455589 268.364925883 65.148494983 268.364206166 65.148199757 POLYGON ICRS  268.367354781 65.149413400 268.368073688 65.149708292 268.367979813 65.149747669 268.367260895 65.149452781 POLYGON ICRS  268.398857444 65.162437561 268.399568662 65.162729191 268.399475250 65.162768417 268.398764021 65.162476789 POLYGON ICRS  268.385362123 65.157008189 268.385823759 65.157197493 268.385730144 65.157236779 268.385268502 65.157047478 POLYGON ICRS  268.387511378 65.158203070 268.388225221 65.158495758 268.388131639 65.158535032 268.387417785 65.158242347 POLYGON ICRS  268.381190093 65.155820366 268.381905424 65.156113662 268.381811747 65.156152965 268.381096405 65.155859672 POLYGON ICRS  268.377139207 65.154578030 268.377855460 65.154871674 268.377761720 65.154910994 268.377045456 65.154617354 POLYGON ICRS  268.395208497 65.162924768 268.395920276 65.163216443 268.395826789 65.163255677 268.395115000 65.162964004 POLYGON ICRS  268.497444104 65.170296616 268.498141992 65.170585297 268.498050185 65.170624351 268.497352289 65.170335673 POLYGON ICRS  268.497437511 65.171123251 268.498135301 65.171411817 268.498043492 65.171450866 268.497345694 65.171162302 POLYGON ICRS  268.476743041 65.165678553 268.477444587 65.165968607 268.477352522 65.166007706 268.476650967 65.165717654 POLYGON ICRS  268.481792818 65.168700280 268.482493170 65.168989714 268.482401165 65.169028788 268.481700804 65.168739356 POLYGON ICRS  268.477970061 65.167431796 268.478671171 65.167721547 268.478579117 65.167760632 268.477877998 65.167470883 POLYGON ICRS  268.483636747 65.170188471 268.484336624 65.170477630 268.484244638 65.170516692 268.483544753 65.170227535 POLYGON ICRS  268.462511120 65.163433510 268.463215269 65.163724409 268.463123001 65.163763533 268.462418843 65.163472638 POLYGON ICRS  268.476346697 65.170186125 268.477047683 65.170475535 268.476955591 65.170514603 268.476254597 65.170225195 POLYGON ICRS  268.453329932 65.161097238 268.454035942 65.161388827 268.453943541 65.161427977 268.453237521 65.161136391 POLYGON ICRS  268.479418248 65.172802404 268.480118417 65.173091344 268.480026357 65.173130394 268.479326179 65.172841456 POLYGON ICRS  268.458413925 65.164340598 268.459118619 65.164631503 268.459026280 65.164670624 268.458321577 65.164379721 POLYGON ICRS  268.482001142 65.174179241 268.482700750 65.174467906 268.482608720 65.174506947 268.481909103 65.174218283 POLYGON ICRS  268.455685194 65.163422108 268.456390475 65.163713251 268.456298097 65.163752381 268.455592807 65.163461241 POLYGON ICRS  268.463120340 65.166698962 268.463823921 65.166989345 268.463731644 65.167028446 268.463028054 65.166738066 POLYGON ICRS  268.464726829 65.167465856 268.465430039 65.167756068 268.465337783 65.167795162 268.464634564 65.167504953 POLYGON ICRS  268.467073417 65.168953419 268.467776037 65.169243331 268.467683809 65.169282414 268.466981179 65.168992504 POLYGON ICRS  268.468554978 65.169772332 268.469257246 65.170062074 268.469165036 65.170101150 268.468462759 65.169811411 POLYGON ICRS  268.452331314 65.163181878 268.453037191 65.163473177 268.452944760 65.163512312 268.452238873 65.163221015 POLYGON ICRS  268.481619500 65.175576477 268.482318991 65.175864970 268.482226946 65.175904004 268.481527447 65.175615513 POLYGON ICRS  268.463233476 65.168719127 268.463936751 65.169009209 268.463844462 65.169048296 268.463141178 65.168758217 POLYGON ICRS  268.458527531 65.167193601 268.459231796 65.167484073 268.459139440 65.167523174 268.458435166 65.167232705 POLYGON ICRS  268.455797946 65.166899159 268.456502707 65.167189772 268.456410307 65.167228878 268.455705537 65.166938268 POLYGON ICRS  268.472488459 65.173884660 268.473189546 65.174173691 268.473097370 65.174212742 268.472396273 65.173923713 POLYGON ICRS  268.461487482 65.170698859 268.462190761 65.170988718 268.462098428 65.171027796 268.461395139 65.170737940 POLYGON ICRS  268.451078358 65.166616379 268.451783949 65.166907201 268.451691470 65.166946314 268.450985869 65.166655494 POLYGON ICRS  268.443746423 65.163906384 268.444453649 65.164197876 268.444361064 65.164237014 268.443653828 65.163945524 POLYGON ICRS  268.468521256 65.174946165 268.469222820 65.175235190 268.469130569 65.175274241 268.468428996 65.174985217 POLYGON ICRS  268.446851475 65.166330010 268.447557822 65.166621025 268.447465271 65.166660144 268.446758915 65.166369131 POLYGON ICRS  268.454910043 65.171000231 268.455614362 65.171290280 268.455521912 65.171329364 268.454817584 65.171039318 POLYGON ICRS  268.440499333 65.167353765 268.441206613 65.167644852 268.441113938 65.167683974 268.440406648 65.167392889 POLYGON ICRS  268.437259559 65.167268695 268.437967406 65.167559910 268.437874672 65.167599037 268.437166815 65.167307825 POLYGON ICRS  268.434642983 65.166504335 268.435351392 65.166795756 268.435258617 65.166834891 268.434550198 65.166543473 POLYGON ICRS  268.431771580 65.167092228 268.432480398 65.167383662 268.432387564 65.167422798 268.431678735 65.167131367 POLYGON ICRS  268.449301773 65.174403803 268.449757174 65.174591049 268.449664583 65.174630128 268.449209175 65.174442884 POLYGON ICRS  268.469684042 65.183302843 268.470384354 65.183590775 268.470292030 65.183629801 268.469591708 65.183341871 POLYGON ICRS  268.463144370 65.181132498 268.463845950 65.181420914 268.463753535 65.181459954 268.463051945 65.181171540 POLYGON ICRS  268.453129300 65.177534381 268.453832975 65.177823602 268.453740420 65.177862666 268.453036735 65.177573447 POLYGON ICRS  268.442590144 65.173306754 268.443296191 65.173596914 268.443203490 65.173636008 268.442497433 65.173345849 POLYGON ICRS  268.456217760 65.179322527 268.456920681 65.179611409 268.456828160 65.179650465 268.456125230 65.179361584 POLYGON ICRS  268.442955925 65.174599813 268.443661718 65.174889783 268.443569008 65.174928872 268.442863205 65.174638904 POLYGON ICRS  268.438978404 65.173381386 268.439685051 65.173671664 268.439592280 65.173710764 268.438885623 65.173420488 POLYGON ICRS  268.465216947 65.184368511 268.465917793 65.184656468 268.465825370 65.184695501 268.465124516 65.184407546 POLYGON ICRS  268.451988816 65.180282793 268.452692283 65.180571702 268.452599668 65.180610763 268.451896192 65.180321857 POLYGON ICRS  268.446413176 65.178512096 268.446868497 65.178699054 268.446775797 65.178738129 268.446320469 65.178551172 POLYGON ICRS  268.440080620 65.176431476 268.440786622 65.176721301 268.440693832 65.176760391 268.439987820 65.176470569 POLYGON ICRS  268.458528414 65.184109357 268.459230311 65.184397572 268.459137764 65.184436618 268.458435858 65.184148404 POLYGON ICRS  268.431119735 65.174000890 268.431827627 65.174291357 268.431734696 65.174330471 268.431026794 65.174040006 POLYGON ICRS  268.427879006 65.173295178 268.428587560 65.173585856 268.428494575 65.173624978 268.427786011 65.173334303 POLYGON ICRS  268.432360999 65.175133929 268.433068505 65.175424198 268.432975582 65.175463307 268.432268067 65.175173040 POLYGON ICRS  268.442916482 65.179984145 268.443621475 65.180273407 268.443528688 65.180312487 268.442823685 65.180023226 POLYGON ICRS  268.439189173 65.179078120 268.439894923 65.179367628 268.439802076 65.179406717 268.439096317 65.179117210 POLYGON ICRS  268.437569249 65.179140845 268.438275258 65.179430402 268.438182378 65.179469494 268.437476359 65.179179939 POLYGON ICRS  268.428608368 65.176713778 268.429065798 65.176901291 268.428972774 65.176940407 268.428515339 65.176752896,3.0.0,RELEASE,jwst_1584.pmap,13.2.6,,3,,PRISM,168.6068452,16.1024512,36.13135,168.5610996,0.336476833,16.1138876,0.0321399122,f,1,jw09263007001_01_msa.fits,1,PRIMARYPARK_CONFIG,,,,16,4,,,2-SHUTTER-SLITLET,,,,,f,66732480,3871b9c247d62cd099f87b327812b92e,/Date(1790605450224)/,61311.60011832176,/Date(1790605668852)/,61311.602648761575,86,/Date(1790605450000)/,61311.60011574074,False,False,False,8200830,mast:JWST/product/jw09263007001_03101_00002_nrs1_cal.fits,"GO-9263 Shen, Yue",CLEAR,NIRSPEC,2026-09-28 14:24:10.000,2026-09-28 01:20:37.839
257941965,jw09263007002_03101_00001_nrs1_rate.fits,jw09263007002_03101_00001,2b,01,NRS_FULL_MSA,jw09263_20260927t223837_pool.csv,jw09263-o007_20260927t223837_spec2_00012_asn.json,63.42256008647382,61311.11151006542,f,,,61311.107119902845,61311.102729740276,GO,5105,58,f,/Date(1790605103000)/,61311.59609953704,/Date(1790563171049)/,61311.11077604166,/Date(1790562412427)/,61311.1019956713,NRS1,0,0,758.622,744.033,744.033,OK,NRS_MSASPEC,4,61311.110776030095,61311.10638585648,1,PRIME,61311.10199568287,2,CLEAR,1,1.0,N4EL000099,0,65.23780713477443,13.07157230377197,1,268.1833710800231,/Date(1790559914796)/,61311.073087916666,/Date(1790559826732)/,61311.07206866898,0.0184821263,0.009811261668801308,0.0167074949,63.30738519318402,61311.1115087324,f,61311.10711856982,61311.10272840723,NIRSPEC,f,,NONE,0,,,0,10,,1,51,1,1,1,1,2,0.0,V09263007002P0000000003101,7,Deep-epoch9 NIRSpec MOS,STSCI,FINEGUIDE,"Shen, Yue",NRS_FULL_MSA,PRDOPSSOC-074,9263,65.19850833333334,268.4601470833333,61309.050134606485,NRSIRS2RAPID,491,,2026_2a,,1,1,FULL,,2048,2048,1,1,65.19850833333334,268.4601470833333,,f,msa_catalog_deep_ep9,FIXED,0.1,0.1,JWST,NIRSpec MultiObject Spectroscopy,14.58889,14.589,UTC,NEXUS: the North ecliptic pole EXtragalactic Unified Survey,10,f,2,09263007002,/Date(1790564200232)/,61311.12268788194,03,SUCCESSFUL,PRIME_TARGETED_FIXED,/Date(1790559412012)/,61311.06726866898,107.6666676,-110.699793,f,,,,,,MultiSlitModel,f,,,,,/Date(1790562412427)/,61311.1019956713,,-0.093198543404247,MSASPEC,2026271T111507096_002_osf.xml,,,,,UNKNOWN,,1,,NONE,2,1,f,CALCULATED_TRACK_TR_202111,12.0,5,86.54513910672365,,,,,65.20389173293627,268.3561373419596,f,,,,GSC32,0.1031078234293469,0.4530100084101249,729.444,,,,,,,,,,,,,POLYGON ICRS  268.329172625 65.169553374 268.329888666 65.169853790 268.329795645 65.169893409 268.329079594 65.169592998 POLYGON ICRS  268.333581794 65.171931996 268.334296655 65.172231790 268.334203700 65.172271375 268.333488829 65.171971585 POLYGON ICRS  268.331574186 65.171936259 268.332289403 65.172236125 268.332196423 65.172275709 268.331481195 65.171975846 POLYGON ICRS  268.334848766 65.174154554 268.335563054 65.174453875 268.335470123 65.174493425 268.334755825 65.174194109 POLYGON ICRS  268.341883004 65.178367715 268.342343370 65.178560448 268.342250538 65.178599938 268.341790166 65.178407207 POLYGON ICRS  268.358011273 65.185642146 268.358720005 65.185938468 268.358627394 65.185977855 268.357918652 65.185681537 POLYGON ICRS  268.335738442 65.176533785 268.336452210 65.176832618 268.336359298 65.176872131 268.335645520 65.176573303 POLYGON ICRS  268.340884808 65.179215359 268.341597293 65.179513496 268.341504454 65.179552971 268.340791959 65.179254838 POLYGON ICRS  268.355641822 65.185597882 268.356100041 65.185789420 268.356007398 65.185828808 268.355549173 65.185637272 POLYGON ICRS  268.360005407 65.187946813 268.360713485 65.188242637 268.360620903 65.188281990 268.359912816 65.187986170 POLYGON ICRS  268.341264201 65.180322688 268.341976459 65.180620601 268.341883627 65.180660059 268.341171359 65.180362149 POLYGON ICRS  268.332103109 65.176595325 268.332817501 65.176894277 268.332724541 65.176933787 268.332010139 65.176634839 POLYGON ICRS  268.326325045 65.175655785 268.327040608 65.175955127 268.326947567 65.175994648 268.326231993 65.175695310 POLYGON ICRS  268.345775987 65.183893781 268.346486969 65.184190862 268.346394202 65.184230268 268.345683210 65.183933191 POLYGON ICRS  268.321540018 65.174076522 268.322256707 65.174376345 268.322163597 65.174415888 268.321446897 65.174116068 POLYGON ICRS  268.336507193 65.180441220 268.337220242 65.180739281 268.337127348 65.180778734 268.336414289 65.180480677 POLYGON ICRS  268.332620870 65.179976239 268.333334658 65.180274527 268.333241710 65.180313985 268.332527912 65.180015702 POLYGON ICRS  268.325832849 65.177350069 268.326548233 65.177649104 268.326455187 65.177688598 268.325739793 65.177389568 POLYGON ICRS  268.337139217 65.182074878 268.337599749 65.182267266 268.337506861 65.182306696 268.337046323 65.182114311 POLYGON ICRS  268.320546081 65.175773492 268.321262674 65.176073024 268.321169550 65.176112540 268.320452947 65.175813012 POLYGON ICRS  268.332248222 65.180769035 268.332961955 65.181067186 268.332869002 65.181106632 268.332155259 65.180808486 POLYGON ICRS  268.351526403 65.189657730 268.352235606 65.189953539 268.352142920 65.189992863 268.351433708 65.189697058 POLYGON ICRS  268.389020947 65.203157909 268.389718420 65.203448324 268.389627387 65.203486985 268.388929906 65.203196574 POLYGON ICRS  268.401576378 65.209009021 268.402271210 65.209298049 268.402180311 65.209336646 268.401485472 65.209047622 POLYGON ICRS  268.387773609 65.204517468 268.388471065 65.204807700 268.388380022 65.204846345 268.387682558 65.204556116 POLYGON ICRS  268.405982648 65.212299030 268.406676442 65.212587402 268.406585590 65.212625966 268.405891790 65.212337597 POLYGON ICRS  268.379618228 65.201540797 268.380317355 65.201831815 268.380226220 65.201870493 268.379527085 65.201579478 POLYGON ICRS  268.383079270 65.202981376 268.383777656 65.203272029 268.383686562 65.203310691 268.382988167 65.203020041 POLYGON ICRS  268.399584851 65.210680708 268.400279724 65.210969541 268.400188810 65.211008120 268.399493930 65.210719289 POLYGON ICRS  268.306724665 65.183337414 268.307438691 65.183634268 268.307345355 65.183673682 268.306631318 65.183376832 POLYGON ICRS  268.305840853 65.183075258 268.306555085 65.183372194 268.306461735 65.183411612 268.305747492 65.183114680 POLYGON ICRS  268.310388138 65.185176046 268.311101205 65.185472419 268.311007924 65.185511809 268.310294846 65.185215439 POLYGON ICRS  268.301669656 65.181657080 268.302384903 65.181954442 268.302291488 65.181993879 268.301576229 65.181696521 POLYGON ICRS  268.317068167 65.188057216 268.317779603 65.188352814 268.317686423 65.188392165 268.316974976 65.188096571 POLYGON ICRS  268.313415807 65.186644684 268.314128104 65.186940674 268.314034868 65.186980043 268.313322560 65.186684058 POLYGON ICRS  268.320090165 65.189942876 268.320800794 65.190238020 268.320707656 65.190277346 268.319997017 65.189982206 POLYGON ICRS  268.309768468 65.186916977 268.310481381 65.187213048 268.310388082 65.187252415 268.309675158 65.186956349 POLYGON ICRS  268.334016475 65.197296016 268.334473445 65.197485567 268.334380502 65.197524802 268.333923526 65.197335254 POLYGON ICRS  268.335517688 65.197918704 268.335974436 65.198108151 268.335881516 65.198147378 268.335424761 65.197957934 POLYGON ICRS  268.315569611 65.190376155 268.316280973 65.190671380 268.316187758 65.190710702 268.315476385 65.190415482 POLYGON ICRS  268.329885091 65.196315490 268.330593120 65.196609145 268.330500118 65.196648392 268.329792079 65.196354740 POLYGON ICRS  268.334266826 65.198237346 268.334973838 65.198530512 268.334880899 65.198569735 268.334173877 65.198276573 POLYGON ICRS  268.330261306 65.196995201 268.330969175 65.197288724 268.330876177 65.197327963 268.330168297 65.197034443 POLYGON ICRS  268.331012729 65.197306784 268.331720425 65.197600226 268.331627437 65.197639461 268.330919730 65.197346022 POLYGON ICRS  268.308775958 65.189868164 268.309488607 65.190163724 268.309395277 65.190203056 268.308682617 65.189907500 POLYGON ICRS  268.325626463 65.197482719 268.326335060 65.197776319 268.326241980 65.197815555 268.325533373 65.197521958 POLYGON ICRS  268.305374090 65.189402982 268.306087424 65.189698750 268.305994036 65.189738089 268.305280691 65.189442325 POLYGON ICRS  268.314574767 65.193531913 268.315285849 65.193826601 268.315192601 65.193865887 268.314481508 65.193571202 POLYGON ICRS  268.291216863 65.185426837 268.291933472 65.185723870 268.291839852 65.185763265 268.291123232 65.185466236 POLYGON ICRS  268.319607406 65.198341323 268.320316925 65.198634985 268.320223736 65.198674215 268.319514207 65.198380557 POLYGON ICRS  268.291865998 65.187905428 268.292582070 65.188201967 268.292488447 65.188241333 268.291772364 65.187944798 POLYGON ICRS  268.293142704 65.190116183 268.293858180 65.190412262 268.293764566 65.190451602 268.293049079 65.190155528 POLYGON ICRS  268.293020154 65.190801107 268.293482427 65.190992349 268.293388803 65.191031683 268.292926522 65.190840444 POLYGON ICRS  268.309053990 65.198375648 268.309765355 65.198669673 268.309671977 65.198708913 268.308960601 65.198414892 POLYGON ICRS  268.321990905 65.204035402 268.322448598 65.204224479 268.322355410 65.204263655 268.321897710 65.204074579 POLYGON ICRS  268.320361111 65.203466662 268.320819038 65.203655838 268.320725824 65.203695020 268.320267890 65.203505846 POLYGON ICRS  268.291508806 65.191646964 268.292224345 65.191942819 268.292130690 65.191982145 268.291415140 65.191686294 POLYGON ICRS  268.306284902 65.197859900 268.306996832 65.198154112 268.306903407 65.198193359 268.306191466 65.197899151 POLYGON ICRS  268.291513045 65.192489095 268.292228451 65.192784794 268.292134791 65.192824112 268.291419374 65.192528417 POLYGON ICRS  268.311446108 65.200934974 268.312156688 65.201228472 268.312063335 65.201267686 268.311352743 65.200974191 POLYGON ICRS  268.322114557 65.205445343 268.322822642 65.205737712 268.322729449 65.205776874 268.322021353 65.205484508 POLYGON ICRS  268.291645004 65.193698806 268.292360197 65.193994279 268.292266530 65.194033584 268.291551326 65.193738115 POLYGON ICRS  268.298092842 65.196677063 268.298806410 65.196971771 268.298712841 65.197011039 268.297999262 65.196716335 POLYGON ICRS  268.310189824 65.203137485 268.310900314 65.203430653 268.310806920 65.203469849 268.310096419 65.203176684 POLYGON ICRS  268.294056266 65.196898352 268.294770531 65.197193163 268.294676885 65.197232435 268.293962609 65.196937628 POLYGON ICRS  268.316592974 65.206929082 268.317301808 65.207221399 268.317208502 65.207260556 268.316499657 65.206968242 POLYGON ICRS  268.277086714 65.192416097 268.277804851 65.192712335 268.277710921 65.192751674 268.276992772 65.192455440 POLYGON ICRS  268.285969994 65.196709905 268.286685766 65.197005035 268.286591970 65.197044322 268.285876187 65.196749195 POLYGON ICRS  268.284070878 65.196241738 268.284787073 65.196537020 268.284693245 65.196576314 268.283977038 65.196281035 POLYGON ICRS  268.301507227 65.203638492 268.302219174 65.203931876 268.302125613 65.203971080 268.301413655 65.203677701 POLYGON ICRS  268.287494073 65.198806860 268.287956202 65.198997292 268.287862413 65.199036560 268.287400277 65.198846130 POLYGON ICRS  268.306540094 65.207594595 268.307250587 65.207887150 268.307157085 65.207926318 268.306446581 65.207633767 POLYGON ICRS  268.283451331 65.200078200 268.284167040 65.200372820 268.284073168 65.200412085 268.283357448 65.200117468 POLYGON ICRS  268.305782360 65.209373304 268.306492728 65.209665597 268.306399195 65.209704755 268.305688816 65.209412465 POLYGON ICRS  268.287754670 65.202268767 268.288469266 65.202562857 268.288375457 65.202602098 268.287660850 65.202308011 POLYGON ICRS  268.285353107 65.202223716 268.285815150 65.202413810 268.285721292 65.202453057 268.285259243 65.202262965 POLYGON ICRS  268.293944117 65.205967299 268.294657061 65.206260551 268.294563335 65.206299755 268.293850381 65.206006506 POLYGON ICRS  268.298606644 65.209035424 268.299318316 65.209328016 268.299224649 65.209367191 268.298512966 65.209074603 POLYGON ICRS  268.268614662 65.197437007 268.269333549 65.197732624 268.269239423 65.197771942 268.268520526 65.197476329 POLYGON ICRS  268.267724591 65.197176050 268.268443692 65.197471747 268.268349551 65.197511069 268.267630440 65.197215376 POLYGON ICRS  268.286746986 65.204996995 268.287461350 65.205290654 268.287367497 65.205329880 268.286653123 65.205036224 POLYGON ICRS  268.293564945 65.207799580 268.294277684 65.208092543 268.294183933 65.208131737 268.293471184 65.207838777 POLYGON ICRS  268.282194290 65.203963720 268.282909624 65.204257709 268.282815696 65.204296952 268.282100351 65.204002966 POLYGON ICRS  268.269128166 65.198698183 268.269846739 65.198993552 268.269752613 65.199032861 268.269034029 65.198737496 POLYGON ICRS  268.299610133 65.211329532 268.300321290 65.211621722 268.300227619 65.211660884 268.299516451 65.211368696 POLYGON ICRS  268.279662824 65.203552218 268.280378676 65.203846364 268.280284704 65.203885616 268.279568841 65.203591473 POLYGON ICRS  268.282575018 65.205063103 268.283290114 65.205356892 268.283196183 65.205396128 268.282481076 65.205102342 POLYGON ICRS  268.292553316 65.209894552 268.293013787 65.210083661 268.292919992 65.210122848 268.292459516 65.209933741 POLYGON ICRS  268.267736779 65.199911137 268.268201143 65.200101890 268.268106978 65.200141196 268.267642608 65.199950446 POLYGON ICRS  268.285104764 65.207149493 268.285566349 65.207339053 268.285472442 65.207378272 268.285010850 65.207188714 POLYGON ICRS  268.298849455 65.213107214 268.299560479 65.213399151 268.299466774 65.213438307 268.298755740 65.213146373 POLYGON ICRS  268.267484874 65.200437478 268.268203455 65.200732590 268.268109286 65.200771893 268.267390694 65.200476785 POLYGON ICRS  268.283334824 65.207050934 268.283796621 65.207240543 268.283702681 65.207279768 268.283240879 65.207090161 POLYGON ICRS  268.268757505 65.201379868 268.269475691 65.201674768 268.269381537 65.201714062 268.268663341 65.201419165 POLYGON ICRS  268.290028306 65.210531376 268.290741253 65.210824014 268.290647408 65.210863203 268.289934451 65.210570568 POLYGON ICRS  268.294062461 65.212187232 268.294774455 65.212479473 268.294680669 65.212518644 268.293968665 65.212226406 POLYGON ICRS  268.273202957 65.203729487 268.273919944 65.204023822 268.273825852 65.204063091 268.273108854 65.203768759 POLYGON ICRS  268.285104304 65.208614874 268.285818405 65.208907987 268.285724488 65.208947198 268.285010376 65.208654089 POLYGON ICRS  268.390179891 65.217553596 268.390879133 65.217843324 268.390786945 65.217882342 268.390087694 65.217592616 POLYGON ICRS  268.370413739 65.213526331 268.371116544 65.213817347 268.371024102 65.213856406 268.370321289 65.213565392 POLYGON ICRS  268.386801734 65.221453099 268.387500961 65.221742387 268.387408719 65.221781378 268.386709484 65.221492093 POLYGON ICRS  268.388026647 65.222375182 268.388725584 65.222664302 268.388633355 65.222703287 268.387934410 65.222414169 POLYGON ICRS  268.383593610 65.220956758 268.384293366 65.221246224 268.384201083 65.221285220 268.383501318 65.220995757 POLYGON ICRS  268.388501222 65.224024680 268.389199893 65.224313562 268.389107664 65.224352536 268.388408984 65.224063656 POLYGON ICRS  268.372100053 65.219216993 268.372801789 65.219507102 268.372709347 65.219546117 268.372007602 65.219256011 POLYGON ICRS  268.352148618 65.213780084 268.352854370 65.214071709 268.352761643 65.214110777 268.352055881 65.213819155 POLYGON ICRS  268.343686149 65.212159585 268.344393562 65.212451762 268.344300702 65.212490850 268.343593279 65.212198676 POLYGON ICRS  268.368720642 65.222497495 268.369422458 65.222787257 268.369329942 65.222826256 268.368628116 65.222536496 POLYGON ICRS  268.358824497 65.219035445 268.359528387 65.219326047 268.359435734 65.219365074 268.358731835 65.219074475 POLYGON ICRS  268.362160765 65.220932663 268.362863843 65.221222874 268.362771231 65.221261888 268.362068144 65.220971679 POLYGON ICRS  268.349145104 65.216080375 268.349851026 65.216371757 268.349758231 65.216410812 268.349052298 65.216119433 POLYGON ICRS  268.350506833 65.217162935 268.351212371 65.217454107 268.351119590 65.217493154 268.350414043 65.217201985 POLYGON ICRS  268.366594379 65.224217261 268.367296296 65.224506861 268.367203731 65.224545854 268.366501805 65.224256256 POLYGON ICRS  268.339439159 65.213116249 268.340147157 65.213408428 268.340054216 65.213447513 268.339346207 65.213155337 POLYGON ICRS  268.352358586 65.219071778 268.353063538 65.219362603 268.352970774 65.219401638 268.352265812 65.219110815 POLYGON ICRS  268.367572667 65.225451831 268.368274264 65.225741231 268.368181705 65.225780218 268.367480099 65.225490820 POLYGON ICRS  268.344533273 65.216364080 268.345239933 65.216655582 268.345147054 65.216694641 268.344440385 65.216403141 POLYGON ICRS  268.350490491 65.219237674 268.351195730 65.219528541 268.351102932 65.219567577 268.350397682 65.219276712 POLYGON ICRS  268.341291755 65.216276964 268.341998978 65.216568595 268.341906042 65.216607658 268.341198809 65.216316030 POLYGON ICRS  268.338673728 65.215926682 268.339381448 65.216218458 268.339288468 65.216257526 268.338580737 65.215965753 POLYGON ICRS  268.343512884 65.219483288 268.344219261 65.219774367 268.344126334 65.219813410 268.343419947 65.219522334 POLYGON ICRS  268.369481310 65.231429515 268.370181846 65.231718087 268.370089257 65.231757053 268.369388712 65.231468483 POLYGON ICRS  268.350696865 65.223899507 268.351401395 65.224189708 268.351308554 65.224228722 268.350604014 65.223938523 POLYGON ICRS  268.341375486 65.221621258 268.342081910 65.221912106 268.341988922 65.221951143 268.341282488 65.221660297 POLYGON ICRS  268.347329969 65.224488856 268.347785528 65.224676402 268.347692614 65.224715420 268.347237049 65.224527875 POLYGON ICRS  268.346704635 65.224751433 268.347409704 65.225041658 268.347316779 65.225080676 268.346611700 65.224790453 POLYGON ICRS  268.364266846 65.231980906 268.364968097 65.232269587 268.364875407 65.232308560 268.364174147 65.232019880 POLYGON ICRS  268.329782896 65.219036639 268.330491683 65.219328266 268.330398504 65.219367333 268.329689707 65.219075708 POLYGON ICRS  268.357583793 65.230476270 268.358286280 65.230765367 268.358193486 65.230804353 268.357490990 65.230515258 POLYGON ICRS  268.360301095 65.231594537 268.361003006 65.231883402 268.360910247 65.231922382 268.360208328 65.231633519 POLYGON ICRS  268.347183047 65.226612135 268.347887764 65.226902093 268.347794825 65.226941105 268.347090098 65.226651149 POLYGON ICRS  268.338865768 65.223294178 268.339572368 65.223584880 268.339479313 65.223623915 268.338772702 65.223333216 POLYGON ICRS  268.362511108 65.233334620 268.363212452 65.233623198 268.363119710 65.233662172 268.362418358 65.233373596 POLYGON ICRS  268.363735534 65.234461239 268.364436550 65.234749643 268.364343815 65.234788614 268.363642790 65.234500212 POLYGON ICRS  268.356945600 65.231771732 268.357648009 65.232060690 268.357555185 65.232099676 268.356852767 65.231810719 POLYGON ICRS  268.344436962 65.227146249 268.345142055 65.227436233 268.345049057 65.227475248 268.344343954 65.227185266 POLYGON ICRS  268.347412118 65.228369860 268.348116541 65.228659580 268.348023582 65.228698587 268.347319150 65.228408870 POLYGON ICRS  268.344420455 65.228595233 268.344875935 65.228782492 268.344782913 65.228821506 268.344327427 65.228634248 POLYGON ICRS  268.336083887 65.226937177 268.336790406 65.227227481 268.336697248 65.227266514 268.335990719 65.226976211 POLYGON ICRS  268.355035685 65.235037258 268.355737945 65.235325889 268.355645033 65.235364877 268.354942764 65.235076247 POLYGON ICRS  268.347855026 65.232709781 268.348558743 65.232998938 268.348465728 65.233037941 268.347762002 65.232748785 POLYGON ICRS  268.342382558 65.232125048 268.343087246 65.232414467 268.342994132 65.232453481 268.342289435 65.232164064 POLYGON ICRS  268.324475516 65.225397039 268.325184239 65.225687954 268.325090875 65.225727015 268.324382142 65.225436102 POLYGON ICRS  268.338902067 65.231319742 268.339607446 65.231609382 268.339514276 65.231648405 268.338808888 65.231358766 POLYGON ICRS  268.326588719 65.226785136 268.327046308 65.226972951 268.326952962 65.227012005 268.326495366 65.226824192 POLYGON ICRS  268.340011698 65.232295393 268.340716745 65.232584874 268.340623581 65.232623894 268.339918524 65.232334415 POLYGON ICRS  268.332559346 65.229444037 268.333266067 65.229734136 268.333172801 65.229773174 268.332466071 65.229483077,3.0.0,RELEASE,jwst_1584.pmap,13.2.6,,3,,PRISM,169.1672288,16.068142,36.13956,169.1786652,0.337685764,16.068142,0.0320942923,f,1,jw09263007002_01_msa.fits,1,PRIMARYPARK_CONFIG,,,,16,4,,,2-SHUTTER-SLITLET,,,,,f,69707520,97638e988c8ed0954495adb0d33807a7,/Date(1790605487726)/,61311.60055238426,/Date(1790605752673)/,61311.603618900466,86,/Date(1790605488000)/,61311.60055555555,False,False,False,8201662,mast:JWST/product/jw09263007002_03101_00001_nrs1_cal.fits,"GO-9263 Shen, Yue",CLEAR,NIRSPEC,2026-09-28 14:24:48.000,2026-09-28 02:26:52.427
257941439,jw09263007002_03101_00002_nrs1_rate.fits,jw09263007002_03101_00002,2b,01,NRS_FULL_MSA,jw09263_20260927t223837_pool.csv,jw09263-o007_20260927t223837_spec2_00011_asn.json,63.42046922072768,61311.12113447409,f,,,61311.11674431152,61311.11235414895,GO,5105,58,f,/Date(1790605009761)/,61311.59502037037,/Date(1790564002600)/,61311.12040046296,/Date(1790563243978)/,61311.11162009259,NRS1,0,0,758.622,744.033,744.033,OK,NRS_MSASPEC,4,61311.12040046296,61311.116010289355,2,PRIME,61311.11162011574,2,CLEAR,1,1.0,N4EL000099,0,65.23780713477443,13.07157230377197,1,268.1833710800231,/Date(1790559914796)/,61311.073087916666,/Date(1790559826732)/,61311.07206866898,0.0184821263,0.009811261668801308,0.0167074949,63.30529558472335,61311.12113314108,f,61311.116742978505,61311.11235281592,NIRSPEC,f,,NONE,0,,,0,10,,1,51,1,1,1,1,2,0.0,V09263007002P0000000003101,7,Deep-epoch9 NIRSpec MOS,STSCI,FINEGUIDE,"Shen, Yue",NRS_FULL_MSA,PRDOPSSOC-074,9263,65.19850833333334,268.4601470833333,61309.050134606485,NRSIRS2RAPID,491,,2026_2a,,1,1,FULL,,2048,2048,1,1,65.19850833333334,268.4601470833333,,f,msa_catalog_deep_ep9,FIXED,0.1,0.1,JWST,NIRSpec MultiObject Spectroscopy,14.58889,14.589,UTC,NEXUS: the North ecliptic pole EXtragalactic Unified Survey,10,f,2,09263007002,/Date(1790564200232)/,61311.12268788194,03,SUCCESSFUL,PRIME_TARGETED_FIXED,/Date(1790559412012)/,61311.06726866898,107.6666554,-111.2288115,f,,,,,,MultiSlitModel,f,,,,,/Date(1790563243978)/,61311.11162009259,,0.0,MSASPEC,2026271T112357715_001_osf.xml,,,,,UNKNOWN,,2,,NONE,2,1,f,CALCULATED_TRACK_TR_202111,12.0,5,86.54513910672365,,,,,65.20378833878361,268.35588675026213,f,,,,GSC32,0.10202203753617343,0.46575704327880807,729.444,,,,,,,,,,,,,POLYGON ICRS  268.328923434 65.169449425 268.329639469 65.169749843 268.329546447 65.169789462 268.328830403 65.169489049 POLYGON ICRS  268.333332555 65.171828059 268.334047409 65.172127855 268.333954453 65.172167440 268.333239589 65.171867648 POLYGON ICRS  268.331324953 65.171832317 268.332040164 65.172132185 268.331947183 65.172171768 268.331231962 65.171871904 POLYGON ICRS  268.334599491 65.174050621 268.335313772 65.174349944 268.335220841 65.174389494 268.334506549 65.174090176 POLYGON ICRS  268.341635077 65.178264401 268.342095439 65.178457135 268.342002606 65.178496625 268.341542238 65.178303893 POLYGON ICRS  268.357761755 65.185538277 268.358470481 65.185834600 268.358377869 65.185873987 268.357669134 65.185577667 POLYGON ICRS  268.335489131 65.176429856 268.336202892 65.176728690 268.336109979 65.176768203 268.335396208 65.176469373 POLYGON ICRS  268.340635442 65.179111444 268.341347921 65.179409583 268.341255082 65.179449058 268.340542593 65.179150923 POLYGON ICRS  268.355393739 65.185494603 268.355851954 65.185686142 268.355759310 65.185725529 268.355301090 65.185533992 POLYGON ICRS  268.359755853 65.187842950 268.360463924 65.188138776 268.360371341 65.188178129 268.359663261 65.187882307 POLYGON ICRS  268.341014821 65.180218775 268.341727072 65.180516690 268.341634240 65.180556148 268.340921979 65.180258236 POLYGON ICRS  268.331855245 65.176491987 268.332569630 65.176790940 268.332476670 65.176830450 268.331762275 65.176531501 POLYGON ICRS  268.326075780 65.175551832 268.326791337 65.175851176 268.326698296 65.175890696 268.325982729 65.175591356 POLYGON ICRS  268.345526537 65.183789879 268.346237512 65.184086962 268.346144745 65.184126368 268.345433760 65.183829289 POLYGON ICRS  268.321290792 65.173972555 268.322007475 65.174272380 268.321914364 65.174311923 268.321197671 65.174012102 POLYGON ICRS  268.336257827 65.180337294 268.336970868 65.180635357 268.336877974 65.180674810 268.336164922 65.180376751 POLYGON ICRS  268.332371523 65.179872303 268.333085303 65.180170593 268.332992355 65.180210051 268.332278564 65.179911765 POLYGON ICRS  268.325583562 65.177246114 268.326298939 65.177545151 268.326205893 65.177584645 268.325490505 65.177285613 POLYGON ICRS  268.336891256 65.181971552 268.337351784 65.182163941 268.337258896 65.182203371 268.336798362 65.182010985 POLYGON ICRS  268.320296834 65.175669523 268.321013420 65.175969057 268.320920297 65.176008573 268.320203700 65.175709043 POLYGON ICRS  268.331998866 65.180665099 268.332712592 65.180963251 268.332619639 65.181002697 268.331905902 65.180704549 POLYGON ICRS  268.351276860 65.189553848 268.351986055 65.189849659 268.351893369 65.189888983 268.351184164 65.189593176 POLYGON ICRS  268.388772421 65.203054686 268.389469888 65.203345102 268.389378855 65.203383764 268.388681381 65.203093351 POLYGON ICRS  268.401327721 65.208905829 268.402022546 65.209194859 268.401931647 65.209233457 268.401236814 65.208944430 POLYGON ICRS  268.387525069 65.204414242 268.388222518 65.204704476 268.388131475 65.204743120 268.387434018 65.204452890 POLYGON ICRS  268.405733932 65.212195852 268.406427719 65.212484226 268.406336867 65.212522789 268.405643074 65.212234418 POLYGON ICRS  268.379369764 65.201437551 268.380068884 65.201728572 268.379977749 65.201767249 268.379278621 65.201476232 POLYGON ICRS  268.382830771 65.202878139 268.383529151 65.203168794 268.383438056 65.203207455 268.382739668 65.202916804 POLYGON ICRS  268.399336176 65.210577510 268.400031042 65.210866346 268.399940128 65.210904924 268.399245255 65.210616092 POLYGON ICRS  268.306476805 65.183234012 268.307190824 65.183530868 268.307097488 65.183570282 268.306383458 65.183273430 POLYGON ICRS  268.305593000 65.182971854 268.306307226 65.183268792 268.306213876 65.183308210 268.305499639 65.183011276 POLYGON ICRS  268.310140236 65.185072653 268.310853296 65.185369028 268.310760015 65.185408418 268.310046944 65.185112046 POLYGON ICRS  268.301421839 65.181553666 268.302137080 65.181851029 268.302043664 65.181890467 268.301328412 65.181593107 POLYGON ICRS  268.316820202 65.187953841 268.317531631 65.188249441 268.317438451 65.188288791 268.316727011 65.187993196 POLYGON ICRS  268.313167872 65.186541298 268.313880162 65.186837290 268.313786926 65.186876660 268.313074625 65.186580672 POLYGON ICRS  268.319842161 65.189839509 268.320552783 65.190134654 268.320459645 65.190173980 268.319749013 65.189878839 POLYGON ICRS  268.309520544 65.186813583 268.310233450 65.187109655 268.310140151 65.187149022 268.309427234 65.186852954 POLYGON ICRS  268.333768311 65.197192682 268.334225276 65.197382234 268.334132333 65.197421469 268.333675362 65.197231920 POLYGON ICRS  268.335269509 65.197815374 268.335726253 65.198004822 268.335633332 65.198044049 268.335176582 65.197854604 POLYGON ICRS  268.315321619 65.190272777 268.316032974 65.190568003 268.315939758 65.190607325 268.315228393 65.190312103 POLYGON ICRS  268.329636957 65.196212146 268.330344979 65.196505803 268.330251977 65.196545050 268.329543944 65.196251396 POLYGON ICRS  268.334018643 65.198134011 268.334725647 65.198427179 268.334632709 65.198466402 268.333925694 65.198173238 POLYGON ICRS  268.330013159 65.196891857 268.330721021 65.197185382 268.330628022 65.197224621 268.329920149 65.196931099 POLYGON ICRS  268.330764576 65.197203442 268.331472266 65.197496887 268.331379277 65.197536121 268.330671577 65.197242681 POLYGON ICRS  268.308527997 65.189764768 268.309240639 65.190060329 268.309147309 65.190099661 268.308434656 65.189804103 POLYGON ICRS  268.325378329 65.197379364 268.326086918 65.197672967 268.325993839 65.197712202 268.325285239 65.197418603 POLYGON ICRS  268.305126151 65.189299578 268.305839477 65.189595347 268.305746089 65.189634686 268.305032751 65.189338921 POLYGON ICRS  268.314326737 65.193428533 268.315037812 65.193723223 268.314944563 65.193762509 268.314233477 65.193467822 POLYGON ICRS  268.290969034 65.185323397 268.291685636 65.185620432 268.291592016 65.185659827 268.290875403 65.185362796 POLYGON ICRS  268.319359281 65.198237953 268.320068793 65.198531616 268.319975604 65.198570846 268.319266081 65.198277187 POLYGON ICRS  268.291618132 65.187801990 268.292334197 65.188098530 268.292240574 65.188137896 268.291524497 65.187841359 POLYGON ICRS  268.292894801 65.190012748 268.293610270 65.190308828 268.293516656 65.190348168 268.292801175 65.190052092 POLYGON ICRS  268.292772242 65.190697671 268.293234510 65.190888914 268.293140886 65.190928249 268.292678610 65.190737008 POLYGON ICRS  268.308805910 65.198272254 268.309517269 65.198566280 268.309423890 65.198605519 268.308712521 65.198311497 POLYGON ICRS  268.321742693 65.203932038 268.322200381 65.204121117 268.322107193 65.204160292 268.321649497 65.203971215 POLYGON ICRS  268.320112912 65.203363295 268.320570835 65.203552472 268.320477621 65.203591653 268.320019692 65.203402478 POLYGON ICRS  268.291260888 65.191543525 268.291976419 65.191839381 268.291882765 65.191878707 268.291167222 65.191582855 POLYGON ICRS  268.306036838 65.197756497 268.306748761 65.198050711 268.306655335 65.198089958 268.305943402 65.197795748 POLYGON ICRS  268.291265115 65.192385656 268.291980514 65.192681357 268.291886853 65.192720674 268.291171443 65.192424977 POLYGON ICRS  268.311197980 65.200831584 268.311908554 65.201125084 268.311815200 65.201164297 268.311104615 65.200870801 POLYGON ICRS  268.321866328 65.205341981 268.322574407 65.205634352 268.322481213 65.205673514 268.321773124 65.205381147 POLYGON ICRS  268.291397057 65.193595367 268.292112243 65.193890842 268.292018576 65.193930147 268.291303379 65.193634676 POLYGON ICRS  268.297844826 65.196573639 268.298558387 65.196868349 268.298464819 65.196907618 268.297751247 65.196612911 POLYGON ICRS  268.309941668 65.203034091 268.310652150 65.203327261 268.310558756 65.203366456 268.309848263 65.203073290 POLYGON ICRS  268.293808264 65.196794920 268.294522523 65.197089732 268.294428877 65.197129004 268.293714607 65.196834195 POLYGON ICRS  268.316344741 65.206825705 268.317053569 65.207118023 268.316960262 65.207157180 268.316251424 65.206864865 POLYGON ICRS  268.276838841 65.192312621 268.277556971 65.192608862 268.277463040 65.192648200 268.276744899 65.192351964 POLYGON ICRS  268.285722028 65.196606453 268.286437793 65.196901585 268.286343996 65.196940871 268.285628220 65.196645743 POLYGON ICRS  268.283822922 65.196138279 268.284539110 65.196433563 268.284445282 65.196472857 268.283729082 65.196177577 POLYGON ICRS  268.301259102 65.203535079 268.301971042 65.203828464 268.301877481 65.203867668 268.301165530 65.203574287 POLYGON ICRS  268.287246069 65.198703410 268.287708193 65.198893843 268.287614405 65.198933111 268.287152273 65.198742680 POLYGON ICRS  268.306291891 65.207491193 268.307002377 65.207783750 268.306908875 65.207822918 268.306198378 65.207530364 POLYGON ICRS  268.283203324 65.199974740 268.283919026 65.200269362 268.283825155 65.200308626 268.283109442 65.200014008 POLYGON ICRS  268.305534139 65.209269902 268.306244501 65.209562196 268.306150967 65.209601355 268.305440595 65.209309063 POLYGON ICRS  268.287506613 65.202165318 268.288221203 65.202459409 268.288127394 65.202498649 268.287412793 65.202204561 POLYGON ICRS  268.285105063 65.202120261 268.285567101 65.202310356 268.285473243 65.202349603 268.285011198 65.202159510 POLYGON ICRS  268.293695989 65.205863867 268.294408925 65.206157121 268.294315199 65.206196324 268.293602252 65.205903073 POLYGON ICRS  268.298358449 65.208932002 268.299070114 65.209224595 268.298976447 65.209263770 268.298264771 65.208971180 POLYGON ICRS  268.268366752 65.197333511 268.269085632 65.197629129 268.268991506 65.197668447 268.268272615 65.197372833 POLYGON ICRS  268.267476687 65.197072551 268.268195781 65.197368250 268.268101640 65.197407572 268.267382536 65.197111877 POLYGON ICRS  268.286498897 65.204893544 268.287213254 65.205187205 268.287119401 65.205226430 268.286405034 65.204932773 POLYGON ICRS  268.293316790 65.207696146 268.294029522 65.207989110 268.293935771 65.208028304 268.293223029 65.207735343 POLYGON ICRS  268.281946236 65.203860258 268.282661563 65.204154249 268.282567635 65.204193492 268.281852297 65.203899504 POLYGON ICRS  268.268880235 65.198594688 268.269598802 65.198890059 268.269504675 65.198929367 268.268786098 65.198634000 POLYGON ICRS  268.299361902 65.211226111 268.300073052 65.211518304 268.299979381 65.211557465 268.299268220 65.211265276 POLYGON ICRS  268.279414782 65.203448749 268.280130627 65.203742896 268.280036655 65.203782148 268.279320799 65.203488003 POLYGON ICRS  268.282326947 65.204959642 268.283042036 65.205253433 268.282948105 65.205292669 268.282233005 65.204998881 POLYGON ICRS  268.292305136 65.209791115 268.292765601 65.209980225 268.292671807 65.210019412 268.292211335 65.209830304 POLYGON ICRS  268.267488837 65.199807639 268.267953196 65.199998392 268.267859031 65.200037698 268.267394665 65.199846947 POLYGON ICRS  268.284856652 65.207046037 268.285318231 65.207235599 268.285224324 65.207274818 268.284762738 65.207085259 POLYGON ICRS  268.298601199 65.213003791 268.299312216 65.213295730 268.299218511 65.213334885 268.298507484 65.213042949 POLYGON ICRS  268.267236925 65.200333979 268.267955500 65.200629093 268.267861330 65.200668396 268.267142745 65.200373285 POLYGON ICRS  268.283086720 65.206947474 268.283548512 65.207137084 268.283454572 65.207176309 268.282992774 65.206986700 POLYGON ICRS  268.268509538 65.201276371 268.269227716 65.201571273 268.269133563 65.201610567 268.268415373 65.201315669 POLYGON ICRS  268.289780128 65.210427933 268.290493068 65.210720573 268.290399223 65.210759762 268.289686273 65.210467126 POLYGON ICRS  268.293814240 65.212083797 268.294526226 65.212376040 268.294432440 65.212415212 268.293720443 65.212122972 POLYGON ICRS  268.272954940 65.203626002 268.273671920 65.203920339 268.273577828 65.203959607 268.272860837 65.203665274 POLYGON ICRS  268.284856170 65.208511419 268.285570264 65.208804533 268.285476347 65.208843744 268.284762242 65.208550633 POLYGON ICRS  268.389929760 65.217449797 268.390628996 65.217739527 268.390536808 65.217778545 268.389837563 65.217488818 POLYGON ICRS  268.370163732 65.213422479 268.370866530 65.213713497 268.370774088 65.213752555 268.370071281 65.213461540 POLYGON ICRS  268.386551559 65.221349292 268.387250779 65.221638582 268.387158537 65.221677573 268.386459309 65.221388286 POLYGON ICRS  268.387776454 65.222271379 268.388475385 65.222560501 268.388383156 65.222599485 268.387684217 65.222310365 POLYGON ICRS  268.383343453 65.220852943 268.384043203 65.221142410 268.383950919 65.221181406 268.383251161 65.220891941 POLYGON ICRS  268.388251011 65.223920881 268.388949676 65.224209764 268.388857447 65.224248738 268.388158774 65.223959857 POLYGON ICRS  268.371849964 65.219113149 268.372551693 65.219403259 268.372459251 65.219442274 268.371757513 65.219152166 POLYGON ICRS  268.351898674 65.213676186 268.352604419 65.213967813 268.352511692 65.214006880 268.351805936 65.213715256 POLYGON ICRS  268.343436257 65.212055665 268.344143663 65.212347844 268.344050803 65.212386931 268.343343386 65.212094755 POLYGON ICRS  268.368470517 65.222393642 268.369172326 65.222683406 268.369079810 65.222722405 268.368377991 65.222432643 POLYGON ICRS  268.358574457 65.218931566 268.359278340 65.219222170 268.359185687 65.219261197 268.358481794 65.218970596 POLYGON ICRS  268.361910686 65.220828793 268.362613757 65.221119006 268.362521145 65.221158019 268.361818064 65.220867808 POLYGON ICRS  268.348895138 65.215976470 268.349601054 65.216267853 268.349508259 65.216306909 268.348802333 65.216015527 POLYGON ICRS  268.350256848 65.217059034 268.350962378 65.217350207 268.350869598 65.217389254 268.350164057 65.217098083 POLYGON ICRS  268.366344238 65.224113403 268.367046148 65.224403005 268.366953583 65.224441998 268.366251664 65.224152397 POLYGON ICRS  268.339189269 65.213012318 268.339897260 65.213304498 268.339804318 65.213343583 268.339096316 65.213051406 POLYGON ICRS  268.352108567 65.218967882 268.352813513 65.219258709 268.352720748 65.219297743 268.352015793 65.219006919 POLYGON ICRS  268.367322503 65.225347975 268.368024094 65.225637377 268.367931534 65.225676363 268.367229934 65.225386963 POLYGON ICRS  268.344283319 65.216260162 268.344989972 65.216551667 268.344897093 65.216590725 268.344190430 65.216299223 POLYGON ICRS  268.350240477 65.219133773 268.350945710 65.219424643 268.350852911 65.219463678 268.350147669 65.219172811 POLYGON ICRS  268.341041814 65.216173039 268.341749030 65.216464671 268.341656094 65.216503734 268.340948867 65.216212104 POLYGON ICRS  268.338423800 65.215822749 268.339131514 65.216114527 268.339038534 65.216153595 268.338330810 65.215861820 POLYGON ICRS  268.343262889 65.219379369 268.343969260 65.219670450 268.343876333 65.219709493 268.343169953 65.219418415 POLYGON ICRS  268.369231055 65.231325666 268.369931586 65.231614239 268.369838996 65.231653205 268.369138457 65.231364633 POLYGON ICRS  268.350446784 65.223795608 268.351151309 65.224085811 268.351058467 65.224124825 268.350353933 65.223834624 POLYGON ICRS  268.341125469 65.221517334 268.341831886 65.221808183 268.341738898 65.221847220 268.341032470 65.221556373 POLYGON ICRS  268.347081367 65.224385555 268.347536921 65.224573103 268.347444008 65.224612121 268.346988447 65.224424575 POLYGON ICRS  268.346454556 65.224647524 268.347159618 65.224937751 268.347066693 65.224976769 268.346361621 65.224686543 POLYGON ICRS  268.364016603 65.231877043 268.364717847 65.232165726 268.364625157 65.232204699 268.363923903 65.231916017 POLYGON ICRS  268.329532957 65.218932685 268.330241738 65.219224314 268.330148559 65.219263380 268.329439768 65.218971754 POLYGON ICRS  268.357333597 65.230372391 268.358036077 65.230661489 268.357943283 65.230700475 268.357240794 65.230411379 POLYGON ICRS  268.360050876 65.231490666 268.360752780 65.231779532 268.360660021 65.231818512 268.359958108 65.231529648 POLYGON ICRS  268.346932939 65.226508227 268.347637650 65.226798187 268.347544711 65.226837199 268.346839990 65.226547240 POLYGON ICRS  268.338615738 65.223190249 268.339322332 65.223480952 268.339229276 65.223519988 268.338522673 65.223229286 POLYGON ICRS  268.362260857 65.233230755 268.362962194 65.233519335 268.362869452 65.233558309 268.362168106 65.233269730 POLYGON ICRS  268.363485267 65.234357379 268.364186277 65.234645785 268.364093542 65.234684756 268.363392523 65.234396352 POLYGON ICRS  268.356695384 65.231667850 268.357397786 65.231956809 268.357304962 65.231995795 268.356602550 65.231706837 POLYGON ICRS  268.344186859 65.227042335 268.344891946 65.227332321 268.344798947 65.227371336 268.344093850 65.227081352 POLYGON ICRS  268.347161988 65.228265954 268.347866404 65.228555675 268.347773445 65.228594683 268.347069019 65.228304964 POLYGON ICRS  268.344171807 65.228491925 268.344627282 65.228679186 268.344534259 65.228718199 268.344078778 65.228530940 POLYGON ICRS  268.335833817 65.226833242 268.336540330 65.227123548 268.336447171 65.227162580 268.335740649 65.226872275 POLYGON ICRS  268.354785435 65.234933373 268.355487688 65.235222007 268.355394776 65.235260994 268.354692514 65.234972362 POLYGON ICRS  268.347604831 65.232605876 268.348308542 65.232895036 268.348215527 65.232934038 268.347511807 65.232644880 POLYGON ICRS  268.342132391 65.232021129 268.342837072 65.232310550 268.342743958 65.232349564 268.342039268 65.232060145 POLYGON ICRS  268.324225509 65.225293073 268.324934225 65.225583990 268.324840860 65.225623051 268.324132135 65.225332136 POLYGON ICRS  268.338651929 65.231215816 268.339357301 65.231505458 268.339264131 65.231544480 268.338558749 65.231254840 POLYGON ICRS  268.326340165 65.226681784 268.326797750 65.226869600 268.326704404 65.226908654 268.326246812 65.226720839 POLYGON ICRS  268.339761537 65.232191468 268.340466578 65.232480951 268.340373413 65.232519970 268.339668363 65.232230490 POLYGON ICRS  268.332309253 65.229340093 268.333015967 65.229630194 268.332922701 65.229669231 268.332215977 65.229379132,3.0.0,RELEASE,jwst_1584.pmap,13.2.6,,3,,PRISM,169.1672288,16.068142,36.13956,169.1786652,0.337685764,16.068142,0.0320942923,f,1,jw09263007002_01_msa.fits,1,PRIMARYPARK_CONFIG,,,,16,4,,,2-SHUTTER-SLITLET,,,,,f,69698880,e8cd43fb72bd934d1c149470b60adf7a,/Date(1790605333075)/,61311.5987624537,/Date(1790605556005)/,61311.601342662034,86,/Date(1790605333000)/,61311.598761574074,False,False,False,8201782,mast:JWST/product/jw09263007002_03101_00002_nrs1_cal.fits,"GO-9263 Shen, Yue",CLEAR,NIRSPEC,2026-09-28 14:22:13.000,2026-09-28 02:40:43.978
257941367,jw09263007003_03101_00001_nrs1_rate.fits,jw09263007003_03101_00001,2b,01,NRS_FULL_MSA,jw09263_20260927t223837_pool.csv,jw09263-o007_20260927t223837_spec2_00008_asn.json,63.410428538918495,61311.16735579307,f,,,61311.162965630494,61311.158575467925,GO,5105,58,f,/Date(1790604958344)/,61311.5944252662,/Date(1790567996132)/,61311.166621909724,/Date(1790567237510)/,61311.15784155093,NRS1,0,0,758.622,744.033,744.033,OK,NRS_MSASPEC,4,61311.16662189815,61311.162231724535,1,PRIME,61311.15784155093,2,CLEAR,1,1.0,N4EA002028,0,65.35461863494909,14.5523509979248,1,268.2620935388612,/Date(1790564707111)/,61311.12855451389,/Date(1790564619047)/,61311.12753525463,0.061883267,0.01706469245254993,0.058610227,63.295261189341545,61311.16735446013,f,61311.162964297546,61311.15857413497,NIRSPEC,f,,NONE,0,,,0,10,,1,51,1,1,1,1,2,0.0,V09263007003P0000000003101,7,Deep-epoch9 NIRSpec MOS,STSCI,FINEGUIDE,"Shen, Yue",NRS_FULL_MSA,PRDOPSSOC-074,9263,65.19850833333334,268.4601470833333,61309.050134606485,NRSIRS2RAPID,491,,2026_2a,,1,1,FULL,,2048,2048,1,1,65.19850833333334,268.4601470833333,,f,msa_catalog_deep_ep9,FIXED,0.1,0.1,JWST,NIRSpec MultiObject Spectroscopy,14.58889,14.589,UTC,NEXUS: the North ecliptic pole EXtragalactic Unified Survey,10,f,3,09263007003,/Date(1790569034531)/,61311.17864039352,03,SUCCESSFUL,PRIME_TARGETED_FIXED,/Date(1790564204328)/,61311.12273525463,140.9798447,114.4701655,f,,,,,,MultiSlitModel,f,,,,,/Date(1790567237510)/,61311.15784155093,,0.0,MSASPEC,2026271T113142319_001_osf.xml,,,,,UNKNOWN,,1,,NONE,2,1,f,CALCULATED_TRACK_TR_202111,12.0,5,86.61652741341084,,,,,65.25444528811913,268.44675651678085,f,,,,GSC32,0.11149733345522793,0.49419273644740896,729.444,,,,,,,,,,,,,POLYGON ICRS  268.418659280 65.222884988 268.419377421 65.223184483 268.419284353 65.223224113 268.418566202 65.222924622 POLYGON ICRS  268.434789584 65.229819882 268.435503856 65.230117470 268.435411015 65.230157001 268.434696733 65.229859418 POLYGON ICRS  268.432401711 65.228930248 268.432863604 65.229122708 268.432770728 65.229162253 268.432308828 65.228969795 POLYGON ICRS  268.425354476 65.226414959 268.426070870 65.226713532 268.425977900 65.226753110 268.425261496 65.226454541 POLYGON ICRS  268.452213372 65.238439148 268.452923548 65.238734507 268.452830940 65.238773916 268.452120755 65.238478561 POLYGON ICRS  268.421705688 65.225843438 268.422422811 65.226142253 268.422329791 65.226181837 268.421612658 65.225883027 POLYGON ICRS  268.446211127 65.236152277 268.446670866 65.236343544 268.446578178 65.236382986 268.446118433 65.236191722 POLYGON ICRS  268.413243512 65.222633344 268.413962686 65.222933088 268.413869544 65.222972718 268.413150360 65.222672978 POLYGON ICRS  268.413375723 65.223216427 268.414094775 65.223516053 268.414001636 65.223555674 268.413282573 65.223256052 POLYGON ICRS  268.414387630 65.223638083 268.415106426 65.223937590 268.415013302 65.223977205 268.414294496 65.223677701 POLYGON ICRS  268.447218399 65.238250356 268.447929404 65.238545926 268.447836736 65.238585335 268.447125722 65.238289769 POLYGON ICRS  268.443089813 65.237058661 268.443801662 65.237354598 268.443708940 65.237394022 268.442997082 65.237098090 POLYGON ICRS  268.420214348 65.227752347 268.420931437 65.228050849 268.420838401 65.228090404 268.420121301 65.227791905 POLYGON ICRS  268.425256695 65.229851081 268.425972584 65.230149003 268.425879619 65.230188527 268.425163720 65.229890610 POLYGON ICRS  268.444344355 65.238209745 268.445055832 65.238505424 268.444963128 65.238544832 268.444251642 65.238249157 POLYGON ICRS  268.422366110 65.229595942 268.423082539 65.229894016 268.422989534 65.229933543 268.422273095 65.229635473 POLYGON ICRS  268.433441915 65.234833158 268.434155680 65.235129849 268.434062830 65.235169303 268.433349056 65.234872616 POLYGON ICRS  268.427661312 65.232640211 268.428123371 65.232832326 268.428030439 65.232871811 268.427568373 65.232679698 POLYGON ICRS  268.425019005 65.231646682 268.425734667 65.231944271 268.425641700 65.231983768 268.424926028 65.231686183 POLYGON ICRS  268.429803923 65.234266766 268.430518383 65.234563692 268.430425484 65.234603152 268.429711014 65.234306230 POLYGON ICRS  268.443352488 65.240524231 268.444063792 65.240819520 268.443971078 65.240858895 268.443259765 65.240563610 POLYGON ICRS  268.469423674 65.248695951 268.470125757 65.248987168 268.470034563 65.249025943 268.469332472 65.248734730 POLYGON ICRS  268.483051487 65.255596848 268.483750502 65.255886417 268.483659463 65.255925110 268.482960441 65.255635545 POLYGON ICRS  268.474756124 65.252263843 268.475456862 65.252554260 268.475365732 65.252592991 268.474664986 65.252302578 POLYGON ICRS  268.488115740 65.258006762 268.488813678 65.258295764 268.488722693 65.258334432 268.488024748 65.258045432 POLYGON ICRS  268.471530643 65.251344352 268.472232008 65.251635038 268.472140842 65.251673780 268.471439469 65.251383097 POLYGON ICRS  268.491193524 65.260425463 268.491890688 65.260713978 268.491799738 65.260752619 268.491102566 65.260464107 POLYGON ICRS  268.470781212 65.253120136 268.471482425 65.253410548 268.471391253 65.253449267 268.470690031 65.253158859 POLYGON ICRS  268.420425218 65.243529306 268.421136066 65.243823140 268.421043031 65.243862481 268.420332173 65.243568651 POLYGON ICRS  268.428220226 65.248632815 268.428929026 65.248925474 268.428836097 65.248964753 268.428127287 65.248672097 POLYGON ICRS  268.424583770 65.247863180 268.425042252 65.248052461 268.424949264 65.248091751 268.424490776 65.247902472 POLYGON ICRS  268.426089950 65.248484981 268.426548209 65.248674157 268.426455243 65.248713440 268.425996977 65.248524265 POLYGON ICRS  268.404305007 65.239592274 268.405019237 65.239887391 268.404925951 65.239926786 268.404211711 65.239631673 POLYGON ICRS  268.415280545 65.244231013 268.415992180 65.244524902 268.415899058 65.244564236 268.415187413 65.244270351 POLYGON ICRS  268.393043050 65.235673467 268.393759930 65.235969721 268.393666468 65.236009169 268.392949578 65.235712920 POLYGON ICRS  268.408352075 65.242102993 268.409065222 65.242397508 268.408971994 65.242436871 268.408258836 65.242142360 POLYGON ICRS  268.395965806 65.237616432 268.396681841 65.237912214 268.396588421 65.237951637 268.395872375 65.237655859 POLYGON ICRS  268.412644134 65.244713150 268.413356158 65.245007046 268.413262990 65.245046376 268.412550955 65.244752484 POLYGON ICRS  268.387598221 65.234790266 268.388316269 65.235086888 268.388222716 65.235126349 268.387504657 65.234829731 POLYGON ICRS  268.390014416 65.236103633 268.390731792 65.236399916 268.390638275 65.236439360 268.389920888 65.236143081 POLYGON ICRS  268.395723593 65.238776303 268.396439494 65.239071878 268.396346064 65.239111287 268.395630152 65.238815716 POLYGON ICRS  268.416302789 65.247792410 268.417013745 65.248085633 268.416920623 65.248124927 268.416209657 65.247831707 POLYGON ICRS  268.399147595 65.240924165 268.399862551 65.241219222 268.399769170 65.241258603 268.399054202 65.240963551 POLYGON ICRS  268.393590473 65.240309800 268.394306529 65.240605168 268.394213053 65.240644560 268.393496985 65.240349195 POLYGON ICRS  268.417322294 65.251975364 268.418032486 65.252267831 268.417939358 65.252307080 268.417229155 65.252014617 POLYGON ICRS  268.381810455 65.238076917 268.382529058 65.238373131 268.382435382 65.238412558 268.381716767 65.238116347 POLYGON ICRS  268.382701428 65.238549212 268.383419785 65.238845304 268.383326122 65.238884724 268.382607753 65.238588636 POLYGON ICRS  268.392098458 65.243260748 268.392814341 65.243555629 268.392720819 65.243594990 268.392004925 65.243300112 POLYGON ICRS  268.383859812 65.240601430 268.384577621 65.240897097 268.384483965 65.240936493 268.383766145 65.240640831 POLYGON ICRS  268.383487189 65.241392484 268.383950989 65.241583453 268.383857317 65.241622843 268.383393510 65.241431876 POLYGON ICRS  268.406010602 65.251499352 268.406722825 65.251792293 268.406629498 65.251831557 268.405917264 65.251538619 POLYGON ICRS  268.412557862 65.254609663 268.413017067 65.254798470 268.412923833 65.254837700 268.412464621 65.254648895 POLYGON ICRS  268.410923035 65.254041886 268.411382475 65.254230792 268.411289215 65.254270029 268.410829768 65.254081126 POLYGON ICRS  268.381725307 65.242555808 268.382443205 65.242851191 268.382349497 65.242890569 268.381631587 65.242595191 POLYGON ICRS  268.402613552 65.251879426 268.403326317 65.252172420 268.403232925 65.252211684 268.402520149 65.251918693 POLYGON ICRS  268.388208578 65.247004199 268.388924610 65.247298546 268.388830989 65.247337872 268.388114946 65.247043530 POLYGON ICRS  268.397454036 65.253418047 268.398167491 65.253710959 268.398073991 65.253750217 268.397360526 65.253457308 POLYGON ICRS  268.386454038 65.249424694 268.387170028 65.249718675 268.387076356 65.249757982 268.386360354 65.249464005 POLYGON ICRS  268.394430177 65.254058238 268.395144073 65.254351146 268.395050511 65.254390403 268.394336604 65.254097498 POLYGON ICRS  268.403512688 65.258410589 268.404224369 65.258702466 268.404130939 65.258741677 268.403419247 65.258449803 POLYGON ICRS  268.404268154 65.258720423 268.404979660 65.259012224 268.404886241 65.259051432 268.404174725 65.258759634 POLYGON ICRS  268.377977425 65.249401490 268.378441079 65.249591650 268.378347243 65.249630973 268.377883582 65.249440816 POLYGON ICRS  268.387108189 65.253982487 268.387823393 65.254275660 268.387729694 65.254314930 268.387014479 65.254021761 POLYGON ICRS  268.389133826 65.255230909 268.389848489 65.255523802 268.389754816 65.255563060 268.389040142 65.255270170 POLYGON ICRS  268.382172256 65.252691472 268.382888531 65.252985035 268.382794750 65.253024324 268.382078463 65.252730765 POLYGON ICRS  268.393559274 65.258193355 268.394272728 65.258485608 268.394179112 65.258524838 268.393465647 65.258232589 POLYGON ICRS  268.394947820 65.258866539 268.395660933 65.259158635 268.395567336 65.259197859 268.394854212 65.258905765 POLYGON ICRS  268.360557867 65.245090372 268.361279353 65.245386055 268.361185229 65.245425446 268.360463732 65.245129767 POLYGON ICRS  268.381672984 65.254160620 268.382389129 65.254453948 268.382295325 65.254493228 268.381579169 65.254199903 POLYGON ICRS  268.371142707 65.250789741 268.371861267 65.251084015 268.371767294 65.251123340 268.371048724 65.250829070 POLYGON ICRS  268.375843843 65.252819607 268.376307409 65.253009428 268.376213503 65.253048731 268.375749931 65.252858912 POLYGON ICRS  268.377880709 65.255118184 268.378597387 65.255411480 268.378503502 65.255450762 268.377786814 65.255157470 POLYGON ICRS  268.373188720 65.253930489 268.373906419 65.254224147 268.373812458 65.254263447 268.373094748 65.253969793 POLYGON ICRS  268.392430040 65.262219708 268.393143102 65.262511354 268.393049423 65.262550565 268.392336351 65.262258921 POLYGON ICRS  268.380421583 65.257830484 268.381137402 65.258123241 268.381043540 65.258162502 268.380327711 65.257869748 POLYGON ICRS  268.383083627 65.260486187 268.383545615 65.260675024 268.383451773 65.260714266 268.382989779 65.260525431 POLYGON ICRS  268.358186018 65.250517422 268.358651911 65.250707901 268.358557698 65.250747263 268.358091799 65.250556787 POLYGON ICRS  268.375611582 65.257745526 268.376074687 65.257934814 268.375980732 65.257974088 268.375517620 65.257784803 POLYGON ICRS  268.375231461 65.257694723 268.375948216 65.257987676 268.375854258 65.258026951 268.375137492 65.257734001 POLYGON ICRS  268.388392539 65.263073629 268.389106176 65.263365277 268.389012411 65.263404493 268.388298763 65.263112848 POLYGON ICRS  268.373837921 65.257648011 268.374301239 65.257837348 268.374207252 65.257876628 268.373743927 65.257687293 POLYGON ICRS  268.382833005 65.261845895 268.383547795 65.262137922 268.383453938 65.262177158 268.382739138 65.261885134 POLYGON ICRS  268.360362877 65.252769520 268.361083086 65.253063818 268.360988898 65.253103160 268.360268679 65.252808866 POLYGON ICRS  268.352323709 65.249589219 268.353045964 65.249884368 268.352951657 65.249923752 268.352229392 65.249628606 POLYGON ICRS  268.361000617 65.253134883 268.361720649 65.253429094 268.361626470 65.253468432 268.360906428 65.253174224 POLYGON ICRS  268.358069489 65.252041954 268.358790242 65.252336460 268.358696019 65.252375812 268.357975256 65.252081310 POLYGON ICRS  268.485221454 65.272037786 268.485921912 65.272326400 268.485829724 65.272365441 268.485129258 65.272076830 POLYGON ICRS  268.480533465 65.270520869 268.481234765 65.270809848 268.481142522 65.270848902 268.480441214 65.270559926 POLYGON ICRS  268.472494857 65.268972699 268.473197536 65.269262171 268.473105192 65.269301240 268.472402504 65.269011770 POLYGON ICRS  268.478907680 65.272651185 268.479608944 65.272939922 268.479516673 65.272978963 268.478815401 65.272690227 POLYGON ICRS  268.458742350 65.264449616 268.459447803 65.264740242 268.459355281 65.264779354 268.458649818 65.264488730 POLYGON ICRS  268.455137539 65.264108250 268.455843623 65.264399056 268.455751048 65.264438172 268.455044954 65.264147369 POLYGON ICRS  268.474701963 65.272164043 268.475403896 65.272452989 268.475311569 65.272492035 268.474609629 65.272203091 POLYGON ICRS  268.453023622 65.263757540 268.453730101 65.264048475 268.453637495 65.264087595 268.452931006 65.263796663 POLYGON ICRS  268.458606165 65.266991408 268.459311277 65.267281655 268.459218740 65.267320747 268.458513619 65.267030502 POLYGON ICRS  268.462445644 65.269090954 268.463149852 65.269380757 268.463057363 65.269419831 268.462353146 65.269130031 POLYGON ICRS  268.440819081 65.260605201 268.441528040 65.260897064 268.441435257 65.260936217 268.440726288 65.260644358 POLYGON ICRS  268.469740366 65.272818791 268.470442949 65.273107815 268.470350549 65.273146861 268.469647957 65.272857840 POLYGON ICRS  268.469238071 65.273649270 268.469940622 65.273938197 268.469848209 65.273977238 268.469145649 65.273688314 POLYGON ICRS  268.443803682 65.264330772 268.444511602 65.264621945 268.444418845 65.264661067 268.443710916 65.264369897 POLYGON ICRS  268.457967220 65.270155660 268.458671989 65.270445466 268.458579424 65.270484537 268.457874646 65.270194733 POLYGON ICRS  268.443301487 65.265372230 268.444009340 65.265663261 268.443916568 65.265702377 268.443208705 65.265411347 POLYGON ICRS  268.440559839 65.264661055 268.441268254 65.264952293 268.441175441 65.264991415 268.440467016 65.264700180 POLYGON ICRS  268.437941698 65.263688727 268.438650696 65.263980207 268.438557845 65.264019339 268.437848838 65.263727862 POLYGON ICRS  268.459439237 65.273044124 268.460143374 65.273333471 268.460050813 65.273372524 268.459346666 65.273083179 POLYGON ICRS  268.435439090 65.265573297 268.436148238 65.265864577 268.436055330 65.265903698 268.435346172 65.265612421 POLYGON ICRS  268.458800841 65.275375403 268.459504763 65.275664454 268.459412172 65.275703498 268.458708241 65.275414448 POLYGON ICRS  268.456068026 65.275290687 268.456772388 65.275579845 268.456679752 65.275618891 268.455975380 65.275329736 POLYGON ICRS  268.438424797 65.268463066 268.439133020 65.268753808 268.439040139 65.268792909 268.438331906 65.268502170 POLYGON ICRS  268.452346189 65.274177873 268.453051298 65.274467311 268.452958608 65.274506367 268.452253490 65.274216931 POLYGON ICRS  268.456799646 65.277043149 268.457503658 65.277332047 268.457411017 65.277371087 268.456706996 65.277082190 POLYGON ICRS  268.464219466 65.280295137 268.464921932 65.280583367 268.464829385 65.280622386 268.464126910 65.280334158 POLYGON ICRS  268.427689365 65.265512816 268.428399844 65.265804378 268.428306797 65.265843509 268.427596308 65.265551949 POLYGON ICRS  268.442273552 65.272016861 268.442980615 65.272306954 268.442887769 65.272346032 268.442180696 65.272055942 POLYGON ICRS  268.438415157 65.270537757 268.439123080 65.270828197 268.439030179 65.270867287 268.438322246 65.270576849 POLYGON ICRS  268.462462614 65.282268700 268.463165101 65.282556747 268.463072502 65.282595763 268.462370006 65.282307718 POLYGON ICRS  268.425931216 65.267705006 268.426641676 65.267996300 268.426548575 65.268035422 268.425838105 65.267744129 POLYGON ICRS  268.438014323 65.275048128 268.438471387 65.275235405 268.438378427 65.275274478 268.437921357 65.275087202 POLYGON ICRS  268.454642875 65.281861807 268.455346586 65.282150168 268.455253852 65.282189197 268.454550132 65.281900838 POLYGON ICRS  268.440126453 65.276225048 268.440833264 65.276514637 268.440740333 65.276553703 268.440033512 65.276264116 POLYGON ICRS  268.437513813 65.275258486 268.438221198 65.275548297 268.438128229 65.275587369 268.437420835 65.275297560 POLYGON ICRS  268.433774901 65.274350077 268.434483045 65.274640144 268.434390017 65.274679226 268.433681863 65.274389161 POLYGON ICRS  268.451408975 65.281988526 268.452113168 65.282276982 268.452020372 65.282316016 268.451316171 65.282027562 POLYGON ICRS  268.438118146 65.277894330 268.438825045 65.278183767 268.438732055 65.278222832 268.438025146 65.277933396 POLYGON ICRS  268.429898180 65.274944492 268.430606888 65.275234613 268.430513779 65.275273700 268.429805061 65.274983580 POLYGON ICRS  268.415400392 65.269842591 268.416112347 65.270133939 268.416019023 65.270173069 268.415307057 65.269881723 POLYGON ICRS  268.417027543 65.270612513 268.417739102 65.270903694 268.417645800 65.270942818 268.416934230 65.270651640 POLYGON ICRS  268.426272926 65.274811747 268.426982268 65.275102014 268.426889091 65.275141107 268.426179739 65.274850843 POLYGON ICRS  268.433750131 65.277871596 268.434457757 65.278161190 268.434364683 65.278200262 268.433657047 65.277910671 POLYGON ICRS  268.435113085 65.279156221 268.435570069 65.279343211 268.435477000 65.279382279 268.435020009 65.279195291 POLYGON ICRS  268.429260209 65.276865354 268.429968736 65.277155238 268.429875589 65.277194321 268.429167052 65.276904439 POLYGON ICRS  268.451736589 65.286166414 268.452440185 65.286454362 268.452347334 65.286493393 268.451643728 65.286205447 POLYGON ICRS  268.420396004 65.273758890 268.421106507 65.274049507 268.421013230 65.274088615 268.420302717 65.273798000 POLYGON ICRS  268.429877865 65.277845271 268.430586141 65.278135003 268.430492992 65.278174083 268.429784707 65.277884353 POLYGON ICRS  268.435850275 65.280496158 268.436557164 65.280785339 268.436464093 65.280824403 268.435757194 65.280535225 POLYGON ICRS  268.422512721 65.275768294 268.423222555 65.276058561 268.423129292 65.276097660 268.422419448 65.275807395 POLYGON ICRS  268.412748148 65.273856732 268.413459945 65.274147601 268.413366517 65.274186726 268.412654710 65.273895859 POLYGON ICRS  268.440039826 65.285531065 268.440745307 65.285819485 268.440652236 65.285858540 268.439946746 65.285570121 POLYGON ICRS  268.444005797 65.287360023 268.444710405 65.287648096 268.444617380 65.287687143 268.443912763 65.287399072 POLYGON ICRS  268.414620104 65.275557893 268.415331315 65.275848463 268.415237900 65.275887580 268.414526679 65.275597013 POLYGON ICRS  268.415991109 65.276846047 268.416701883 65.277136395 268.416608476 65.277175507 268.415897692 65.276885162 POLYGON ICRS  268.417241087 65.277356661 268.417700187 65.277544205 268.417606793 65.277583315 268.417147687 65.277395772,3.0.0,RELEASE,jwst_1584.pmap,13.2.6,,3,,PRISM,170.0935772,16.068142,36.1477737,170.11645,0.339579046,16.0567056,0.0320942923,f,1,jw09263007003_01_msa.fits,1,PRIMARYPARK_CONFIG,,,,16,4,,,2-SHUTTER-SLITLET,,,,,f,67800960,d8768aaadc4940a9b8940547e6523ca9,/Date(1790605326891)/,61311.59869085648,/Date(1790605507007)/,61311.60077553241,86,/Date(1790605327000)/,61311.59869212963,False,False,False,8201954,mast:JWST/product/jw09263007003_03101_00001_nrs1_cal.fits,"GO-9263 Shen, Yue",CLEAR,NIRSPEC,2026-09-28 14:22:07.000,2026-09-28 03:47:17.510
257941463,jw09263007003_03101_00002_nrs1_rate.fits,jw09263007003_03101_00002,2b,01,NRS_FULL_MSA,jw09263_20260927t223837_pool.csv,jw09263-o007_20260927t223837_spec2_00007_asn.json,63.408337673172355,61311.176980201744,f,,,61311.17259003917,61311.16819987659,GO,5105,58,f,/Date(1790604994960)/,61311.59484907408,/Date(1790568827683)/,61311.176246331015,/Date(1790568069061)/,61311.16746597222,NRS1,0,0,758.622,744.033,744.033,OK,NRS_MSASPEC,4,61311.176246331015,61311.17185615741,2,PRIME,61311.167465983795,2,CLEAR,1,1.0,N4EA002028,0,65.35461863494909,14.5523509979248,1,268.2620935388612,/Date(1790564707111)/,61311.12855451389,/Date(1790564619047)/,61311.12753525463,0.061883267,0.01706469245254993,0.058610227,63.29317158088088,61311.17697886881,f,61311.172588706235,61311.16819854365,NIRSPEC,f,,NONE,0,,,0,10,,1,51,1,1,1,1,2,0.0,V09263007003P0000000003101,7,Deep-epoch9 NIRSpec MOS,STSCI,FINEGUIDE,"Shen, Yue",NRS_FULL_MSA,PRDOPSSOC-074,9263,65.19850833333334,268.4601470833333,61309.050134606485,NRSIRS2RAPID,491,,2026_2a,,1,1,FULL,,2048,2048,1,1,65.19850833333334,268.4601470833333,,f,msa_catalog_deep_ep9,FIXED,0.1,0.1,JWST,NIRSpec MultiObject Spectroscopy,14.58889,14.589,UTC,NEXUS: the North ecliptic pole EXtragalactic Unified Survey,10,f,3,09263007003,/Date(1790569034531)/,61311.17864039352,03,SUCCESSFUL,PRIME_TARGETED_FIXED,/Date(1790564204328)/,61311.12273525463,140.9798314,113.9411468,f,,,,,,MultiSlitModel,f,,,,,/Date(1790568069061)/,61311.16746597222,,0.0,MSASPEC,2026271T113523969_001_osf.xml,,,,,UNKNOWN,,2,,NONE,2,1,f,CALCULATED_TRACK_TR_202111,12.0,5,86.61652741341084,,,,,65.25434182197849,268.44650509554134,f,,,,GSC32,0.10342747984220774,0.4739282194766819,729.444,,,,,,,,,,,,,POLYGON ICRS  268.418409157 65.222780981 268.419127291 65.223080478 268.419034223 65.223120107 268.418316078 65.222820615 POLYGON ICRS  268.434539325 65.229715911 268.435253591 65.230013500 268.435160750 65.230053031 268.434446474 65.229755446 POLYGON ICRS  268.432152905 65.228826869 268.432614795 65.229019331 268.432521918 65.229058875 268.432060022 65.228866416 POLYGON ICRS  268.425104287 65.226310966 268.425820675 65.226609541 268.425727705 65.226649119 268.425011306 65.226350549 POLYGON ICRS  268.451962959 65.238335218 268.452673129 65.238630578 268.452580521 65.238669987 268.451870342 65.238374631 POLYGON ICRS  268.421455520 65.225739439 268.422172638 65.226038255 268.422079618 65.226077839 268.421362490 65.225779027 POLYGON ICRS  268.445962185 65.236048926 268.446421920 65.236240194 268.446329232 65.236279636 268.445869491 65.236088370 POLYGON ICRS  268.412993409 65.222529325 268.413712577 65.222829071 268.413619436 65.222868701 268.412900256 65.222568959 POLYGON ICRS  268.413125613 65.223112408 268.413844659 65.223412036 268.413751520 65.223451657 268.413032463 65.223152033 POLYGON ICRS  268.414137512 65.223534067 268.414856302 65.223833575 268.414763178 65.223873190 268.414044378 65.223573685 POLYGON ICRS  268.446967997 65.238146411 268.447678997 65.238441983 268.447586328 65.238481392 268.446875320 65.238185825 POLYGON ICRS  268.442839446 65.236954711 268.443551289 65.237250649 268.443458567 65.237290073 268.442746715 65.236994140 POLYGON ICRS  268.419964162 65.227648344 268.420681246 65.227946848 268.420588209 65.227986402 268.419871115 65.227687902 POLYGON ICRS  268.425006470 65.229747091 268.425722354 65.230045014 268.425629389 65.230084538 268.424913495 65.229786619 POLYGON ICRS  268.444093971 65.238105797 268.444805442 65.238401478 268.444712738 65.238440886 268.444001257 65.238145210 POLYGON ICRS  268.422115895 65.229491944 268.422832319 65.229790019 268.422739314 65.229829546 268.422022880 65.229531475 POLYGON ICRS  268.433191602 65.234729185 268.433905361 65.235025878 268.433812512 65.235065331 268.433098743 65.234768642 POLYGON ICRS  268.427412483 65.232536822 268.427874538 65.232728939 268.427781605 65.232768424 268.427319543 65.232576310 POLYGON ICRS  268.424768760 65.231542691 268.425484416 65.231840282 268.425391450 65.231879779 268.424675784 65.231582192 POLYGON ICRS  268.429553630 65.234162785 268.430268084 65.234459712 268.430175185 65.234499173 268.429460721 65.234202249 POLYGON ICRS  268.443102084 65.240420284 268.443813382 65.240715574 268.443720667 65.240754948 268.443009360 65.240459662 POLYGON ICRS  268.469174436 65.248592621 268.469876513 65.248883840 268.469785319 65.248922614 268.469083234 65.248631399 POLYGON ICRS  268.482802118 65.255493545 268.483501126 65.255783116 268.483410087 65.255821809 268.482711071 65.255532242 POLYGON ICRS  268.474506825 65.252160524 268.475207557 65.252450942 268.475116427 65.252489673 268.474415687 65.252199258 POLYGON ICRS  268.487866326 65.257903470 268.488564257 65.258192474 268.488473272 65.258231141 268.487775334 65.257942140 POLYGON ICRS  268.471281367 65.251241026 268.471982726 65.251531714 268.471891559 65.251570455 268.471190193 65.251279771 POLYGON ICRS  268.490944063 65.260322175 268.491641221 65.260610691 268.491550271 65.260649332 268.490853105 65.260360819 POLYGON ICRS  268.470531918 65.253016809 268.471233126 65.253307222 268.471141954 65.253345941 268.470440738 65.253055531 POLYGON ICRS  268.420176288 65.243425902 268.420887130 65.243719737 268.420794095 65.243759078 268.420083243 65.243465247 POLYGON ICRS  268.427971211 65.248529428 268.428680006 65.248822089 268.428587077 65.248861367 268.427878272 65.248568710 POLYGON ICRS  268.424334779 65.247759786 268.424793257 65.247949067 268.424700268 65.247988357 268.424241784 65.247799078 POLYGON ICRS  268.425840946 65.248381589 268.426299201 65.248570767 268.426206235 65.248610049 268.425747973 65.248420874 POLYGON ICRS  268.404056193 65.239488841 268.404770416 65.239783959 268.404677131 65.239823354 268.403962897 65.239528239 POLYGON ICRS  268.415031632 65.244127600 268.415743260 65.244421490 268.415650138 65.244460824 268.414938499 65.244166938 POLYGON ICRS  268.392794322 65.235570010 268.393511195 65.235866265 268.393417734 65.235905713 268.392700850 65.235609462 POLYGON ICRS  268.408103211 65.241999565 268.408816352 65.242294082 268.408723123 65.242333445 268.408009972 65.242038932 POLYGON ICRS  268.395717046 65.237512981 268.396433075 65.237808765 268.396339655 65.237848187 268.395623615 65.237552408 POLYGON ICRS  268.412395228 65.244609733 268.413107245 65.244903630 268.413014077 65.244942959 268.412302049 65.244649067 POLYGON ICRS  268.387349524 65.234686798 268.388067566 65.234983421 268.387974013 65.235022883 268.387255960 65.234726263 POLYGON ICRS  268.389765694 65.236000169 268.390483064 65.236296454 268.390389547 65.236335898 268.389672166 65.236039617 POLYGON ICRS  268.395474817 65.238672850 268.396190712 65.238968427 268.396097281 65.239007835 268.395381376 65.238712263 POLYGON ICRS  268.416053831 65.247688999 268.416764780 65.247982224 268.416671658 65.248021517 268.415960699 65.247728296 POLYGON ICRS  268.398898783 65.240820721 268.399613734 65.241115778 268.399520352 65.241155159 268.398805391 65.240860106 POLYGON ICRS  268.393341688 65.240206343 268.394057738 65.240501712 268.393964261 65.240541104 268.393248200 65.240245738 POLYGON ICRS  268.417073280 65.251871954 268.417783466 65.252164421 268.417690337 65.252203670 268.416980141 65.251911206 POLYGON ICRS  268.381561743 65.237973438 268.382280341 65.238269653 268.382186664 65.238309079 268.381468055 65.238012868 POLYGON ICRS  268.382452707 65.238445734 268.383171058 65.238741827 268.383077395 65.238781247 268.382359032 65.238485158 POLYGON ICRS  268.391849648 65.243157289 268.392565525 65.243452172 268.392472002 65.243491532 268.391756114 65.243196653 POLYGON ICRS  268.383611063 65.240497955 268.384328866 65.240793622 268.384235210 65.240833019 268.383517396 65.240537355 POLYGON ICRS  268.383238433 65.241289007 268.383702229 65.241479977 268.383608557 65.241519367 268.383144754 65.241328399 POLYGON ICRS  268.405761639 65.251395919 268.406473857 65.251688862 268.406380530 65.251728126 268.405668302 65.251435187 POLYGON ICRS  268.412308841 65.254506244 268.412768042 65.254695053 268.412674808 65.254734283 268.412215600 65.254545477 POLYGON ICRS  268.410674027 65.253938465 268.411133463 65.254127371 268.411040203 65.254166608 268.410580760 65.253977704 POLYGON ICRS  268.381476544 65.242452328 268.382194436 65.242747712 268.382100727 65.242787090 268.381382824 65.242491710 POLYGON ICRS  268.402364603 65.251775988 268.403077362 65.252068984 268.402983970 65.252108248 268.402271201 65.251815256 POLYGON ICRS  268.387959737 65.246900731 268.388675762 65.247195079 268.388582141 65.247234405 268.387866105 65.246940061 POLYGON ICRS  268.397205088 65.253314598 268.397918536 65.253607512 268.397825037 65.253646769 268.397111577 65.253353859 POLYGON ICRS  268.386205176 65.249321222 268.386921160 65.249615204 268.386827487 65.249654512 268.386111492 65.249360533 POLYGON ICRS  268.394181233 65.253954783 268.394895123 65.254247693 268.394801561 65.254286950 268.394087660 65.253994044 POLYGON ICRS  268.403263654 65.258307151 268.403975329 65.258599029 268.403881899 65.258638240 268.403170213 65.258346365 POLYGON ICRS  268.404019119 65.258616988 268.404730618 65.258908791 268.404637199 65.258947998 268.403925689 65.258656199 POLYGON ICRS  268.377728599 65.249298003 268.378192249 65.249488163 268.378098413 65.249527486 268.377634756 65.249337328 POLYGON ICRS  268.386859275 65.253879018 268.387574473 65.254172192 268.387480773 65.254211462 268.386765564 65.253918291 POLYGON ICRS  268.388884889 65.255127444 268.389599546 65.255420339 268.389505874 65.255459596 268.388791206 65.255166705 POLYGON ICRS  268.381923373 65.252587992 268.382639642 65.252881556 268.382545861 65.252920845 268.381829581 65.252627285 POLYGON ICRS  268.393310287 65.258089899 268.394023734 65.258382153 268.393930118 65.258421383 268.393216659 65.258129132 POLYGON ICRS  268.394698814 65.258763083 268.395411921 65.259055181 268.395318324 65.259094404 268.394605207 65.258802310 POLYGON ICRS  268.360309159 65.244986849 268.361030639 65.245282535 268.360936514 65.245321926 268.360215024 65.245026244 POLYGON ICRS  268.381424086 65.254057138 268.382140226 65.254350469 268.382046422 65.254389748 268.381330271 65.254096422 POLYGON ICRS  268.370893895 65.250686241 268.371612449 65.250980516 268.371518476 65.251019842 268.370799912 65.250725570 POLYGON ICRS  268.375594986 65.252716115 268.376058548 65.252905937 268.375964642 65.252945240 268.375501074 65.252755420 POLYGON ICRS  268.377631817 65.255014696 268.378348489 65.255307993 268.378254605 65.255347275 268.377537922 65.255053982 POLYGON ICRS  268.372939866 65.253826994 268.373657559 65.254120653 268.373563597 65.254159953 268.372845893 65.253866298 POLYGON ICRS  268.392181015 65.262116251 268.392894071 65.262407899 268.392800392 65.262447109 268.392087326 65.262155464 POLYGON ICRS  268.380172653 65.257727002 268.380888466 65.258019761 268.380794604 65.258059021 268.380078781 65.257766266 POLYGON ICRS  268.382834655 65.260382710 268.383296639 65.260571548 268.383202797 65.260610790 268.382740806 65.260421954 POLYGON ICRS  268.357937257 65.250413895 268.358403146 65.250604375 268.358308933 65.250643736 268.357843037 65.250453259 POLYGON ICRS  268.375362669 65.257642034 268.375825771 65.257831322 268.375731816 65.257870597 268.375268707 65.257681310 POLYGON ICRS  268.374982555 65.257591231 268.375699305 65.257884187 268.375605347 65.257923461 268.374888587 65.257630509 POLYGON ICRS  268.388143507 65.262970158 268.388857137 65.263261808 268.388763372 65.263301024 268.388049731 65.263009377 POLYGON ICRS  268.373589017 65.257544516 268.374052331 65.257733853 268.373958344 65.257773133 268.373495023 65.257583797 POLYGON ICRS  268.382584018 65.261742417 268.383298801 65.262034445 268.383204944 65.262073681 268.382490150 65.261781656 POLYGON ICRS  268.360114080 65.252665997 268.360834283 65.252960296 268.360740095 65.252999638 268.360019882 65.252705342 POLYGON ICRS  268.352074982 65.249485681 268.352797230 65.249780831 268.352702923 65.249820215 268.351980664 65.249525068 POLYGON ICRS  268.360751815 65.253031361 268.361471840 65.253325574 268.361377661 65.253364912 268.360657625 65.253070703 POLYGON ICRS  268.357820712 65.251938427 268.358541459 65.252232934 268.358447236 65.252272286 268.357726478 65.251977783 POLYGON ICRS  268.484970491 65.271933912 268.485670944 65.272222528 268.485578756 65.272261569 268.484878294 65.271972956 POLYGON ICRS  268.480282532 65.270416983 268.480983825 65.270705964 268.480891582 65.270745018 268.480190281 65.270456040 POLYGON ICRS  268.472243965 65.268868794 268.472946639 65.269158268 268.472854294 65.269197337 268.472151612 65.268907865 POLYGON ICRS  268.478656726 65.272547295 268.479357985 65.272836035 268.479265714 65.272875075 268.478564447 65.272586338 POLYGON ICRS  268.458491561 65.264345683 268.459197009 65.264636311 268.459104486 65.264675422 268.458399029 65.264384797 POLYGON ICRS  268.454886764 65.264004308 268.455592842 65.264295115 268.455500267 65.264334231 268.454794179 65.264043426 POLYGON ICRS  268.474451033 65.272060146 268.475152959 65.272349093 268.475060633 65.272388139 268.474358698 65.272099194 POLYGON ICRS  268.452772860 65.263653594 268.453479333 65.263944531 268.453386728 65.263983651 268.452680245 65.263692717 POLYGON ICRS  268.458355347 65.266887475 268.459060454 65.267177723 268.458967917 65.267216815 268.458262801 65.266926569 POLYGON ICRS  268.462194794 65.268987031 268.462898996 65.269276836 268.462806507 65.269315910 268.462102296 65.269026108 POLYGON ICRS  268.440568397 65.260501229 268.441277351 65.260793093 268.441184568 65.260832246 268.440475605 65.260540385 POLYGON ICRS  268.469489446 65.272714884 268.470192023 65.273003909 268.470099623 65.273042955 268.469397036 65.272753932 POLYGON ICRS  268.468987141 65.273545361 268.469689687 65.273834289 268.469597273 65.273873330 268.468894719 65.273584404 POLYGON ICRS  268.443552947 65.264226807 268.444260861 65.264517982 268.444168104 65.264557104 268.443460181 65.264265932 POLYGON ICRS  268.457716372 65.270051727 268.458421135 65.270341534 268.458328569 65.270380606 268.457623797 65.270090800 POLYGON ICRS  268.443050742 65.265268264 268.443758589 65.265559297 268.443665817 65.265598412 268.442957960 65.265307382 POLYGON ICRS  268.440309111 65.264557083 268.441017521 65.264848323 268.440924707 65.264887445 268.440216288 65.264596209 POLYGON ICRS  268.437690991 65.263584749 268.438399983 65.263876231 268.438307132 65.263915363 268.437598130 65.263623884 POLYGON ICRS  268.459188349 65.272940194 268.459892480 65.273229542 268.459799919 65.273268596 268.459095778 65.272979249 POLYGON ICRS  268.435188371 65.265469315 268.435897514 65.265760596 268.435804605 65.265799718 268.435095452 65.265508439 POLYGON ICRS  268.458549927 65.275271472 268.459253843 65.275560525 268.459161252 65.275599568 268.458457327 65.275310517 POLYGON ICRS  268.455817125 65.275186751 268.456521482 65.275475910 268.456428845 65.275514957 268.455724479 65.275225800 POLYGON ICRS  268.438174036 65.268359092 268.438882253 65.268649836 268.438789372 65.268688936 268.438081145 65.268398195 POLYGON ICRS  268.452095316 65.274073930 268.452800419 65.274363369 268.452707729 65.274402425 268.452002617 65.274112987 POLYGON ICRS  268.456548723 65.276939215 268.457252729 65.277228115 268.457160088 65.277267154 268.456456073 65.276978256 POLYGON ICRS  268.463968477 65.280191218 268.464670938 65.280479450 268.464578391 65.280518469 268.463875921 65.280230239 POLYGON ICRS  268.427438674 65.265408818 268.428149147 65.265700382 268.428056100 65.265739513 268.427345617 65.265447951 POLYGON ICRS  268.442022735 65.271912895 268.442729793 65.272202990 268.442636947 65.272242068 268.441929880 65.271951975 POLYGON ICRS  268.438164372 65.270433783 268.438872289 65.270724225 268.438779388 65.270763314 268.438071461 65.270472875 POLYGON ICRS  268.462211607 65.282164777 268.462914088 65.282452825 268.462821489 65.282491842 268.462118999 65.282203795 POLYGON ICRS  268.425680507 65.267601005 268.426390961 65.267892301 268.426297861 65.267931422 268.425587396 65.267640128 POLYGON ICRS  268.437764969 65.274944760 268.438222029 65.275132038 268.438129069 65.275171111 268.437672003 65.274983835 POLYGON ICRS  268.454391905 65.281757870 268.455095611 65.282046232 268.455002877 65.282085261 268.454299162 65.281796901 POLYGON ICRS  268.439875597 65.276121078 268.440582402 65.276410669 268.440489470 65.276449734 268.439782656 65.276160146 POLYGON ICRS  268.437262978 65.275154511 268.437970357 65.275444323 268.437877388 65.275483396 268.437169999 65.275193585 POLYGON ICRS  268.433524090 65.274246095 268.434232228 65.274536163 268.434139200 65.274575245 268.433431052 65.274285178 POLYGON ICRS  268.451158018 65.281884583 268.451862205 65.282173040 268.451769410 65.282212074 268.451065214 65.281923619 POLYGON ICRS  268.437867280 65.277790357 268.438574174 65.278079796 268.438481183 65.278118861 268.437774280 65.277829424 POLYGON ICRS  268.429647378 65.274840502 268.430356081 65.275130625 268.430262972 65.275169712 268.429554259 65.274879591 POLYGON ICRS  268.415149696 65.269738569 268.415861646 65.270029919 268.415768322 65.270069049 268.415056362 65.269777701 POLYGON ICRS  268.416776833 65.270508495 268.417488386 65.270799677 268.417395084 65.270838801 268.416683520 65.270547621 POLYGON ICRS  268.426022139 65.274707750 268.426731476 65.274998018 268.426638299 65.275037112 268.425928952 65.274746845 POLYGON ICRS  268.433499284 65.277767615 268.434206903 65.278057210 268.434113829 65.278096283 268.433406200 65.277806690 POLYGON ICRS  268.434863695 65.279052847 268.435320675 65.279239838 268.435227606 65.279278907 268.434770619 65.279091917 POLYGON ICRS  268.429009388 65.276761363 268.429717909 65.277051249 268.429624762 65.277090332 268.428916231 65.276800448 POLYGON ICRS  268.451485588 65.286062475 268.452189179 65.286350424 268.452096328 65.286389455 268.451392728 65.286101507 POLYGON ICRS  268.420145248 65.273654879 268.420855745 65.273945498 268.420762468 65.273984606 268.420051961 65.273693989 POLYGON ICRS  268.429627031 65.277741281 268.430335300 65.278031015 268.430242151 65.278070095 268.429533872 65.277780363 POLYGON ICRS  268.435599388 65.280392181 268.436306271 65.280681364 268.436213200 65.280720428 268.435506307 65.280431248 POLYGON ICRS  268.422261935 65.275664288 268.422971763 65.275954557 268.422878500 65.275993656 268.422168661 65.275703389 POLYGON ICRS  268.412497417 65.273752706 268.413209208 65.274043576 268.413115780 65.274082700 268.412403979 65.273791832 POLYGON ICRS  268.439788864 65.285427097 268.440494339 65.285715518 268.440401268 65.285754572 268.439695784 65.285466153 POLYGON ICRS  268.443754804 65.287256065 268.444459407 65.287544139 268.444366382 65.287583187 268.443661771 65.287295114 POLYGON ICRS  268.414369348 65.275453871 268.415080553 65.275744442 268.414987137 65.275783559 268.414275923 65.275492990 POLYGON ICRS  268.415740333 65.276742028 268.416451101 65.277032378 268.416357694 65.277071490 268.415646916 65.276781142 POLYGON ICRS  268.416991788 65.277253252 268.417450883 65.277440797 268.417357489 65.277479907 268.416898388 65.277292362,3.0.0,RELEASE,jwst_1584.pmap,13.2.6,,3,,PRISM,170.0935772,16.068142,36.1477737,170.11645,0.339579046,16.0567056,0.0320942923,f,1,jw09263007003_01_msa.fits,1,PRIMARYPARK_CONFIG,,,,16,4,,,2-SHUTTER-SLITLET,,,,,f,67824000,f83747b5eddc69de399292d0fdf86f15,/Date(1790605334494)/,61311.59877885417,/Date(1790605568766)/,61311.601490347224,86,/Date(1790605335000)/,61311.59878472222,False,False,False,8202079,mast:JWST/product/jw09263007003_03101_00002_nrs1_cal.fits,"GO-9263 Shen, Yue",CLEAR,NIRSPEC,2026-09-28 14:22:15.000,2026-09-28 04:01:09.061
257947206,jw09263007004_03101_00001_nrs1_rate.fits,jw09263007004_03101_00001,2b,01,NRS_FULL_MSA,jw09263_20260927t223837_pool.csv,jw09263-o007_20260927t223837_spec2_00004_asn.json,63.39826367329806,61311.223364483296,f,,,61311.21897432072,61311.214584158144,GO,5105,58,f,/Date(1790606386373)/,61311.6109533912,/Date(1790572835295)/,61311.22263074074,/Date(1790572076673)/,61311.213850381944,NRS1,0,0,758.622,744.033,744.033,OK,NRS_MSASPEC,4,61311.222630729164,61311.21824055556,1,PRIME,61311.213850381944,2,CLEAR,1,1.0,N4EA001834,0,65.30702144180404,14.38311386108398,1,268.4096649322231,/Date(1790569548578)/,61311.18459,/Date(1790569460514)/,61311.18357075231,0.0440656021,0.01475176401436329,0.0444754027,63.28310323879123,61311.223363150435,f,61311.21897298785,61311.21458282527,NIRSPEC,f,,NONE,0,,,0,10,,1,51,1,1,1,1,2,0.0,V09263007004P0000000003101,7,Deep-epoch9 NIRSpec MOS,STSCI,FINEGUIDE,"Shen, Yue",NRS_FULL_MSA,PRDOPSSOC-074,9263,65.19850833333334,268.4601470833333,61309.050134606485,NRSIRS2RAPID,491,,2026_2a,,1,1,FULL,,2048,2048,1,1,65.19850833333334,268.4601470833333,,f,msa_catalog_deep_ep9,FIXED,0.1,0.1,JWST,NIRSpec MultiObject Spectroscopy,14.58889,14.589,UTC,NEXUS: the North ecliptic pole EXtragalactic Unified Survey,10,f,4,09263007004,/Date(1790573878046)/,61311.23469960648,03,SUCCESSFUL,PRIME_TARGETED_FIXED,/Date(1790569038627)/,61311.17868780092,-114.0765194,126.7693182,f,,,,,,MultiSlitModel,f,,,,,/Date(1790572076673)/,61311.213850381944,,0.0,MSASPEC,2026271T115209629_001_osf.xml,,,,,UNKNOWN,,1,,NONE,2,1,f,CALCULATED_TRACK_TR_202111,12.0,5,86.75058094699445,,,,,65.2063876241861,268.57126772093727,f,,,,GSC32,0.10858447256420986,0.46935236080587256,729.444,,,,,,,,,,,,,POLYGON ICRS  268.549003636 65.176155292 268.549720612 65.176453726 268.549627980 65.176493416 268.548910993 65.176194986 POLYGON ICRS  268.542571141 65.174004560 268.543289616 65.174303644 268.543196893 65.174343363 268.542478408 65.174044284 POLYGON ICRS  268.552417149 65.178312792 268.553133197 65.178610691 268.553040615 65.178650349 268.552324557 65.178352455 POLYGON ICRS  268.548762905 65.176897629 268.549479808 65.177195930 268.549387175 65.177235607 268.548670262 65.176937311 POLYGON ICRS  268.556832032 65.180885273 268.557293990 65.181077352 268.557201468 65.181116973 268.556739503 65.180924897 POLYGON ICRS  268.565750710 65.184697542 268.566463571 65.184993757 268.566371173 65.185033323 268.565658302 65.184737113 POLYGON ICRS  268.553565223 65.179947492 268.554280826 65.180245037 268.554188263 65.180284670 268.553472650 65.179987129 POLYGON ICRS  268.570650277 65.188095887 268.571110079 65.188286775 268.571017745 65.188326293 268.570557937 65.188135408 POLYGON ICRS  268.546776229 65.178387068 268.547493251 65.178685156 268.547400595 65.178724808 268.546683563 65.178426725 POLYGON ICRS  268.557250971 65.184735413 268.557965240 65.185031922 268.557872734 65.185071482 268.557158455 65.184774978 POLYGON ICRS  268.539244173 65.178414244 268.539962537 65.178712601 268.539869778 65.178752250 268.539151403 65.178453897 POLYGON ICRS  268.544428541 65.181092857 268.545145560 65.181390513 268.545052876 65.181430123 268.544335847 65.181132471 POLYGON ICRS  268.552117660 65.184599142 268.552579782 65.184790876 268.552487203 65.184830437 268.552025074 65.184638706 POLYGON ICRS  268.596986260 65.203052090 268.597687596 65.203342199 268.597596788 65.203381019 268.596895444 65.203090913 POLYGON ICRS  268.617023354 65.211958642 268.617720472 65.212246594 268.617629880 65.212285315 268.616932755 65.211997366 POLYGON ICRS  268.606896684 65.207982275 268.607595808 65.208271211 268.607505111 65.208309974 268.606805979 65.208021041 POLYGON ICRS  268.598352925 65.204762576 268.599053798 65.205052347 268.598963008 65.205091145 268.598262126 65.204801378 POLYGON ICRS  268.624657378 65.216148161 268.625352929 65.216435222 268.625262414 65.216473900 268.624566856 65.216186841 POLYGON ICRS  268.596618008 65.204669862 268.597319159 65.204959709 268.597228349 65.204998509 268.596527190 65.204708665 POLYGON ICRS  268.600460881 65.206362347 268.601161199 65.206651775 268.601070433 65.206690555 268.600370108 65.206401130 POLYGON ICRS  268.601452352 65.207396122 268.602152367 65.207685345 268.602061614 65.207724113 268.601361590 65.207434893 POLYGON ICRS  268.611961435 65.211840749 268.612659273 65.212128891 268.612568634 65.212167612 268.611870788 65.211879472 POLYGON ICRS  268.615539297 65.213421733 268.616236415 65.213709508 268.616145813 65.213748212 268.615448687 65.213460440 POLYGON ICRS  268.520040860 65.183850445 268.520757986 65.184146737 268.520664939 65.184186311 268.519947801 65.183890024 POLYGON ICRS  268.552601877 65.197711997 268.553311197 65.198004579 268.553218629 65.198043969 268.552509299 65.197751390 POLYGON ICRS  268.532835069 65.189659217 268.533548958 65.189953952 268.533456102 65.189993447 268.532742202 65.189698716 POLYGON ICRS  268.517258037 65.183330952 268.517975778 65.183627447 268.517882685 65.183667029 268.517164934 65.183370538 POLYGON ICRS  268.519678125 65.184855612 268.520395155 65.185151726 268.520302098 65.185191287 268.519585057 65.184895177 POLYGON ICRS  268.517142808 65.184018585 268.517860455 65.184314953 268.517767358 65.184354526 268.517049700 65.184058162 POLYGON ICRS  268.542177112 65.194352045 268.542888689 65.194645594 268.542795968 65.194685027 268.542084381 65.194391482 POLYGON ICRS  268.529437764 65.189409357 268.530152297 65.189704260 268.530059385 65.189743759 268.529344842 65.189448860 POLYGON ICRS  268.539923470 65.194677303 268.540635391 65.194970872 268.540542632 65.195010302 268.539830701 65.194716736 POLYGON ICRS  268.532230873 65.191609249 268.532944584 65.191903648 268.532851710 65.191943118 268.532137989 65.191648723 POLYGON ICRS  268.517943162 65.186868120 268.518660192 65.187163916 268.518567095 65.187203451 268.517850055 65.186907659 POLYGON ICRS  268.549117239 65.199824621 268.549575777 65.200013523 268.549483143 65.200052890 268.549024598 65.199863990 POLYGON ICRS  268.550623605 65.200445177 268.551081921 65.200633975 268.550989309 65.200673334 268.550530986 65.200484538 POLYGON ICRS  268.551760148 65.201852012 268.552469026 65.202143902 268.552376430 65.202183244 268.551667540 65.201891357 POLYGON ICRS  268.541836205 65.197869218 268.542547343 65.198162151 268.542454601 65.198201542 268.541743453 65.197908613 POLYGON ICRS  268.538313038 65.196626823 268.539024962 65.196920100 268.538932167 65.196959507 268.538220232 65.196666234 POLYGON ICRS  268.524048930 65.191063068 268.524764186 65.191357859 268.524671175 65.191397339 268.523955908 65.191102552 POLYGON ICRS  268.529119361 65.194199000 268.529833247 65.194493037 268.529740307 65.194532477 268.529026411 65.194238444 POLYGON ICRS  268.539969149 65.199293377 268.540680409 65.199586125 268.540587629 65.199625501 268.539876358 65.199332756 POLYGON ICRS  268.515967997 65.189828999 268.516684925 65.190124311 268.516591778 65.190163811 268.515874840 65.189868502 POLYGON ICRS  268.541736126 65.200646800 268.542446892 65.200939250 268.542354134 65.200978610 268.541643358 65.200686164 POLYGON ICRS  268.522061291 65.193176213 268.522776592 65.193470687 268.522683535 65.193510143 268.521968223 65.193215673 POLYGON ICRS  268.541243795 65.201696350 268.541954498 65.201988636 268.541861726 65.202027985 268.541151013 65.201735703 POLYGON ICRS  268.527759616 65.196253826 268.528473447 65.196547541 268.528380473 65.196586959 268.527666631 65.196293247 POLYGON ICRS  268.534197537 65.199215808 268.534909813 65.199508772 268.534816934 65.199548153 268.534104647 65.199255192 POLYGON ICRS  268.541755267 65.202949698 268.542465706 65.203241751 268.542372935 65.203281087 268.541662486 65.202989038 POLYGON ICRS  268.537480069 65.201400763 268.538191465 65.201693232 268.538098630 65.201732587 268.537387222 65.201440122 POLYGON ICRS  268.508651598 65.190171332 268.509369843 65.190466849 268.509276562 65.190506349 268.508558307 65.190210836 POLYGON ICRS  268.542896643 65.204774082 268.543606630 65.205065786 268.543513867 65.205105103 268.542803871 65.204813403 POLYGON ICRS  268.523119859 65.197586611 268.523834324 65.197880251 268.523741258 65.197919658 268.523026782 65.197626021 POLYGON ICRS  268.524766206 65.198576722 268.525480236 65.198870129 268.525387193 65.198909524 268.524673152 65.198616120 POLYGON ICRS  268.530703364 65.201538095 268.531415925 65.201830776 268.531322969 65.201870136 268.530610397 65.201577458 POLYGON ICRS  268.508064862 65.193387886 268.508528718 65.193578471 268.508435401 65.193617938 268.507971538 65.193427355 POLYGON ICRS  268.516192381 65.197563433 268.516908095 65.197857323 268.516814902 65.197896736 268.516099177 65.197602851 POLYGON ICRS  268.537144914 65.206581022 268.537604173 65.206769449 268.537511292 65.206808757 268.537052026 65.206620331 POLYGON ICRS  268.535510386 65.206014597 268.535969880 65.206203122 268.535876974 65.206242436 268.535417473 65.206053913 POLYGON ICRS  268.533762275 65.207173457 268.534473510 65.207465077 268.534380567 65.207504382 268.533669322 65.207212765 POLYGON ICRS  268.507223408 65.196706257 268.507940889 65.197000620 268.507847537 65.197040053 268.507130045 65.196745694 POLYGON ICRS  268.526629061 65.210815161 268.527341025 65.211106433 268.527247917 65.211145721 268.526535942 65.210854452 POLYGON ICRS  268.502602778 65.201401429 268.503066485 65.201591205 268.502973005 65.201630606 268.502509291 65.201440832 POLYGON ICRS  268.502891307 65.204862948 268.503608340 65.205156022 268.503514839 65.205195396 268.502797794 65.204902324 POLYGON ICRS  268.500489159 65.204821302 268.500952777 65.205010740 268.500859227 65.205050120 268.500395602 65.204860684 POLYGON ICRS  268.514678418 65.211243809 268.515392415 65.211535420 268.515299076 65.211574728 268.514585068 65.211283121 POLYGON ICRS  268.514180004 65.212082374 268.514893966 65.212373866 268.514800609 65.212413171 268.514086637 65.212121681 POLYGON ICRS  268.512927012 65.213238217 268.513641022 65.213529567 268.513547629 65.213568869 268.512833609 65.213277522 POLYGON ICRS  268.505719380 65.210609967 268.506435048 65.210901982 268.506341545 65.210941315 268.505625868 65.210649303 POLYGON ICRS  268.487689942 65.203879847 268.488409893 65.204173617 268.488316117 65.204213033 268.487596156 65.203919268 POLYGON ICRS  268.482592252 65.202008990 268.483313462 65.202303271 268.483219609 65.202342714 268.482498388 65.202048436 POLYGON ICRS  268.507751894 65.212481884 268.508213932 65.212670339 268.508120445 65.212709658 268.507658400 65.212521205 POLYGON ICRS  268.482852553 65.202533718 268.483318497 65.202723811 268.483224640 65.202763250 268.482758689 65.202573160 POLYGON ICRS  268.500280513 65.209747403 268.500743669 65.209936307 268.500650069 65.209975660 268.500186907 65.209786757 POLYGON ICRS  268.511422889 65.214708510 268.512136942 65.214999678 268.512043505 65.215038978 268.511329442 65.214747812 POLYGON ICRS  268.498509614 65.209651354 268.498972982 65.209840308 268.498879351 65.209879665 268.498415976 65.209690714 POLYGON ICRS  268.488091109 65.205820682 268.488810669 65.206114098 268.488716884 65.206153504 268.487997314 65.205860091 POLYGON ICRS  268.490770687 65.207644607 268.491489468 65.207937618 268.491395716 65.207977007 268.490676925 65.207683998 POLYGON ICRS  268.514838512 65.217454907 268.515551556 65.217745537 268.515458153 65.217784817 268.514745098 65.217494190 POLYGON ICRS  268.489117821 65.207075314 268.489836991 65.207368479 268.489743215 65.207407875 268.489024034 65.207114714 POLYGON ICRS  268.504097129 65.213389600 268.504812660 65.213681220 268.504719099 65.213720544 268.504003558 65.213428927 POLYGON ICRS  268.505112391 65.214220340 268.505827618 65.214511795 268.505734067 65.214551114 268.505018830 65.214259662 POLYGON ICRS  268.601118130 65.222260087 268.601820106 65.222548645 268.601728164 65.222587779 268.601026179 65.222299223 POLYGON ICRS  268.607655884 65.225050703 268.608356584 65.225338658 268.608264718 65.225377768 268.607564010 65.225089816 POLYGON ICRS  268.598770623 65.221605767 268.599473032 65.221894497 268.599381061 65.221933637 268.598678644 65.221644908 POLYGON ICRS  268.576586684 65.216117506 268.577293349 65.216407827 268.577201078 65.216447021 268.576494404 65.216156702 POLYGON ICRS  268.571861264 65.215006687 268.572568869 65.215297348 268.572476530 65.215336554 268.571768915 65.215045896 POLYGON ICRS  268.594800886 65.225772788 268.595503345 65.226061074 268.595411298 65.226100190 268.594708830 65.225811906 POLYGON ICRS  268.563392597 65.213606018 268.564101824 65.213897198 268.564009355 65.213936421 268.563300118 65.213645244 POLYGON ICRS  268.591823635 65.227862862 268.592526274 65.228150969 268.592434167 65.228190077 268.591731519 65.227901972 POLYGON ICRS  268.564770888 65.217390769 268.565479335 65.217681315 268.565386863 65.217720510 268.564678406 65.217429966 POLYGON ICRS  268.563649660 65.217242359 268.564358318 65.217532968 268.564265827 65.217572164 268.563557160 65.217281558 POLYGON ICRS  268.593546431 65.230224254 268.594248523 65.230511997 268.594156425 65.230551094 268.593454323 65.230263352 POLYGON ICRS  268.569378472 65.221251017 268.570085590 65.221540826 268.569993166 65.221579992 268.569286037 65.221290185 POLYGON ICRS  268.569004924 65.222238560 268.569711963 65.222528240 268.569619524 65.222567400 268.568912475 65.222277723 POLYGON ICRS  268.573851324 65.224327762 268.574557266 65.224616974 268.574464892 65.224656118 268.573758941 65.224366908 POLYGON ICRS  268.570372384 65.223109811 268.571079072 65.223399318 268.570986648 65.223438472 268.570279952 65.223148968 POLYGON ICRS  268.552423583 65.216795090 268.553134220 65.217086164 268.553041535 65.217125376 268.552330888 65.216834305 POLYGON ICRS  268.585490140 65.231992900 268.586193213 65.232280691 268.586100964 65.232319791 268.585397882 65.232032002 POLYGON ICRS  268.567384596 65.225203303 268.568091479 65.225492621 268.567998982 65.225531769 268.567292090 65.225242454 POLYGON ICRS  268.573099004 65.227542133 268.573804617 65.227830930 268.573712198 65.227870062 268.573006576 65.227581267 POLYGON ICRS  268.571483826 65.227399044 268.572189721 65.227687917 268.572097275 65.227727051 268.571391370 65.227438180 POLYGON ICRS  268.555426242 65.222799432 268.556135487 65.223089511 268.556042797 65.223128687 268.555333542 65.222838611 POLYGON ICRS  268.558917389 65.224227304 268.559625832 65.224517057 268.559533191 65.224556222 268.558824739 65.224266471 POLYGON ICRS  268.577429684 65.231902573 268.578134009 65.232190651 268.578041618 65.232229763 268.577337284 65.231941687 POLYGON ICRS  268.562651305 65.226998425 268.563108419 65.227185324 268.563015813 65.227224474 268.562558692 65.227037576 POLYGON ICRS  268.565385314 65.228945235 268.566091989 65.229234115 268.565999412 65.229273254 268.565292728 65.228984376 POLYGON ICRS  268.581999126 65.235737094 268.582702258 65.236024547 268.582609900 65.236063646 268.581906760 65.235776194 POLYGON ICRS  268.545434733 65.223282169 268.546145617 65.223572530 268.546052733 65.223611721 268.545341838 65.223321363 POLYGON ICRS  268.552801561 65.227432184 268.553510563 65.227721709 268.553417767 65.227760874 268.552708755 65.227471351 POLYGON ICRS  268.567854683 65.233683373 268.568560280 65.233971559 268.568467686 65.234010685 268.567762079 65.233722500 POLYGON ICRS  268.555293815 65.228864641 268.556002182 65.229153885 268.555909415 65.229193043 268.555201038 65.228903800 POLYGON ICRS  268.550055856 65.226933418 268.550765399 65.227223107 268.550672557 65.227262279 268.549963004 65.226972592 POLYGON ICRS  268.559774700 65.231108905 268.560231734 65.231295517 268.560139018 65.231334662 268.559681978 65.231148051 POLYGON ICRS  268.548432541 65.226581950 268.549142414 65.226871744 268.549049544 65.226910920 268.548339662 65.226621128 POLYGON ICRS  268.542057763 65.224083494 268.542769108 65.224373859 268.542676148 65.224413054 268.541964793 65.224122692 POLYGON ICRS  268.541056658 65.223882522 268.541768205 65.224172950 268.541675228 65.224212148 268.540963671 65.223921723 POLYGON ICRS  268.539053694 65.223688158 268.539765617 65.223978683 268.539672604 65.224017886 268.538960671 65.223727363 POLYGON ICRS  268.568455176 65.237345745 268.569160166 65.237633470 268.569067525 65.237672593 268.568362526 65.237384870 POLYGON ICRS  268.562862349 65.236410031 268.563568354 65.236698058 268.563475618 65.236737193 268.562769604 65.236449168 POLYGON ICRS  268.540428643 65.227467773 268.541139746 65.227757724 268.541046708 65.227796916 268.540335595 65.227506967 POLYGON ICRS  268.570798868 65.239855164 268.571503156 65.240142521 268.571410517 65.240181641 268.570706220 65.239894285 POLYGON ICRS  268.540677431 65.228399649 268.541388346 65.228689465 268.541295299 65.228728655 268.540584374 65.228438841 POLYGON ICRS  268.541926740 65.229324105 268.542385888 65.229511270 268.542292849 65.229550457 268.541833694 65.229363293 POLYGON ICRS  268.550911546 65.233194394 268.551619985 65.233483230 268.551527066 65.233522392 268.550818617 65.233233558,3.0.0,RELEASE,jwst_1584.pmap,13.2.6,,3,,PRISM,170.459542,16.0567056,36.1494179,170.4252328,0.340286165,16.0567056,0.03204867,f,1,jw09263007004_01_msa.fits,1,PRIMARYPARK_CONFIG,,,,16,4,,,2-SHUTTER-SLITLET,,,,,f,59463360,402e8733115b58c6dbda1e48743b5336,/Date(1790606822619)/,61311.616002546296,/Date(1790607016077)/,61311.618241620374,86,/Date(1790606823000)/,61311.616006944445,False,False,False,8202234,mast:JWST/product/jw09263007004_03101_00001_nrs1_cal.fits,"GO-9263 Shen, Yue",CLEAR,NIRSPEC,2026-09-28 14:47:03.000,2026-09-28 05:07:56.673
257947360,jw09263007004_03101_00002_nrs1_rate.fits,jw09263007004_03101_00002,2b,01,NRS_FULL_MSA,jw09263_20260927t223837_pool.csv,jw09263-o007_20260927t223837_spec2_00003_asn.json,63.39617343619466,61311.23298889198,f,,,61311.228598729394,61311.22420856682,GO,5105,58,f,/Date(1790606462187)/,61311.611830856484,/Date(1790573666846)/,61311.23225516204,/Date(1790572908224)/,61311.22347480324,NRS1,0,0,758.622,744.033,744.033,OK,NRS_MSASPEC,4,61311.23225516204,61311.227864988425,2,PRIME,61311.22347481481,2,CLEAR,1,1.0,N4EA001834,0,65.30702144180404,14.38311386108398,1,268.4096649322231,/Date(1790569548578)/,61311.18459,/Date(1790569460514)/,61311.18357075231,0.0440656021,0.01475176401436329,0.0444754027,63.2810142589733,61311.23298755913,f,61311.22859739655,61311.22420723396,NIRSPEC,f,,NONE,0,,,0,10,,1,51,1,1,1,1,2,0.0,V09263007004P0000000003101,7,Deep-epoch9 NIRSpec MOS,STSCI,FINEGUIDE,"Shen, Yue",NRS_FULL_MSA,PRDOPSSOC-074,9263,65.19850833333334,268.4601470833333,61309.050134606485,NRSIRS2RAPID,491,,2026_2a,,1,1,FULL,,2048,2048,1,1,65.19850833333334,268.4601470833333,,f,msa_catalog_deep_ep9,FIXED,0.1,0.1,JWST,NIRSpec MultiObject Spectroscopy,14.58889,14.589,UTC,NEXUS: the North ecliptic pole EXtragalactic Unified Survey,10,f,4,09263007004,/Date(1790573878046)/,61311.23469960648,03,SUCCESSFUL,PRIME_TARGETED_FIXED,/Date(1790569038627)/,61311.17868780092,-114.0765324,126.2402991,f,,,,,,MultiSlitModel,f,,,,,/Date(1790572908224)/,61311.22347480324,,0.0,MSASPEC,2026271T115209629_001_osf.xml,,,,,UNKNOWN,,2,,NONE,2,1,f,CALCULATED_TRACK_TR_202111,12.0,5,86.75058094699445,,,,,65.20628433369798,268.5710161421214,f,,,,GSC32,0.10063784028825361,0.47327452538085196,729.444,,,,,,,,,,,,,POLYGON ICRS  268.548753301 65.176051475 268.549470272 65.176349911 268.549377639 65.176389601 268.548660659 65.176091169 POLYGON ICRS  268.542320851 65.173900729 268.543039321 65.174199815 268.542946598 65.174239534 268.542228118 65.173940453 POLYGON ICRS  268.552166779 65.178208983 268.552882821 65.178506883 268.552790238 65.178546540 268.552074187 65.178248645 POLYGON ICRS  268.548512562 65.176793811 268.549229460 65.177092113 268.549136826 65.177131791 268.548419919 65.176833493 POLYGON ICRS  268.556583055 65.180782070 268.557045009 65.180974150 268.556952487 65.181013771 268.556490526 65.180821694 POLYGON ICRS  268.565500221 65.184593760 268.566213076 65.184889976 268.566120678 65.184929542 268.565407812 65.184633330 POLYGON ICRS  268.553314831 65.179843685 268.554030428 65.180141232 268.553937865 65.180180865 268.553222258 65.179883322 POLYGON ICRS  268.570401168 65.187992711 268.570860965 65.188183599 268.570768631 65.188223117 268.570308827 65.188032232 POLYGON ICRS  268.546525879 65.178283247 268.547242895 65.178581336 268.547150239 65.178620989 268.546433213 65.178322904 POLYGON ICRS  268.557000521 65.184631618 268.557714784 65.184928128 268.557622278 65.184967688 268.556908005 65.184671182 POLYGON ICRS  268.538993848 65.178310408 268.539712207 65.178608767 268.539619447 65.178648415 268.538901078 65.178350061 POLYGON ICRS  268.544178170 65.180989032 268.544895183 65.181286690 268.544802499 65.181326300 268.544085476 65.181028646 POLYGON ICRS  268.551868660 65.184495930 268.552330779 65.184687665 268.552238200 65.184727226 268.551776075 65.184535494 POLYGON ICRS  268.596736823 65.202948939 268.597438153 65.203239049 268.597347345 65.203277868 268.596646006 65.202987762 POLYGON ICRS  268.616773749 65.211855533 268.617470861 65.212143486 268.617380269 65.212182206 268.616683150 65.211894256 POLYGON ICRS  268.606647153 65.207879142 268.607346271 65.208168080 268.607255575 65.208206843 268.606556449 65.207917908 POLYGON ICRS  268.598103464 65.204659428 268.598804331 65.204949199 268.598713541 65.204987998 268.598012665 65.204698230 POLYGON ICRS  268.624407692 65.216045064 268.625103238 65.216332127 268.625012723 65.216370804 268.624317171 65.216083744 POLYGON ICRS  268.596368554 65.204566710 268.597069698 65.204856558 268.596978889 65.204895358 268.596277736 65.204605512 POLYGON ICRS  268.600211394 65.206259202 268.600911705 65.206548632 268.600820939 65.206587412 268.600120620 65.206297985 POLYGON ICRS  268.601202851 65.207292980 268.601902861 65.207582204 268.601812107 65.207620972 268.601112090 65.207331751 POLYGON ICRS  268.611711842 65.211737626 268.612409674 65.212025769 268.612319035 65.212064490 268.611621195 65.211776349 POLYGON ICRS  268.615289675 65.213318618 268.615986787 65.213606394 268.615896185 65.213645098 268.615199065 65.213357325 POLYGON ICRS  268.519791994 65.183747172 268.520509114 65.184043465 268.520416067 65.184083039 268.519698935 65.183786750 POLYGON ICRS  268.552352732 65.197608786 268.553062046 65.197901370 268.552969479 65.197940759 268.552260155 65.197648178 POLYGON ICRS  268.532586089 65.189555968 268.533299973 65.189850705 268.533207117 65.189890200 268.532493223 65.189595467 POLYGON ICRS  268.517009188 65.183227673 268.517726922 65.183524170 268.517633830 65.183563752 268.516916084 65.183267259 POLYGON ICRS  268.519429250 65.184752338 268.520146274 65.185048454 268.520053216 65.185088014 268.519336181 65.184791903 POLYGON ICRS  268.516893951 65.183915307 268.517611592 65.184211676 268.517518495 65.184251248 268.516800843 65.183954883 POLYGON ICRS  268.541928045 65.194248814 268.542639616 65.194542364 268.542546895 65.194581797 268.541835314 65.194288251 POLYGON ICRS  268.529188800 65.189306101 268.529903327 65.189601006 268.529810416 65.189640505 268.529095878 65.189345604 POLYGON ICRS  268.539674413 65.194574069 268.540386328 65.194867640 268.540293569 65.194907069 268.539581643 65.194613503 POLYGON ICRS  268.531981870 65.191505997 268.532695574 65.191800397 268.532602701 65.191839867 268.531888986 65.191545471 POLYGON ICRS  268.517694272 65.186764842 268.518411295 65.187060640 268.518318199 65.187100175 268.517601165 65.186804381 POLYGON ICRS  268.548868085 65.199721404 268.549326620 65.199910306 268.549233985 65.199949673 268.548775444 65.199760773 POLYGON ICRS  268.550374439 65.200341962 268.550832751 65.200530761 268.550740138 65.200570120 268.550281820 65.200381324 POLYGON ICRS  268.551510966 65.201748801 268.552219839 65.202040693 268.552127242 65.202080035 268.551418359 65.201788146 POLYGON ICRS  268.541587098 65.197765985 268.542298230 65.198058920 268.542205489 65.198098310 268.541494346 65.197805380 POLYGON ICRS  268.538063961 65.196523585 268.538775879 65.196816863 268.538683084 65.196856270 268.537971156 65.196562996 POLYGON ICRS  268.523799968 65.190959802 268.524515219 65.191254594 268.524422208 65.191294074 268.523706946 65.190999286 POLYGON ICRS  268.528870346 65.194095744 268.529584226 65.194389782 268.529491287 65.194429222 268.528777396 65.194135187 POLYGON ICRS  268.539720039 65.199190143 268.540431293 65.199482892 268.540338513 65.199522268 268.539627248 65.199229522 POLYGON ICRS  268.515719082 65.189725717 268.516436003 65.190021031 268.516342857 65.190060530 268.515625924 65.189765221 POLYGON ICRS  268.541486988 65.200543566 268.542197747 65.200836018 268.542104989 65.200875377 268.541394220 65.200582930 POLYGON ICRS  268.521812315 65.193072943 268.522527610 65.193367419 268.522434553 65.193406875 268.521719247 65.193112403 POLYGON ICRS  268.540994647 65.201593115 268.541705344 65.201885402 268.541612572 65.201924751 268.540901865 65.201632468 POLYGON ICRS  268.527510582 65.196150567 268.528224407 65.196444283 268.528131433 65.196483700 268.527417597 65.196189988 POLYGON ICRS  268.533948443 65.199112560 268.534660713 65.199405525 268.534567834 65.199444906 268.533855553 65.199151944 POLYGON ICRS  268.541506098 65.202846463 268.542216532 65.203138517 268.542123761 65.203177853 268.541413317 65.202885802 POLYGON ICRS  268.537230943 65.201297523 268.537942334 65.201589993 268.537849498 65.201629348 268.537138097 65.201336882 POLYGON ICRS  268.508402709 65.190068037 268.509120948 65.190363556 268.509027667 65.190403056 268.508309418 65.190107542 POLYGON ICRS  268.542647460 65.204670853 268.543357440 65.204962557 268.543264678 65.205001874 268.542554687 65.204710173 POLYGON ICRS  268.522870833 65.197483344 268.523585293 65.197776986 268.523492227 65.197816393 268.522777756 65.197522754 POLYGON ICRS  268.524517161 65.198473457 268.525231185 65.198766866 268.525138142 65.198806261 268.524424107 65.198512856 POLYGON ICRS  268.530454259 65.201434840 268.531166814 65.201727523 268.531073857 65.201766882 268.530361291 65.201474202 POLYGON ICRS  268.507815939 65.193284589 268.508279791 65.193475176 268.508186474 65.193514643 268.507722615 65.193324059 POLYGON ICRS  268.515943378 65.197460151 268.516659086 65.197754042 268.516565893 65.197793456 268.515850174 65.197499569 POLYGON ICRS  268.536895733 65.206477781 268.537354988 65.206666210 268.537262107 65.206705517 268.536802845 65.206517090 POLYGON ICRS  268.535261218 65.205911353 268.535720708 65.206099879 268.535627802 65.206139193 268.535168305 65.205950669 POLYGON ICRS  268.533513106 65.207070211 268.534224334 65.207361833 268.534131391 65.207401138 268.533420152 65.207109519 POLYGON ICRS  268.506974454 65.196602960 268.507691929 65.196897324 268.507598577 65.196936757 268.506881091 65.196642396 POLYGON ICRS  268.526379879 65.210711902 268.527091838 65.211003175 268.526998730 65.211042463 268.526286761 65.210751193 POLYGON ICRS  268.502353789 65.201298122 268.502817492 65.201487899 268.502724011 65.201527299 268.502260301 65.201337525 POLYGON ICRS  268.502642276 65.204759640 268.503359303 65.205052716 268.503265802 65.205092089 268.502548764 65.204799017 POLYGON ICRS  268.500240141 65.204717991 268.500703754 65.204907430 268.500610204 65.204946810 268.500146584 65.204757373 POLYGON ICRS  268.514429272 65.211140525 268.515143263 65.211432136 268.515049924 65.211471444 268.514335922 65.211179836 POLYGON ICRS  268.513930855 65.211979090 268.514644811 65.212270583 268.514551454 65.212309888 268.513837487 65.212018397 POLYGON ICRS  268.512677851 65.213134929 268.513391855 65.213426281 268.513298462 65.213465582 268.512584447 65.213174234 POLYGON ICRS  268.505470278 65.210506666 268.506185939 65.210798683 268.506092437 65.210838015 268.505376765 65.210546001 POLYGON ICRS  268.487440985 65.203776512 268.488160929 65.204070283 268.488067154 65.204109700 268.487347199 65.203815932 POLYGON ICRS  268.482343334 65.201905645 268.483064538 65.202199927 268.482970684 65.202239369 268.482249470 65.201945091 POLYGON ICRS  268.507502763 65.212378587 268.507964797 65.212567043 268.507871311 65.212606362 268.507409270 65.212417908 POLYGON ICRS  268.482603628 65.202430373 268.483069568 65.202620467 268.482975711 65.202659906 268.482509764 65.202469815 POLYGON ICRS  268.500031441 65.209644091 268.500494593 65.209832997 268.500400994 65.209872349 268.499937835 65.209683446 POLYGON ICRS  268.511173727 65.214605223 268.511887774 65.214896393 268.511794337 65.214935692 268.511080279 65.214644525 POLYGON ICRS  268.498260551 65.209548040 268.498723915 65.209736994 268.498630283 65.209776351 268.498166912 65.209587399 POLYGON ICRS  268.487842126 65.205717347 268.488561679 65.206010764 268.488467894 65.206050169 268.487748331 65.205756755 POLYGON ICRS  268.490521679 65.207541278 268.491240454 65.207834292 268.491146702 65.207873680 268.490427917 65.207580670 POLYGON ICRS  268.514589304 65.217351626 268.515302342 65.217642257 268.515208939 65.217681537 268.514495890 65.217390908 POLYGON ICRS  268.488868823 65.206971981 268.489587986 65.207265148 268.489494210 65.207304543 268.488775035 65.207011381 POLYGON ICRS  268.503848003 65.213286296 268.504563528 65.213577917 268.504469967 65.213617241 268.503754431 65.213325623 POLYGON ICRS  268.504863249 65.214117037 268.505578470 65.214408494 268.505484919 65.214447812 268.504769688 65.214156359 POLYGON ICRS  268.600867063 65.222156367 268.601569033 65.222444926 268.601477091 65.222484060 268.600775112 65.222195503 POLYGON ICRS  268.607404757 65.224946994 268.608105451 65.225234950 268.608013585 65.225274061 268.607312883 65.224986107 POLYGON ICRS  268.598519569 65.221502041 268.599221972 65.221790773 268.599130001 65.221829912 268.598427589 65.221541182 POLYGON ICRS  268.576335768 65.216013734 268.577042427 65.216304057 268.576950156 65.216343250 268.576243487 65.216052930 POLYGON ICRS  268.571610375 65.214902905 268.572317975 65.215193568 268.572225635 65.215232773 268.571518026 65.214942114 POLYGON ICRS  268.594549800 65.225669055 268.595252253 65.225957342 268.595160205 65.225996457 268.594457743 65.225708172 POLYGON ICRS  268.563141754 65.213502218 268.563850975 65.213793401 268.563758506 65.213832623 268.563049274 65.213541444 POLYGON ICRS  268.591572537 65.227759123 268.592275170 65.228047232 268.592183063 65.228086339 268.591480421 65.227798233 POLYGON ICRS  268.564520000 65.217286974 268.565228442 65.217577522 268.565135969 65.217616716 268.564427517 65.217326171 POLYGON ICRS  268.563398777 65.217138561 268.564107429 65.217429171 268.564014939 65.217468368 268.563306276 65.217177760 POLYGON ICRS  268.593295301 65.230120519 268.593997388 65.230408264 268.593905289 65.230447360 268.593203193 65.230159617 POLYGON ICRS  268.569127524 65.221147232 268.569834637 65.221437042 268.569742212 65.221476207 268.569035090 65.221186399 POLYGON ICRS  268.568753970 65.222134775 268.569461003 65.222424456 268.569368563 65.222463617 268.568661521 65.222173938 POLYGON ICRS  268.573600328 65.224223986 268.574306264 65.224513199 268.574213890 65.224552343 268.573507944 65.224263132 POLYGON ICRS  268.570121417 65.223006029 268.570828098 65.223295537 268.570735675 65.223334691 268.570028984 65.223045186 POLYGON ICRS  268.552172745 65.216691270 268.552883376 65.216982346 268.552790691 65.217021557 268.552080049 65.216730484 POLYGON ICRS  268.585239020 65.231889149 268.585942088 65.232176942 268.585849838 65.232216042 268.585146762 65.231928251 POLYGON ICRS  268.567133617 65.225099516 268.567840494 65.225388835 268.567747997 65.225427984 268.567041111 65.225138667 POLYGON ICRS  268.572847981 65.227438359 268.573553587 65.227727157 268.573461169 65.227766289 268.572755552 65.227477492 POLYGON ICRS  268.571232803 65.227295263 268.571938693 65.227584138 268.571846246 65.227623272 268.571140347 65.227334399 POLYGON ICRS  268.555175329 65.222695620 268.555884569 65.222985700 268.555791879 65.223024876 268.555082629 65.222734798 POLYGON ICRS  268.558666449 65.224123499 268.559374886 65.224413253 268.559282245 65.224452418 268.558573798 65.224162666 POLYGON ICRS  268.577178599 65.231798808 268.577882918 65.232086888 268.577790527 65.232126000 268.577086199 65.231837922 POLYGON ICRS  268.562401802 65.226895233 268.562858912 65.227082134 268.562766305 65.227121283 268.562309189 65.226934384 POLYGON ICRS  268.565134298 65.228841444 268.565840967 65.229130325 268.565748391 65.229169464 268.565041712 65.228880585 POLYGON ICRS  268.581747988 65.235633341 268.582451114 65.235920796 268.582358757 65.235959894 268.581655621 65.235672441 POLYGON ICRS  268.545183850 65.223178337 268.545894729 65.223468699 268.545801845 65.223507890 268.545090956 65.223217531 POLYGON ICRS  268.552550606 65.227328367 268.553259603 65.227617893 268.553166807 65.227657058 268.552457800 65.227367534 POLYGON ICRS  268.567603608 65.233579588 268.568309200 65.233867776 268.568216605 65.233906901 268.567511005 65.233618715 POLYGON ICRS  268.555042838 65.228760829 268.555751199 65.229050076 268.555658432 65.229089233 268.554950061 65.228799989 POLYGON ICRS  268.549804916 65.226829596 268.550514454 65.227119286 268.550421611 65.227158458 268.549712064 65.226868770 POLYGON ICRS  268.559525163 65.231005707 268.559982193 65.231192321 268.559889477 65.231231466 268.559432441 65.231044854 POLYGON ICRS  268.548181614 65.226478126 268.548891481 65.226767921 268.548798612 65.226807097 268.548088735 65.226517304 POLYGON ICRS  268.541806885 65.223979656 268.542518224 65.224270022 268.542425264 65.224309217 268.541713915 65.224018853 POLYGON ICRS  268.540805784 65.223778681 268.541517326 65.224069111 268.541424349 65.224108309 268.540712797 65.223817882 POLYGON ICRS  268.538802830 65.223584313 268.539514747 65.223874840 268.539421734 65.223914043 268.538709807 65.223623518 POLYGON ICRS  268.568204060 65.237241962 268.568909044 65.237529688 268.568816404 65.237568811 268.568111410 65.237281087 POLYGON ICRS  268.562611263 65.236306236 268.563317262 65.236594265 268.563224527 65.236633400 268.562518518 65.236345373 POLYGON ICRS  268.540177733 65.227363932 268.540888830 65.227653885 268.540795792 65.227693076 268.540084685 65.227403126 POLYGON ICRS  268.570547717 65.239751386 268.571251999 65.240038744 268.571159360 65.240077864 268.570455069 65.239790507 POLYGON ICRS  268.540426511 65.228295809 268.541137420 65.228585626 268.541044373 65.228624816 268.540333454 65.228335001 POLYGON ICRS  268.541677292 65.229220874 268.542136436 65.229408040 268.542043397 65.229447226 268.541584247 65.229260062 POLYGON ICRS  268.550660537 65.233090575 268.551368971 65.233379412 268.551276051 65.233418575 268.550567608 65.233129739,3.0.0,RELEASE,jwst_1584.pmap,13.2.6,,3,,PRISM,170.459542,16.0567056,36.1494179,170.4252328,0.340286165,16.0567056,0.03204867,f,1,jw09263007004_01_msa.fits,1,PRIMARYPARK_CONFIG,,,,16,4,,,2-SHUTTER-SLITLET,,,,,f,59486400,21a840fccb881e502e7a8ee46b4b22ab,/Date(1790606848578)/,61311.61630296296,/Date(1790607078367)/,61311.618962569446,86,/Date(1790606849000)/,61311.61630787037,False,False,False,8202368,mast:JWST/product/jw09263007004_03101_00002_nrs1_cal.fits,"GO-9263 Shen, Yue",CLEAR,NIRSPEC,2026-09-28 14:47:29.000,2026-09-28 05:21:48.224
260714029,jw08441003001_03102_00001_nrs1_rate.fits,jw08441003001_03102_00001,2b,02,NRS_S200A1_SLIT,jw08441_20261004t142442_pool.csv,jw08441-o003_20261004t142442_spec2_00010_asn.json,159.06467421445996,61317.48964905781,f,,,61317.487728444845,61317.48580783188,GO,,50,f,/Date(1791125773807)/,61317.62238201389,/Date(1791114146647)/,61317.48780840278,/Date(1791113814732)/,61317.483966817126,NRS1,0,0,331.915,327.18,109.06,OK,NRS_FIXEDSLIT,3,61317.48780841435,61317.48588760995,1,PRIME,61317.48396680556,2,F290LP,1,1.429,SA4C013092,0,-20.93283986151616,12.61091423034668,1,292.6340053166186,/Date(1791113206807)/,61317.476930625,/Date(1791112964120)/,61317.47412175926,0.017861912,0.00793508905917406,0.0186027084,156.89621006604284,61317.489623959846,f,61317.48770334688,61317.485782733915,NIRSPEC,f,,NONE,-1.0759,/Date(1495843200000)/,57900,-1.0475,7,,1,70,3,1,1,1,5,0.0,V08441003001P0000000003102,3,W1930-2059_G395H,STSCI,FINEGUIDE,"Faherty, Jacqueline Kelly",NRS_S200A1_SLIT,PRDOPSSOC-074,8441,-20.999130555555556,292.7251941666666,61314.91210541667,NRSRAPID,491,Stars and Stellar Populations,2026_2a,,1,1,SUBS200A1,,2048,64,1,1054,-21.001926869394232,292.7222779904163,,f,WISEAJ193054.55-205949.4,FIXED,0.01,0.01,JWST,NIRSpec Fixed Slit Spectroscopy,1.558,1.558,UTC,The Cold Worlds Spectral Library,10,f,1,08441003001,/Date(1791115846677)/,61317.50748467592,03,SUCCESSFUL,PRIME_TARGETED_FIXED,/Date(1791110978586)/,61317.45114104167,1.1e-06,0.880701,f,,,,,,MultiSlitModel,f,,,,,/Date(1791113814732)/,61317.483966817126,NIRSPEC OBSERVING,0.0,FIXEDSLIT,2026277T141406387_001_osf.xml,,,,,UNKNOWN,,1,,5-POINT-NOD,5,1,f,CALCULATED_TRACK_TR_202111,12.0,1,81.21582090697832,,,,,-21.0015374932804,292.72339559992395,f,,Star,Brown dwarfs,GSC32,0.1992358614791275,14.809029836847996,322.506,,,,,,,,,,,,,POLYGON ICRS  292.722125944 -21.002111799 292.722816761 -21.001343979 292.722772558 -21.001309878 292.722081729 -21.002077691,3.0.0,RELEASE,jwst_1584.pmap,13.2.6,,3,S200A1,G395H,159.5835256,72.4610304,36.15599,159.5835256,0.3185022,72.4381576,0.144641012,,,,,PRIMARYPARK_ALLCLOSED,,,NONE,,,,,,1,1,,,,3245760,c1e11da11ef0bd5178acb869626cc0da,/Date(1791125952874)/,61317.62445454861,/Date(1791126015402)/,61317.62517827546,86,/Date(1791125953000)/,61317.624456018515,False,False,False,8233382,mast:JWST/product/jw08441003001_03102_00001_nrs1_cal.fits,"GO-8441 Faherty, Jacqueline Kelly",F290LP,NIRSPEC-F290LP,2026-10-04 14:59:13.000,2026-10-04 11:36:54.732
260714027,jw08441003001_03102_00002_nrs1_rate.fits,jw08441003001_03102_00002,2b,02,NRS_S200A1_SLIT,jw08441_20261004t142442_pool.csv,jw08441-o003_20261004t142442_spec2_00009_asn.json,159.02410098351538,61317.494360428485,f,,,61317.49243981553,61317.490519202554,GO,,50,f,/Date(1791125799615)/,61317.622680740744,/Date(1791114553750)/,61317.49252025463,/Date(1791114221835)/,61317.488678657406,NRS1,0,0,331.915,327.18,109.06,OK,NRS_FIXEDSLIT,3,61317.49252025463,61317.49059945023,2,PRIME,61317.48867864583,2,F290LP,1,1.429,SA4C013092,0,-20.93283986151616,12.61091423034668,1,292.6340053166186,/Date(1791113206807)/,61317.476930625,/Date(1791112964120)/,61317.47412175926,0.017861912,0.00793508905917406,0.0186027084,156.855637463741,61317.49433533053,f,61317.49241471757,61317.4904941046,NIRSPEC,f,,NONE,-1.0759,/Date(1495843200000)/,57900,-1.0475,7,,1,70,3,1,1,1,5,0.0,V08441003001P0000000003102,3,W1930-2059_G395H,STSCI,FINEGUIDE,"Faherty, Jacqueline Kelly",NRS_S200A1_SLIT,PRDOPSSOC-074,8441,-20.999130555555556,292.7251941666666,61314.91210541667,NRSRAPID,491,Stars and Stellar Populations,2026_2a,,1,1,SUBS200A1,,2048,64,1,1054,-21.001926873249634,292.7222779863956,,f,WISEAJ193054.55-205949.4,FIXED,0.01,0.01,JWST,NIRSpec Fixed Slit Spectroscopy,1.558,1.558,UTC,The Cold Worlds Spectral Library,10,f,1,08441003001,/Date(1791115846677)/,61317.50748467592,03,SUCCESSFUL,PRIME_TARGETED_FIXED,/Date(1791110978586)/,61317.45114104167,5e-07,0.4403005,f,,,,,,MultiSlitModel,f,,,,,/Date(1791114221835)/,61317.488678657406,NIRSPEC OBSERVING,0.0,FIXEDSLIT,2026277T141406387_001_osf.xml,,,,,UNKNOWN,,2,,5-POINT-NOD,5,1,f,CALCULATED_TRACK_TR_202111,12.0,1,81.21582090697832,,,,,-21.001631182531153,292.7233110290607,f,,Star,Brown dwarfs,GSC32,0.32364590606696075,18.381176011550945,322.506,,,,,,,,,,,,,POLYGON ICRS  292.722041872 -21.002205406 292.722732689 -21.001437585 292.722688485 -21.001403484 292.721997656 -21.002171298,3.0.0,RELEASE,jwst_1584.pmap,13.2.6,,3,S200A1,G395H,159.5835256,72.4610304,36.15599,159.5835256,0.3185022,72.4381576,0.144641012,,,,,PRIMARYPARK_ALLCLOSED,,,NONE,,,,,,1,1,,,,3245760,ef8085eca11b6f2a8d779a0a3d092e12,/Date(1791125951225)/,61317.62443548611,/Date(1791126014807)/,61317.62517136574,86,/Date(1791125951000)/,61317.62443287037,False,False,False,8233386,mast:JWST/product/jw08441003001_03102_00002_nrs1_cal.fits,"GO-8441 Faherty, Jacqueline Kelly",F290LP,NIRSPEC-F290LP,2026-10-04 14:59:11.000,2026-10-04 11:43:41.835
260714127,jw08441003001_03102_00003_nrs1_rate.fits,jw08441003001_03102_00003,2b,02,NRS_S200A1_SLIT,jw08441_20261004t142442_pool.csv,jw08441-o003_20261004t142442_spec2_00008_asn.json,158.9835340389982,61317.499071070066,f,,,61317.49715045711,61317.49522984414,GO,,50,f,/Date(1791125794188)/,61317.62261789352,/Date(1791114960790)/,61317.49723136574,/Date(1791114628875)/,61317.49338976852,NRS1,0,0,331.915,327.18,109.06,OK,NRS_FIXEDSLIT,3,61317.49723136574,61317.495310561346,3,PRIME,61317.49338975694,2,F290LP,1,1.429,SA4C013092,0,-20.93283986151616,12.61091423034668,1,292.6340053166186,/Date(1791113206807)/,61317.476930625,/Date(1791112964120)/,61317.47412175926,0.017861912,0.00793508905917406,0.0186027084,156.8150705192238,61317.499045972116,f,61317.49712535915,61317.495204746185,NIRSPEC,f,,NONE,-1.0759,/Date(1495843200000)/,57900,-1.0475,7,,1,70,3,1,1,1,5,0.0,V08441003001P0000000003102,3,W1930-2059_G395H,STSCI,FINEGUIDE,"Faherty, Jacqueline Kelly",NRS_S200A1_SLIT,PRDOPSSOC-074,8441,-20.999130555555556,292.7251941666666,61314.91210541667,NRSRAPID,491,Stars and Stellar Populations,2026_2a,,1,1,SUBS200A1,,2048,64,1,1054,-21.00192687710444,292.7222779823756,,f,WISEAJ193054.55-205949.4,FIXED,0.01,0.01,JWST,NIRSpec Fixed Slit Spectroscopy,1.558,1.558,UTC,The Cold Worlds Spectral Library,10,f,1,08441003001,/Date(1791115846677)/,61317.50748467592,03,SUCCESSFUL,PRIME_TARGETED_FIXED,/Date(1791110978586)/,61317.45114104167,0.0,0.0,f,,,,,,MultiSlitModel,f,,,,,/Date(1791114628875)/,61317.49338976852,NIRSPEC OBSERVING,0.0,FIXEDSLIT,2026277T141406387_001_osf.xml,,,,,UNKNOWN,,3,,5-POINT-NOD,5,1,f,CALCULATED_TRACK_TR_202111,12.0,1,81.21582090697832,,,,,-21.001724947199403,292.7232262942932,f,,Star,Brown dwarfs,GSC32,0.4172787177191083,18.877964552403675,322.506,,,,,,,,,,,,,POLYGON ICRS  292.721957635 -21.002299087 292.722648453 -21.001531266 292.722604249 -21.001497166 292.721913419 -21.002264979,3.0.0,RELEASE,jwst_1584.pmap,13.2.6,,3,S200A1,G395H,159.5835256,72.4610304,36.15599,159.5835256,0.3185022,72.4381576,0.144641012,,,,,PRIMARYPARK_ALLCLOSED,,,NONE,,,,,,1,1,,,,3245760,f9bb0e6bf3a3d428e8ca188d1b63a594,/Date(1791125956612)/,61317.62449783565,/Date(1791126025786)/,61317.62529844907,86,/Date(1791125957000)/,61317.624502314815,False,False,False,8233389,mast:JWST/product/jw08441003001_03102_00003_nrs1_cal.fits,"GO-8441 Faherty, Jacqueline Kelly",F290LP,NIRSPEC-F290LP,2026-10-04 14:59:17.000,2026-10-04 11:50:28.875
260714065,jw08441003001_03102_00004_nrs1_rate.fits,jw08441003001_03102_00004,2b,02,NRS_S200A1_SLIT,jw08441_20261004t142442_pool.csv,jw08441-o003_20261004t142442_spec2_00007_asn.json,158.94295955076814,61317.503782440726,f,,,61317.50186182777,61317.49994121481,GO,,50,f,/Date(1791125754746)/,61317.62216141204,/Date(1791115367893)/,61317.50194320602,/Date(1791115035978)/,61317.49810157407,NRS1,0,0,331.915,327.18,109.06,OK,NRS_FIXEDSLIT,3,61317.50194320602,61317.50002240162,4,PRIME,61317.49810159722,2,F290LP,1,1.429,SA4C013092,0,-20.93283986151616,12.61091423034668,1,292.6340053166186,/Date(1791113206807)/,61317.476930625,/Date(1791112964120)/,61317.47412175926,0.017861912,0.00793508905917406,0.0186027084,156.7744966596365,61317.50375734278,f,61317.50183672982,61317.49991611686,NIRSPEC,f,,NONE,-1.0759,/Date(1495843200000)/,57900,-1.0475,7,,1,70,3,1,1,1,5,0.0,V08441003001P0000000003102,3,W1930-2059_G395H,STSCI,FINEGUIDE,"Faherty, Jacqueline Kelly",NRS_S200A1_SLIT,PRDOPSSOC-074,8441,-20.999130555555556,292.7251941666666,61314.91210541667,NRSRAPID,491,Stars and Stellar Populations,2026_2a,,1,1,SUBS200A1,,2048,64,1,1054,-21.001926880959843,292.7222779783549,,f,WISEAJ193054.55-205949.4,FIXED,0.01,0.01,JWST,NIRSpec Fixed Slit Spectroscopy,1.558,1.558,UTC,The Cold Worlds Spectral Library,10,f,1,08441003001,/Date(1791115846677)/,61317.50748467592,03,SUCCESSFUL,PRIME_TARGETED_FIXED,/Date(1791110978586)/,61317.45114104167,-8e-07,-0.6499007,f,,,,,,MultiSlitModel,f,,,,,/Date(1791115035978)/,61317.49810157407,NIRSPEC OBSERVING,0.4049161818399746,FIXEDSLIT,2026277T141406387_001_osf.xml,,,,,UNKNOWN,,4,,5-POINT-NOD,5,1,f,CALCULATED_TRACK_TR_202111,12.0,1,81.21582090697832,,,,,-21.0018632375232,292.723101454327,f,,Star,Brown dwarfs,GSC32,0.38321321777492123,19.20915691297216,322.506,,,,,,,,,,,,,POLYGON ICRS  292.721833296 -21.002437290 292.722524115 -21.001669469 292.722479911 -21.001635368 292.721789081 -21.002403182,3.0.0,RELEASE,jwst_1584.pmap,13.2.6,,3,S200A1,G395H,159.5835256,72.4610304,36.15599,159.5835256,0.3185022,72.4381576,0.144641012,,,,,PRIMARYPARK_ALLCLOSED,,,NONE,,,,,,1,1,,,,3245760,12e82f8d11962ac8509a92a5ab19c41f,/Date(1791125953841)/,61317.624465740744,/Date(1791126018440)/,61317.62521342593,86,/Date(1791125954000)/,61317.62446759259,False,False,False,8233393,mast:JWST/product/jw08441003001_03102_00004_nrs1_cal.fits,"GO-8441 Faherty, Jacqueline Kelly",F290LP,NIRSPEC-F290LP,2026-10-04 14:59:14.000,2026-10-04 11:57:15.978
260714056,jw08441003001_03102_00005_nrs1_rate.fits,jw08441003001_03102_00005,2b,02,NRS_S200A1_SLIT,jw08441_20261004t142442_pool.csv,jw08441-o003_20261004t142442_spec2_00006_asn.json,158.90239134896547,61317.508493082285,f,,,61317.506572469334,61317.50465185638,GO,,50,f,/Date(1791125757479)/,61317.622193055555,/Date(1791115774933)/,61317.50665431713,/Date(1791115443018)/,61317.50281268518,NRS1,0,0,331.915,327.18,109.06,OK,NRS_FIXEDSLIT,3,61317.50665431713,61317.50473351273,5,PRIME,61317.502812708335,2,F290LP,1,1.429,SA4C013092,0,-20.93283986151616,12.61091423034668,1,292.6340053166186,/Date(1791113206807)/,61317.476930625,/Date(1791112964120)/,61317.47412175926,0.017861912,0.00793508905917406,0.0186027084,156.73392845783383,61317.50846798435,f,61317.50654737139,61317.50462675843,NIRSPEC,f,,NONE,-1.0759,/Date(1495843200000)/,57900,-1.0475,7,,1,70,3,1,1,1,5,0.0,V08441003001P0000000003102,3,W1930-2059_G395H,STSCI,FINEGUIDE,"Faherty, Jacqueline Kelly",NRS_S200A1_SLIT,PRDOPSSOC-074,8441,-20.999130555555556,292.7251941666666,61314.91210541667,NRSRAPID,491,Stars and Stellar Populations,2026_2a,,1,1,SUBS200A1,,2048,64,1,1054,-21.00192688481465,292.7222779743349,,f,WISEAJ193054.55-205949.4,FIXED,0.01,0.01,JWST,NIRSpec Fixed Slit Spectroscopy,1.558,1.558,UTC,The Cold Worlds Spectral Library,10,f,1,08441003001,/Date(1791115846677)/,61317.50748467592,03,SUCCESSFUL,PRIME_TARGETED_FIXED,/Date(1791110978586)/,61317.45114104167,-1.5e-06,-1.1950013,f,,,,,,MultiSlitModel,f,,,,,/Date(1791115443018)/,61317.50281268518,NIRSPEC OBSERVING,-0.05239926955626494,FIXEDSLIT,2026277T142144428_001_osf.xml,,,,,UNKNOWN,,5,,5-POINT-NOD,5,1,f,CALCULATED_TRACK_TR_202111,12.0,1,81.21582090697832,,,,,-21.001979271049407,292.72299665640776,f,,Star,Brown dwarfs,GSC32,0.6193060576658844,27.63090551028508,322.506,,,,,,,,,,,,,POLYGON ICRS  292.721728998 -21.002553238 292.722419818 -21.001785417 292.722375614 -21.001751317 292.721684782 -21.002519130,3.0.0,RELEASE,jwst_1584.pmap,13.2.6,,3,S200A1,G395H,159.5835256,72.4610304,36.15599,159.5835256,0.3185022,72.4381576,0.144641012,,,,,PRIMARYPARK_ALLCLOSED,,,NONE,,,,,,1,1,,,,3245760,02ad9b31247280e3d5b89dd3892d8605,/Date(1791125954702)/,61317.624475729164,/Date(1791126017785)/,61317.62520585648,86,/Date(1791125955000)/,61317.62447916667,False,False,False,8233396,mast:JWST/product/jw08441003001_03102_00005_nrs1_cal.fits,"GO-8441 Faherty, Jacqueline Kelly",F290LP,NIRSPEC-F290LP,2026-10-04 14:59:15.000,2026-10-04 12:04:03.018
261577340,jw09637101001_03101_00001_nrs1_rate.fits,jw09637101001_03101_00001,2b,01,NRS_FULL_IFU,jw09637_20261006t120444_pool.csv,jw09637-o101_20261006t120444_spec2_00016_asn.json,235.07034410722554,61319.069406776776,f,,,61319.06763396908,61319.06586116139,GO,,58,f,/Date(1791293057718)/,61319.55853837963,/Date(1791250561701)/,61319.066686342594,/Date(1791250255334)/,61319.06314042824,NRS1,0,0,306.367,291.778,291.778,OK,NRS_IFU,1,61319.06668635417,61319.06491339699,1,PRIME,61319.063140439815,2,F100LP,1,1.0,SCJJ018015,0,-44.83881559089117,14.36188125610352,1,314.9533970487569,/Date(1791249972966)/,61319.05987229167,/Date(1791249732326)/,61319.057087106485,0.0292265583,0.01419757213443518,0.0354029238,233.5021753096953,61319.06938862665,f,61319.06761581897,61319.06584301129,NIRSPEC,f,,NONE,0,,,0,16,,1,20,1,1,1,1,4,0.0,V09637101001P0000000003101,101,,STSCI,FINEGUIDE,"Treu, Tommaso L.",NRS_FULL_IFU,PRDOPSSOC-074,9637,-44.86846388888889,315.06204541666665,61314.91210541667,NRSIRS2RAPID,491,High-redshift Galaxies and the Distant Universe,2026_2a,,1,1,FULL,,2048,2048,1,1,-44.86846388888887,315.06204541666665,,f,WGD2100-4452,FIXED,0.1,0.1,JWST,NIRSpec IFU Spectroscopy,14.58889,14.589,UTC,A definitive test of the Hubble tension - independent of the local distance ladder,10,f,1,09637101001,/Date(1791256676063)/,61319.13745443287,03,SUCCESSFUL,PRIME_TARGETED_FIXED,/Date(1791247918824)/,61319.036097488424,0.2317077,-0.5574739,f,,,,,,IFUImageModel,f,,,,,/Date(1791250255334)/,61319.06314042824,WGD2100,0.03392019333817421,IFU,2026279T114800340_001_osf.xml,,,,,UNKNOWN,,1,,4-POINT-DITHER,,,f,CALCULATED_TRACK_TR_202111,12.0,5,61.61435908744762,,,,,-44.87026560505949,315.0656981181206,f,,Galaxy,Einstein rings; Elliptical galaxies; Quasars,GSC32,0.11311402216907251,0.433502400392464,277.189,,,,,,,,,,,,,POLYGON ICRS  315.061035693 -44.869203125 315.062668610 -44.869203125 315.062668610 -44.867991800 315.061035693 -44.867991800,3.0.0,RELEASE,jwst_1584.pmap,13.2.6,,3,,G140M,164.3296316,62.236888799999996,36.1494179,164.341068,0.327968538,62.271198,0.12418004100000002,f,,,,,,,,16,4,,,,,,,,,203068800,979c9b7f0ce473bf745803bc47cc81f4,/Date(1791293083091)/,61319.55883206018,/Date(1791293087518)/,61319.558883287034,86,/Date(1791293083000)/,61319.55883101852,False,False,False,8241614,mast:JWST/product/jw09637101001_03101_00001_nrs1_cal.fits,"GO-9637 Treu, Tommaso L.",F100LP,NIRSPEC-F100LP,2026-10-06 13:24:43.000,2026-10-06 01:30:55.334
261577401,jw09637101001_03101_00002_nrs1_rate.fits,jw09637101001_03101_00002,2b,01,NRS_FULL_IFU,jw09637_20261006t120444_pool.csv,jw09637-o101_20261006t120444_spec2_00015_asn.json,235.03836190793663,61319.073796776975,f,,,61319.07202396929,61319.0702511616,GO,,58,f,/Date(1791293070022)/,61319.558680821756,/Date(1791250941029)/,61319.07107673611,/Date(1791250634662)/,61319.06753082176,NRS1,0,0,306.367,291.778,291.778,OK,NRS_IFU,1,61319.07107672454,61319.06930376736,2,PRIME,61319.067530810185,2,F100LP,1,1.0,SCJJ018015,0,-44.83881559089117,14.36188125610352,1,314.9533970487569,/Date(1791249972966)/,61319.05987229167,/Date(1791249732326)/,61319.057087106485,0.0292265583,0.01419757213443518,0.0354029238,233.4701899671927,61319.073778626815,f,61319.072005819144,61319.07023301146,NIRSPEC,f,,NONE,0,,,0,16,,1,20,1,1,1,1,4,0.0,V09637101001P0000000003101,101,,STSCI,FINEGUIDE,"Treu, Tommaso L.",NRS_FULL_IFU,PRDOPSSOC-074,9637,-44.86846388888889,315.06204541666665,61314.91210541667,NRSIRS2RAPID,491,High-redshift Galaxies and the Distant Universe,2026_2a,,1,1,FULL,,2048,2048,1,1,-44.86846388888887,315.06204541666665,,f,WGD2100-4452,FIXED,0.1,0.1,JWST,NIRSpec IFU Spectroscopy,14.58889,14.589,UTC,A definitive test of the Hubble tension - independent of the local distance ladder,10,f,1,09637101001,/Date(1791256676063)/,61319.13745443287,03,SUCCESSFUL,PRIME_TARGETED_FIXED,/Date(1791247918824)/,61319.036097488424,0.5937087,-0.294573,f,,,,,,IFUImageModel,f,,,,,/Date(1791250634662)/,61319.06753082176,WGD2100,0.04614192433864137,IFU,2026279T114800340_001_osf.xml,,,,,UNKNOWN,,2,,4-POINT-DITHER,,,f,CALCULATED_TRACK_TR_202111,12.0,5,61.61435908744762,,,,,-44.870161334775155,315.0656012745931,f,,Galaxy,Einstein rings; Elliptical galaxies; Quasars,GSC32,0.10293445687414234,0.48510982901061445,277.189,,,,,,,,,,,,,POLYGON ICRS  315.060939391 -44.869098662 315.062572295 -44.869098662 315.062572295 -44.867887341 315.060939391 -44.867887341,3.0.0,RELEASE,jwst_1584.pmap,13.2.6,,3,,G140M,164.3296316,62.236888799999996,36.1494179,164.341068,0.327968538,62.271198,0.12418004100000002,f,,,,,,,,16,4,,,,,,,,,203068800,510ba2a4ffc58ff3e8a0160c4bb9a762,/Date(1791293111363)/,61319.55915929398,/Date(1791293114756)/,61319.55919856481,86,/Date(1791293111000)/,61319.55915509259,False,False,False,8241617,mast:JWST/product/jw09637101001_03101_00002_nrs1_cal.fits,"GO-9637 Treu, Tommaso L.",F100LP,NIRSPEC-F100LP,2026-10-06 13:25:11.000,2026-10-06 01:37:14.662
261577372,jw09637101001_03101_00003_nrs1_rate.fits,jw09637101001_03101_00003,2b,01,NRS_FULL_IFU,jw09637_20261006t120444_pool.csv,jw09637-o101_20261006t120444_spec2_00014_asn.json,235.00637342222035,61319.078187517836,f,,,61319.07641471015,61319.07464190247,GO,,58,f,/Date(1791293061969)/,61319.55858761574,/Date(1791251320421)/,61319.07546782408,/Date(1791251014054)/,61319.07192190972,NRS1,0,0,306.367,291.778,291.778,OK,NRS_IFU,1,61319.075467835646,61319.07369487847,3,PRIME,61319.0719219213,2,F100LP,1,1.0,SCJJ018015,0,-44.83881559089117,14.36188125610352,1,314.9533970487569,/Date(1791249972966)/,61319.05987229167,/Date(1791249732326)/,61319.057087106485,0.0292265583,0.01419757213443518,0.0354029238,233.43819896690547,61319.07816936765,f,61319.076396559976,61319.074623752305,NIRSPEC,f,,NONE,0,,,0,16,,1,20,1,1,1,1,4,0.0,V09637101001P0000000003101,101,,STSCI,FINEGUIDE,"Treu, Tommaso L.",NRS_FULL_IFU,PRDOPSSOC-074,9637,-44.86846388888889,315.06204541666665,61314.91210541667,NRSIRS2RAPID,491,High-redshift Galaxies and the Distant Universe,2026_2a,,1,1,FULL,,2048,2048,1,1,-44.86846388888887,315.06204541666665,,f,WGD2100-4452,FIXED,0.1,0.1,JWST,NIRSpec IFU Spectroscopy,14.58889,14.589,UTC,A definitive test of the Hubble tension - independent of the local distance ladder,10,f,1,09637101001,/Date(1791256676063)/,61319.13745443287,03,SUCCESSFUL,PRIME_TARGETED_FIXED,/Date(1791247918824)/,61319.036097488424,0.4386079,-0.6133736,f,,,,,,IFUImageModel,f,,,,,/Date(1791251014054)/,61319.07192190972,WGD2100,0.06341790018905251,IFU,2026279T114800340_001_osf.xml,,,,,UNKNOWN,,3,,4-POINT-DITHER,,,f,CALCULATED_TRACK_TR_202111,12.0,5,61.61435908744762,,,,,-44.87025957368987,315.0656139288317,f,,Galaxy,Einstein rings; Elliptical galaxies; Quasars,GSC32,0.10464266276140312,0.49285094330333706,277.189,,,,,,,,,,,,,POLYGON ICRS  315.060952553 -44.869196696 315.062585460 -44.869196696 315.062585460 -44.867985375 315.060952553 -44.867985375,3.0.0,RELEASE,jwst_1584.pmap,13.2.6,,3,,G140M,164.3296316,62.236888799999996,36.1494179,164.341068,0.327968538,62.271198,0.12418004100000002,f,,,,,,,,16,4,,,,,,,,,203068800,1668464335c5f5d2c12e7c068276144b,/Date(1791293109657)/,61319.559139537036,/Date(1791293112009)/,61319.559166782405,86,/Date(1791293110000)/,61319.55914351852,False,False,False,8241612,mast:JWST/product/jw09637101001_03101_00003_nrs1_cal.fits,"GO-9637 Treu, Tommaso L.",F100LP,NIRSPEC-F100LP,2026-10-06 13:25:10.000,2026-10-06 01:43:34.054
261577333,jw09637101001_03101_00004_nrs1_rate.fits,jw09637101001_03101_00004,2b,01,NRS_FULL_IFU,jw09637_20261006t120444_pool.csv,jw09637-o101_20261006t120444_spec2_00013_asn.json,234.97438933700323,61319.082577506444,f,,,61319.080804698766,61319.07903189108,GO,,58,f,/Date(1791293045209)/,61319.55839363426,/Date(1791251699748)/,61319.079858171295,/Date(1791251393381)/,61319.07631226852,NRS1,0,0,306.367,291.778,291.778,OK,NRS_IFU,1,61319.07985819445,61319.07808523727,4,PRIME,61319.07631228009,2,F100LP,1,1.0,SCJJ018015,0,-44.83881559089117,14.36188125610352,1,314.9533970487569,/Date(1791249972966)/,61319.05987229167,/Date(1791249732326)/,61319.057087106485,0.0292265583,0.01419757213443518,0.0354029238,233.4062123671174,61319.082559356226,f,61319.080786548555,61319.079013740884,NIRSPEC,f,,NONE,0,,,0,16,,1,20,1,1,1,1,4,0.0,V09637101001P0000000003101,101,,STSCI,FINEGUIDE,"Treu, Tommaso L.",NRS_FULL_IFU,PRDOPSSOC-074,9637,-44.86846388888889,315.06204541666665,61314.91210541667,NRSIRS2RAPID,491,High-redshift Galaxies and the Distant Universe,2026_2a,,1,1,FULL,,2048,2048,1,1,-44.86846388888887,315.06204541666665,,f,WGD2100-4452,FIXED,0.1,0.1,JWST,NIRSpec IFU Spectroscopy,14.58889,14.589,UTC,A definitive test of the Hubble tension - independent of the local distance ladder,10,f,1,09637101001,/Date(1791256676063)/,61319.13745443287,03,SUCCESSFUL,PRIME_TARGETED_FIXED,/Date(1791247918824)/,61319.036097488424,0.3869084,-0.2385732,f,,,,,,IFUImageModel,f,,,,,/Date(1791251393381)/,61319.07631226852,WGD2100,2.78515805117012e-17,IFU,2026279T114800340_001_osf.xml,,,,,UNKNOWN,,4,,4-POINT-DITHER,,,f,CALCULATED_TRACK_TR_202111,12.0,5,61.61435908744762,,,,,-44.87016730714241,315.0656838175031,f,,Galaxy,Einstein rings; Elliptical galaxies; Quasars,GSC32,0.10408014178946527,0.4747883432869844,277.189,,,,,,,,,,,,,POLYGON ICRS  315.061022959 -44.869104243 315.062655863 -44.869104243 315.062655863 -44.867892922 315.061022959 -44.867892922,3.0.0,RELEASE,jwst_1584.pmap,13.2.6,,3,,G140M,164.3296316,62.236888799999996,36.1494179,164.341068,0.327968538,62.271198,0.12418004100000002,f,,,,,,,,16,4,,,,,,,,,203068800,bf33697640016f68f5320589c785bcf5,/Date(1791293083472)/,61319.55883649306,/Date(1791293087083)/,61319.558878275464,86,/Date(1791293083000)/,61319.55883101852,False,False,False,8241610,mast:JWST/product/jw09637101001_03101_00004_nrs1_cal.fits,"GO-9637 Treu, Tommaso L.",F100LP,NIRSPEC-F100LP,2026-10-06 13:24:43.000,2026-10-06 01:49:53.381
261577393,jw09637101001_03103_00001_nrs1_rate.fits,jw09637101001_03103_00001,2b,03,NRS_FULL_IFU,jw09637_20261006t120444_pool.csv,jw09637-o101_20261006t120444_spec2_00012_asn.json,234.9355668760836,61319.08790594599,f,,,61319.08613313831,61319.084360330635,GO,,58,f,/Date(1791293057890)/,61319.55854039352,/Date(1791252160164)/,61319.08518707176,/Date(1791251853797)/,61319.081641157405,NRS1,0,0,306.367,291.778,291.778,OK,NRS_IFU,5,61319.085187083336,61319.08341412616,1,PRIME,61319.08164116898,2,F100LP,1,1.0,SCJJ018015,0,-44.83881559089117,14.36188125610352,1,314.9533970487569,/Date(1791249972966)/,61319.05987229167,/Date(1791249732326)/,61319.057087106485,0.0292265583,0.01419757213443518,0.0354029238,233.3673867629841,61319.08788779574,f,61319.08611498807,61319.0843421804,NIRSPEC,f,,NONE,0,,,0,16,,1,20,1,1,1,1,4,0.0,V09637101001P0000000003103,101,,STSCI,FINEGUIDE,"Treu, Tommaso L.",NRS_FULL_IFU,PRDOPSSOC-074,9637,-44.86846388888889,315.06204541666665,61314.91210541667,NRSIRS2RAPID,491,High-redshift Galaxies and the Distant Universe,2026_2a,,1,1,FULL,,2048,2048,1,1,-44.86846388888887,315.06204541666665,,f,WGD2100-4452,FIXED,0.1,0.1,JWST,NIRSpec IFU Spectroscopy,14.58889,14.589,UTC,A definitive test of the Hubble tension - independent of the local distance ladder,10,f,1,09637101001,/Date(1791256676063)/,61319.13745443287,03,SUCCESSFUL,PRIME_TARGETED_FIXED,/Date(1791247918824)/,61319.036097488424,-0.6974001,-0.5573881,f,,,,,,IFUImageModel,f,,,,,/Date(1791251853797)/,61319.081641157405,WGD2100,0.0,IFU,2026279T114414797_002_osf.xml,,,,,UNKNOWN,,1,,4-POINT-DITHER,,,f,CALCULATED_TRACK_TR_202111,12.0,5,61.61435908744762,,,,,-44.87035613147249,315.0660373395882,f,,Galaxy,Einstein rings; Elliptical galaxies; Quasars,GSC32,0.10677146919190182,0.48683007663121947,277.189,,,,,,,,,,,,,POLYGON ICRS  315.061377055 -44.869292823 315.063009960 -44.869292823 315.063009960 -44.868081505 315.061377055 -44.868081505,3.0.0,RELEASE,jwst_1584.pmap,13.2.6,,3,,G140M,164.3296316,62.236888799999996,36.1494179,164.341068,0.327968538,62.271198,0.12418004100000002,f,,,,,,,,16,4,,,,,,,,,203068800,7a5219a7c2aa9e17d13606ded1f594cd,/Date(1791293109263)/,61319.55913498843,/Date(1791293112916)/,61319.55917726852,86,/Date(1791293109000)/,61319.55913194444,False,False,False,8241638,mast:JWST/product/jw09637101001_03103_00001_nrs1_cal.fits,"GO-9637 Treu, Tommaso L.",F100LP,NIRSPEC-F100LP,2026-10-06 13:25:09.000,2026-10-06 01:57:33.797
261577378,jw09637101001_03103_00002_nrs1_rate.fits,jw09637101001_03103_00002,2b,03,NRS_FULL_IFU,jw09637_20261006t120444_pool.csv,jw09637-o101_20261006t120444_spec2_00011_asn.json,234.90358153358102,61319.09229593457,f,,,61319.0905231269,61319.08875031923,GO,,58,f,/Date(1791293067755)/,61319.558654583336,/Date(1791252539491)/,61319.08957743055,/Date(1791252233124)/,61319.086031516206,NRS1,0,0,306.367,291.778,291.778,OK,NRS_IFU,5,61319.08957744213,61319.08780448495,2,PRIME,61319.086031527775,2,F100LP,1,1.0,SCJJ018015,0,-44.83881559089117,14.36188125610352,1,314.9533970487569,/Date(1791249972966)/,61319.05987229167,/Date(1791249732326)/,61319.057087106485,0.0292265583,0.01419757213443518,0.0354029238,233.3353982772678,61319.092277784286,f,61319.09050497662,61319.08873216896,NIRSPEC,f,,NONE,0,,,0,16,,1,20,1,1,1,1,4,0.0,V09637101001P0000000003103,101,,STSCI,FINEGUIDE,"Treu, Tommaso L.",NRS_FULL_IFU,PRDOPSSOC-074,9637,-44.86846388888889,315.06204541666665,61314.91210541667,NRSIRS2RAPID,491,High-redshift Galaxies and the Distant Universe,2026_2a,,1,1,FULL,,2048,2048,1,1,-44.86846388888887,315.06204541666665,,f,WGD2100-4452,FIXED,0.1,0.1,JWST,NIRSpec IFU Spectroscopy,14.58889,14.589,UTC,A definitive test of the Hubble tension - independent of the local distance ladder,10,f,1,09637101001,/Date(1791256676063)/,61319.13745443287,03,SUCCESSFUL,PRIME_TARGETED_FIXED,/Date(1791247918824)/,61319.036097488424,-0.3353991,-0.2944873,f,,,,,,IFUImageModel,f,,,,,/Date(1791252233124)/,61319.086031516206,WGD2100,0.0,IFU,2026279T114414797_002_osf.xml,,,,,UNKNOWN,,2,,4-POINT-DITHER,,,f,CALCULATED_TRACK_TR_202111,12.0,5,61.61435908744762,,,,,-44.870252694595145,315.0659400229928,f,,Galaxy,Einstein rings; Elliptical galaxies; Quasars,GSC32,0.10465212412331644,0.5023123052166646,277.189,,,,,,,,,,,,,POLYGON ICRS  315.061280274 -44.869189196 315.062913178 -44.869189196 315.062913178 -44.867977876 315.061280274 -44.867977876,3.0.0,RELEASE,jwst_1584.pmap,13.2.6,,3,,G140M,164.3296316,62.236888799999996,36.1494179,164.341068,0.327968538,62.271198,0.12418004100000002,f,,,,,,,,16,4,,,,,,,,,203068800,c4ee4acc6e937511511e05d6bb66241b,/Date(1791293109608)/,61319.559138958335,/Date(1791293112429)/,61319.559171643516,86,/Date(1791293110000)/,61319.55914351852,False,False,False,8241664,mast:JWST/product/jw09637101001_03103_00002_nrs1_cal.fits,"GO-9637 Treu, Tommaso L.",F100LP,NIRSPEC-F100LP,2026-10-06 13:25:10.000,2026-10-06 02:03:53.124
261577317,jw09637101001_03103_00003_nrs1_rate.fits,jw09637101001_03103_00003,2b,03,NRS_FULL_IFU,jw09637_20261006t120444_pool.csv,jw09637-o101_20261006t120444_spec2_00010_asn.json,234.8715943051502,61319.09668593472,f,,,61319.094913127046,61319.093140319375,GO,,58,f,/Date(1791293017456)/,61319.55807240741,/Date(1791252918819)/,61319.093967824076,/Date(1791252612452)/,61319.09042190972,NRS1,0,0,306.367,291.778,291.778,OK,NRS_IFU,5,61319.0939678125,61319.09219485532,3,PRIME,61319.090421898145,2,F100LP,1,1.0,SCJJ018015,0,-44.83881559089117,14.36188125610352,1,314.9533970487569,/Date(1791249972966)/,61319.05987229167,/Date(1791249732326)/,61319.057087106485,0.0292265583,0.01419757213443518,0.0354029238,233.3034091629088,61319.0966677844,f,61319.09489497674,61319.093122169084,NIRSPEC,f,,NONE,0,,,0,16,,1,20,1,1,1,1,4,0.0,V09637101001P0000000003103,101,,STSCI,FINEGUIDE,"Treu, Tommaso L.",NRS_FULL_IFU,PRDOPSSOC-074,9637,-44.86846388888889,315.06204541666665,61314.91210541667,NRSIRS2RAPID,491,High-redshift Galaxies and the Distant Universe,2026_2a,,1,1,FULL,,2048,2048,1,1,-44.86846388888887,315.06204541666665,,f,WGD2100-4452,FIXED,0.1,0.1,JWST,NIRSpec IFU Spectroscopy,14.58889,14.589,UTC,A definitive test of the Hubble tension - independent of the local distance ladder,10,f,1,09637101001,/Date(1791256676063)/,61319.13745443287,03,SUCCESSFUL,PRIME_TARGETED_FIXED,/Date(1791247918824)/,61319.036097488424,-0.4904998,-0.6132879,f,,,,,,IFUImageModel,f,,,,,/Date(1791252612452)/,61319.09042190972,WGD2100,0.0,IFU,2026279T114414797_002_osf.xml,,,,,UNKNOWN,,3,,4-POINT-DITHER,,,f,CALCULATED_TRACK_TR_202111,12.0,5,61.61435908744762,,,,,-44.87035089041781,315.06595268602456,f,,Galaxy,Einstein rings; Elliptical galaxies; Quasars,GSC32,0.09941655049000507,0.4988718099754546,277.189,,,,,,,,,,,,,POLYGON ICRS  315.061293446 -44.869287187 315.062926351 -44.869287187 315.062926351 -44.868075868 315.061293446 -44.868075868,3.0.0,RELEASE,jwst_1584.pmap,13.2.6,,3,,G140M,164.3296316,62.236888799999996,36.1494179,164.341068,0.327968538,62.271198,0.12418004100000002,f,,,,,,,,16,4,,,,,,,,,203068800,4da5e3dc9e9d2e0d263c74c77d011c5d,/Date(1791293065644)/,61319.558630127314,/Date(1791293068333)/,61319.55866126157,86,/Date(1791293066000)/,61319.55863425926,False,False,False,8241729,mast:JWST/product/jw09637101001_03103_00003_nrs1_cal.fits,"GO-9637 Treu, Tommaso L.",F100LP,NIRSPEC-F100LP,2026-10-06 13:24:26.000,2026-10-06 02:10:12.452
261577365,jw09637101001_03103_00004_nrs1_rate.fits,jw09637101001_03103_00004,2b,03,NRS_FULL_IFU,jw09637_20261006t120444_pool.csv,jw09637-o101_20261006t120444_spec2_00009_asn.json,234.83960644807667,61319.10107593485,f,,,61319.09930312719,61319.097530319515,GO,,58,f,/Date(1791293041145)/,61319.55834659722,/Date(1791253298147)/,61319.09835817129,/Date(1791252991780)/,61319.094812268515,NRS1,0,0,306.367,291.778,291.778,OK,NRS_IFU,5,61319.09835818287,61319.09658522569,4,PRIME,61319.094812268515,2,F100LP,1,1.0,SCJJ018015,0,-44.83881559089117,14.36188125610352,1,314.9533970487569,/Date(1791249972966)/,61319.05987229167,/Date(1791249732326)/,61319.057087106485,0.0292265583,0.01419757213443518,0.0354029238,233.2714187912643,61319.10105778449,f,61319.099284976845,61319.097512169195,NIRSPEC,f,,NONE,0,,,0,16,,1,20,1,1,1,1,4,0.0,V09637101001P0000000003103,101,,STSCI,FINEGUIDE,"Treu, Tommaso L.",NRS_FULL_IFU,PRDOPSSOC-074,9637,-44.86846388888889,315.06204541666665,61314.91210541667,NRSIRS2RAPID,491,High-redshift Galaxies and the Distant Universe,2026_2a,,1,1,FULL,,2048,2048,1,1,-44.86846388888887,315.06204541666665,,f,WGD2100-4452,FIXED,0.1,0.1,JWST,NIRSpec IFU Spectroscopy,14.58889,14.589,UTC,A definitive test of the Hubble tension - independent of the local distance ladder,10,f,1,09637101001,/Date(1791256676063)/,61319.13745443287,03,SUCCESSFUL,PRIME_TARGETED_FIXED,/Date(1791247918824)/,61319.036097488424,-0.5421994,-0.2384875,f,,,,,,IFUImageModel,f,,,,,/Date(1791252991780)/,61319.094812268515,WGD2100,0.0,IFU,2026279T114414797_002_osf.xml,,,,,UNKNOWN,,4,,4-POINT-DITHER,,,f,CALCULATED_TRACK_TR_202111,12.0,5,61.61435908744762,,,,,-44.87025855867536,315.0660226362307,f,,Galaxy,Einstein rings; Elliptical galaxies; Quasars,GSC32,0.10361481480809162,0.46274660994274924,277.189,,,,,,,,,,,,,POLYGON ICRS  315.061363913 -44.869194668 315.062996815 -44.869194668 315.062996815 -44.867983350 315.061363913 -44.867983350,3.0.0,RELEASE,jwst_1584.pmap,13.2.6,,3,,G140M,164.3296316,62.236888799999996,36.1494179,164.341068,0.327968538,62.271198,0.12418004100000002,f,,,,,,,,16,4,,,,,,,,,203068800,8029a8184a263743ca1e3d5fda5dcb06,/Date(1791293085588)/,61319.55886094907,/Date(1791293088799)/,61319.55889814815,86,/Date(1791293086000)/,61319.55886574074,False,False,False,8241772,mast:JWST/product/jw09637101001_03103_00004_nrs1_cal.fits,"GO-9637 Treu, Tommaso L.",F100LP,NIRSPEC-F100LP,2026-10-06 13:24:46.000,2026-10-06 02:16:31.780
261577312,jw09637101001_03105_00001_nrs1_rate.fits,jw09637101001_03105_00001,2b,05,NRS_FULL_IFU,jw09637_20261006t120444_pool.csv,jw09637-o101_20261006t120444_spec2_00008_asn.json,234.80077455751598,61319.10640510345,f,,,61319.104632295785,61319.10285948813,GO,,58,f,/Date(1791293032035)/,61319.55824115741,/Date(1791253758626)/,61319.103687800925,/Date(1791253452259)/,61319.10014189815,NRS1,0,0,306.367,291.778,291.778,OK,NRS_IFU,9,61319.103687800925,61319.10191484375,1,PRIME,61319.10014188657,2,F100LP,1,1.0,SCJJ018015,0,-44.83881559089117,14.36188125610352,1,314.9533970487569,/Date(1791249972966)/,61319.05987229167,/Date(1791249732326)/,61319.057087106485,0.0292265583,0.01419757213443518,0.0354029238,233.23258312884718,61319.106386953055,f,61319.10461414541,61319.102841337764,NIRSPEC,f,,NONE,0,,,0,16,,1,20,1,1,1,1,4,0.0,V09637101001P0000000003105,101,,STSCI,FINEGUIDE,"Treu, Tommaso L.",NRS_FULL_IFU,PRDOPSSOC-074,9637,-44.86846388888889,315.06204541666665,61314.91210541667,NRSIRS2RAPID,491,High-redshift Galaxies and the Distant Universe,2026_2a,,1,1,FULL,,2048,2048,1,1,-44.86846388888887,315.06204541666665,,f,WGD2100-4452,FIXED,0.1,0.1,JWST,NIRSpec IFU Spectroscopy,14.58889,14.589,UTC,A definitive test of the Hubble tension - independent of the local distance ladder,10,f,1,09637101001,/Date(1791256676063)/,61319.13745443287,03,SUCCESSFUL,PRIME_TARGETED_FIXED,/Date(1791247918824)/,61319.036097488424,-0.6973087,0.402673,f,,,,,,IFUImageModel,f,,,,,/Date(1791253452259)/,61319.10014189815,WGD2100,0.0,IFU,2026279T114020997_002_osf.xml,,,,,UNKNOWN,,1,,4-POINT-DITHER,,,f,CALCULATED_TRACK_TR_202111,12.0,5,61.61435908744762,,,,,-44.870107111441214,315.0661669400971,f,,Galaxy,Einstein rings; Elliptical galaxies; Quasars,GSC32,0.10337398014120691,0.49629143854454705,277.189,,,,,,,,,,,,,POLYGON ICRS  315.061508841 -44.869043000 315.063141738 -44.869043000 315.063141738 -44.867831682 315.061508841 -44.867831682,3.0.0,RELEASE,jwst_1584.pmap,13.2.6,,3,,G140M,164.3296316,62.236888799999996,36.1494179,164.341068,0.327968538,62.271198,0.12418004100000002,f,,,,,,,,16,4,,,,,,,,,203068800,7e18169a3054cb507d613dff6e0dde34,/Date(1791293063632)/,61319.55860686343,/Date(1791293067943)/,61319.558656747686,86,/Date(1791293064000)/,61319.55861111111,False,False,False,8241799,mast:JWST/product/jw09637101001_03105_00001_nrs1_cal.fits,"GO-9637 Treu, Tommaso L.",F100LP,NIRSPEC-F100LP,2026-10-06 13:24:24.000,2026-10-06 02:24:12.259
261577326,jw09637101001_03105_00002_nrs1_rate.fits,jw09637101001_03105_00002,2b,05,NRS_FULL_IFU,jw09637_20261006t120444_pool.csv,jw09637-o101_20261006t120444_spec2_00007_asn.json,234.76878481451422,61319.11079510355,f,,,61319.1090222959,61319.107249488254,GO,,58,f,/Date(1791293038099)/,61319.55831134259,/Date(1791254137954)/,61319.10807815972,/Date(1791253831587)/,61319.10453224537,NRS1,0,0,306.367,291.778,291.778,OK,NRS_IFU,9,61319.108078171295,61319.10630521412,2,PRIME,61319.10453225695,2,F100LP,1,1.0,SCJJ018015,0,-44.83881559089117,14.36188125610352,1,314.9533970487569,/Date(1791249972966)/,61319.05987229167,/Date(1791249732326)/,61319.057087106485,0.0292265583,0.01419757213443518,0.0354029238,233.20059087127447,61319.11077695314,f,61319.109004145495,61319.10723133786,NIRSPEC,f,,NONE,0,,,0,16,,1,20,1,1,1,1,4,0.0,V09637101001P0000000003105,101,,STSCI,FINEGUIDE,"Treu, Tommaso L.",NRS_FULL_IFU,PRDOPSSOC-074,9637,-44.86846388888889,315.06204541666665,61314.91210541667,NRSIRS2RAPID,491,High-redshift Galaxies and the Distant Universe,2026_2a,,1,1,FULL,,2048,2048,1,1,-44.86846388888887,315.06204541666665,,f,WGD2100-4452,FIXED,0.1,0.1,JWST,NIRSpec IFU Spectroscopy,14.58889,14.589,UTC,A definitive test of the Hubble tension - independent of the local distance ladder,10,f,1,09637101001,/Date(1791256676063)/,61319.13745443287,03,SUCCESSFUL,PRIME_TARGETED_FIXED,/Date(1791247918824)/,61319.036097488424,-0.3353077,0.6655739,f,,,,,,IFUImageModel,f,,,,,/Date(1791253831587)/,61319.10453224537,WGD2100,0.0,IFU,2026279T114020997_002_osf.xml,,,,,UNKNOWN,,2,,4-POINT-DITHER,,,f,CALCULATED_TRACK_TR_202111,12.0,5,61.61435908744762,,,,,-44.87000365019501,315.06606960441513,f,,Galaxy,Einstein rings; Elliptical galaxies; Quasars,GSC32,0.10158148212053648,0.5014521814063622,277.189,,,,,,,,,,,,,POLYGON ICRS  315.061412042 -44.868939348 315.063044937 -44.868939348 315.063044937 -44.867728029 315.061412042 -44.867728029,3.0.0,RELEASE,jwst_1584.pmap,13.2.6,,3,,G140M,164.3296316,62.236888799999996,36.1494179,164.341068,0.327968538,62.271198,0.12418004100000002,f,,,,,,,,16,4,,,,,,,,,203068800,20d69595ba8f9bd0f5d46864be8a0ac1,/Date(1791293083091)/,61319.55883206018,/Date(1791293086661)/,61319.55887337963,86,/Date(1791293083000)/,61319.55883101852,False,False,False,8241819,mast:JWST/product/jw09637101001_03105_00002_nrs1_cal.fits,"GO-9637 Treu, Tommaso L.",F100LP,NIRSPEC-F100LP,2026-10-06 13:24:43.000,2026-10-06 02:30:31.587
261577303,jw09637101001_03105_00003_nrs1_rate.fits,jw09637101001_03105_00003,2b,05,NRS_FULL_IFU,jw09637_20261006t120444_pool.csv,jw09637-o101_20261006t120444_spec2_00006_asn.json,234.73679381422698,61319.115185103656,f,,,61319.11341229601,61319.11163948836,GO,,58,f,/Date(1791293018508)/,61319.55808456019,/Date(1791254517282)/,61319.11246855324,/Date(1791254210915)/,61319.10892263889,NRS1,0,0,306.367,291.778,291.778,OK,NRS_IFU,9,61319.112468541665,61319.11069558449,3,PRIME,61319.10892262732,2,F100LP,1,1.0,SCJJ018015,0,-44.83881559089117,14.36188125610352,1,314.9533970487569,/Date(1791249972966)/,61319.05987229167,/Date(1791249732326)/,61319.057087106485,0.0292265583,0.01419757213443518,0.0354029238,233.16859735641629,61319.115166953205,f,61319.11339414557,61319.111621337936,NIRSPEC,f,,NONE,0,,,0,16,,1,20,1,1,1,1,4,0.0,V09637101001P0000000003105,101,,STSCI,FINEGUIDE,"Treu, Tommaso L.",NRS_FULL_IFU,PRDOPSSOC-074,9637,-44.86846388888889,315.06204541666665,61314.91210541667,NRSIRS2RAPID,491,High-redshift Galaxies and the Distant Universe,2026_2a,,1,1,FULL,,2048,2048,1,1,-44.86846388888887,315.06204541666665,,f,WGD2100-4452,FIXED,0.1,0.1,JWST,NIRSpec IFU Spectroscopy,14.58889,14.589,UTC,A definitive test of the Hubble tension - independent of the local distance ladder,10,f,1,09637101001,/Date(1791256676063)/,61319.13745443287,03,SUCCESSFUL,PRIME_TARGETED_FIXED,/Date(1791247918824)/,61319.036097488424,-0.4904084,0.3467732,f,,,,,,IFUImageModel,f,,,,,/Date(1791254210915)/,61319.10892263889,WGD2100,0.0,IFU,2026279T114020997_002_osf.xml,,,,,UNKNOWN,,3,,4-POINT-DITHER,,,f,CALCULATED_TRACK_TR_202111,12.0,5,61.61435908744762,,,,,-44.87010191467147,315.0660822320308,f,,Galaxy,Einstein rings; Elliptical galaxies; Quasars,GSC32,0.10302132937898288,0.49543131473424457,277.189,,,,,,,,,,,,,POLYGON ICRS  315.061425177 -44.869037408 315.063058075 -44.869037408 315.063058075 -44.867826089 315.061425177 -44.867826089,3.0.0,RELEASE,jwst_1584.pmap,13.2.6,,3,,G140M,164.3296316,62.236888799999996,36.1494179,164.341068,0.327968538,62.271198,0.12418004100000002,f,,,,,,,,16,4,,,,,,,,,203068800,51c2a738dd20f4a21b4bb19105e2e633,/Date(1791293063759)/,61319.55860833333,/Date(1791293067392)/,61319.55865038194,86,/Date(1791293064000)/,61319.55861111111,False,False,False,8241845,mast:JWST/product/jw09637101001_03105_00003_nrs1_cal.fits,"GO-9637 Treu, Tommaso L.",F100LP,NIRSPEC-F100LP,2026-10-06 13:24:24.000,2026-10-06 02:36:50.915
261577274,jw09637101001_03105_00004_nrs1_rate.fits,jw09637101001_03105_00004,2b,05,NRS_FULL_IFU,jw09637_20261006t120444_pool.csv,jw09637-o101_20261006t120444_spec2_00005_asn.json,234.704802185297,61319.119575092176,f,,,61319.11780228453,61319.11602947688,GO,,58,f,/Date(1791293014935)/,61319.558043240744,/Date(1791254896609)/,61319.116858912035,/Date(1791254590242)/,61319.11331299769,NRS1,0,0,306.367,291.778,291.778,OK,NRS_IFU,9,61319.11685890047,61319.11508594329,4,PRIME,61319.11331298611,2,F100LP,1,1.0,SCJJ018015,0,-44.83881559089117,14.36188125610352,1,314.9533970487569,/Date(1791249972966)/,61319.05987229167,/Date(1791249732326)/,61319.057087106485,0.0292265583,0.01419757213443518,0.0354029238,233.13660321291536,61319.119556941696,f,61319.11778413406,61319.11601132643,NIRSPEC,f,,NONE,0,,,0,16,,1,20,1,1,1,1,4,0.0,V09637101001P0000000003105,101,,STSCI,FINEGUIDE,"Treu, Tommaso L.",NRS_FULL_IFU,PRDOPSSOC-074,9637,-44.86846388888889,315.06204541666665,61314.91210541667,NRSIRS2RAPID,491,High-redshift Galaxies and the Distant Universe,2026_2a,,1,1,FULL,,2048,2048,1,1,-44.86846388888887,315.06204541666665,,f,WGD2100-4452,FIXED,0.1,0.1,JWST,NIRSpec IFU Spectroscopy,14.58889,14.589,UTC,A definitive test of the Hubble tension - independent of the local distance ladder,10,f,1,09637101001,/Date(1791256676063)/,61319.13745443287,03,SUCCESSFUL,PRIME_TARGETED_FIXED,/Date(1791247918824)/,61319.036097488424,-0.542108,0.7215736,f,,,,,,IFUImageModel,f,,,,,/Date(1791254590242)/,61319.11331299769,WGD2100,0.0,IFU,2026279T115701961_001_osf.xml,,,,,UNKNOWN,,4,,4-POINT-DITHER,,,f,CALCULATED_TRACK_TR_202111,12.0,5,61.61435908744762,,,,,-44.87000964476539,315.0661521475024,f,,Galaxy,Einstein rings; Elliptical galaxies; Quasars,GSC32,0.10499101290457563,0.49801168616515207,277.189,,,,,,,,,,,,,POLYGON ICRS  315.061495610 -44.868944951 315.063128504 -44.868944951 315.063128504 -44.867733633 315.061495610 -44.867733633,3.0.0,RELEASE,jwst_1584.pmap,13.2.6,,3,,G140M,164.3296316,62.236888799999996,36.1494179,164.341068,0.327968538,62.271198,0.12418004100000002,f,,,,,,,,16,4,,,,,,,,,203068800,4d7958de2090e7175994088e9fbe56c4,/Date(1791293050150)/,61319.55845081018,/Date(1791293053324)/,61319.55848753472,86,/Date(1791293050000)/,61319.55844907407,False,False,False,8241870,mast:JWST/product/jw09637101001_03105_00004_nrs1_cal.fits,"GO-9637 Treu, Tommaso L.",F100LP,NIRSPEC-F100LP,2026-10-06 13:24:10.000,2026-10-06 02:43:10.242
261577354,jw09637101001_03107_00001_nrs1_rate.fits,jw09637101001_03107_00001,2b,07,NRS_FULL_IFU,jw09637_20261006t120444_pool.csv,jw09637-o101_20261006t120444_spec2_00004_asn.json,234.66597092337906,61319.124903531614,f,,,61319.12313072397,61319.12135791633,GO,,58,f,/Date(1791293045408)/,61319.55839590278,/Date(1791255357025)/,61319.122187800924,/Date(1791255050658)/,61319.11864185185,NRS1,0,0,306.367,291.778,291.778,OK,NRS_IFU,13,61319.122187789355,61319.12041483218,1,PRIME,61319.118641875,2,F100LP,1,1.0,SCJJ018015,0,-44.83881559089117,14.36188125610352,1,314.9533970487569,/Date(1791249972966)/,61319.05987229167,/Date(1791249732326)/,61319.057087106485,0.0292265583,0.01419757213443518,0.0354029238,233.09776880778372,61319.1248853811,f,61319.12311257347,61319.12133976584,NIRSPEC,f,,NONE,0,,,0,16,,1,20,1,1,1,1,4,0.0,V09637101001P0000000003107,101,,STSCI,FINEGUIDE,"Treu, Tommaso L.",NRS_FULL_IFU,PRDOPSSOC-074,9637,-44.86846388888889,315.06204541666665,61314.91210541667,NRSIRS2RAPID,491,High-redshift Galaxies and the Distant Universe,2026_2a,,1,1,FULL,,2048,2048,1,1,-44.86846388888887,315.06204541666665,,f,WGD2100-4452,FIXED,0.1,0.1,JWST,NIRSpec IFU Spectroscopy,14.58889,14.589,UTC,A definitive test of the Hubble tension - independent of the local distance ladder,10,f,1,09637101001,/Date(1791256676063)/,61319.13745443287,03,SUCCESSFUL,PRIME_TARGETED_FIXED,/Date(1791247918824)/,61319.036097488424,0.2317991,0.4025872,f,,,,,,IFUImageModel,f,,,,,/Date(1791255050658)/,61319.11864185185,WGD2100,0.0,IFU,2026279T115701961_001_osf.xml,,,,,UNKNOWN,,1,,4-POINT-DITHER,,,f,CALCULATED_TRACK_TR_202111,12.0,5,61.61435908744762,,,,,-44.87001741859206,315.06582341601717,f,,Galaxy,Einstein rings; Elliptical galaxies; Quasars,GSC32,0.10677060906809152,0.44210363849548906,277.189,,,,,,,,,,,,,POLYGON ICRS  315.061167542 -44.868952476 315.062800439 -44.868952476 315.062800439 -44.867741156 315.061167542 -44.867741156,3.0.0,RELEASE,jwst_1584.pmap,13.2.6,,3,,G140M,164.3296316,62.236888799999996,36.1494179,164.341068,0.327968538,62.271198,0.12418004100000002,f,,,,,,,,16,4,,,,,,,,,203068800,013956755476ebee5d9d94c88e6e4460,/Date(1791293084014)/,61319.558842743056,/Date(1791293088067)/,61319.55888965278,86,/Date(1791293084000)/,61319.558842592596,False,False,False,8241889,mast:JWST/product/jw09637101001_03107_00001_nrs1_cal.fits,"GO-9637 Treu, Tommaso L.",F100LP,NIRSPEC-F100LP,2026-10-06 13:24:44.000,2026-10-06 02:50:50.658
261577266,jw09637101001_03107_00002_nrs1_rate.fits,jw09637101001_03107_00002,2b,07,NRS_FULL_IFU,jw09637_20261006t120444_pool.csv,jw09637-o101_20261006t120444_spec2_00003_asn.json,234.63397740852088,61319.129293520105,f,,,61319.12752071247,61319.12574790483,GO,,58,f,/Date(1791292997931)/,61319.55784641203,/Date(1791255736352)/,61319.126578159725,/Date(1791255429985)/,61319.12303224537,NRS1,0,0,306.367,291.778,291.778,OK,NRS_IFU,13,61319.12657814815,61319.12480519097,2,PRIME,61319.123032233794,2,F100LP,1,1.0,SCJJ018015,0,-44.83881559089117,14.36188125610352,1,314.9533970487569,/Date(1791249972966)/,61319.05987229167,/Date(1791249732326)/,61319.057087106485,0.0292265583,0.01419757213443518,0.0354029238,233.06577214971185,61319.12927536956,f,61319.12750256193,61319.125729754305,NIRSPEC,f,,NONE,0,,,0,16,,1,20,1,1,1,1,4,0.0,V09637101001P0000000003107,101,,STSCI,FINEGUIDE,"Treu, Tommaso L.",NRS_FULL_IFU,PRDOPSSOC-074,9637,-44.86846388888889,315.06204541666665,61314.91210541667,NRSIRS2RAPID,491,High-redshift Galaxies and the Distant Universe,2026_2a,,1,1,FULL,,2048,2048,1,1,-44.86846388888887,315.06204541666665,,f,WGD2100-4452,FIXED,0.1,0.1,JWST,NIRSpec IFU Spectroscopy,14.58889,14.589,UTC,A definitive test of the Hubble tension - independent of the local distance ladder,10,f,1,09637101001,/Date(1791256676063)/,61319.13745443287,03,SUCCESSFUL,PRIME_TARGETED_FIXED,/Date(1791247918824)/,61319.036097488424,0.5938001,0.6654881,f,,,,,,IFUImageModel,f,,,,,/Date(1791255429985)/,61319.12303224537,WGD2100,0.0,IFU,2026279T115701961_001_osf.xml,,,,,UNKNOWN,,2,,4-POINT-DITHER,,,f,CALCULATED_TRACK_TR_202111,12.0,5,61.61435908744762,,,,,-44.86991397399451,315.06572608621275,f,,Galaxy,Einstein rings; Elliptical galaxies; Quasars,GSC32,0.1046719069709534,0.46016623851184174,277.189,,,,,,,,,,,,,POLYGON ICRS  315.061070748 -44.868848840 315.062703643 -44.868848840 315.062703643 -44.867637520 315.061070748 -44.867637520,3.0.0,RELEASE,jwst_1584.pmap,13.2.6,,3,,G140M,164.3296316,62.236888799999996,36.1494179,164.341068,0.327968538,62.271198,0.12418004100000002,f,,,,,,,,16,4,,,,,,,,,203068800,8fde6ac7abaa9c5a1d390c3a3af70585,/Date(1791293049596)/,61319.55844439815,/Date(1791293051774)/,61319.55846959491,86,/Date(1791293050000)/,61319.55844907407,False,False,False,8241913,mast:JWST/product/jw09637101001_03107_00002_nrs1_cal.fits,"GO-9637 Treu, Tommaso L.",F100LP,NIRSPEC-F100LP,2026-10-06 13:24:10.000,2026-10-06 02:57:09.985
261577279,jw09637101001_03107_00003_nrs1_rate.fits,jw09637101001_03107_00003,2b,07,NRS_FULL_IFU,jw09637_20261006t120444_pool.csv,jw09637-o101_20261006t120444_spec2_00002_asn.json,234.60198326501995,61319.13368352016,f,,,61319.131910712524,61319.1301379049,GO,,58,f,/Date(1791292996426)/,61319.55782900463,/Date(1791256115680)/,61319.13096851852,/Date(1791255809313)/,61319.127422604164,NRS1,0,0,306.367,291.778,291.778,OK,NRS_IFU,13,61319.13096851852,61319.12919556134,3,PRIME,61319.127422604164,2,F100LP,1,1.0,SCJJ018015,0,-44.83881559089117,14.36188125610352,1,314.9533970487569,/Date(1791249972966)/,61319.05987229167,/Date(1791249732326)/,61319.057087106485,0.0292265583,0.01419757213443518,0.0354029238,233.03377549163997,61319.13366536958,f,61319.13189256196,61319.13011975434,NIRSPEC,f,,NONE,0,,,0,16,,1,20,1,1,1,1,4,0.0,V09637101001P0000000003107,101,,STSCI,FINEGUIDE,"Treu, Tommaso L.",NRS_FULL_IFU,PRDOPSSOC-074,9637,-44.86846388888889,315.06204541666665,61314.91210541667,NRSIRS2RAPID,491,High-redshift Galaxies and the Distant Universe,2026_2a,,1,1,FULL,,2048,2048,1,1,-44.86846388888887,315.06204541666665,,f,WGD2100-4452,FIXED,0.1,0.1,JWST,NIRSpec IFU Spectroscopy,14.58889,14.589,UTC,A definitive test of the Hubble tension - independent of the local distance ladder,10,f,1,09637101001,/Date(1791256676063)/,61319.13745443287,03,SUCCESSFUL,PRIME_TARGETED_FIXED,/Date(1791247918824)/,61319.036097488424,0.4386993,0.3466875,f,,,,,,IFUImageModel,f,,,,,/Date(1791255809313)/,61319.127422604164,WGD2100,0.0,IFU,2026279T115701961_001_osf.xml,,,,,UNKNOWN,,3,,4-POINT-DITHER,,,f,CALCULATED_TRACK_TR_202111,12.0,5,61.61435908744762,,,,,-44.870012293320414,315.06573867990306,f,,Galaxy,Einstein rings; Elliptical galaxies; Quasars,GSC32,0.10410336513234345,0.49371106711363955,277.189,,,,,,,,,,,,,POLYGON ICRS  315.061083849 -44.868946955 315.062716748 -44.868946955 315.062716748 -44.867735635 315.061083849 -44.867735635,3.0.0,RELEASE,jwst_1584.pmap,13.2.6,,3,,G140M,164.3296316,62.236888799999996,36.1494179,164.341068,0.327968538,62.271198,0.12418004100000002,f,,,,,,,,16,4,,,,,,,,,203068800,05aafecea52b2a3329d5e7ea461838d1,/Date(1791293052107)/,61319.55847344908,/Date(1791293054762)/,61319.55850420139,86,/Date(1791293052000)/,61319.55847222222,False,False,False,8241938,mast:JWST/product/jw09637101001_03107_00003_nrs1_cal.fits,"GO-9637 Treu, Tommaso L.",F100LP,NIRSPEC-F100LP,2026-10-06 13:24:12.000,2026-10-06 03:03:29.313
261577294,jw09637101001_03107_00004_nrs1_rate.fits,jw09637101001_03107_00004,2b,07,NRS_FULL_IFU,jw09637_20261006t120444_pool.csv,jw09637-o101_20261006t120444_spec2_00001_asn.json,234.56998786423355,61319.138073520204,f,,,61319.13630071258,61319.13452790495,GO,,58,f,/Date(1791293033345)/,61319.55825631945,/Date(1791256495008)/,61319.135358865744,/Date(1791256188641)/,61319.131812962965,NRS1,0,0,306.367,291.778,291.778,OK,NRS_IFU,13,61319.13535888889,61319.13358593171,4,PRIME,61319.131812974534,2,F100LP,1,1.0,SCJJ018015,0,-44.83881559089117,14.36188125610352,1,314.9533970487569,/Date(1791249972966)/,61319.05987229167,/Date(1791249732326)/,61319.057087106485,0.0292265583,0.01419757213443518,0.0354029238,233.00177757628262,61319.1380553696,f,61319.13628256198,61319.13450975437,NIRSPEC,f,,NONE,0,,,0,16,,1,20,1,1,1,1,4,0.0,V09637101001P0000000003107,101,,STSCI,FINEGUIDE,"Treu, Tommaso L.",NRS_FULL_IFU,PRDOPSSOC-074,9637,-44.86846388888889,315.06204541666665,61314.91210541667,NRSIRS2RAPID,491,High-redshift Galaxies and the Distant Universe,2026_2a,,1,1,FULL,,2048,2048,1,1,-44.86846388888887,315.06204541666665,,f,WGD2100-4452,FIXED,0.1,0.1,JWST,NIRSpec IFU Spectroscopy,14.58889,14.589,UTC,A definitive test of the Hubble tension - independent of the local distance ladder,10,f,1,09637101001,/Date(1791256676063)/,61319.13745443287,03,SUCCESSFUL,PRIME_TARGETED_FIXED,/Date(1791247918824)/,61319.036097488424,0.3869998,0.7214879,f,,,,,,IFUImageModel,f,,,,,/Date(1791256188641)/,61319.131812962965,WGD2100,0.0,IFU,2026279T115145429_002_osf.xml,,,,,UNKNOWN,,4,,4-POINT-DITHER,,,f,CALCULATED_TRACK_TR_202111,12.0,5,61.61435908744762,,,,,-44.869919926190015,315.0658086224354,f,,Galaxy,Einstein rings; Elliptical galaxies; Quasars,GSC32,0.10349697784608017,0.5091932956990847,277.189,,,,,,,,,,,,,POLYGON ICRS  315.061154310 -44.868854402 315.062787204 -44.868854402 315.062787204 -44.867643082 315.061154310 -44.867643082,3.0.0,RELEASE,jwst_1584.pmap,13.2.6,,3,,G140M,164.3296316,62.236888799999996,36.1494179,164.341068,0.327968538,62.271198,0.12418004100000002,f,,,,,,,,16,4,,,,,,,,,203068800,cf0df8a1a9f6f848f9a7a4d3f1aaf618,/Date(1791293063607)/,61319.55860655093,/Date(1791293066946)/,61319.55864520833,86,/Date(1791293064000)/,61319.55861111111,False,False,False,8241958,mast:JWST/product/jw09637101001_03107_00004_nrs1_cal.fits,"GO-9637 Treu, Tommaso L.",F100LP,NIRSPEC-F100LP,2026-10-06 13:24:24.000,2026-10-06 03:09:48.641
